snpChr,snpPos,gene,carriers,r,p
NC_047562.1,35140346,NC_047562.1 35084380 35143879,7,0.86750744361118,5.834875061566665e-5
NW_022994856.1,129282,NW_022994856.1 123375 129366,5,0.8646308544227386,6.594415248951344e-5
NC_047564.1,13915989,NC_047564.1 13900611 13928073,5,0.8555858418088158,9.523879111986969e-5
NC_047568.1,19960821,NC_047568.1 19952716 19984416,5,-0.8449015363376666,1.4263996056348356e-4
NC_047562.1,26904846,NC_047562.1 26890087 26905311,7,0.8312274678195848,2.2952258054580215e-4
NC_047563.1,26537041,NC_047563.1 26532098 26541686,14,0.8289904998059164,2.4711957917165065e-4
NC_047563.1,71170204,NC_047563.1 71168331 71171504,4,0.8222501842380155,3.0683978323879836e-4
NC_047564.1,49836213,NC_047564.1 49833745 49838294,3,0.8220154717502263,3.0911178734264035e-4
NC_047565.1,6741426,NC_047565.1 6741163 6757763,10,-0.8166535012001812,3.648302952903923e-4
NC_047568.1,38754743,NC_047568.1 38731209 38759285,11,0.8165663782509557,3.6579815697289987e-4
NC_047564.1,44321705,NC_047564.1 44320780 44321908,11,-0.8123753115051986,4.148627313718335e-4
NC_047559.1,22953982,NC_047559.1 22922174 22986171,3,0.8104777367086844,4.387532910236559e-4
NC_047568.1,44423395,NC_047568.1 44412134 44437306,16,0.8071572708680781,4.8321521181978226e-4
NC_047562.1,7290056,NC_047562.1 7264994 7303325,6,-0.8021303279139769,5.573578874491515e-4
NC_047564.1,42919407,NC_047564.1 42913265 42921485,4,0.8008550623475609,5.775485187397886e-4
NC_047561.1,56446280,NC_047561.1 56426678 56448482,8,-0.8006431518000695,5.809597688765199e-4
NC_047561.1,47119483,NC_047561.1 47117211 47186158,7,-0.7989664013452867,6.085259052557317e-4
NC_047567.1,27136143,NC_047567.1 27133298 27137371,7,0.7988532839591788,6.10422715008713e-4
NC_047559.1,30003471,NC_047559.1 29981337 30020965,9,-0.7987753449438162,6.117323952775948e-4
NW_022994937.1,135108,NW_022994937.1 130401 135454,3,0.795546348344915,6.680081778683726e-4
NC_047563.1,44002297,NC_047563.1 43996720 44004121,3,-0.7927795549343726,7.194651995426171e-4
NC_047562.1,35108169,NC_047562.1 35084380 35143879,7,0.792525484163582,7.243452325512015e-4
NC_047568.1,31711183,NC_047568.1 31710311 31718078,6,0.7862118501315716,8.543983062955604e-4
NC_047566.1,25312055,NC_047566.1 25311663 25394262,15,-0.7843999031614534,8.94979153625506e-4
NC_047564.1,40538194,NC_047564.1 40524614 40540352,14,0.7772657464124658,0.0010700042971504302
NC_047566.1,52038469,NC_047566.1 52035707 52039080,6,-0.7769749021061857,0.0010776795160993991
NC_047564.1,1559550,NC_047564.1 1554675 1570419,9,-0.7752741606474538,0.0011234458165507524
NC_047563.1,1418986,NC_047563.1 1409225 1459678,12,-0.7728238653041948,0.0011920958396418008
NC_047559.1,20322388,NC_047559.1 20316401 20331092,4,0.7715660015342843,0.0012286140003836884
NC_047568.1,42905317,NC_047568.1 42887859 42919560,5,0.7657123244975781,0.0014104698574564248
NC_047561.1,3567958,NC_047561.1 3555090 3574725,15,0.7655468985397658,0.0014159037215151931
NC_047568.1,23242267,NC_047568.1 23233978 23245361,3,-0.7647501665158569,0.0014423084111699661
NC_047567.1,1155858,NC_047567.1 376615 1277185,5,0.7625900779185921,0.0015158724259298668
NC_047560.1,18357058,NC_047560.1 18353816 18357668,8,0.7606253328084029,0.0015853465816551599
NC_047568.1,52968596,NC_047568.1 52966076 52973420,4,0.7603767580185811,0.0015943136434254219
NC_047561.1,53270691,NC_047561.1 53270071 53272854,5,0.7570530192399673,0.0017181352362449745
NC_047561.1,38544621,NC_047561.1 38539422 38548860,3,-0.7566036426514292,0.0017354459930131072
NC_047562.1,50881398,NC_047562.1 50872190 50883045,13,0.7540849306769739,0.0018350520786455968
NC_047568.1,21561599,NC_047568.1 21559385 21564391,16,-0.7539013441380401,0.0018424858602742085
NC_047564.1,37423822,NC_047564.1 37415854 37428653,7,-0.7533331083349446,0.0018656464101498278
NC_047559.1,41295106,NC_047559.1 41288918 41299417,7,-0.7531446777903487,0.001873377375802773
NC_047564.1,37900467,NC_047564.1 37851279 37912830,4,0.7522613823064473,0.0019099568975179887
NC_047566.1,41923369,NC_047566.1 41922538 41951445,8,0.7515096218184273,0.001941533418598198
NC_047562.1,41198497,NC_047562.1 41152438 41207937,4,-0.750068918673901,0.00200320411830967
NW_022994949.1,61708,NW_022994949.1 52707 94683,8,0.7496945527278669,0.002019480604940436
NC_047564.1,59478697,NC_047564.1 59477751 59493112,5,0.7491472875886637,0.002043462738990721
NC_047564.1,7228488,NC_047564.1 7226446 7235314,5,0.7466052481601693,0.002157835315526491
NC_047563.1,39634637,NC_047563.1 39630104 39639606,11,-0.7455190638756994,0.0022082244357682543
NC_047561.1,46582662,NC_047561.1 46578863 46594475,11,0.7450388291560293,0.002230797791671846
NW_022994852.1,147629,NW_022994852.1 143158 156318,3,0.743855901237646,0.002287180742027715
NC_047565.1,56941452,NC_047565.1 56941108 56947461,5,0.7436448849703169,0.0022973560367719054
NC_047561.1,24503254,NC_047561.1 24503071 24505298,3,-0.7436015007321645,0.0022994524751939593
NC_047559.1,47901497,NC_047559.1 47897340 47919307,6,-0.7432800087558914,0.0023150350096205643
NC_047562.1,51808838,NC_047562.1 51806802 51813458,8,0.7428917004024843,0.0023339673593741313
NC_047566.1,45987075,NC_047566.1 45985102 46018522,6,0.7421203834150704,0.002371936866776914
NC_047562.1,35086813,NC_047562.1 35084380 35143879,8,-0.7416888475942772,0.002393392128669957
NC_047562.1,40661909,NC_047562.1 40661529 40663080,6,-0.7415282898214615,0.0024014138578786265
NC_047561.1,58130568,NC_047561.1 58128598 58131194,5,0.740902723845302,0.002432871172168418
NC_047560.1,53378747,NC_047560.1 53361924 53426505,3,-0.7407132824658089,0.002442461435967594
NC_047568.1,51767545,NC_047568.1 51756110 51772595,16,-0.7377643358405315,0.0025956410689596857
NC_047561.1,57915072,NC_047561.1 57912702 57919982,15,0.7372385376628406,0.0026237324957541297
NC_047565.1,7469214,NC_047565.1 7460923 7471247,3,0.7371618591845074,0.002627849120604308
NC_047563.1,36600759,NC_047563.1 36596842 36602202,12,-0.7359360295303399,0.002694355498204677
NC_047564.1,42638904,NC_047564.1 42636524 42643973,5,0.7356462071253485,0.002710272082674489
NW_022994917.1,2563,NW_022994917.1 42 4732,4,0.7355890408551563,0.0027134203086753897
NC_047568.1,4327956,NC_047568.1 4307261 4330818,4,-0.7351562533793115,0.00273734828536475
NC_047564.1,37442587,NC_047564.1 37431267 37462795,3,0.7344748439530012,0.0027753593251663203
NC_047568.1,17239141,NC_047568.1 17237206 17241251,3,-0.7310281736825606,0.002974055342255841
NC_047563.1,48696349,NC_047563.1 48665644 48719501,7,-0.7308084571756654,0.002987091801908324
NC_047559.1,19618549,NC_047559.1 19613581 19626331,3,-0.7275770214504876,0.0031840798818225644
NC_047564.1,46613345,NC_047564.1 46577131 46616684,11,0.7265045977666852,0.003251667134154906
NC_047563.1,25682449,NC_047563.1 25677208 25683952,5,0.7254662364440289,0.00331817898440767
NC_047564.1,7620091,NC_047564.1 7614844 7620755,15,0.7244782242418221,0.0033824554191436776
NC_047561.1,12397862,NC_047561.1 12390927 12399675,9,-0.7238038813820408,0.003426885256307841
NC_047568.1,17105718,NC_047568.1 17101661 17107382,15,0.7207850056059562,0.0036314472750708544
NC_047566.1,44056091,NC_047566.1 44055189 44056607,12,0.7202194812657545,0.003670812554429879
NC_047560.1,53325380,NC_047560.1 53324195 53334880,3,-0.7199817561102435,0.003687459996951025
NW_022994881.1,54479,NW_022994881.1 52420 54600,3,0.7195647795544989,0.0037168033125658355
NW_022994829.1,192440,NW_022994829.1 109708 243958,7,-0.7194060665981713,0.003728020278109783
NC_047568.1,30001192,NC_047568.1 29969207 30013746,6,-0.7193250404664551,0.00373375700783012
NC_047560.1,62962459,NC_047560.1 62653127 63119960,3,0.7192528374626631,0.003738874892843743
NC_047561.1,7822975,NC_047561.1 7808688 7823193,3,-0.7174213294905908,0.003870549399142152
NC_047567.1,26855995,NC_047567.1 26853091 26868755,3,-0.7137268588251131,0.004147228317460523
NC_047567.1,32126410,NC_047567.1 32094253 32146259,9,-0.7136283816016454,0.004154809748544173
NC_047568.1,46070727,NC_047568.1 46057175 46076658,3,0.7136245259258822,0.004155106805038722
NC_047565.1,13793180,NC_047565.1 13790098 13795275,9,0.7134518608073809,0.00416842669196539
NC_047559.1,32008566,NC_047559.1 32006507 32036177,10,-0.7126303297990522,0.0042322613410465445
NC_047562.1,42047606,NC_047562.1 42036616 42076081,9,0.7110537836046196,0.00435690723869174
NC_047566.1,37021327,NC_047566.1 36997373 37032203,6,0.7102617544579857,0.004420603050218291
NC_047563.1,45752860,NC_047563.1 45751508 45770346,7,0.708930039533396,0.004529343270628574
NC_047560.1,51309023,NC_047560.1 51307908 51319769,9,0.7088676085482609,0.004534491940204982
NC_047561.1,4262689,NC_047561.1 4253648 4367559,10,0.7046340318774972,0.004894473773153729
NC_047564.1,26058120,NC_047564.1 26037060 26072162,5,0.7031809286189961,0.005023050440742947
NC_047562.1,35125760,NC_047562.1 35084380 35143879,6,0.7020581763707009,0.005124192176288292
NC_047559.1,22359690,NC_047559.1 22349070 22365363,5,-0.7009431605044677,0.005226204993653118
NC_047559.1,15361528,NC_047559.1 15358637 15367940,3,0.6987832613356186,0.005428322454967301
NC_047560.1,70780679,NC_047560.1 70388123 71110591,3,0.6985374433183374,0.005451706586987522
NC_047562.1,46451130,NC_047562.1 46420933 46453510,7,-0.6983801666983724,0.005466709163187809
NC_047564.1,5998263,NC_047564.1 5996899 6011359,8,0.6977510352862542,0.005527044376857671
NC_047559.1,15102206,NC_047559.1 15102095 15103790,4,0.6976927026629913,0.005532664827538449
NC_047562.1,7001351,NC_047562.1 7000942 7022108,8,-0.6961133656979973,0.005686539413300038
NC_047563.1,48702262,NC_047563.1 48665644 48719501,7,-0.695729740916669,0.005724414815056185
NC_047561.1,9722824,NC_047561.1 9722674 9733840,3,0.694495958415862,0.005847561865588175
NC_047564.1,29081889,NC_047564.1 29065644 29180332,7,-0.6933449926270867,0.005964295265609063
NC_047564.1,762765,NC_047564.1 754249 764411,8,-0.6931703264523774,0.005982167795220924
NC_047559.1,53163789,NC_047559.1 53162805 53167705,4,0.693093651474788,0.005990026647179177
NC_047562.1,35129756,NC_047562.1 35084380 35143879,9,-0.6920918981429359,0.006093442961820214
NC_047561.1,43467437,NC_047561.1 43466205 43469769,13,-0.6920498337020424,0.006097815715730727
NC_047563.1,57846279,NC_047563.1 57815039 57899568,4,0.6919436723793184,0.006108862445133916
NC_047561.1,51473093,NC_047561.1 51420228 51491786,15,-0.6918053337376648,0.006123280800705923
NC_047561.1,30735009,NC_047561.1 30723201 30765386,6,0.6902414520450196,0.006288126866830912
NC_047568.1,47247349,NC_047568.1 47218765 47278318,4,-0.6901467360742899,0.006298220508099184
NC_047563.1,66480568,NC_047563.1 66478834 66485445,17,0.6890457403496965,0.006416478654169294
NC_047565.1,36388810,NC_047565.1 36376154 36393601,14,-0.6889896713988177,0.006422546926079062
NC_047559.1,54107020,NC_047559.1 54096132 54115591,8,-0.6883472201748544,0.006492397817586077
NC_047562.1,42630466,NC_047562.1 42623755 42631750,5,-0.6877247791394332,0.006560635337669842
NC_047561.1,31842361,NC_047561.1 31839526 31848432,12,0.6872911856079493,0.0066084983779453104
NC_047561.1,14638059,NC_047561.1 14629133 14644359,5,0.6869999269522425,0.006640801663088018
NC_047562.1,11002494,NC_047562.1 10999798 11002943,4,0.6861269620327217,0.006738357510540716
NC_047566.1,33472506,NC_047566.1 33471426 33482524,5,-0.6860687720266807,0.006744899757098642
NC_047563.1,6040673,NC_047563.1 6039735 6041423,5,0.6859197296425096,0.006761678968670161
NC_047565.1,17149417,NC_047565.1 17148579 17154087,6,-0.6857597143378645,0.006779729609342472
NW_022994923.1,9949,NW_022994923.1 4902 29989,5,-0.6849979400952201,0.0068661762568487114
NC_047566.1,7711962,NC_047566.1 7674237 7715471,9,-0.6840072815660846,0.006979875236038753
NC_047563.1,6141288,NC_047563.1 6138624 6144324,9,-0.6836629717352997,0.007019732625153386
NC_047566.1,24259700,NC_047566.1 24255148 24264557,7,0.6834248426938223,0.007047401741788643
NC_047565.1,55575128,NC_047565.1 55574675 55581002,5,-0.6825361399686795,0.007151412135062944
NC_047566.1,50843738,NC_047566.1 50816539 50848619,8,-0.6821371657485371,0.007198492356682328
NC_047566.1,43857068,NC_047566.1 43826397 43876386,5,0.6772538966882217,0.00779445470074101
NC_047565.1,18165272,NC_047565.1 18159549 18167642,6,0.6769197682454509,0.007836586834141103
NC_047561.1,43691868,NC_047561.1 43687772 43713405,4,-0.6768146208623667,0.00784988189584459
NC_047565.1,37510803,NC_047565.1 37460628 37513316,5,-0.6763946959101882,0.007903152476505533
NC_047561.1,11005527,NC_047561.1 11001125 11012246,3,0.6750636613483662,0.00807385679004263
NC_047565.1,49209936,NC_047565.1 49209808 49214709,11,-0.6743782434758275,0.008162867506901088
NC_047567.1,17315081,NC_047567.1 17314472 17335222,14,-0.6736693013440894,0.00825573051595992
NC_047564.1,38273615,NC_047564.1 38265491 38279136,10,-0.6731450245161247,0.008324928882181767
NC_047561.1,34707785,NC_047561.1 34705293 34709381,4,0.6722395349660721,0.00844549901547734
NC_047563.1,15426510,NC_047563.1 15422655 15427344,13,0.672231102708264,0.008446628121887009
NC_047564.1,35766857,NC_047564.1 35755841 35766951,12,-0.6718689893046722,0.008495226563582373
NC_047565.1,11421973,NC_047565.1 11384271 11464307,4,0.6706867899732478,0.008655394086583307
NW_022994982.1,98574,NW_022994982.1 95137 99898,11,0.6703330252055446,0.008703774007550028
NC_047568.1,51034412,NC_047568.1 51027467 51039225,4,-0.6701550087422188,0.00872819799337801
NC_047563.1,40359547,NC_047563.1 40350734 40365000,5,0.6700754854162049,0.008739125755607053
NC_047568.1,49752010,NC_047568.1 49749992 49752228,4,-0.6693203776186721,0.008843417340456485
NC_047560.1,62962459,NC_047560.1 62938772 62979083,3,0.6690052152456264,0.00888722933222057
NC_047565.1,52790298,NC_047565.1 52741742 52794894,6,0.6685730320325729,0.008947581343755992
NC_047568.1,25904304,NC_047568.1 25742625 26027748,8,0.6664631845255488,0.009246769917348144
NC_047566.1,32616655,NC_047566.1 32613084 32618940,13,0.6659532273384257,0.009320230110469476
NC_047562.1,47806541,NC_047562.1 47799186 47807841,3,-0.6654659017612241,0.009390850326463173
NC_047563.1,2109883,NC_047563.1 2101070 2110123,15,-0.6654018517447078,0.009400162676988176
NC_047560.1,24865145,NC_047560.1 24826378 24899695,8,0.6646344597346423,0.00951229034171135
NC_047565.1,23510546,NC_047565.1 23509828 23512183,9,0.6646151586007846,0.009515123772256688
NC_047560.1,51037611,NC_047560.1 50992354 51073373,8,0.6635811408009517,0.009667873270392544
NC_047562.1,33046701,NC_047562.1 33040301 33061830,3,0.6629786984480565,0.009757736327514938
NC_047562.1,48296421,NC_047562.1 48274311 48304737,9,0.6620796667871051,0.009893036119843372
NW_022994951.1,30987,NW_022994951.1 22546 50391,8,-0.6619644362447955,0.009910481748870265
NC_047563.1,62048340,NC_047563.1 62035724 62049773,9,0.6619032055470064,0.009919761572877031
NC_047560.1,65977633,NC_047560.1 65953765 65986341,6,-0.6617844268786542,0.009937782180914543
NC_047568.1,23832308,NC_047568.1 23814947 23833550,17,0.6616039794010621,0.009965207195120646
NC_047559.1,4351165,NC_047559.1 4331950 4351641,10,-0.6613730511373459,0.010000389493346546
NC_047564.1,11115469,NC_047564.1 11112109 11127703,3,0.6611617250543158,0.010032669171823026
NC_047567.1,22271652,NC_047567.1 22255728 22302118,6,0.6609648004770071,0.010062821256504399
NW_022994990.1,14628,NW_022994990.1 8802 28423,3,0.6605313730921265,0.010129431383589568
NC_047566.1,12213157,NC_047566.1 12212288 12242071,8,-0.6603085513929999,0.010163807065736738
NC_047562.1,33157398,NC_047562.1 33121689 33167902,7,0.6602433734716203,0.010173879317396918
NC_047565.1,58045535,NC_047565.1 58026839 58045772,14,0.6602123736634236,0.010178672561242996
NW_022994966.1,441452,NW_022994966.1 440825 449397,11,0.660106314726252,0.010195084734585679
NC_047564.1,29106486,NC_047564.1 29065644 29180332,5,-0.6598913865748697,0.01022840646233188
NC_047566.1,31970561,NC_047566.1 31968104 31974224,5,0.6595836843381316,0.010276257501620298
NC_047564.1,40701679,NC_047564.1 40692098 40713438,6,0.6594377315444203,0.010299014936270686
NC_047564.1,35390893,NC_047564.1 35388522 35391183,4,-0.6589154852269273,0.010380763316389157
NC_047564.1,49849752,NC_047564.1 49837916 49882103,16,-0.6579034118227182,0.010540606831581761
NC_047563.1,65528496,NC_047563.1 65484772 65533285,13,0.6576794409152154,0.010576234617767499
NC_047559.1,41351929,NC_047559.1 41340226 41363594,4,0.6574581497150559,0.010611527081169502
NC_047568.1,40186870,NC_047568.1 40172278 40204346,13,-0.6565324905758622,0.010760138569588268
NC_047559.1,37539958,NC_047559.1 37519271 37542681,6,0.6562070924045215,0.010812758677249236
NC_047560.1,51379860,NC_047560.1 51373426 51385674,7,-0.6553235628545263,0.010956632762425044
NC_047559.1,43943879,NC_047559.1 43936358 43950720,6,-0.6548380642645145,0.01103631552876147
NC_047566.1,23885128,NC_047566.1 23884273 23891408,8,-0.6544556039411479,0.011099400173289505
NC_047561.1,2696216,NC_047561.1 2695918 2715956,4,0.65331242174251,0.01128961498119201
NC_047564.1,4453645,NC_047564.1 4450966 4460080,5,0.6531056192502308,0.011324290813799143
NC_047562.1,27508832,NC_047562.1 27472225 27513413,7,-0.6528866086559045,0.01136110280613287
NC_047561.1,34749968,NC_047561.1 34719582 34773310,5,0.6526589529687395,0.011399465264041729
NC_047566.1,19512868,NC_047566.1 19484801 19514804,16,0.6523271520797879,0.011455555420947337
NC_047559.1,7841410,NC_047559.1 7838884 7856334,4,0.6504563036598923,0.011775795897238373
NC_047565.1,1425585,NC_047565.1 1419919 1432892,7,-0.6503458140818654,0.011794921389132728
NC_047565.1,16466751,NC_047565.1 16453234 16544687,5,0.6500789843282994,0.01184120731077166
NC_047559.1,32416010,NC_047559.1 32409423 32419415,8,-0.6498593959929905,0.011879402894054404
NC_047565.1,35084979,NC_047565.1 34935400 35147420,4,0.6496491597848705,0.011916060269265883
NC_047562.1,2974302,NC_047562.1 2972692 2975304,3,0.6495072786179644,0.011940848074845828
NC_047565.1,19260247,NC_047565.1 19257826 19261463,9,-0.649118567428352,0.012008961804370074
NC_047566.1,44615870,NC_047566.1 44610086 44616603,4,-0.6490911156248006,0.012013783417559182
NC_047561.1,52439661,NC_047561.1 52439261 52449771,10,0.6487123089395272,0.012080468473920422
NC_047564.1,53498201,NC_047564.1 53491529 53501281,14,0.6487079263080561,0.012081241649175425
NC_047565.1,59244327,NC_047565.1 59231046 59276919,13,-0.6481819687357677,0.012174306000531748
NC_047565.1,5234533,NC_047565.1 5085538 5246064,16,-0.6474587224268452,0.012303175723348951
NC_047564.1,1537788,NC_047564.1 1516943 1549766,8,0.6463287417424757,0.01250660862607963
NC_047568.1,54739599,NC_047568.1 54729958 54793813,7,0.6446949754657324,0.012805284910441741
NC_047559.1,41192045,NC_047559.1 41187162 41194880,8,0.6445153535571899,0.012838452692696577
NC_047565.1,32362750,NC_047565.1 32359161 32364196,6,0.6441110299068634,0.012913353094614529
NC_047564.1,6716179,NC_047564.1 6709584 6719383,13,0.64402989133691535,0.012928424124200314
NC_047567.1,1871922,NC_047567.1 1645006 2210384,6,0.6435744954284924,0.013013261392241487
NC_047565.1,41333674,NC_047565.1 41330360 41334938,3,0.6431528596500652,0.013092188695397147
NC_047568.1,51690712,NC_047568.1 51684292 51714180,7,0.6427885579978149,0.01316067802933892
NC_047568.1,20399346,NC_047568.1 20391840 20405801,6,-0.6420464810625824,0.013301037588312805
NC_047562.1,36698398,NC_047562.1 36686910 36701249,5,0.6420091015916678,0.013308137868617854
NC_047560.1,4215494,NC_047560.1 4207155 4238072,5,-0.6415603473299007,0.013393605900247857
NC_047562.1,17212351,NC_047562.1 17212313 17216295,3,0.6409185861710128,0.013516562074678317
NC_047559.1,15979685,NC_047559.1 15966539 15990456,5,0.6409101879412795,0.013518176807449891
NC_047565.1,61713381,NC_047565.1 61670769 61721276,9,-0.6398182398679626,0.013729386019453099
NC_047566.1,44740385,NC_047566.1 44737961 44748970,8,-0.6393748010733932,0.01381587425631995
NW_022994921.1,211150,NW_022994921.1 178958 222041,3,-0.6391597508466822,0.013857967247795023
NC_047568.1,51039113,NC_047568.1 51027467 51039225,7,-0.6387306425117545,0.013942251855206221
NC_047568.1,20897175,NC_047568.1 20874103 20897549,4,0.637724014555831,0.014141508707383395
NC_047566.1,553657,NC_047566.1 548236 559326,5,0.6368590373182315,0.014314457505828597
NC_047564.1,14127556,NC_047564.1 14127398 14133235,10,0.6368583471099225,0.014314596151930491
NC_047561.1,41401574,NC_047561.1 41384676 41401886,8,-0.6362071063720253,0.01444587218375217
NC_047562.1,26527388,NC_047562.1 26514687 26530457,9,0.6352173930757571,0.014647133986986763
NC_047564.1,57441945,NC_047564.1 57437238 57443346,15,0.6351922074161641,0.014652283343259185
NC_047561.1,19003844,NC_047561.1 18997453 19007221,15,-0.6348882932990328,0.014714529330346525
NC_047561.1,15846974,NC_047561.1 15836960 15849866,10,0.6343990496125422,0.014815157014331304
NC_047568.1,45150320,NC_047568.1 45149128 45166543,17,0.6342571481417156,0.014844441282765792
NC_047561.1,23588745,NC_047561.1 23561255 23594620,3,0.6339224404546706,0.014913689931918266
NC_047568.1,5880527,NC_047568.1 5878345 5888105,11,-0.6334136628045349,0.015019423939936237
NC_047560.1,70780679,NC_047560.1 70595196 71158665,3,0.6331737265484975,0.015069485287718216
NC_047568.1,30008428,NC_047568.1 29969207 30013746,8,-0.6324553503696206,0.01522013126817233
NC_047561.1,52563845,NC_047561.1 52561064 52565706,3,0.6321456129184654,0.015285437250061127
NC_047560.1,55198025,NC_047560.1 55188242 55205131,5,0.6320709216810255,0.015301217282683808
NC_047561.1,18146540,NC_047561.1 18137526 18148420,11,-0.6313553009961996,0.015453036631775588
NC_047563.1,67521972,NC_047563.1 67505289 67525234,6,0.631331643267193,0.015458075152070185
NC_047562.1,42773533,NC_047562.1 42772115 42793753,10,0.6306064179091024,0.015613138648496887
NC_047559.1,36776455,NC_047559.1 36775408 36780595,4,-0.6300292858224364,0.015737381878345835
NC_047564.1,17477734,NC_047564.1 17467102 17488256,3,0.62989863101702,0.015765613044513776
NC_047561.1,14389503,NC_047561.1 14381309 14390415,7,0.6292263772891199,0.015911479986624146
NC_047563.1,67521972,NC_047563.1 67517309 67522883,6,0.6286207616907701,0.0160437651612601
NC_047559.1,46855876,NC_047559.1 46851668 46870543,14,0.6281875025956036,0.016138914670656552
NC_047561.1,15433075,NC_047561.1 15408533 15456039,8,-0.6277746165068523,0.016229988947413367
NC_047560.1,27783257,NC_047560.1 27779829 27785852,7,0.6274035242103017,0.016312177493241493
NC_047564.1,5794497,NC_047564.1 5787869 5802114,5,-0.6273281818210068,0.016328902715913113
NC_047560.1,70845806,NC_047560.1 70690070 71346242,7,0.6266439918628864,0.016481383423676894
NC_047568.1,41316342,NC_047568.1 41305987 41323357,7,-0.6263536210608571,0.016546422600000197
NC_047568.1,40051278,NC_047568.1 40024817 40052529,15,-0.6257105137083342,0.016691164611520853
NC_047564.1,49390790,NC_047564.1 49366001 49396142,8,-0.6252742777750413,0.016789893182757837
NC_047566.1,54818330,NC_047566.1 54815770 54820352,5,-0.6248325021626576,0.016890327139615198
NC_047566.1,21186143,NC_047566.1 21182106 21190726,12,0.6243173996096737,0.017008007039460905
NC_047568.1,33393046,NC_047568.1 33376115 33406778,3,-0.6239860890264255,0.017084026436646832
NC_047568.1,47615769,NC_047568.1 47610542 47636217,8,-0.6236854010261271,0.01715324260966455
NC_047561.1,6528416,NC_047561.1 6502455 6538157,3,0.6229819018192916,0.01731601492741266
NC_047561.1,38541325,NC_047561.1 38539422 38548860,8,0.6228112133056162,0.01735568420402016
NW_022994991.1,48430,NW_022994991.1 45538 63512,8,0.6226143400220144,0.017401524653811
NC_047560.1,70845806,NC_047560.1 70595196 71158665,7,0.6223571787303264,0.017461541077027257
NC_047560.1,56573552,NC_047560.1 56572758 56578822,14,-0.6220231394703098,0.017539733749651256
NC_047568.1,54741234,NC_047568.1 54729958 54793813,12,-0.6220208101493804,0.017540279933715385
NC_047566.1,48090186,NC_047566.1 48088275 48101639,4,0.6217004113462834,0.01761553079954087
NC_047561.1,705170,NC_047561.1 697127 705337,9,0.6216773752583105,0.017620950623353105
NC_047561.1,31040386,NC_047561.1 31030679 31061112,12,-0.6214529437279932,0.01767382007271049
NC_047568.1,867323,NC_047568.1 866915 878639,11,-0.620794966917939,0.017829513837895335
NC_047564.1,17632199,NC_047564.1 17631242 17635374,6,0.6207876187029582,0.017831258462936088
NC_047565.1,23851605,NC_047565.1 23849806 23870167,6,0.620757059523738,0.017838515261588722
NC_047568.1,35640708,NC_047568.1 35636222 35641441,12,0.6202614416202641,0.017956521260978478
NC_047567.1,20095579,NC_047567.1 20093127 20306721,7,0.6199744519363038,0.018025123248788213
NC_047564.1,21959283,NC_047564.1 21954407 21960855,5,-0.6195631563959689,0.018123785574213284
NC_047565.1,30197135,NC_047565.1 30191142 30200575,3,-0.6187335580036024,0.018324036419287534
NC_047563.1,1415881,NC_047563.1 1409225 1459678,5,-0.6186993976902757,0.018332317923724094
NC_047564.1,9696984,NC_047564.1 9696182 9697489,3,-0.6185186354997327,0.018376187434086123
NC_047560.1,54239510,NC_047560.1 54124262 54502908,8,-0.6184788702562065,0.018385848800938603
NC_047566.1,12218232,NC_047566.1 12212288 12242071,6,-0.6175755004997319,0.018606370385100383
NC_047568.1,35063179,NC_047568.1 35051957 35064573,16,0.6171554814328519,0.018709580917478732
NC_047566.1,38158257,NC_047566.1 38156715 38169974,7,0.616735587001374,0.01881319366535332
NC_047564.1,16708380,NC_047564.1 16684948 16736210,5,0.6162836937143454,0.018925187248893943
NC_047564.1,29337153,NC_047564.1 29333088 29337904,4,0.6160022189685805,0.018995200337144198
NC_047560.1,70780128,NC_047560.1 70388123 71110591,15,-0.615604765989499,0.0190943951541625
NC_047568.1,20024350,NC_047568.1 19996071 20036801,3,0.6154932666101002,0.01912229304122657
NC_047561.1,11958870,NC_047561.1 11949435 11960615,13,-0.6153605237684157,0.019155546397706388
NC_047561.1,57902013,NC_047561.1 57901215 57907013,7,-0.6152393203015628,0.019185947236078138
NC_047564.1,31840313,NC_047564.1 31839685 31850225,10,-0.6152202448152919,0.01919073516506221
NC_047561.1,2706125,NC_047561.1 2695918 2715956,7,0.6151079858601265,0.019218930377682325
NC_047564.1,37419441,NC_047564.1 37415854 37428653,7,-0.6147128157302219,0.01931843165542709
NC_047561.1,3225431,NC_047561.1 3225135 3239131,3,0.6136889104962332,0.01957805774874905
NC_047564.1,43349299,NC_047564.1 43347282 43351201,3,0.6132531265773438,0.019689354076934357
NC_047565.1,44453676,NC_047565.1 44452739 44454546,6,0.6131283886527168,0.019721299205403355
NC_047565.1,48246928,NC_047565.1 48241763 48281629,15,0.6127669877044366,0.019814074521432384
NC_047564.1,7619876,NC_047564.1 7614844 7620755,13,0.6123929224804001,0.01991044798763797
NC_047564.1,53730082,NC_047564.1 53725853 53731659,3,-0.6121537239428806,0.01997226010311119
NC_047560.1,27781458,NC_047560.1 27779829 27785852,10,0.6120451403720663,0.020000367369099138
NC_047568.1,8223552,NC_047568.1 8222462 8258509,5,-0.6119870095147366,0.020015427040779202
NC_047568.1,27551197,NC_047568.1 27550616 27564875,7,0.6119390330054358,0.02002786252968632
NC_047565.1,25652303,NC_047565.1 25626905 25683502,3,0.611859793048746,0.020048414274050932
NC_047559.1,51434261,NC_047559.1 51432122 51435676,5,-0.6115330137383339,0.02013333646449524
NC_047561.1,7840543,NC_047561.1 7840428 7854938,3,0.6114404964096793,0.020157428817074424
NC_047564.1,46177736,NC_047564.1 46175335 46178462,5,-0.6111917240637198,0.02022231943148392
NC_047567.1,23991929,NC_047567.1 23981415 24023655,8,0.6109746924688734,0.02027905946797421
NC_047566.1,23442653,NC_047566.1 23116815 23445750,12,-0.6109151557042725,0.020294645565746405
NC_047561.1,51364793,NC_047561.1 51362639 51367285,7,-0.6106016425497389,0.020376869341734917
NC_047563.1,65938685,NC_047563.1 65937406 65940844,4,-0.6101915906041588,0.020484791388686478
NC_047568.1,49437791,NC_047568.1 49434891 49446992,9,-0.6101727192341437,0.02048976853407901
NC_047561.1,56318950,NC_047561.1 56304366 56325811,9,0.6100508711318345,0.02052192680552071
NC_047565.1,38399028,NC_047565.1 38397588 38401040,16,-0.6100074302846391,0.0205334009674812
NC_047561.1,44530688,NC_047561.1 44530231 44531513,3,0.6094864080614661,0.02067139792874828
NC_047565.1,5178509,NC_047565.1 5085538 5246064,17,-0.6094653222543764,0.02067699737701454
NC_047568.1,51099074,NC_047568.1 51097839 51101522,12,-0.6092642850411062,0.020730441397042637
NC_047568.1,4171874,NC_047568.1 4169370 4176518,9,0.6083401465478185,0.020977458174003982
NC_047561.1,13723627,NC_047561.1 13722460 13724610,6,-0.6083085728769533,0.020985936680499077
NC_047564.1,4263604,NC_047564.1 4244547 4269249,4,-0.6080396262614336,0.021058262014429126
NC_047562.1,4043247,NC_047562.1 3994033 4101694,3,0.6078434664848729,0.021111131935870556
NC_047568.1,34263599,NC_047568.1 34254915 34279413,3,-0.6074090154462128,0.021228583692555206
NC_047559.1,51216910,NC_047559.1 51130411 51234319,5,0.607367926181731,0.02123971743387053
NC_047565.1,11376686,NC_047565.1 11375192 11377407,9,-0.6072960114099969,0.021259214399173523
NC_047568.1,14798645,NC_047568.1 14758437 14804231,10,-0.6072134229777524,0.021281621771544836
NC_047561.1,44389176,NC_047561.1 44348859 44406120,8,-0.6071785737712364,0.021291082180139833
NC_047559.1,54184943,NC_047559.1 54171326 54185745,6,0.6069317898100871,0.021358166657702512
NC_047568.1,4555627,NC_047568.1 4552296 4561695,9,0.6065022436771627,0.021475312268393092
NC_047565.1,45859688,NC_047565.1 45859077 45860232,9,0.6063639673193498,0.021513125800698866
NC_047568.1,7283244,NC_047568.1 7280850 7287253,7,0.6062464393104063,0.02154530486176992
NC_047567.1,13568578,NC_047567.1 13552033 13570005,8,0.6056256842288742,0.021715869372431182
NC_047563.1,66023871,NC_047563.1 66023764 66027580,5,0.6049734666363679,0.021896173073186025
NW_022994856.1,139464,NW_022994856.1 138763 142167,5,-0.6046082899996902,0.021997616386607168
NC_047568.1,53006901,NC_047568.1 52999204 53008845,5,0.6041427214498395,0.02212746075037546
NC_047559.1,20736425,NC_047559.1 20734037 20743392,5,0.6041098347245628,0.0221366544442448
NC_047559.1,22197168,NC_047559.1 22193483 22203242,10,-0.60394894926647,0.022181672470408982
NC_047562.1,27641035,NC_047562.1 27640819 27648146,3,0.6034611397584406,0.022318589973547628
NC_047564.1,19382434,NC_047564.1 19380457 19385340,4,0.6032672476616714,0.022373187618019832
NC_047565.1,61718547,NC_047565.1 61670769 61721276,4,0.6032410617603241,0.022380568947735397
NC_047566.1,7020673,NC_047566.1 7019622 7026560,10,0.6029733369813922,0.022456140934361078
NC_047566.1,1364342,NC_047566.1 1354633 1414618,10,-0.6029635330588069,0.02245891197677489
NC_047567.1,3447987,NC_047567.1 3430339 3448163,8,-0.6027313668024084,0.022524608162093698
NC_047559.1,32712565,NC_047559.1 32710767 32719821,13,0.6025536589031626,0.022574991893933364
NC_047564.1,5794503,NC_047564.1 5787869 5802114,5,-0.6024185133732818,0.022613365090878985
NC_047566.1,7971523,NC_047566.1 7897374 7984365,12,-0.6022286652355786,0.022667353425460557
NC_047565.1,17831080,NC_047565.1 17788562 17848716,8,-0.6016114086289516,0.022843557180573616
NC_047565.1,30420254,NC_047565.1 30419705 30441488,7,0.6016089747279955,0.02284425400182597
NC_047565.1,25652260,NC_047565.1 25626905 25683502,6,0.6011051724229736,0.022988836224767707
NC_047561.1,49743532,NC_047561.1 49734890 49767198,3,-0.6003244366315014,0.02321425174421916
NC_047563.1,65944959,NC_047563.1 65943074 65974956,14,0.600238061232615,0.023239291929266017
NC_047559.1,51225714,NC_047559.1 51130411 51234319,9,0.6000690441310067,0.023288348643472002
NC_047567.1,22154975,NC_047567.1 22100297 22170859,10,0.5998664442365743,0.023347255210962564
NW_022994915.1,38718,NW_022994915.1 31830 39305,7,0.5995722841677352,0.023432982479672133
NC_047561.1,13944869,NC_047561.1 13911501 13948420,4,-0.5994738279099042,0.023461728433075264
NC_047564.1,15995140,NC_047564.1 15951484 16004880,6,-0.5989938561391711,0.023602243939924474
NC_047562.1,31357716,NC_047562.1 31346810 31373777,10,0.598345613196864,0.02379302480092397
NC_047562.1,2667919,NC_047562.1 2655047 2692963,12,-0.5981015510191003,0.023865152768366787
NC_047561.1,47463885,NC_047561.1 47455036 47473258,6,0.5977543142442777,0.02396805494417079
NC_047568.1,32309241,NC_047568.1 32143813 32338882,4,-0.597068990180604,0.024172125313137185
NC_047560.1,70846661,NC_047560.1 70388123 71110591,3,-0.596946505310382,0.024208734857937876
NC_047562.1,13268479,NC_047562.1 13246768 13275546,5,0.5969418771863032,0.024210118975186
NC_047568.1,35767112,NC_047568.1 35763771 35772324,11,0.5968875171803179,0.024226380683777957
NC_047565.1,57873760,NC_047565.1 57839567 57918668,3,0.5967464114077172,0.024268630518178683
NC_047561.1,46854130,NC_047561.1 46842343 46894662,11,0.5967376511554432,0.024271255331735256
NC_047564.1,37856586,NC_047564.1 37851279 37912830,3,0.5967266768996976,0.024274543822588004
NC_047565.1,30191440,NC_047565.1 30191142 30200575,7,-0.5961871186013287,0.02443663805231643
NC_047567.1,6662427,NC_047567.1 6660354 6669139,9,0.5953241875396469,0.024697566731881865
NC_047565.1,30434488,NC_047565.1 30419705 30441488,5,-0.5944172471219915,0.024974049711574308
NC_047559.1,22772836,NC_047559.1 22767397 22782251,3,0.5943715574738422,0.02498803944984879
NC_047559.1,35530237,NC_047559.1 35529821 35532937,7,-0.5942704672494433,0.025019013204790608
NC_047565.1,29022756,NC_047565.1 29017804 29027886,5,-0.5939173294460581,0.025127439593670333
NC_047568.1,29746759,NC_047568.1 29745303 29748889,4,-0.5938566430833538,0.025146107969581243
NC_047568.1,15127275,NC_047568.1 15117486 15129318,13,-0.5938499929056418,0.025148154333279233
NC_047568.1,42034283,NC_047568.1 42027682 42035472,16,-0.5937878807786532,0.02516727323529089
NC_047568.1,24010052,NC_047568.1 24006326 24017894,6,0.5933026910851372,0.025316996031927552
NC_047565.1,60315938,NC_047565.1 60301595 60331352,11,0.5930481552338962,0.02539580872882279
NC_047567.1,28032680,NC_047567.1 28027536 28055386,4,-0.5930362122047574,0.02539951119511007
NC_047560.1,4121693,NC_047560.1 3998385 4494423,6,0.5928349735337156,0.025461958180888228
NC_047561.1,28145415,NC_047561.1 28145360 28159367,13,0.592541826176082,0.025553131404864676
NC_047564.1,46665613,NC_047564.1 46659681 46676167,3,0.5924812842462948,0.025571991287399218
NC_047566.1,50843679,NC_047566.1 50816539 50848619,15,-0.5922169950954146,0.02565444419472155
NC_047564.1,34826322,NC_047564.1 34825634 34826780,5,0.5920032110715399,0.025721286095564375
NC_047564.1,40910232,NC_047564.1 40908726 40936320,10,-0.591941035620934,0.025740750390828356
NC_047568.1,49439730,NC_047568.1 49434891 49446992,8,0.5919324236995811,0.025743447259936693
NC_047559.1,35562795,NC_047559.1 35562201 35567860,6,-0.5913978930590958,0.025911253024772558
NC_047559.1,32679918,NC_047559.1 32678064 32683061,11,-0.5908632471782888,0.026079913010493144
NC_047565.1,48251054,NC_047565.1 48241763 48281629,10,-0.5890343478913219,0.026663079067780496
NC_047564.1,34637848,NC_047564.1 34637647 34639798,6,0.5889581270587811,0.026687592848399135
NC_047565.1,5482972,NC_047565.1 5463391 5530511,10,-0.5886303331648828,0.026793208551482324
NC_047566.1,12213038,NC_047566.1 12212288 12242071,10,-0.5885546868620476,0.026817626237493952
NC_047560.1,65098112,NC_047560.1 65096899 65102195,7,-0.5884148146594085,0.026862819075710666
NC_047564.1,39485760,NC_047564.1 39480816 39498633,13,-0.5882668405240374,0.026910691627752108
NC_047561.1,49026185,NC_047561.1 49024093 49066507,3,0.5881482312331889,0.026949110112013328
NC_047562.1,22226758,NC_047562.1 22210644 22238428,8,-0.5876234346101971,0.027119588228392714
NC_047560.1,54349311,NC_047560.1 54349293 54352513,6,0.5875273068482056,0.027150902105009356
NC_047564.1,49089958,NC_047564.1 49081275 49090688,5,0.5874433089896078,0.02717828675332277
NC_047562.1,38465514,NC_047562.1 38460779 38465519,4,-0.5873929992398957,0.027194698421011666
NC_047561.1,6180583,NC_047561.1 6176849 6181398,8,-0.5870880656860338,0.027294330114243683
NC_047561.1,8656822,NC_047561.1 8642713 8664023,6,-0.5868771253987892,0.02736341060698026
NC_047565.1,42413738,NC_047565.1 42392531 42428574,3,0.586797484757799,0.02738952593819238
NC_047568.1,19396894,NC_047568.1 19396600 19398631,6,0.5864827105199295,0.027492927332635465
NC_047565.1,17316048,NC_047565.1 17313270 17317141,8,-0.5862914992407704,0.027555881286918573
NC_047562.1,39072528,NC_047562.1 39068073 39081055,6,-0.5860773102842644,0.02762652817411728
NC_047568.1,5099763,NC_047568.1 5096603 5132794,3,0.5857582252203979,0.027732024209116884
NC_047561.1,33232918,NC_047561.1 33181950 33263355,8,0.5857135167653306,0.027746829734863143
NC_047563.1,5704553,NC_047563.1 5703879 5715805,7,-0.5856277013031409,0.02777526468113384
NC_047564.1,54351183,NC_047564.1 54348903 54362598,5,0.5848214534984607,0.02804347867839379
NC_047565.1,58750902,NC_047565.1 58728957 58752433,10,-0.5845766570118884,0.028125296345471975
NC_047560.1,44268393,NC_047560.1 44088081 44306650,7,0.5844368081141162,0.02817211756626552
NC_047568.1,45980334,NC_047568.1 45979369 45986239,8,0.5842849586597032,0.02822302241462631
NW_022994970.1,28211,NW_022994970.1 27000 35967,3,0.5831778571594693,0.028596236161189628
NC_047562.1,28960140,NC_047562.1 28929402 28967220,17,-0.5830290160618339,0.028646691158371096
NC_047568.1,47290088,NC_047568.1 47284190 47290250,8,-0.582990989476929,0.02865959226831126
NC_047565.1,25484333,NC_047565.1 25469326 25487970,3,-0.5829868365127082,0.028661001488423505
NC_047568.1,21561570,NC_047568.1 21559385 21564391,16,-0.5823682156691276,0.028871495230030856
NC_047568.1,40377208,NC_047568.1 40368012 40378423,5,0.5816378401239667,0.02912149647770659
NC_047562.1,23650668,NC_047562.1 23648199 23658344,17,0.5814833821523248,0.029174572163447543
NC_047564.1,4173400,NC_047564.1 4173152 4176326,7,-0.581415638572633,0.029197873312723555
NC_047560.1,70845806,NC_047560.1 70388123 71110591,7,0.5814088777639895,0.029200199528238
NC_047562.1,51201048,NC_047562.1 51198482 51201262,5,0.5810358994513882,0.02932874566172435
NC_047568.1,615163,NC_047568.1 598086 621648,7,0.5809849706008352,0.029346330843516105
NC_047564.1,41066077,NC_047564.1 41066004 41071558,17,0.5809194397413809,0.029368969499404114
NC_047559.1,13392428,NC_047559.1 13384244 13425725,4,-0.5801845010143539,0.029623757839786432
NC_047564.1,7562974,NC_047564.1 7551548 7567397,11,0.580101475878677,0.029652644136121967
NC_047561.1,47361738,NC_047561.1 47361628 47376161,5,-0.5799613859840187,0.0297014320971667
NC_047561.1,51236487,NC_047561.1 51235013 51236723,8,0.5799133293712694,0.029718182145623478
NC_047561.1,57361613,NC_047561.1 57358348 57364422,4,0.579852160626517,0.02973951258081596
NC_047561.1,50810530,NC_047561.1 50791181 50815953,8,-0.5795356262439065,0.02985007497618401
NC_047565.1,59760639,NC_047565.1 59749566 59761339,3,0.5793520643968599,0.029914331411791176
NC_047567.1,32319535,NC_047567.1 32318313 32320831,10,-0.5789884363859206,0.03004192464620556
NC_047561.1,715753,NC_047561.1 705305 748557,11,0.5784119702917258,0.030245030239634232
NC_047568.1,40821744,NC_047568.1 40819786 40823149,14,-0.5783513989932842,0.030266430431293002
NC_047559.1,30400627,NC_047559.1 30387802 30406355,6,-0.5782900539452067,0.03028811547775876
NC_047559.1,30179550,NC_047559.1 30178486 30182341,11,-0.5781959998906818,0.030321385382160452
NC_047562.1,23091104,NC_047562.1 23091052 23093319,14,-0.5781750839701348,0.030328787702279536
NC_047565.1,38804304,NC_047565.1 38804182 38814665,3,0.5777257948479462,0.030488119844074672
NC_047564.1,41069349,NC_047564.1 41066004 41071558,15,-0.5769167787771692,0.030776591837598205
NC_047564.1,51117706,NC_047564.1 51113881 51117841,10,0.5759097544721388,0.0311384981805247
NC_047564.1,50504756,NC_047564.1 50500670 50524901,7,0.5756049282638531,0.031248668351236436
NC_047559.1,543293,NC_047559.1 543090 560260,5,-0.5751698962871444,0.03140639888770137
NW_022994917.1,382,NW_022994917.1 42 4732,4,0.5750075026569912,0.03146542970080952
NC_047560.1,62661094,NC_047560.1 62653127 63119960,3,0.5749463283628823,0.031487688195804914
NC_047559.1,42343567,NC_047559.1 42343299 42355068,15,0.5744823607417878,0.031656885603563396
NC_047561.1,32030251,NC_047561.1 32022438 32043619,3,0.5744760956364041,0.03165917494280339
NC_047559.1,25816670,NC_047559.1 25815096 25820573,5,0.5744667744046419,0.03166258125224982
NC_047561.1,23968137,NC_047561.1 23938074 23978368,5,0.574419467956092,0.03167987290757936
NC_047561.1,33164453,NC_047561.1 33162949 33165031,7,0.5742346074018488,0.03174751120182253
NC_047564.1,55989804,NC_047564.1 55981845 55990255,3,-0.5741836149840025,0.0317661875862558
NC_047562.1,49657976,NC_047562.1 49656433 49664676,3,0.5741668053527126,0.03177234603746968
NC_047564.1,32548573,NC_047564.1 32545000 32556467,7,0.5741521262039062,0.03177772468095378
NC_047560.1,70766148,NC_047560.1 70690070 71346242,3,-0.5739297780649333,0.031859278852747794
NC_047561.1,42681756,NC_047561.1 42679672 42682719,4,-0.5737502504333357,0.03192524040344255
NC_047565.1,24054707,NC_047565.1 24046191 24066550,11,-0.5735943196591899,0.031982614311997094
NC_047564.1,3690202,NC_047564.1 3687697 3700263,9,0.5735726039246459,0.03199061057199978
NC_047564.1,36944666,NC_047564.1 36941506 36946026,8,0.5732038805933461,0.03212661016259486
NC_047564.1,33623639,NC_047564.1 33617389 33630727,4,0.573194983436767,0.0321298970766714
NC_047564.1,33452484,NC_047564.1 33429007 33467067,9,0.5731762535338822,0.03213681735968508
NC_047563.1,41463735,NC_047563.1 41460723 41464279,10,0.5726140093240761,0.032345069732918126
NC_047567.1,8997687,NC_047567.1 8966856 8999331,6,0.5724518511188893,0.03240531796161508
NC_047564.1,20643205,NC_047564.1 20642049 20649501,5,-0.5724068843341056,0.0324220396520288
NC_047568.1,55303414,NC_047568.1 55301421 55304283,8,0.5722747114783171,0.03247122752919357
NC_047561.1,55475654,NC_047561.1 55442541 55490447,13,-0.5722383815479406,0.03248475734087776
NW_022994961.1,119992,NW_022994961.1 118235 123944,8,-0.572022333229636,0.03256530340749041
NC_047568.1,17626032,NC_047568.1 17624741 17628997,3,-0.5705089099483616,0.033133691586590415
NC_047562.1,29755689,NC_047562.1 29746041 29756929,4,0.570451999496028,0.033155207641508255
NC_047568.1,3310228,NC_047568.1 3310036 3316282,6,-0.5699031279097542,0.03336325082623906
NC_047561.1,18709355,NC_047561.1 18695112 18718703,4,0.5696736358182756,0.03345052329449897
NC_047563.1,18864181,NC_047563.1 18863443 18866689,7,-0.5694193052553038,0.03354743899295671
NC_047560.1,70846661,NC_047560.1 70595196 71158665,3,-0.5692036573491717,0.033629777081981636
NC_047559.1,20505351,NC_047559.1 20491823 20506332,5,-0.5689324328485558,0.03373354775423003
NC_047559.1,21057437,NC_047559.1 21054381 21069030,3,0.5688263130187744,0.03377421376762239
NC_047566.1,7708085,NC_047566.1 7674237 7715471,17,-0.5688230576894894,0.033775461811088
NC_047565.1,44198216,NC_047565.1 44197946 44215690,15,-0.5686630453443975,0.033836850220743696
NC_047566.1,27659628,NC_047566.1 27651575 27662396,9,-0.5682339532211192,0.03400187851908167
NC_047561.1,47372204,NC_047561.1 47361628 47376161,5,-0.5682319294520478,0.03400265826769288
NC_047568.1,2628169,NC_047568.1 2627134 2632788,6,-0.5676885081740344,0.03421251553679598
NC_047568.1,56814374,NC_047568.1 56810577 56860161,6,-0.5671354745427488,0.03442706787322007
NC_047568.1,53754634,NC_047568.1 53754283 53758291,6,0.5671167841240157,0.034434336274858694
NC_047562.1,39458316,NC_047562.1 39435833 39560224,5,-0.5667302701009209,0.034584900085677515
NC_047565.1,30688977,NC_047565.1 30665007 30702504,16,-0.5665603473661451,0.03465124623234361
NC_047561.1,2709639,NC_047561.1 2695918 2715956,17,-0.5660878878073249,0.03483621253013663
NC_047564.1,52207189,NC_047564.1 52203155 52216823,12,-0.5660740698191218,0.03484163319555303
NC_047559.1,3839979,NC_047559.1 3838453 3860358,8,-0.5657638608535703,0.0349634895450911
NC_047560.1,70780128,NC_047560.1 70595196 71158665,15,-0.5657194888045068,0.0349809455186981
NC_047566.1,46271497,NC_047566.1 46256045 46281934,5,-0.5654845849235576,0.03507346416959174
NC_047566.1,30456393,NC_047566.1 30426511 30486083,15,-0.5653383000244505,0.03513117093589034
NW_022994976.1,12908,NW_022994976.1 8303 25573,4,0.5651477515025705,0.03520644416634291
NW_022994904.1,80852,NW_022994904.1 69046 100610,12,-0.5649856615807556,0.03527056908585934
NC_047560.1,70845733,NC_047560.1 70388123 71110591,3,-0.5647202435040805,0.03537575841668032
NC_047568.1,31724828,NC_047568.1 31721580 31739227,5,0.5644920434845734,0.03546638291684186
NC_047566.1,49631484,NC_047566.1 49615502 49631933,4,-0.5640113205506343,0.03565785260452865
NC_047564.1,45623503,NC_047564.1 45602201 45630715,10,-0.5639203260640177,0.03569418109069873
NW_022994915.1,29695,NW_022994915.1 7208 40319,4,-0.563456832216355,0.03587965021664146
NC_047561.1,18169487,NC_047561.1 18167130 18170991,13,-0.562965660374271,0.036076970848594035
NW_022994960.1,75848,NW_022994960.1 71313 117315,12,0.5629288274624781,0.03609180013436901
NC_047565.1,21051666,NC_047565.1 21048323 21056681,4,-0.5627988080067673,0.03614418322089066
NC_047564.1,55181383,NC_047564.1 55148943 55228579,11,0.5626322375734325,0.03621137422637439
NC_047564.1,37424158,NC_047564.1 37415854 37428653,10,-0.56252246875711,0.036255703050186196
NC_047564.1,45612993,NC_047564.1 45602201 45630715,7,-0.5621072590812395,0.036423743049799714
NC_047561.1,58130635,NC_047561.1 58128598 58131194,16,-0.5620613789375969,0.03644234647392991
NC_047564.1,32082294,NC_047564.1 32073301 32103817,6,-0.5619246568851514,0.036497825963982246
NC_047560.1,32306959,NC_047560.1 32288608 32310531,3,0.5617851183721196,0.03655451259354047
NC_047566.1,39194373,NC_047566.1 39188611 39194712,6,0.5616030215886755,0.03662858596389667
NC_047564.1,20643573,NC_047564.1 20642049 20649501,7,-0.5612970155120299,0.03675331262805685
NC_047565.1,12948131,NC_047565.1 12937604 12961792,4,0.5612748917746664,0.03676234229483648
NC_047566.1,48819577,NC_047566.1 48815973 48825439,6,-0.5612187305023792,0.03678527152431057
NC_047563.1,9653821,NC_047563.1 9640167 9658537,3,-0.560907312427875,0.03691260722525701
NC_047566.1,5176089,NC_047566.1 5174709 5176398,5,0.5608331751570597,0.03694296907368137
NC_047563.1,43895501,NC_047563.1 43872014 43914080,16,-0.5608303255198135,0.03694413646907471
NC_047563.1,60188707,NC_047563.1 60147465 60224347,4,-0.5605702343131843,0.03705080127817568
NC_047560.1,51716144,NC_047560.1 51713278 51720044,10,0.5605240447983224,0.037069767577917315
NC_047568.1,31535081,NC_047568.1 31529446 31537881,7,-0.5604924836163389,0.037082731322305384
NC_047559.1,44924709,NC_047559.1 44908398 44966403,9,0.5602926196610293,0.0371649030330922
NW_022994915.1,38718,NW_022994915.1 7208 40319,7,0.5602571408487262,0.03717950375419267
NC_047562.1,47029926,NC_047562.1 46999310 47030276,13,-0.5595416233295881,0.03747486718291221
NC_047567.1,4533834,NC_047567.1 4527016 4840096,14,0.5594384344889312,0.037517605531565267
NC_047563.1,7567605,NC_047563.1 7559225 7587669,11,-0.5593775508694468,0.03754283892076884
NC_047560.1,31604366,NC_047560.1 31598474 31617933,5,-0.5592913190956144,0.03757859933293775
NC_047565.1,4159018,NC_047565.1 4132315 4159637,7,-0.5592642299230453,0.037589838424641746
NC_047559.1,35564067,NC_047559.1 35562201 35567860,7,0.5592039174161206,0.03761487052578953
NC_047563.1,37407867,NC_047563.1 37400459 37412612,5,-0.5591889314389562,0.03762109221094328
NC_047565.1,53897575,NC_047565.1 53799802 53902085,5,0.55899915078865825,0.037699948552575906
NC_047561.1,4577899,NC_047561.1 4577145 4578390,3,-0.5587626360292467,0.03779839398523413
NC_047568.1,35601356,NC_047568.1 35597581 35611418,8,0.558503275236677,0.037906566375514365
NC_047566.1,43745039,NC_047566.1 43743309 43746011,3,0.5584205736083215,0.037941106915150534
NC_047560.1,70845733,NC_047560.1 70595196 71158665,3,-0.5583589549897968,0.03796685715741291
NC_047560.1,69098730,NC_047560.1 69095770 69099366,5,-0.5582856193458804,0.0379975206922903
NC_047567.1,30211857,NC_047567.1 30199793 30231788,5,0.5580052670536915,0.03811491150120136
NC_047563.1,18398431,NC_047563.1 18388971 18404701,4,0.5579102953016961,0.03815473917113014
NC_047562.1,41305964,NC_047562.1 41299047 41315017,9,0.5578005269367426,0.0382008101861071
NC_047566.1,9764509,NC_047566.1 9763893 9765970,4,-0.5572515219460306,0.03843184902323471
NC_047564.1,20320466,NC_047564.1 20320149 20329461,6,-0.5571662786894187,0.03846781419241427
NC_047568.1,38728224,NC_047568.1 38725952 38730677,10,0.5571076762051378,0.03849255366791216
NC_047561.1,46844773,NC_047561.1 46842343 46894662,8,0.556931608896555,0.038566952277525726
NC_047565.1,23989992,NC_047565.1 23962115 23991459,3,0.5564799688699453,0.0387582804108136
NC_047568.1,47064177,NC_047568.1 47063431 47068892,3,-0.5558791153728209,0.03901390180603625
NC_047565.1,33604075,NC_047565.1 33603644 33607019,6,0.5558585517894059,0.03902267208131783
NC_047564.1,52026409,NC_047564.1 52022467 52036706,14,-0.5558403912147937,0.03903041869065094
NC_047562.1,40709860,NC_047562.1 40705289 40710571,8,-0.5558030813200912,0.039046337221292284
NC_047568.1,33426271,NC_047568.1 33407421 33435913,5,-0.5557247192901398,0.03907978649084949
NC_047561.1,50945974,NC_047561.1 50939807 50948556,9,-0.5555844319678858,0.039139721575595234
NC_047560.1,52640690,NC_047560.1 52639913 52643254,3,0.5555745442728178,0.03914394845492505
NC_047566.1,21288031,NC_047566.1 21274468 21316899,6,0.5552222989452119,0.039294748636382805
NC_047560.1,18846931,NC_047560.1 18807551 18945840,4,0.5548076689887994,0.039472803519131586
NW_022994957.1,51775,NW_022994957.1 50282 60775,10,0.5546513644559276,0.03954007927905781
NC_047561.1,42708899,NC_047561.1 42703124 42710955,9,-0.554553528459369,0.03958223221407733
NC_047561.1,56330441,NC_047561.1 56329378 56361076,3,0.5545174797378039,0.03959777224376132
NC_047561.1,52563827,NC_047561.1 52561064 52565706,6,0.5544473519039952,0.039628016089540495
NC_047566.1,56219989,NC_047566.1 56191955 56228374,9,0.5541479907189464,0.039757311859242916
NC_047559.1,49833684,NC_047559.1 49819012 49834306,11,0.5540523838908132,0.0397986702563777
NC_047568.1,42142941,NC_047568.1 42134474 42143136,11,0.5538706314820065,0.03987738144070167
NC_047562.1,45625618,NC_047562.1 45619536 45626935,16,0.553788006532877,0.03991320149002963
NC_047565.1,19394414,NC_047565.1 19388208 19399610,8,0.5534055957169333,0.04007929459929663
NC_047560.1,5685935,NC_047560.1 5676665 5686327,10,0.5526398937793968,0.04041338931294709
NC_047562.1,28604747,NC_047562.1 28569027 28659522,7,-0.5526354068528547,0.04041535307990845
NC_047565.1,15039574,NC_047565.1 15039536 15040591,4,0.5525861166084618,0.04043693026905311
NC_047564.1,29104178,NC_047564.1 29065644 29180332,5,-0.5525693417649946,0.04044427551758351
NC_047565.1,56359173,NC_047565.1 56331967 56392561,8,-0.5523693961870628,0.040531901747791255
NC_047561.1,49756922,NC_047561.1 49755947 49761167,4,-0.5523430837930376,0.040543443540425494
NC_047561.1,52343470,NC_047561.1 52336938 52351992,3,-0.5523077524773851,0.04055894523254452
NW_022994916.1,33979,NW_022994916.1 20284 35645,5,0.552162544231053,0.04062270138903022
NC_047565.1,27637391,NC_047565.1 27634148 27638040,4,-0.5521542016451374,0.04062636657834717
NC_047568.1,53628203,NC_047568.1 53614522 53629887,13,0.551699507016241,0.04082649743288953
NC_047562.1,47836275,NC_047562.1 47832156 47836743,5,-0.551285879655557,0.04100918076530788
NC_047565.1,20817639,NC_047565.1 20810569 20818465,10,-0.5511921399875184,0.04105066525598605
NC_047561.1,4523138,NC_047561.1 4521279 4558257,4,-0.5508247253085194,0.04121356169003892
NC_047561.1,10226578,NC_047561.1 10224730 10230163,10,-0.5506685048204919,0.04128296693233261
NC_047563.1,8531909,NC_047563.1 8530782 8532542,16,-0.5505649706948885,0.04132901205105354
NC_047566.1,57602374,NC_047566.1 57594731 57610163,7,0.550251241748248,0.04146876804299532
NC_047564.1,42060877,NC_047564.1 42057592 42078668,14,-0.5501343349855091,0.04152093476453774
NC_047561.1,19293893,NC_047561.1 19292772 19295883,12,-0.5498375873742423,0.041653567184156325
NC_047565.1,404268,NC_047565.1 399815 426260,11,-0.5495201501962539,0.04179579066770653
NC_047568.1,53800034,NC_047568.1 53785167 53802266,13,0.5494001214953724,0.0418496606135994
NC_047559.1,46638765,NC_047559.1 46636932 46674355,3,0.5493898668476077,0.04185426535048383
NC_047567.1,16230364,NC_047567.1 16230094 16232651,12,-0.5492907481666756,0.04189879266133502
NC_047563.1,55367942,NC_047563.1 55345664 55372277,5,-0.5492811944181307,0.04190308634848473
NC_047562.1,47184667,NC_047562.1 47174471 47187932,14,0.5491690959476064,0.04195349023927408
NC_047566.1,6511229,NC_047566.1 6498737 6636556,9,0.5491675040786222,0.04195420632633526
NC_047565.1,55465625,NC_047565.1 55456526 55470345,11,-0.5490916557040445,0.04198833638256624
NC_047568.1,50983437,NC_047568.1 50970726 50991868,12,-0.549080515904421,0.041993350755123664
NC_047562.1,37201746,NC_047562.1 37201657 37205311,7,-0.5490603542122663,0.042002427280530476
NC_047568.1,16729496,NC_047568.1 16687745 16739639,10,0.5488369854375149,0.04210308120966175
NC_047561.1,52563205,NC_047561.1 52561064 52565706,13,0.548708967332314,0.04216084810038713
NC_047568.1,3549935,NC_047568.1 3513249 3550658,12,0.5486088570682749,0.04220606232834814
NC_047559.1,35564030,NC_047559.1 35562201 35567860,7,-0.5484548498138694,0.0422756882166396
NC_047559.1,3141343,NC_047559.1 3132280 3154791,4,0.5484421778497686,0.04228142089309014
NC_047559.1,22546494,NC_047559.1 22537184 22555202,9,-0.548019015841911,0.04247318280554838
NC_047564.1,30948273,NC_047564.1 30946225 30951135,12,0.5476584626653414,0.042637074895160484
NC_047568.1,6758359,NC_047568.1 6756750 6764539,3,-0.5468788869383904,0.04299302026549498
NC_047561.1,33149255,NC_047561.1 33095855 33158654,14,0.5466978203142906,0.043076003712214365
NC_047566.1,23907083,NC_047566.1 23891473 23919220,8,-0.5461700745905028,0.04331854057146287
NC_047559.1,36363714,NC_047559.1 36361049 36380092,3,0.5460217562354739,0.043386883062041394
NC_047564.1,56022467,NC_047564.1 56019910 56022478,7,-0.5456401383674419,0.043563088674447296
NC_047568.1,31125161,NC_047568.1 31119197 31139849,6,0.5450157664740334,0.04385251060238519
NC_047568.1,2070770,NC_047568.1 2053516 2084775,11,-0.5448826549637902,0.04391439473170851
NC_047559.1,39087940,NC_047559.1 39087595 39118950,3,0.5446688681739548,0.04401391883789389
NC_047560.1,27784973,NC_047560.1 27779829 27785852,7,0.5446309762414465,0.044031575858961454
NC_047559.1,29293809,NC_047559.1 29287880 29305354,7,-0.5446227104548618,0.04403542826875584
NC_047563.1,4077804,NC_047563.1 4058937 4079024,8,0.5445740061842802,0.044058132725673715
NW_022994948.1,256041,NW_022994948.1 249775 281092,12,-0.5445014302683994,0.04409198130749524
NC_047564.1,8441728,NC_047564.1 8441114 8446204,12,0.5443833803577491,0.04414707907267282
NC_047564.1,10949242,NC_047564.1 10946161 10950862,4,-0.5441389978752377,0.044261300408708654
NC_047564.1,18391939,NC_047564.1 18391271 18400747,7,-0.5436721324696803,0.044480108120547035
NC_047567.1,10668263,NC_047567.1 10658662 10703573,15,-0.5434567765990431,0.044581305938653754
NC_047563.1,26268542,NC_047563.1 26201758 26268861,14,0.543184172263894,0.04470964662784206
NC_047562.1,28604747,NC_047562.1 28528754 28608854,7,-0.5430777528116713,0.0447598215669551
NC_047565.1,42767937,NC_047565.1 42756995 42830880,13,-0.5428147421724488,0.044884003096629724
NC_047567.1,21451568,NC_047567.1 21444965 21462690,7,0.5424432554344376,0.04505983077798059
NC_047566.1,50199271,NC_047566.1 50110198 50261197,7,-0.542353730068133,0.045102279006718836
NC_047560.1,70316639,NC_047560.1 70239685 70346366,9,-0.5421599904700511,0.0451942401709562
NC_047562.1,13258204,NC_047562.1 13246768 13275546,9,-0.5420775181439451,0.04523342833250461
NC_047566.1,1347256,NC_047566.1 1123256 1348320,6,-0.5419306954268768,0.045303255127643584
NC_047565.1,57281688,NC_047565.1 57273619 57283241,15,-0.5418182672296622,0.045356777585112674
NC_047567.1,8583243,NC_047567.1 8568773 8611499,3,-0.5417902309617832,0.04537013169510103
NC_047562.1,52856068,NC_047562.1 52851727 52872031,11,0.5417289957445345,0.04539930896639356
NC_047566.1,57395512,NC_047566.1 57379094 57398193,10,-0.5416209551877522,0.045450821398668594
NC_047560.1,54239510,NC_047560.1 53957867 54344220,8,-0.5415950114887792,0.04546319739427425
NC_047563.1,20387650,NC_047563.1 20380757 20390832,3,0.5413671421508899,0.045572004309572846
NC_047560.1,70780679,NC_047560.1 70690070 71346242,3,0.5408961520272957,0.04579750320914666
NC_047567.1,21013508,NC_047567.1 21007309 21020722,6,-0.5407025738665229,0.04589041963829607
NC_047561.1,52444844,NC_047561.1 52439261 52449771,6,0.5404244385630962,0.046024163822359666
NC_047564.1,49093746,NC_047564.1 49091813 49096753,10,-0.5398562161488629,0.04629828331046148
NC_047560.1,70780128,NC_047560.1 70690070 71346242,15,-0.539721493351968,0.04636345003454427
NC_047559.1,22193729,NC_047559.1 22193483 22203242,10,-0.5396873432392439,0.0463799794015531
NC_047568.1,13520023,NC_047568.1 13508162 13570381,10,-0.5396815569407271,0.04638278051664311
NC_047563.1,5594934,NC_047563.1 5590118 5595460,5,0.5390384254440188,0.04669488682204763
NC_047563.1,11739070,NC_047563.1 11724788 11746221,7,-0.5389838829221074,0.04672142611871631
NC_047561.1,1957635,NC_047561.1 1957435 1984796,4,0.5388980051057757,0.04676323483392378
NC_047565.1,59539413,NC_047565.1 59535757 59546066,14,-0.5385884754493631,0.04691415250680198
NC_047568.1,36610471,NC_047568.1 36610202 36621654,10,0.5385694889025789,0.046923421340597925
NC_047568.1,3870837,NC_047568.1 3859572 3883642,3,0.5384037939751432,0.04700436680664453
NC_047568.1,41061182,NC_047568.1 41061025 41064923,3,0.5380875889084306,0.047159122084893
NC_047567.1,4221771,NC_047567.1 4218138 4222022,4,0.5377919409575604,0.04730415206831598
NC_047566.1,33587792,NC_047566.1 33578860 33588921,3,-0.537592817772214,0.047402014881326913
NC_047565.1,40168674,NC_047565.1 40166868 40168884,4,0.537432685085074,0.047480822049607914
NC_047561.1,46221087,NC_047561.1 46218363 46254262,9,-0.5369843332364759,0.04770198026343373
NC_047564.1,51079865,NC_047564.1 51075032 51081205,9,-0.5368475757443337,0.04776958764189296
NC_047564.1,35213901,NC_047564.1 35206747 35214437,9,0.5363896827746775,0.047996459529225745
NC_047559.1,6383439,NC_047559.1 6381397 6387042,7,-0.5360637837962687,0.04815840972427803
NC_047565.1,55208718,NC_047565.1 55206356 55214840,12,-0.5360008335476721,0.0481897376161151
NC_047561.1,14428870,NC_047561.1 14405702 14435067,3,0.535920820410908,0.04822957845627745
NC_047564.1,34067588,NC_047564.1 34028106 34076107,12,-0.535772745855663,0.04830337227826575
NC_047566.1,48117685,NC_047566.1 48117038 48121243,12,-0.5357184509828041,0.04833045102981701
NC_047568.1,27656064,NC_047568.1 27635689 27693364,4,0.5356983514682466,0.04834047816257842
NC_047565.1,23501569,NC_047565.1 23499254 23502935,6,0.5355266245694362,0.04842621006314309
NC_047562.1,6723452,NC_047562.1 6719162 6725807,6,0.5353338433046576,0.04852258481415791
NC_047561.1,47121660,NC_047561.1 47117211 47186158,14,-0.5352426350450856,0.048568230041691855
NC_047563.1,33828443,NC_047563.1 33827881 33829779,3,0.5350556494453722,0.048661904783604354
NC_047561.1,45300530,NC_047561.1 45279519 45303349,8,-0.5349997005754309,0.04868995919504065
NC_047565.1,37438311,NC_047565.1 37436103 37441918,6,-0.5349887240108199,0.04869546454854781
NC_047563.1,18755326,NC_047563.1 18740363 18786437,14,0.5349687875115782,0.0487054649626811
NC_047561.1,45208719,NC_047561.1 45204920 45215575,8,-0.534917211936873,0.04873134289301722
NC_047562.1,51696851,NC_047562.1 51688711 51702475,7,0.5342460150214213,0.0490690273768591
NC_047566.1,7873029,NC_047566.1 7868854 7873636,7,0.5341432120826483,0.04912089825550274
NC_047559.1,560215,NC_047559.1 543090 560260,11,-0.5340629864529173,0.04916140508494346
NC_047563.1,1180159,NC_047563.1 1178218 1183945,6,0.534056192763343,0.04916483641114489
NC_047562.1,28471603,NC_047562.1 28465995 28473119,4,0.5338519512418047,0.049268075152579346
NC_047563.1,43896706,NC_047563.1 43872014 43914080,8,0.5337863340364578,0.049301276365575235
NC_047559.1,44876481,NC_047559.1 44873357 44880007,7,-0.5335730678977494,0.04940929785270501
NC_047563.1,55434947,NC_047563.1 55427220 55445219,12,-0.5333914685559191,0.04950141534941888
NC_047566.1,47193224,NC_047566.1 47188718 47199127,7,-0.5332558412029034,0.04957029464283632
NC_047564.1,43957820,NC_047564.1 43942320 43959480,4,-0.5331952278494956,0.04960110007116748
NC_047566.1,22940019,NC_047566.1 22939706 22940071,12,0.5330849094991779,0.049657202700345425
NC_047568.1,29746635,NC_047568.1 29745303 29748889,4,-0.532792253375513,0.04980625705770733
NW_022994851.1,74913,NW_022994851.1 73371 116210,8,-0.5326320928607311,0.04988796685074946
NC_047564.1,45016976,NC_047564.1 45008681 45045721,12,0.5325624693905916,0.04992351732207317
NC_047568.1,16983310,NC_047568.1 16975093 16996711,12,0.5325612492517602,0.04992414050179492
NC_047562.1,22500960,NC_047562.1 22357516 22612185,5,-0.5322710947981469,0.05007249598402145
NC_047565.1,42986724,NC_047565.1 42986093 42989693,14,-0.5316933885923574,0.05036882951773768
NC_047560.1,70845733,NC_047560.1 70690070 71346242,3,-0.5313791819458916,0.05053053507027597
NC_047561.1,49103061,NC_047561.1 49091885 49105651,5,0.5313215208146105,0.05056025109569595
NC_047561.1,55465748,NC_047561.1 55442541 55490447,8,-0.5312290299643876,0.050607943334508874
NC_047566.1,25317879,NC_047566.1 25311663 25394262,9,-0.5307718218083176,0.050844179372603604
NC_047559.1,45835806,NC_047559.1 45799959 45838345,14,-0.5305167754008799,0.05097630723052791
NC_047565.1,51337873,NC_047565.1 51330806 51340232,3,-0.530515641338219,0.05097689529237487
NC_047561.1,36633203,NC_047561.1 36632289 36636858,3,-0.5303549407122148,0.05106027549699831
NC_047559.1,30284350,NC_047559.1 30283653 30285005,3,-0.5300102180197345,0.051239470153016
NC_047565.1,60365563,NC_047565.1 60364783 60407195,4,-0.5299984693428694,0.051245585410792015
NC_047563.1,72417498,NC_047563.1 72415550 72423458,3,-0.5296528894229722,0.05142569883976796
NC_047563.1,9929813,NC_047563.1 9928373 9936677,5,-0.5294794634915445,0.05151625987425962
NC_047568.1,29357542,NC_047568.1 29356636 29366942,7,0.5294451945477308,0.05153416840288558
NC_047568.1,36360919,NC_047568.1 36356858 36361863,3,-0.5290963905382685,0.051716706072687614
NC_047559.1,34120607,NC_047559.1 34095858 34144922,16,-0.52895156599846,0.05179263388779748
NC_047560.1,5895257,NC_047560.1 5892785 5908910,4,-0.5288809902017907,0.051829664259551704
NC_047562.1,21565058,NC_047562.1 21555788 21572999,8,0.5286341147263315,0.051959348243450394
NC_047564.1,29065721,NC_047564.1 29065644 29180332,3,-0.5285068423907581,0.05202629638192699
NC_047559.1,30678027,NC_047559.1 30676723 30683403,3,-0.5284271353544476,0.052068255926207445
NC_047568.1,49641751,NC_047568.1 49640684 49646674,10,-0.5283980156147721,0.05208359131698915
NC_047565.1,61688274,NC_047565.1 61670769 61721276,4,0.5282666626501566,0.05215280670761956
NW_022994923.1,10924,NW_022994923.1 4902 29989,5,-0.5281676066978639,0.052205047528712724
NC_047568.1,50047880,NC_047568.1 50046886 50048498,9,0.5280392676751898,0.052272788253478766
NC_047561.1,48857025,NC_047561.1 48851753 48859736,7,-0.5275065405152558,0.05255465691133347
NC_047566.1,9764518,NC_047566.1 9763893 9765970,3,-0.5274787900062669,0.052569369959704425
NC_047560.1,44367163,NC_047560.1 43984502 44478438,17,-0.5270292113911178,0.052808148167600336
NC_047562.1,47025621,NC_047562.1 46999310 47030276,6,0.5269464877443366,0.052852169414006715
NC_047564.1,41852477,NC_047564.1 41811830 41856828,3,0.5269118638928787,0.0528706023254126
NC_047567.1,27562650,NC_047567.1 27557010 27576103,5,-0.5268013085722353,0.05292949050826104
NC_047565.1,4076041,NC_047565.1 4039387 4094952,15,0.5265889144029693,0.053042757250124896
NC_047565.1,53464583,NC_047565.1 53450748 53469242,12,-0.5265610405346163,0.05305763500003604
NC_047564.1,8325718,NC_047564.1 8319741 8349006,8,-0.5264733771665335,0.05310444524826384
NC_047567.1,29600254,NC_047567.1 29556921 29605643,6,0.5262505924411044,0.053223541796422504
NC_047559.1,8034962,NC_047559.1 8022698 8061191,15,0.5260672572666945,0.053321694306784656
NC_047568.1,40353069,NC_047568.1 40345106 40353143,14,0.5257583046931642,0.05348739522893733
NC_047562.1,41719863,NC_047562.1 41717623 41720779,5,0.5255673513369223,0.05358999566556455
NC_047559.1,9976471,NC_047559.1 9973952 9982028,16,0.5255127144273826,0.05361937860993992
NC_047568.1,3750503,NC_047568.1 3747034 3756623,6,-0.5250070968954313,0.05389184588860809
NC_047564.1,39312596,NC_047564.1 39306139 39366021,3,0.5249296854423587,0.053933649638939755
NC_047564.1,4660850,NC_047564.1 4650435 4678406,7,-0.5248209364309977,0.05399241592558229
NC_047562.1,35884773,NC_047562.1 35882792 35903798,5,0.5243758216890467,0.054233431943956086
NC_047561.1,23698207,NC_047561.1 23689741 23700359,4,0.5241057087567323,0.05438006864485479
NC_047563.1,1456444,NC_047563.1 1409225 1459678,13,-0.5231100326769417,0.05492306981881474
NC_047568.1,10806686,NC_047568.1 10796769 10807335,7,0.5230360526244899,0.05496357130111751
NC_047565.1,48422975,NC_047565.1 48417952 48426905,7,-0.5228379778640302,0.05507211653168359
NC_047559.1,6246805,NC_047559.1 6233931 6311892,4,0.5228370850798217,0.055072606128980614
NC_047568.1,47284663,NC_047568.1 47284190 47290250,4,-0.5227248894251862,0.055134158562976876
NC_047561.1,8981098,NC_047561.1 8962559 8986747,12,0.5226167525649547,0.05519353130072753
NC_047560.1,70727704,NC_047560.1 70388123 71110591,16,0.522545365153479,0.055232751992244374
NC_047563.1,49059240,NC_047563.1 48720370 49152966,6,-0.5224590838744886,0.0552801823379283
NC_047559.1,47096752,NC_047559.1 47095848 47100435,3,-0.5223373313821548,0.05534716188348132
NC_047561.1,19742215,NC_047561.1 19740265 19743376,16,-0.5217759425540247,0.05565675652357959
NC_047568.1,8073684,NC_047568.1 8071270 8078674,13,-0.5214577926668831,0.05583276393406333
NC_047560.1,52640690,NC_047560.1 52633351 52642891,3,0.5214493605303664,0.0558374342342866
NC_047563.1,45637675,NC_047563.1 45633037 45652853,13,0.5213074277318664,0.055916088768700016
NC_047561.1,22100296,NC_047561.1 22097752 22105522,5,-0.5209404105454172,0.05611984853834015
NW_022994969.1,252680,NW_022994969.1 249575 252798,6,0.5208440885772797,0.0561734130114818
NC_047567.1,17237234,NC_047567.1 17232596 17239989,4,-0.5207908933460216,0.05620301059478195
NC_047561.1,53270575,NC_047561.1 53270071 53272854,3,-0.5207050477649947,0.05625079841798085
NC_047562.1,51305370,NC_047562.1 51304758 51331916,5,-0.5207028018411847,0.056252049054154776
NC_047564.1,15853712,NC_047564.1 15851852 15856164,3,-0.5206903527801908,0.056258981641624614
NC_047565.1,42144565,NC_047565.1 42142534 42155944,5,0.520568643355855,0.056326791224138265
NC_047560.1,44491384,NC_047560.1 44485029 44652907,3,-0.5201813614115093,0.05654295516287532
NC_047565.1,26553533,NC_047565.1 26553394 26555714,3,-0.5198589690845389,0.05672335648824077
NC_047562.1,3055037,NC_047562.1 3043251 3056362,6,0.5198471610731219,0.05672997177776517
NC_047560.1,27224511,NC_047560.1 27222493 27224722,6,-0.5197736927914451,0.05677114395943063
NC_047561.1,13857828,NC_047561.1 13840905 13879732,8,-0.5197579198358141,0.05677998605273468
NC_047564.1,21146962,NC_047564.1 21146711 21150562,3,-0.5195952506827635,0.05687123400735139
NC_047561.1,56316070,NC_047561.1 56304366 56325811,3,-0.5191489839570352,0.05712210672991193
NC_047563.1,7594322,NC_047563.1 7589050 7602893,5,-0.5191365063556058,0.057129132568399625
NC_047568.1,34144101,NC_047568.1 34140191 34144641,13,0.5190121202520868,0.0571992054713618
NC_047561.1,49128728,NC_047561.1 49110524 49140908,4,0.5182159437424156,0.057649199872725154
NC_047562.1,19922706,NC_047562.1 19922313 19936129,16,0.5180354277407606,0.057751580201262163
NC_047565.1,49453202,NC_047565.1 49448907 49476838,3,-0.5180286215859395,0.05775544289852961
NC_047565.1,58577871,NC_047565.1 58571889 58580090,7,0.5179735922523322,0.057786680535252335
NC_047564.1,51530033,NC_047564.1 51528753 51536193,4,-0.5178059860190032,0.05788189793007737
NC_047568.1,5381725,NC_047568.1 5361939 5427662,3,0.5177174664035077,0.05793223166488546
NC_047568.1,50499920,NC_047568.1 50494614 50503078,16,-0.5176274305491604,0.057983459896648396
NC_047564.1,46246034,NC_047564.1 46241229 46248305,4,-0.5175464482465656,0.05802956474317403
NC_047564.1,4145310,NC_047564.1 4113919 4173330,8,-0.5174011031993636,0.05811237880683104
NC_047559.1,10011001,NC_047559.1 9993439 10015926,6,-0.517376325860444,0.05812650481802623
NC_047559.1,35303186,NC_047559.1 35296900 35311135,5,0.5173723459448115,0.05812877407076396
NC_047564.1,24006968,NC_047564.1 24005559 24013217,10,-0.5173147612365392,0.05816161463549758
NC_047562.1,37289221,NC_047562.1 37287484 37294218,8,-0.5173018388899933,0.05816898608637442
NC_047564.1,38107099,NC_047564.1 38106266 38111183,4,-0.5172618720904129,0.058191789091333226
NC_047565.1,43029211,NC_047565.1 43021625 43033859,11,0.5171752223564415,0.05824124909091557
NC_047559.1,34060050,NC_047559.1 34041181 34086104,3,-0.5171057876671252,0.058280904521000085
NC_047561.1,52439661,NC_047561.1 52437527 52440773,10,0.5170813184861676,0.05829488395323707
NC_047567.1,18325152,NC_047567.1 18296483 18360680,3,-0.5169508326819048,0.05836947227554609
NC_047561.1,13424898,NC_047561.1 13423561 13427578,11,-0.5168586729257411,0.05842219404465425
NC_047561.1,57219469,NC_047561.1 57218103 57225964,11,-0.5167863580868636,0.05846358714633123
NC_047563.1,50408107,NC_047563.1 50392436 50411666,5,0.5166395784923695,0.05854766888272248
NC_047565.1,47039567,NC_047565.1 47037489 47050208,15,-0.5165042357175548,0.05862527622497573
NC_047564.1,17632078,NC_047564.1 17631242 17635374,6,0.5164302135264036,0.0586677528435415
NC_047560.1,26271424,NC_047560.1 26270545 26278280,3,0.5161884505622464,0.05880663954061909
NC_047568.1,46968972,NC_047568.1 46960791 46978385,3,-0.5150381532828398,0.05947069914669681
NC_047559.1,22398027,NC_047559.1 22380762 22401300,3,-0.514809146970145,0.05960354407547494
NC_047564.1,28155241,NC_047564.1 28152424 28159477,15,0.51476874671509,0.05962700210034051
NC_047561.1,53019614,NC_047561.1 52983822 53044619,3,0.5142443463570983,0.05993209285092094
NC_047568.1,35770539,NC_047568.1 35763771 35772324,14,-0.5140091191090373,0.06006930958644519
NC_047561.1,5067625,NC_047561.1 5065985 5072599,13,0.5139768107142944,0.06008817388734236
NC_047559.1,52013710,NC_047559.1 52009166 52016391,14,-0.5138812418839851,0.06014399976505144
NC_047564.1,46573344,NC_047564.1 46572402 46575321,10,-0.5138007081134623,0.0601910719489022
NC_047561.1,13281624,NC_047561.1 13273092 13282089,5,-0.5135965643060305,0.06031051311497166
NC_047565.1,60134968,NC_047565.1 60127075 60136640,5,-0.5132402882010391,0.06051937221543358
NC_047565.1,60697714,NC_047565.1 60681731 60701083,11,0.5132280917287484,0.06052653131759076
NC_047559.1,24689640,NC_047559.1 24669929 24742963,4,0.513184101053957,0.0605523580795042
NC_047563.1,33829028,NC_047563.1 33827881 33829779,15,0.5131816361485402,0.060553805450522365
NC_047566.1,6443788,NC_047566.1 6443117 6444981,9,-0.5130739380590318,0.06061706910155736
NC_047564.1,3320644,NC_047564.1 3318858 3323427,7,0.5130136362375153,0.06065251212326137
NC_047564.1,13755165,NC_047564.1 13714742 13772334,7,0.5128590745242995,0.06074342534930989
NC_047561.1,8663122,NC_047561.1 8642713 8664023,3,-0.5127221256356804,0.060824060456964146
NW_022994961.1,120259,NW_022994961.1 118235 123944,8,-0.5126217403048233,0.06088321585709392
NC_047566.1,33020470,NC_047566.1 33014875 33026004,13,-0.5125550025056147,0.06092256618631218
NC_047565.1,53473008,NC_047565.1 53472455 53479012,16,0.5124960621340107,0.06095733413609481
NC_047565.1,48146200,NC_047565.1 48141254 48147150,4,-0.5124423079272743,0.060989055274036544
NC_047568.1,16653447,NC_047568.1 16606935 16654751,3,0.5124349588931759,0.06099339296663988
NC_047562.1,8315243,NC_047562.1 8310081 8320817,6,-0.5120784891556487,0.061204061692632254
NC_047565.1,2748885,NC_047565.1 2739855 2764400,16,0.5119533374076847,0.06127814840184121
NC_047564.1,46480218,NC_047564.1 46471269 46482404,4,0.5118083666283962,0.06136404793598617
NC_047568.1,45741307,NC_047568.1 45730614 45755297,5,-0.5117949330204843,0.061372012124835354
NC_047565.1,3390593,NC_047565.1 3347027 3393782,9,-0.5117696092471118,0.061387027481700086
NC_047561.1,6574174,NC_047561.1 6573518 6595181,10,-0.5117318636695849,0.061409413057682695
NC_047559.1,7249177,NC_047559.1 7248312 7253210,4,-0.5116134265516458,0.06147969198803353
NC_047561.1,44156478,NC_047561.1 44152967 44168440,4,0.5115044790852481,0.06154439084790789
NC_047562.1,48095525,NC_047562.1 48091293 48098320,14,-0.5114316346706519,0.061587677024251566
NC_047568.1,56466626,NC_047568.1 56466065 56470504,6,0.5113822499851864,0.0616170352013151
NC_047560.1,6442788,NC_047560.1 6382480 6492964,6,0.5112787021666712,0.061678624846569184
NC_047568.1,5803105,NC_047568.1 5792289 5804341,5,-0.510431705449185,0.062184073133433576
NC_047566.1,43978987,NC_047566.1 43976765 43983509,3,-0.5101206123138928,0.06237046279068249
NC_047565.1,29961171,NC_047565.1 29959610 29962781,5,0.5100258317460934,0.0624273295523874
NC_047560.1,51144165,NC_047560.1 50935047 51246957,7,0.5097778921543537,0.06257626498954115
NC_047560.1,70727704,NC_047560.1 70595196 71158665,16,0.5096263003701097,0.06266745041245007
NC_047566.1,47435782,NC_047566.1 47434416 47437266,4,-0.5096208142754283,0.06267075219055579
NC_047560.1,62877789,NC_047560.1 62653127 63119960,10,0.5095522844475654,0.06271200702662018
NC_047560.1,69339301,NC_047560.1 69270390 69342848,3,-0.5094653121034078,0.06276439224992322
NC_047563.1,43895501,NC_047563.1 43890941 43902733,16,-0.5094210935269123,0.06279103802738775
NC_047561.1,10631841,NC_047561.1 10627962 10632598,4,0.5093915122742778,0.0628088679906175
NW_022994948.1,250244,NW_022994948.1 249775 281092,6,0.5093024719505033,0.06286255853399354
NC_047561.1,36106101,NC_047561.1 36103726 36110486,5,0.50928514499993,0.06287301035700908
NC_047564.1,4602225,NC_047564.1 4593104 4615410,5,0.5085467055035403,0.06331960436346415
NC_047565.1,12465890,NC_047565.1 12460472 12467986,6,-0.5085035685219779,0.06334576283300634
NC_047563.1,15696993,NC_047563.1 15690918 15722665,13,-0.5084314469228455,0.06338951500096666
NC_047566.1,49467078,NC_047566.1 49458711 49476215,10,-0.5084084857756873,0.06340344879504989
NC_047561.1,40767025,NC_047561.1 40751344 40770617,3,0.5083724624580961,0.06342531368672498
NC_047565.1,24004149,NC_047565.1 24004071 24011671,5,-0.5083578809254764,0.06343416570150585
NC_047566.1,50371407,NC_047566.1 50364393 50371931,7,-0.5080441460304063,0.06362483924008763
NC_047566.1,30587193,NC_047566.1 30584855 30590736,6,0.5079133916095875,0.06370442676709008
NC_047559.1,11779634,NC_047559.1 11757579 11783600,4,0.5078252303623623,0.06375812892669379
NC_047561.1,52281665,NC_047561.1 52279291 52286752,9,-0.5077802902075563,0.06378551604724592
NC_047566.1,24469036,NC_047566.1 24459102 24475215,16,-0.5076427592573192,0.06386938154674343
NC_047564.1,33702683,NC_047564.1 33690618 33705859,15,-0.5075477613419944,0.06392735675114149
NC_047568.1,41318948,NC_047568.1 41305987 41323357,7,0.507359297933557,0.06404248344869985
NC_047561.1,45878909,NC_047561.1 45877897 45880509,9,-0.507337496655431,0.0640558107722828
NW_022994960.1,38815,NW_022994960.1 35472 43584,9,-0.5069509516666104,0.06429243908184676
NC_047559.1,35920042,NC_047559.1 35913319 35923323,5,0.5069347565575705,0.06430236675224628
NC_047565.1,24296241,NC_047565.1 24263360 24314551,6,-0.5068406123981949,0.06436009924616612
NC_047559.1,14573808,NC_047559.1 14563710 14574085,7,0.5067233198202794,0.06443207904250715
NC_047561.1,16037685,NC_047561.1 16035142 16062763,4,0.5065099340257528,0.06456317675740515
NC_047565.1,3031322,NC_047565.1 3031087 3032382,16,0.5061691167702198,0.06477296011654862
NW_022994961.1,84494,NW_022994961.1 83844 112996,8,0.5061598018942094,0.06477870054140611
NC_047561.1,47720285,NC_047561.1 47720169 47723483,9,0.5061052682744789,0.06481231496198452
NC_047563.1,65417791,NC_047563.1 65415009 65428027,5,0.5060171310116178,0.06486666897887813
NC_047563.1,66769568,NC_047563.1 66737942 66776831,4,0.50595347193,0.06490594763853774
NC_047565.1,48145130,NC_047565.1 48141254 48147150,5,-0.5055182903634016,0.0651749172768301
NC_047563.1,7646627,NC_047563.1 7634518 7664446,5,0.5054880979677407,0.065193607595383
NC_047563.1,30166228,NC_047563.1 30073419 30628537,13,0.5051473172988895,0.06540483046809205
NC_047566.1,44777852,NC_047566.1 44771077 44794380,4,0.505063667298783,0.06545675314696846
NC_047565.1,23723749,NC_047565.1 23721245 23731834,4,0.5049273121182718,0.06554145378702894
NC_047561.1,27916757,NC_047561.1 27914212 27917068,6,-0.5048944701541105,0.0655618661452901
NC_047564.1,27748038,NC_047564.1 27740732 27765798,10,0.5047603309966315,0.0656452852121457
NC_047564.1,10181929,NC_047564.1 10169769 10182619,4,0.5047089990014505,0.06567722784452651
NC_047565.1,27145455,NC_047565.1 26961604 27161359,7,-0.5037241972087677,0.06629219837474305
NC_047563.1,20969068,NC_047563.1 20934401 20969203,16,0.503477639470309,0.06644680556614506
NC_047565.1,13025533,NC_047565.1 13016806 13027417,16,-0.5033650539844658,0.06651748929863066
NC_047568.1,51690712,NC_047568.1 51689005 51698667,7,0.5033409552520756,0.06653262600478642
NC_047562.1,40586126,NC_047562.1 40582062 40589875,17,-0.5033253719461377,0.06654241537758422
NC_047566.1,44584843,NC_047566.1 44582742 44589929,15,0.5032538912041372,0.0665873324830671
NC_047565.1,35573947,NC_047565.1 35573244 35589970,6,0.5032510444060219,0.06658912180364926
NW_022994945.1,446613,NW_022994945.1 445061 446997,8,0.5031523355210045,0.06665118531537002
NC_047561.1,38535589,NC_047561.1 38529011 38536446,3,-0.5031297988065357,0.06666536113192463
NC_047562.1,45459619,NC_047562.1 45447624 45502600,5,-0.5031233417168895,0.06666942310192417
NC_047562.1,27577506,NC_047562.1 27571517 27583644,10,-0.5030783670952933,0.06669772024863088
NC_047565.1,35673214,NC_047565.1 35672166 35687228,6,-0.5028318136807609,0.06685299916314284
NC_047564.1,35116870,NC_047564.1 35099704 35127124,4,0.5027912864978331,0.06687854778410805
NC_047562.1,35524030,NC_047562.1 35459231 35560615,11,-0.5026969381983354,0.066938052610916
NC_047562.1,47914223,NC_047562.1 47861036 47950407,4,0.502613212961345,0.06699088918152994
NC_047559.1,31879184,NC_047559.1 31850203 31884767,3,-0.5025269440970879,0.0670453620896611
NC_047565.1,24307190,NC_047565.1 24263360 24314551,12,0.5024723041496081,0.06707987983894141
NC_047560.1,70826454,NC_047560.1 70595196 71158665,6,0.50244796991137,0.06709525661279656
NC_047565.1,53991280,NC_047565.1 53974838 53995877,7,0.502380684102759,0.06713778752180627
NC_047562.1,52854001,NC_047562.1 52851727 52872031,5,0.5022712544322367,0.06720699836416469
NC_047564.1,17146824,NC_047564.1 17140985 17147423,3,-0.5022395942519562,0.06722703192903608
NC_047560.1,70662362,NC_047560.1 70388123 71110591,3,-0.5021570124627671,0.06727930713565297
NC_047560.1,51046166,NC_047560.1 50935047 51246957,9,0.501982781362748,0.06738969252342072
NC_047564.1,17565131,NC_047564.1 17561076 17565647,13,-0.5018613497262854,0.0674667027894492
NC_047564.1,29151281,NC_047564.1 29065644 29180332,16,-0.5018062055335644,0.0675016951934147
NC_047565.1,61969014,NC_047565.1 61966563 61969122,10,-0.5016957548259563,0.06757182193536337
NC_047559.1,47874461,NC_047559.1 47873642 47877433,13,-0.5016423966291227,0.06760571843043527
NC_047563.1,23928177,NC_047563.1 23924945 23928632,3,-0.5014382901253833,0.06773549169391643
NC_047563.1,18934116,NC_047563.1 18932088 18936903,5,-0.5014322722524513,0.06773932062083968
NC_047560.1,51037671,NC_047560.1 50992354 51073373,11,-0.501414151913254,0.06775085078519931
NC_047560.1,70918242,NC_047560.1 70388123 71110591,3,0.5012579198897105,0.06785032094305098
NC_047564.1,39398947,NC_047564.1 39398206 39435140,6,-0.5011325840969453,0.0679301952665047
NC_047559.1,48109067,NC_047559.1 48083686 48122878,3,-0.5010113289147592,0.06800753287119761
NC_047562.1,7009912,NC_047562.1 7000942 7022108,6,-0.5006607744100592,0.0682314726240937
NC_047562.1,17034668,NC_047562.1 16932800 17038841,9,0.500485198467735,0.06834383063849535
NC_047568.1,46086590,NC_047568.1 46078110 46154331,5,0.5002660555258199,0.06848425383685167
NC_047559.1,46919583,NC_047559.1 46906818 46926197,11,0.49988664032569735,0.06872786281595329
NC_047562.1,27378346,NC_047562.1 27366231 27395967,6,0.49954698043042894,0.06894646949913867
NC_047561.1,56673930,NC_047561.1 56669801 56687633,3,0.4992842587151322,0.06911589777548237
NW_022994985.1,172421,NW_022994985.1 170131 187067,11,-0.4990864019674421,0.0692436904556263
NC_047563.1,41331689,NC_047563.1 41327485 41452447,3,0.4989940813544797,0.06930337647478109
NC_047565.1,54069919,NC_047565.1 54020182 54080189,3,0.4989695316925197,0.06931925419255777
NC_047560.1,69105230,NC_047560.1 69100451 69116122,3,-0.49893982934285863,0.06933846792047556
NC_047560.1,4978148,NC_047560.1 4826173 5232376,3,0.4989086892813147,0.06935861574057056
NC_047561.1,37116994,NC_047561.1 37062068 37178040,5,-0.49889018420286935,0.06937059061964401
NC_047568.1,54313814,NC_047568.1 54290688 54329672,5,0.4986949222024013,0.06949703694908053
NC_047563.1,20718754,NC_047563.1 20697466 20719345,14,-0.49833925483261154,0.06972777888652422
NC_047565.1,10659159,NC_047565.1 10658921 10684090,9,-0.4977220054301053,0.0701295175696774
NC_047562.1,21071099,NC_047562.1 21070146 21072674,3,-0.49756421785640564,0.07023247781111916
NC_047562.1,47474031,NC_047562.1 47471525 47474064,12,-0.49735782460806177,0.0703673167013534
NC_047562.1,1203838,NC_047562.1 1160746 1220027,7,0.49729539672984535,0.0704081377385653
NC_047560.1,65100175,NC_047560.1 65096899 65102195,6,-0.49713796159022255,0.07051115797589107
NC_047563.1,39751265,NC_047563.1 39724077 39807021,6,-0.4970055381508504,0.07059789437163612
NC_047562.1,30983241,NC_047562.1 30970218 30991730,4,-0.49694169156529244,0.07063974052130534
NC_047563.1,12268972,NC_047563.1 12265580 12269416,4,0.4967299441071377,0.07077864969177226
NC_047566.1,30586537,NC_047566.1 30584855 30590736,3,0.49668308488837865,0.07080941619249324
NC_047562.1,26523688,NC_047562.1 26514687 26530457,7,-0.4965792183799127,0.07087764603756776
NC_047559.1,33780082,NC_047559.1 33773548 33788009,11,0.4965139838990247,0.07092052241568608
NC_047568.1,11799184,NC_047568.1 11797477 11800527,9,-0.496312908013562,0.07105279867748908
NC_047561.1,22348687,NC_047561.1 22325572 22384869,4,0.4962911320760596,0.071067134330744
NC_047565.1,38399024,NC_047565.1 38397588 38401040,3,-0.49610263855619485,0.07119131033463273
NC_047561.1,12370213,NC_047561.1 12358069 12391042,13,-0.49598729063938346,0.07126737539394941
NC_047564.1,50371202,NC_047564.1 50369868 50373179,6,0.4959111436861506,0.07131762139750458
NC_047568.1,13345306,NC_047568.1 13345006 13366746,8,0.49589859752101323,0.07132590247133126
NC_047566.1,6982931,NC_047566.1 6932125 6985111,4,0.49583109042237744,0.07137047214067198
NC_047559.1,28714403,NC_047559.1 28705954 28729110,3,0.49578376347811715,0.0714017302266314
NC_047561.1,46745326,NC_047561.1 46744335 46745525,3,0.4956071192071485,0.07151848460016105
NC_047565.1,3699890,NC_047565.1 3697204 3710676,6,-0.4954773760941608,0.07160432565032795
NC_047562.1,38465409,NC_047562.1 38460779 38465519,6,-0.49547568253165664,0.07160544663423865
NC_047568.1,31731289,NC_047568.1 31721580 31739227,5,0.49542278935245704,0.0716404633699816
NC_047566.1,6014316,NC_047566.1 6004120 6014788,8,0.49532932311116434,0.07170237032315266
NC_047559.1,42523523,NC_047559.1 42508829 42527693,4,-0.4952705190588961,0.07174133839710231
NC_047566.1,40345302,NC_047566.1 40336040 40346206,9,0.495248035168352,0.07175624192163485
NC_047559.1,39259692,NC_047559.1 39249519 39262135,13,0.49502646425449737,0.0719032286045304
NC_047559.1,49751437,NC_047559.1 49745175 49757817,3,0.49480949922056666,0.07204736690641295
NC_047565.1,44353847,NC_047565.1 44349825 44358063,7,-0.4947931876749852,0.07205821158577182
NC_047565.1,37477396,NC_047565.1 37460628 37513316,5,0.49473688319112585,0.07209565434932709
NC_047559.1,12852929,NC_047559.1 12832141 12852961,4,-0.49473442819501245,0.07209728724827567
NC_047559.1,14782228,NC_047559.1 14775668 14794331,4,0.494722740547243,0.07210506144869634
NC_047568.1,42533110,NC_047568.1 42533109 42536805,9,-0.4945911440795991,0.07219263574277743
NC_047562.1,47830364,NC_047562.1 47824828 47831772,4,0.49437470517652143,0.07233683484182919
NC_047563.1,23035230,NC_047563.1 23034530 23037307,8,-0.49429247055954173,0.07239167595653735
NC_047565.1,19258840,NC_047565.1 19257826 19261463,7,-0.493982128962801,0.07259890428498617
NC_047568.1,11257275,NC_047568.1 11251121 11266405,13,-0.49397319880191426,0.07260487355894742
NC_047561.1,29532165,NC_047561.1 29513413 29543647,8,-0.49393138341022114,0.07263282926061496
NC_047560.1,70766148,NC_047560.1 70595196 71158665,3,-0.49359197161940743,0.0728600258967408
NC_047568.1,36853768,NC_047568.1 36840073 36854217,6,-0.4933575352466141,0.07301724785224878
NC_047568.1,55684850,NC_047568.1 55684663 55698088,6,-0.49328239965241133,0.0730676875303694
NC_047559.1,1018525,NC_047559.1 1017063 1027511,10,0.49325487604730295,0.07308617073314666
NC_047559.1,45548674,NC_047559.1 45546995 45551800,15,-0.4932183884128693,0.07311067875302123
NC_047568.1,47247845,NC_047568.1 47218765 47278318,6,-0.49279066080792333,0.0733984097529331
NC_047568.1,19766671,NC_047568.1 19762159 19771144,15,-0.4924598381969994,0.07362150312534409
NC_047568.1,4156791,NC_047568.1 4156131 4159925,5,0.4922594283334673,0.07375688502044084
NC_047565.1,45116240,NC_047565.1 45106460 45124218,6,0.49223712299565003,0.07377196374256459
NC_047563.1,20857195,NC_047563.1 20833778 20859000,9,-0.4921745307664632,0.0738142886398457
NC_047564.1,8285892,NC_047564.1 8276224 8309529,4,0.4920494144729586,0.07389894392888721
NC_047561.1,19260037,NC_047561.1 19239121 19272407,7,0.49201245554527817,0.07392396397434678
NC_047560.1,56575751,NC_047560.1 56572758 56578822,15,0.49200879721684476,0.07392644087553278
NC_047564.1,36994449,NC_047564.1 36982659 37023129,9,0.492000179998127,0.07393227546640754
NC_047562.1,17903164,NC_047562.1 17881279 17938883,9,0.4916179795015233,0.07419138614257889
NC_047568.1,46579355,NC_047568.1 46577321 46605051,4,-0.4913740885647799,0.07435706656369508
NC_047568.1,16138440,NC_047568.1 16133299 16141252,9,0.49136974028517216,0.07436002282092694
NC_047568.1,34465125,NC_047568.1 34462698 34466798,16,-0.4908722890365315,0.07469877408386574
NC_047564.1,7249299,NC_047564.1 7235317 7249831,7,0.4908510515504776,0.07471326053780514
NC_047560.1,70662362,NC_047560.1 70595196 71158665,3,-0.4906545976397827,0.07484735946717061
NC_047564.1,20547617,NC_047564.1 20478953 20552459,3,-0.4906179608916436,0.07487238646002344
NW_022994993.1,11371,NW_022994993.1 22 15916,13,-0.4906085494626508,0.0748788164742183
NC_047563.1,18360108,NC_047563.1 18358978 18372054,5,0.4905714717454938,0.07490415227144993
NC_047568.1,34980253,NC_047568.1 34971923 34984663,4,-0.49056688860943287,0.0749072844231214
NC_047559.1,21834173,NC_047559.1 21832735 21835199,5,0.490251997956465,0.07512270535497759
NC_047565.1,10593868,NC_047565.1 10592702 10605044,12,-0.49017361072352467,0.0751763992209541
NC_047559.1,36836814,NC_047559.1 36835891 36837369,4,-0.4901049252016748,0.07522346991434145
NC_047565.1,54069919,NC_047565.1 54049465 54073057,3,0.49010286678818105,0.07522488088216102
NC_047568.1,43524135,NC_047568.1 43492747 43549328,6,-0.49003848406261113,0.07526902236384872
NC_047562.1,10999014,NC_047562.1 10996282 10999390,5,-0.4899922337213128,0.07530074340417267
NC_047565.1,1554043,NC_047565.1 1547290 1558225,17,0.4899902461077508,0.07530210683143872
NC_047568.1,11799123,NC_047568.1 11797477 11800527,3,-0.48985342422488615,0.0753960034445915
NC_047567.1,28632927,NC_047567.1 28630316 28638097,12,-0.48961987457828327,0.07555647272177507
NC_047559.1,17392442,NC_047559.1 17384319 17400901,4,-0.4894283849124524,0.07568822326965449
NC_047562.1,13272644,NC_047562.1 13246768 13275546,6,-0.48941036285908956,0.07570063133843023
NC_047561.1,24218008,NC_047561.1 24205140 24290503,9,0.4894067614149747,0.0757031110822647
NW_022994861.1,43331,NW_022994861.1 4792 56965,7,-0.48924793049947524,0.07581252993300504
NC_047559.1,6505353,NC_047559.1 6499643 6521958,8,-0.48896183894312983,0.0760099010196621
NC_047564.1,42430370,NC_047564.1 42428350 42437370,3,0.4889578798439628,0.0760126349010497
NC_047559.1,18611505,NC_047559.1 18592234 18623423,7,-0.48868687167671115,0.07619993986502133
NC_047559.1,2487278,NC_047559.1 2478154 2496003,6,0.4885272720194701,0.0763103983830495
NC_047564.1,56097663,NC_047564.1 56094815 56098974,12,-0.4883093862800187,0.07646137928679039
NC_047568.1,12303896,NC_047568.1 12169358 12325905,3,-0.4882505717319351,0.0765021701858368
NC_047568.1,54103415,NC_047568.1 54093436 54153085,6,0.48824181743742573,0.0765082430522768
NC_047568.1,22430244,NC_047568.1 22411877 22436164,3,0.48795528755310635,0.07670719742203788
NC_047568.1,51547933,NC_047568.1 51534100 51554013,8,0.4879402195026216,0.0767176701573015
NC_047564.1,48618827,NC_047564.1 48618463 48651380,6,-0.487862731651867,0.07677154244039777
NC_047561.1,4577899,NC_047561.1 4575083 4579952,3,-0.48780209637712596,0.07681371686320465
NC_047561.1,3524943,NC_047561.1 3499872 3545425,7,-0.4868143568055926,0.07750303977297394
NC_047564.1,40674045,NC_047564.1 40669532 40690356,6,0.4861779176607487,0.07794950515917665
NC_047563.1,7136823,NC_047563.1 7129300 7147214,9,0.48611057109953604,0.0779968551219701
NC_047565.1,52770703,NC_047565.1 52741742 52794894,16,0.4856267692532736,0.078337603147201465
NC_047560.1,51016047,NC_047560.1 50992354 51073373,17,0.48557096931619625,0.07837697123796031
NC_047562.1,47016039,NC_047562.1 46998687 47019971,4,-0.48552560218028806,0.07840898904542543
NC_047560.1,70766148,NC_047560.1 70388123 71110591,3,-0.4855174268578954,0.07841475975180946
NC_047561.1,46322104,NC_047561.1 46295841 46343507,3,0.48515922893194185,0.07866789490069452
NW_022994939.1,319649,NW_022994939.1 317192 322950,9,-0.48497887417691143,0.07879556790813153
NC_047561.1,56438747,NC_047561.1 56426678 56448482,10,-0.48491191935156136,0.07884300236577857
NC_047565.1,28664061,NC_047565.1 28663556 28686842,3,0.4838920848536139,0.07956800084220736
NC_047560.1,66676080,NC_047560.1 66524951 66686620,6,-0.4837731269823939,0.07965287272631984
NC_047564.1,16702975,NC_047564.1 16684948 16736210,8,0.48377287381308426,0.07965305342094035
NC_047559.1,54142507,NC_047559.1 54133147 54144869,4,0.48370028636326007,0.07970487320508073
NC_047565.1,28564015,NC_047565.1 28526117 28566194,4,0.4836098340276078,0.0797694798807198
NC_047568.1,22162549,NC_047568.1 22161099 22192496,17,-0.4835430536287751,0.07981720226616942
NC_047568.1,37037284,NC_047568.1 37006851 37042840,9,-0.4834407226978793,0.07989036868691167
NC_047563.1,37407873,NC_047563.1 37400459 37412612,9,-0.483411077045434,0.0799115740985833
NC_047561.1,45338074,NC_047561.1 45332883 45341097,3,-0.483374227786904,0.07993793774841766
NC_047563.1,23455899,NC_047563.1 23431210 23473174,7,0.4833108077899841,0.0799833256735486
NC_047564.1,34339359,NC_047564.1 34324321 34340376,6,-0.4830931144167328,0.08013926089965426
NC_047560.1,70846661,NC_047560.1 70690070 71346242,3,-0.4830269527142684,0.08018669538044336
NC_047565.1,43029260,NC_047565.1 43021625 43033859,10,0.48252069389584296,0.08055031138529876
NC_047561.1,18144026,NC_047561.1 18137526 18148420,12,-0.48244376472715766,0.08060566654753425
NC_047561.1,8970505,NC_047561.1 8962559 8986747,6,-0.4822284335102808,0.08076075273085728
NC_047560.1,70826454,NC_047560.1 70388123 71110591,6,0.48209367440580825,0.08085791595752939
NC_047565.1,7312392,NC_047565.1 7310080 7319857,16,-0.4819243342171124,0.0809801292887163
NC_047559.1,33376157,NC_047559.1 33373866 33376721,5,-0.4815381347245897,0.0812593369796134
NC_047561.1,52582019,NC_047561.1 52579741 52585774,4,0.48144408459236965,0.08132743413442295
NC_047566.1,39193894,NC_047566.1 39188611 39194712,7,-0.4808292866873511,0.08177356913450597
NC_047563.1,65528194,NC_047563.1 65484772 65533285,5,0.4808026836625409,0.08179291269076912
NC_047560.1,4978148,NC_047560.1 4669163 4998151,3,0.48075473621953857,0.08182778430000687
NC_047561.1,56688688,NC_047561.1 56687511 56689200,3,0.48062889538001546,0.08191935659451254
NC_047564.1,27094991,NC_047564.1 27072847 27133383,4,0.4805803945607323,0.08195466907209999
NC_047562.1,22975858,NC_047562.1 22943870 22982986,4,0.4805738486058546,0.0819594358708924
NC_047564.1,28690503,NC_047564.1 28634556 28742989,11,-0.48033241843633817,0.08213538284189797
NC_047561.1,49431810,NC_047561.1 49427134 49443948,4,-0.4802796754962779,0.08217385561482048
NC_047568.1,42638420,NC_047568.1 42637476 42642784,11,-0.4801323556520839,0.08228138362200586
NC_047561.1,1211877,NC_047561.1 1192433 1223068,6,-0.4799591293045667,0.08240794716115883
NW_022994829.1,242376,NW_022994829.1 109708 243958,8,0.4796354695335535,0.0826447877818105
NC_047566.1,46261523,NC_047566.1 46256045 46281934,3,-0.4795327764431872,0.08272003414187729
NC_047561.1,46767521,NC_047561.1 46751714 46808310,3,0.4795147692393338,0.08273323352936433
NC_047564.1,48914496,NC_047564.1 48905161 48925179,15,0.4795072473352798,0.08273874756802109
NC_047561.1,38535597,NC_047561.1 38529011 38536446,3,-0.47941667126699156,0.0828051659232214
NC_047567.1,22673658,NC_047567.1 22638999 22673753,5,-0.4794138273612051,0.08280725193204219
NC_047564.1,41330784,NC_047564.1 41311692 41333402,5,-0.4793379788436735,0.08286290055179159
NC_047561.1,24904660,NC_047561.1 24788351 24968820,8,0.47933740770110533,0.08286331968792798
NW_022994983.1,28042,NW_022994983.1 26960 34838,3,0.4793278835332437,0.08287030927081115
NC_047563.1,65525203,NC_047563.1 65484772 65533285,6,-0.4792225622895481,0.08294762990028312
NC_047564.1,33320347,NC_047564.1 33311795 33337887,12,-0.4792061536829406,0.08295968069121827
NC_047563.1,26277683,NC_047563.1 26274665 26289390,6,-0.4791869109526714,0.08297381448329545
NW_022994827.1,60884,NW_022994827.1 27525 77826,5,0.47903194351209494,0.08308769980435059
NC_047564.1,48085885,NC_047564.1 48079253 48086004,7,0.4789950533382281,0.0831148265075661
NC_047568.1,47673720,NC_047568.1 47671567 47680444,10,-0.4789481630874912,0.08314931561514549
NC_047566.1,48818532,NC_047566.1 48815973 48825439,10,0.47881748040445343,0.08324548948397083
NC_047567.1,34113196,NC_047567.1 34112526 34119452,9,0.47877231022962907,0.08327874992915565
NC_047565.1,17028681,NC_047565.1 17026694 17034670,8,0.47870723759355666,0.08332668168989724
NC_047565.1,59765447,NC_047565.1 59762291 59850345,4,0.47859764857573384,0.0834074474988575
NC_047568.1,50431715,NC_047568.1 50426194 50439054,4,0.4783969318123702,0.08355551591779646
NC_047566.1,46009553,NC_047566.1 45985102 46018522,3,0.4782909089648069,0.08363380325136485
NC_047564.1,25212749,NC_047564.1 25199592 25226485,3,-0.47822018404118477,0.08368605520688248
NC_047561.1,51677272,NC_047561.1 51677100 51677798,17,-0.477812464386687,0.08398772771257519
NC_047568.1,41990255,NC_047568.1 41978829 41997175,3,0.4778058600462443,0.0839926205494111
NW_022994945.1,225584,NW_022994945.1 190480 232078,6,0.4777354594051197,0.08404478941864377
NC_047559.1,42860976,NC_047559.1 42856936 42863846,9,0.47755459598835187,0.08417891859568859
NC_047560.1,56022529,NC_047560.1 56021521 56023745,17,0.4775298592518179,0.08419727514957079
NC_047561.1,51426773,NC_047561.1 51426340 51449747,3,-0.47750848337637763,0.08421313994954999
NC_047561.1,4890674,NC_047561.1 4880375 4894433,5,-0.4773341169163412,0.08434263003870435
NC_047568.1,23840988,NC_047568.1 23837066 23849319,7,-0.4773035057387585,0.08436537728324608
NC_047561.1,7280886,NC_047561.1 7280058 7284432,5,-0.4772290598236251,0.08442071619832402
NC_047566.1,26467668,NC_047566.1 26459046 26467975,4,-0.4768529712301912,0.08470066872749847
NC_047559.1,54439098,NC_047559.1 54434890 54439818,13,0.4768511668419404,0.0847020134442
NC_047565.1,30851964,NC_047565.1 30833454 30861739,4,0.47677648854170596,0.08475768043326072
NC_047568.1,5232645,NC_047568.1 5219934 5252478,3,0.4767446434912836,0.08478142629751183
NC_047560.1,62666580,NC_047560.1 62653127 63119960,4,-0.4765958382165216,0.08489244761424278
NC_047564.1,15996576,NC_047564.1 15951484 16004880,6,0.47654553367914765,0.08493000210231702
NC_047564.1,37420547,NC_047564.1 37415854 37428653,5,-0.4764638526844578,0.0849910052733243
NC_047564.1,36997970,NC_047564.1 36982659 37023129,7,-0.47643208620721705,0.08501473825488115
NC_047565.1,6478813,NC_047565.1 6474605 6481403,6,0.47641553756574334,0.08502710371427419
NC_047568.1,10885579,NC_047568.1 10866110 10904984,7,0.47634657681627224,0.08507864607578532
NC_047562.1,28956340,NC_047562.1 28929402 28967220,9,0.4762911459031916,0.0851200919023783
NC_047568.1,41074474,NC_047568.1 41069902 41076714,4,-0.47623268040739675,0.08516382203264854
NC_047562.1,2916467,NC_047562.1 2911329 2925329,7,-0.4760888261491537,0.08527148700585409
NC_047561.1,9993868,NC_047561.1 9984933 10001019,8,-0.4759580823870094,0.08536942242414787
NC_047561.1,31129962,NC_047561.1 31117997 31158475,5,0.47556300066357154,0.0856658429409356
NC_047566.1,7709893,NC_047566.1 7674237 7715471,12,-0.4754826905688168,0.08572618581315364
NC_047563.1,2124127,NC_047563.1 1808080 2151853,4,-0.4754471045121954,0.08575293375243727
NC_047565.1,3439029,NC_047565.1 3409536 3439863,11,0.47530794961202777,0.0858575844315026
NC_047564.1,30256457,NC_047564.1 30249352 30260642,7,-0.475306873105189,0.08585839436121612
NC_047559.1,53762543,NC_047559.1 53755998 53781200,11,0.4752485858032401,0.08590225587749686
NC_047563.1,1821338,NC_047563.1 1808080 2151853,6,0.47514218676699027,0.08598236222240842
NC_047561.1,14531046,NC_047561.1 14525813 14537466,8,0.4751402443247727,0.08598382514624522
NC_047560.1,31597479,NC_047560.1 31584868 31597825,14,0.47492403703140895,0.08614676773676617
NC_047559.1,50606205,NC_047559.1 50582797 50608616,5,-0.4748622528146029,0.08619337054001767
NC_047559.1,36501426,NC_047559.1 36494570 36503654,3,-0.4746467204866811,0.08635608123145518
NC_047562.1,51748887,NC_047562.1 51719248 51772729,3,0.47459386591932184,0.08639601527549555
NC_047564.1,8239093,NC_047564.1 8232230 8249279,8,-0.4745653543145658,0.08641756246668031
NC_047565.1,22594009,NC_047565.1 22527827 22594197,16,0.47431823841615794,0.08660447406019346
NC_047564.1,39856512,NC_047564.1 39849817 39860467,5,0.4741795267358328,0.08670951566938279
NC_047559.1,20738334,NC_047559.1 20734037 20743392,5,-0.4739065813530332,0.08691646825754952
NC_047566.1,54675115,NC_047566.1 54661304 54678663,11,-0.47354976625590967,0.0871875336443581
NC_047565.1,60138527,NC_047565.1 60137999 60164954,8,0.47353814032191616,0.08719637557668333
NC_047568.1,17726979,NC_047568.1 17725088 17790422,6,-0.47347219165772775,0.08724654373507247
NC_047566.1,38157713,NC_047566.1 38156715 38169974,8,-0.4734704343082081,0.0872478808539832
NC_047562.1,35996852,NC_047562.1 35961520 36018993,10,0.4733891922459315,0.08730971136119488
NC_047564.1,37423689,NC_047564.1 37415854 37428653,6,0.47333179036760237,0.08735341641490668
NC_047561.1,55465748,NC_047561.1 55446431 55473342,8,-0.473268225767911,0.08740183154481523
NC_047564.1,35110197,NC_047564.1 35099704 35127124,9,-0.47325492728655133,0.08741196294868091
NC_047565.1,36545618,NC_047565.1 36543600 36547107,6,0.47322235510021016,0.08743678143174352
NC_047567.1,16169631,NC_047567.1 16107132 16187917,17,0.47309506721070277,0.0875338161319862
NC_047568.1,45885164,NC_047568.1 45878306 45886256,17,-0.47304733387959147,0.0875702238438951
NC_047564.1,43866533,NC_047564.1 43855463 43884856,8,-0.47271570885255765,0.08782345717885368
NC_047565.1,7091491,NC_047565.1 7089625 7096810,7,-0.47269754038038375,0.08783734565045498
NC_047564.1,36841459,NC_047564.1 36750329 36849479,16,-0.4724149807835121,0.08805353960566212
NC_047564.1,58600816,NC_047564.1 58599521 58604859,10,0.4722666496442372,0.08816718056111483
NC_047565.1,57350129,NC_047565.1 57348671 57358536,3,0.4722624803025798,0.08817037630032817
NC_047568.1,41977117,NC_047568.1 41973110 41977975,5,0.472158711435763,0.08824993970842962
NC_047566.1,44766849,NC_047566.1 44757715 44767629,13,0.47173853349025474,0.08857261873082511
NC_047563.1,7634963,NC_047563.1 7634518 7664446,7,0.47134937828329093,0.08887220831063763
NC_047561.1,3291777,NC_047561.1 3291373 3294159,6,0.47127585928995314,0.08892888602720211
NC_047560.1,5677623,NC_047560.1 5676665 5686327,3,-0.47120178687005543,0.08898601593057968
NC_047562.1,48685843,NC_047562.1 48649022 48686020,11,-0.4711298463167501,0.08904152612775454
NC_047563.1,44274200,NC_047563.1 44273514 44275966,17,-0.4710643916939239,0.08909205271710008
NC_047566.1,13530302,NC_047566.1 13523422 13556661,11,0.47096474582710124,0.08916901110967844
NC_047567.1,25014955,NC_047567.1 25013528 25015240,7,0.470737957053899,0.08934433746793452
NC_047565.1,11143505,NC_047565.1 11129479 11149506,9,-0.47068117700855594,0.08938827076666164
NC_047562.1,19324833,NC_047562.1 19324207 19329719,13,-0.47054283442583783,0.08949537586136276
NC_047561.1,6359199,NC_047561.1 6355699 6359942,8,0.47051383475211506,0.08951783882146576
NC_047561.1,52344472,NC_047561.1 52336938 52351992,6,-0.4704337478439973,0.08957989407315399
NC_047559.1,30039254,NC_047559.1 30024980 30044706,5,-0.470323620027352,0.08966527553248399
NC_047561.1,7347172,NC_047561.1 7344588 7350746,14,0.47005507999418417,0.08987371123528054
NC_047565.1,23760910,NC_047565.1 23753620 23763268,11,0.46989303426120066,0.08999965157597845
NC_047562.1,48603216,NC_047562.1 48603005 48630168,10,0.4698436846450362,0.09003803006599759
NC_047564.1,56401673,NC_047564.1 56394396 56434300,9,0.46972276058992857,0.09013211925676011
NC_047560.1,5838365,NC_047560.1 5837548 5838564,11,-0.4696676772643339,0.09017500150460028
NC_047559.1,36613921,NC_047559.1 36610845 36618318,4,0.46965711720443604,0.09018322411416649
NC_047568.1,22259557,NC_047568.1 22237480 22281431,5,-0.46964786183286206,0.09019043125609207
NC_047568.1,42034674,NC_047568.1 42027682 42035472,4,-0.4694583398949094,0.09033810006122837
NC_047561.1,49760976,NC_047561.1 49755947 49761167,6,0.46940459970574766,0.09038000320226194
NC_047566.1,4283350,NC_047566.1 4263449 4292783,5,-0.46935833808656874,0.09041608589636159
NC_047560.1,70845543,NC_047560.1 70388123 71110591,7,-0.46920456007618117,0.09053610042732434
NC_047565.1,29146113,NC_047565.1 29142447 29150140,4,-0.4690141614271406,0.09068484910423524
NC_047564.1,17320513,NC_047564.1 17316824 17344427,5,-0.4686081299842997,0.09100262982801835
NC_047564.1,57841155,NC_047564.1 57840520 57844282,8,-0.4685551536221576,0.09104414899616844
NC_047560.1,51200306,NC_047560.1 51190855 51210631,6,-0.468521945669105,0.09107018180174191
NC_047561.1,49123012,NC_047561.1 49110524 49140908,17,0.46835748379686404,0.0911991853764366
NC_047559.1,8043232,NC_047559.1 8022698 8061191,5,-0.46827985331774513,0.09126012281537293
NC_047562.1,23678481,NC_047562.1 23677659 23704950,8,-0.4682718646836251,0.09126639524768371
NC_047564.1,53907634,NC_047564.1 53905087 53911013,7,-0.46810383014640855,0.09139840050956603
NC_047559.1,49890394,NC_047559.1 49888463 49897071,4,0.46805104508657197,0.0914398950701082
NC_047565.1,25660910,NC_047565.1 25626905 25683502,6,0.468041043913106,0.09144775851464997
NC_047564.1,57165247,NC_047564.1 57164565 57191016,15,0.46791342489075816,0.09154814063665667
NC_047565.1,17663028,NC_047565.1 17651785 17668099,6,0.4678875469085986,0.09156850501051926
NC_047562.1,29648503,NC_047562.1 29643817 29650498,4,-0.46780667092674755,0.09163216976607047
NC_047561.1,54639405,NC_047561.1 54630077 54659712,4,-0.46776862738820735,0.09166212792109919
NC_047565.1,9388282,NC_047565.1 9381336 9390918,4,-0.4674233528566694,0.091934333498428
NC_047564.1,53150286,NC_047564.1 53149322 53158602,3,0.4673873494114678,0.09196275007892445
NC_047565.1,51631904,NC_047565.1 51626492 51636940,15,0.46723206244773463,0.09208538414978434
NC_047564.1,6748894,NC_047564.1 6722259 6754635,11,-0.4668653604218212,0.09237543014353157
NC_047559.1,39609225,NC_047559.1 39590719 39610357,4,-0.466850001716837,0.09238759210288448
NC_047560.1,27785524,NC_047560.1 27779829 27785852,7,-0.46655079095424495,0.0926247479611139
NC_047568.1,39422689,NC_047568.1 39418126 39425024,11,-0.4665087077137252,0.0926581373030011
NC_047567.1,20371566,NC_047567.1 20353385 20372306,6,0.466328628285936,0.09280110911396515
NC_047566.1,49441317,NC_047566.1 49412896 49443499,8,-0.46596045448372225,0.0930938939416924
NC_047561.1,34707690,NC_047561.1 34705293 34709381,16,0.4659549956440789,0.09309823983464349
NC_047559.1,19611786,NC_047559.1 19603054 19611884,3,0.46575177055115435,0.09326013194726701
NC_047568.1,15981716,NC_047568.1 15971843 15992335,4,0.46551382597102037,0.09344993096011842
NC_047566.1,1386484,NC_047566.1 1354633 1414618,6,-0.4655071858532543,0.09345523137174142
NC_047565.1,23744691,NC_047565.1 23736793 23745550,3,0.46537711300074014,0.09355910298863189
NC_047566.1,684654,NC_047566.1 631848 691804,8,-0.4653563057450669,0.09357572638144437
NC_047559.1,51162250,NC_047559.1 51130411 51234319,5,0.4651258276500893,0.09375999806029266
NC_047560.1,44366119,NC_047560.1 43984502 44478438,5,-0.46512432116555497,0.09376120335332867
NW_022994972.1,185793,NW_022994972.1 155607 189585,3,0.4650968755861145,0.09378316362394583
NC_047562.1,13269369,NC_047562.1 13246768 13275546,8,0.46499183911099895,0.09386724041847012
NC_047562.1,39458316,NC_047562.1 39457951 39554698,5,-0.46486438121028423,0.09396933490217228
NC_047563.1,46338128,NC_047563.1 46333811 46339285,6,0.4647424774295325,0.09406705272870675
NC_047562.1,51337937,NC_047562.1 51333268 51339872,6,-0.46463816654027584,0.09415072420963955
NC_047565.1,52939389,NC_047565.1 52908994 52950531,15,-0.46459745383232254,0.09418339535900473
NC_047559.1,53949214,NC_047559.1 53923289 53955075,4,-0.46454221505949667,0.0942277359923357
NC_047564.1,1593847,NC_047564.1 1588171 1604786,4,-0.46424182168435113,0.09446911839817586
NC_047568.1,16157569,NC_047568.1 16149716 16158965,5,0.4641157742147895,0.0945705322891252
NC_047565.1,61930733,NC_047565.1 61929274 61933230,3,0.46371195603531634,0.09489594137590146
NC_047568.1,44189034,NC_047568.1 44180561 44198769,7,0.4636848417498931,0.09491781873469672
NC_047565.1,10678214,NC_047565.1 10658921 10684090,7,0.4636516498773238,0.09494460460934678
NC_047559.1,33905601,NC_047559.1 33904241 33918090,8,0.4635430377827416,0.09503229138958964
NC_047564.1,6146754,NC_047564.1 6142847 6148373,11,-0.46340365454438626,0.09514490332447588
NC_047563.1,47032903,NC_047563.1 47008895 47033428,4,-0.4633418525515684,0.09519486467514353
NC_047565.1,29522904,NC_047565.1 29520116 29527173,13,0.46332589545467945,0.09520776751182512
NC_047559.1,46757578,NC_047559.1 46734000 46759057,11,0.4630998695644971,0.09539066151880703
NC_047560.1,51045610,NC_047560.1 50992354 51073373,5,0.4629556025423649,0.09550752596604385
NC_047565.1,15410290,NC_047565.1 15404342 15413466,6,0.4628315238176664,0.09560811624789746
NC_047562.1,42305782,NC_047562.1 42301980 42312003,6,-0.4625882738193557,0.09580553178534272
NC_047559.1,12317005,NC_047559.1 12285619 12320498,8,0.4624320579490667,0.09593246175292984
NC_047565.1,41448748,NC_047565.1 41439895 41453253,6,-0.46216434228687625,0.09615025993300634
NC_047564.1,45067218,NC_047564.1 45053666 45078520,3,0.4619469902472351,0.09632733737111253
NC_047563.1,8743014,NC_047563.1 8711079 8786874,7,-0.4618672572883902,0.09639235277671426
NC_047565.1,53880197,NC_047565.1 53799802 53902085,5,-0.4618443170853879,0.09641106418840328
NC_047568.1,38770526,NC_047568.1 38761394 38772563,5,0.4608655740598036,0.09721173529703327
NC_047562.1,29648612,NC_047562.1 29643817 29650498,4,0.46072441763715855,0.0973275889816367
NC_047566.1,39608832,NC_047566.1 39549711 39612297,15,0.46061042550851566,0.09742121749430616
NC_047559.1,20636966,NC_047559.1 20625026 20644982,9,-0.4604171207103059,0.09758013290175509
NC_047565.1,14524620,NC_047565.1 14522947 14579224,6,-0.46032908953331136,0.09765256262807236
NC_047565.1,52037320,NC_047565.1 52035637 52040563,4,0.4599241371850801,0.09798622667607276
NW_022994848.1,642935,NW_022994848.1 637661 647308,14,-0.4598126847103734,0.09807819736327424
NC_047564.1,40938777,NC_047564.1 40938573 40942882,10,0.45950703150433175,0.09833072954767184
NC_047566.1,23866543,NC_047566.1 23850576 23872015,5,0.45941667925960367,0.09840546517679283
NC_047564.1,33505780,NC_047564.1 33502535 33519873,13,-0.45940814055610185,0.09841253007218081
NC_047560.1,70743617,NC_047560.1 70388123 71110591,6,-0.45939913639734464,0.09841998046425837
NC_047559.1,44933461,NC_047559.1 44908398 44966403,16,-0.45938482830631605,0.09843182034029845
NC_047561.1,28323525,NC_047561.1 28312172 28323797,5,-0.4591631718655947,0.09861536600156247
NC_047563.1,31730164,NC_047563.1 31730088 31742206,15,-0.4587561521824235,0.09895302114940371
NC_047568.1,32985238,NC_047568.1 32981004 32986630,7,0.458727884956203,0.09897650073870025
NC_047559.1,40679533,NC_047559.1 40676370 40685499,5,0.4586504965627122,0.09904080154562336
NC_047568.1,37138247,NC_047568.1 37135625 37140115,7,-0.45857511890957015,0.09910345945245065
NC_047561.1,5882089,NC_047561.1 5880414 5882853,5,-0.4584758971427444,0.09918597967391603
NC_047564.1,41178246,NC_047564.1 41161925 41193495,5,0.45835216494035896,0.09928895121396897
NC_047565.1,9850862,NC_047565.1 9842383 9882001,7,-0.4583350710590373,0.09930318277709782
NC_047566.1,25230746,NC_047566.1 25223632 25233402,12,0.4582730280151615,0.09935484876292158
NC_047559.1,51163124,NC_047559.1 51130411 51234319,15,-0.45825777167653153,0.09936755623952888
NC_047559.1,46994852,NC_047559.1 46992438 46998731,9,-0.4580901962895708,0.09950720899372859
NC_047564.1,38034804,NC_047564.1 38016863 38039767,8,-0.45799513585895985,0.09958649009987848
NC_047561.1,5230521,NC_047561.1 5226437 5250171,12,-0.45778180238346783,0.09976457086768033
NW_022994958.1,70017,NW_022994958.1 17345 94191,5,0.45771843780217103,0.09981750704686182
NC_047560.1,51046158,NC_047560.1 50992354 51073373,3,0.4577148835427228,0.09982047692953065
NC_047564.1,38391488,NC_047564.1 38390198 38392920,4,-0.45769758095946306,0.09983493556594514
NC_047563.1,10664873,NC_047563.1 10661157 10665612,6,0.4575935242126439,0.09992191953184353
NC_047560.1,4978148,NC_047560.1 4977165 5274564,3,0.4573178310871905,0.10015263256172831
NC_047560.1,54252039,NC_047560.1 54124262 54502908,15,0.4572916268638401,0.10017458064599649
NC_047560.1,51029861,NC_047560.1 50935047 51246957,11,0.45727873430341476,0.1001853803932176
NC_047565.1,54980391,NC_047565.1 54942794 54994945,7,-0.45725746977783355,0.10020319486693473
NW_022994955.1,313301,NW_022994955.1 311956 319980,7,-0.4572216976929127,0.10023316806996596
NC_047563.1,6142680,NC_047563.1 6138624 6144324,7,-0.45718989420758244,0.10025982121387328
NC_047564.1,54084763,NC_047564.1 54071697 54094060,3,-0.4571436472703255,0.10029858754187922
NC_047568.1,22004258,NC_047568.1 22002723 22012427,16,0.45701240905720514,0.10040865393065297
NC_047562.1,14569286,NC_047562.1 14566636 14580185,14,-0.45699763216951644,0.10042105218534242
NC_047563.1,28862621,NC_047563.1 28862002 28864922,11,0.4569882779115803,0.1004289012370542
NC_047566.1,852161,NC_047566.1 851599 852356,3,-0.4564828029926102,0.10085367041600332
NC_047561.1,12868922,NC_047561.1 12868327 12887282,5,0.45630141161228044,0.10100640249906526
NC_047566.1,19517613,NC_047566.1 19517594 19520879,4,0.4562263349602282,0.10106966400018916
NC_047559.1,38791182,NC_047559.1 38790032 38794021,3,0.45596390197006786,0.10129101180948015
NC_047565.1,5492722,NC_047565.1 5463391 5530511,3,0.4559635220882831,0.10129133246139445
NC_047559.1,48580771,NC_047559.1 48536338 48584494,9,-0.45588643620406244,0.10135641388620495
NC_047559.1,36362419,NC_047559.1 36361049 36380092,4,-0.45570874298311054,0.10150654524730479
NW_022994852.1,174930,NW_022994852.1 170325 177031,6,-0.4553043084039772,0.10184882071391252
NC_047568.1,49876434,NC_047568.1 49869243 49884593,5,-0.4551095202026889,0.10201395513531267
NC_047568.1,1949732,NC_047568.1 1930281 1958580,11,0.45498123234626203,0.10212281385363677
NC_047562.1,9056748,NC_047562.1 9054924 9057896,17,0.45489909058041356,0.10219255737681618
NC_047567.1,17303397,NC_047567.1 17295451 17307902,8,-0.4548337215970745,0.10224808323908866
NC_047565.1,37252445,NC_047565.1 37243168 37262191,3,-0.45454872579758293,0.10249040827109
NC_047561.1,27891882,NC_047561.1 27890535 27894998,4,0.4545071059109134,0.10252582978461233
NC_047564.1,4020417,NC_047564.1 4019993 4022185,6,-0.4542591059372749,0.1027370707142298
NC_047559.1,31869844,NC_047559.1 31850203 31884767,4,0.4541932127174236,0.1027932475589331
NC_047564.1,25323327,NC_047564.1 25311928 25325155,4,0.4540985458102898,0.10287399231200293
NC_047567.1,8140259,NC_047567.1 8139997 8147798,8,0.45399376860435514,0.10296341149261341
NC_047564.1,49416661,NC_047564.1 49414459 49459069,3,0.4538470388752866,0.10308872396423897
NC_047562.1,35687532,NC_047562.1 35687181 35692089,16,0.45375523803035345,0.10316717865697694
NC_047564.1,12877272,NC_047564.1 12803925 12885663,4,-0.453745421488748,0.10317557049033445
NC_047562.1,51333451,NC_047562.1 51333268 51339872,3,0.453736124639691,0.10318351848989306
NC_047563.1,11478923,NC_047563.1 11478307 11487805,3,0.4535450962280262,0.10334692469170771
NC_047568.1,17870306,NC_047568.1 17865225 17870894,14,-0.4535401246097102,0.10335117980769203
NC_047561.1,49440103,NC_047561.1 49427134 49443948,5,0.45351286303326255,0.10337451463301889
NC_047560.1,27781717,NC_047560.1 27779829 27785852,3,0.4533610261692813,0.10350454741040187
NC_047562.1,16428051,NC_047562.1 16427843 16436751,8,-0.4532777890274261,0.1035758793573371
NC_047564.1,33463500,NC_047564.1 33429007 33467067,12,-0.45325125211745865,0.10359862788342421
NC_047565.1,56910206,NC_047565.1 56892894 56925302,9,-0.45316152111403685,0.10367557448638973
NC_047568.1,53039820,NC_047568.1 53015487 53041984,3,0.45296032504625566,0.10384824836804715
NC_047567.1,16119179,NC_047567.1 16080443 16131932,3,0.4529408297960378,0.10386499043646112
NC_047559.1,1110586,NC_047559.1 1101769 1129964,4,0.45285237733694067,0.10394097472119497
NC_047561.1,34721056,NC_047561.1 34719582 34773310,4,0.45274707936838704,0.10403147992195871
NC_047564.1,8285456,NC_047564.1 8276224 8309529,4,0.45273276011477165,0.1040437917304856
NC_047564.1,49292941,NC_047564.1 49285527 49302039,6,-0.4524933340419562,0.10424980094047215
NC_047559.1,3503550,NC_047559.1 3494476 3504854,5,0.45242539517911967,0.10430830867427328
NC_047559.1,54121260,NC_047559.1 54116929 54127000,5,0.4524121324463894,0.10431973294092098
NC_047559.1,11815902,NC_047559.1 11800710 11820977,7,0.4523822909117396,0.10434544102489181
NC_047568.1,31710745,NC_047568.1 31710311 31718078,15,0.45206876551457265,0.1046158028050819
NC_047565.1,47298287,NC_047565.1 47297347 47299660,11,-0.45190231148135424,0.10475953668502208
NC_047560.1,52785752,NC_047560.1 52774760 52788113,9,0.4517349602857102,0.10490418229785187
NC_047560.1,25000941,NC_047560.1 24998439 25001616,5,0.45156672105706647,0.10504973400522123
NW_022994958.1,56925,NW_022994958.1 17345 94191,8,0.4515616057934861,0.10505416163807248
NC_047568.1,36345765,NC_047568.1 36344720 36347353,7,0.4513388745256678,0.10524707636138501
NC_047566.1,52872299,NC_047566.1 52865192 52873607,14,-0.4513334153072482,0.1052518078254897
NC_047563.1,63165270,NC_047563.1 63158956 63165349,13,-0.4512127434959304,0.10535643057695508
NC_047561.1,30437680,NC_047561.1 30434185 30463886,9,-0.4511163338029687,0.10544006943190702
NC_047560.1,66671204,NC_047560.1 66594950 66708682,12,0.4509510756738496,0.10558354303815082
NC_047567.1,11094681,NC_047567.1 11089006 11128626,5,-0.4509242280966358,0.1056068642137373
NC_047565.1,57007063,NC_047565.1 57002736 57017173,4,-0.4509134030220505,0.10561626842851779
NC_047564.1,42956916,NC_047564.1 42922595 42960325,16,0.4507623073860442,0.10574759195958625
NC_047561.1,2654558,NC_047561.1 2637666 2685662,3,0.4505327772027772,0.10594730111592802
NC_047564.1,3398293,NC_047564.1 3392916 3402255,4,0.4503974621311912,0.1060651572549722
NC_047564.1,57687164,NC_047564.1 57674674 57687735,4,-0.4502638887546821,0.10618158482836622
NW_022994948.1,363118,NW_022994948.1 362855 383527,3,0.4498490835058853,0.10654370488147552
NC_047559.1,40198747,NC_047559.1 40182188 40220422,4,0.4497109590549926,0.10666447407615465
NW_022994911.1,36209,NW_022994911.1 32194 44344,9,-0.4496023427565165,0.10675950887162418
NC_047566.1,554625,NC_047566.1 548236 559326,4,-0.44919728062564424,0.10711443480342887
NC_047568.1,10902562,NC_047568.1 10866110 10904984,3,0.44905175588129215,0.10724214508378077
NC_047560.1,16864636,NC_047560.1 16859424 16878024,12,0.4490026738770581,0.10728524227912757
NC_047563.1,10555742,NC_047563.1 10543631 10556592,3,0.4489852671138479,0.10730052940841721
NC_047561.1,19814576,NC_047561.1 19813821 19820007,4,-0.44890364803780897,0.10737222963181445
NC_047568.1,57463476,NC_047568.1 57449099 57469150,4,0.4487004073970818,0.10755091422845019
NC_047567.1,525508,NC_047567.1 376615 1277185,3,-0.44869939381543783,0.10755180585812008
NC_047563.1,48710218,NC_047563.1 48665644 48719501,3,-0.4486990671172416,0.10755209324977047
NC_047568.1,53708074,NC_047568.1 53706620 53719393,12,0.4486489703588995,0.1075961688815867
NC_047566.1,42768800,NC_047566.1 42724057 42804817,12,0.4486419338639637,0.10760236065409476
NC_047568.1,4899464,NC_047568.1 4891712 4902204,14,-0.448600592011127,0.107638744412183
NC_047566.1,39193563,NC_047566.1 39188611 39194712,3,-0.44857088968625175,0.10766488977694605
NC_047565.1,46735216,NC_047565.1 46724952 46744846,14,0.44851371875588075,0.10771522655973703
NC_047565.1,55200674,NC_047565.1 55198218 55201309,6,-0.4485013055287945,0.10772615805911524
NC_047568.1,52316339,NC_047568.1 52291357 52326068,4,0.44835070799157867,0.10785883993997573
NC_047567.1,17704158,NC_047567.1 17687590 17705161,8,0.4483462141721404,0.1078628008809364
NC_047559.1,37194757,NC_047559.1 37187887 37218911,5,0.4482785145557912,0.10792248474368281
NW_022994829.1,108922,NW_022994829.1 56836 109595,9,-0.4482092051125179,0.10798361131476208
NC_047565.1,14457532,NC_047565.1 14455208 14462165,10,0.44818445670500767,0.10800544361241682
NC_047568.1,45900191,NC_047568.1 45894380 45978066,7,-0.44815631880261064,0.10803026970161328
NC_047566.1,4697532,NC_047566.1 4656332 4699521,8,0.44783443238824366,0.10831454910454132
NW_022994917.1,9826,NW_022994917.1 5784 12840,10,0.44780424856867285,0.10834123275790204
NC_047562.1,33935145,NC_047562.1 33773323 33944877,11,0.44764349425478034,0.10848342174091818
NC_047567.1,32914381,NC_047567.1 32874414 32918193,9,0.44761030727549034,0.10851279193516208
NC_047566.1,27057614,NC_047566.1 27051771 27070177,7,-0.44756006264547377,0.10855726838945585
NC_047565.1,45869445,NC_047565.1 45864743 45874347,5,-0.4474842964441643,0.10862436014519106
NC_047560.1,62876097,NC_047560.1 62653127 63119960,4,0.4474247861571225,0.10867707706782957
NC_047560.1,70747091,NC_047560.1 70595196 71158665,4,-0.4473515895551221,0.10874194202412872
NC_047560.1,40555461,NC_047560.1 40547421 40563949,5,0.4472378718419399,0.10884276843772903
NC_047559.1,43542994,NC_047559.1 43539428 43546561,9,-0.4472233249524408,0.10885567088413281
NC_047562.1,24522938,NC_047562.1 24514721 24523439,13,0.44714755214533786,0.10892289497502992
NC_047563.1,25842577,NC_047563.1 25839840 25851593,3,0.4471451314669763,0.10892504302089934
NC_047559.1,21617236,NC_047559.1 21612358 21620186,3,-0.4469400466959257,0.109107135359218
NC_047565.1,52529299,NC_047565.1 52528006 52531996,12,-0.4467844794607911,0.10924540084960101
NC_047562.1,11050806,NC_047562.1 11048137 11051161,3,-0.4465688659390103,0.10943723307513925
NC_047565.1,19394444,NC_047565.1 19388208 19399610,6,-0.44634173667347615,0.10963956058868331
NC_047564.1,16001098,NC_047564.1 15951484 16004880,7,0.4462903943390572,0.10968533202537241
NC_047564.1,8227874,NC_047564.1 8227023 8231474,7,0.44625017305793774,0.10972119824784794
NC_047562.1,51734374,NC_047562.1 51719248 51772729,5,0.4461971716865138,0.10976847304147937
NC_047568.1,50500798,NC_047568.1 50477425 50514558,6,0.44615003372004297,0.10981052967658604
NC_047566.1,23957642,NC_047566.1 23955092 23974214,13,0.4461424697093285,0.10981727933791215
NC_047559.1,52366273,NC_047559.1 52350942 52370922,17,0.4458390463596501,0.11008827037229964
NC_047562.1,36035593,NC_047562.1 36034676 36040056,9,-0.4458390271127688,0.11008828757644157
NC_047560.1,52337121,NC_047560.1 52324204 52339652,3,-0.4457480582321921,0.11016962219486785
NC_047568.1,53969159,NC_047568.1 53968418 53978272,4,0.4454537221133139,0.11043306813109877
NC_047565.1,446624,NC_047565.1 427870 478270,13,0.4453243510704395,0.11054899827767438
NC_047567.1,32006980,NC_047567.1 31986006 32007192,14,-0.4451385928201341,0.11071560308114961
NC_047565.1,17465279,NC_047565.1 17459829 17527030,5,-0.44507453907595895,0.1107730921258718
NC_047560.1,56477088,NC_047560.1 56475627 56477783,13,0.4450162642223797,0.11082541230163219
NC_047565.1,25652503,NC_047565.1 25626905 25683502,12,-0.44500473308010413,0.11083576716686121
NC_047562.1,2944006,NC_047562.1 2925615 2952797,13,-0.4448097025708209,0.11101100324968474
NC_047565.1,59244549,NC_047565.1 59231046 59276919,11,-0.4447220571411802,0.11108981494336088
NC_047560.1,6386212,NC_047560.1 6382480 6492964,4,0.44467273968941223,0.1111341785547789
NC_047559.1,14933589,NC_047559.1 14931758 14936730,5,0.4442066417836568,0.11155405701056677
NC_047561.1,11905939,NC_047561.1 11892752 11908667,8,-0.444171849336095,0.11158544283294633
NC_047566.1,19612874,NC_047566.1 19599118 19617007,4,0.44414948257857656,0.11160562279018574
NC_047561.1,34545489,NC_047561.1 34543327 34545761,4,0.44410713133869056,0.11164384018661352
NC_047559.1,8832208,NC_047559.1 8830281 8833960,10,0.44410250392564016,0.11164801646722382
NC_047568.1,3244558,NC_047568.1 3227079 3246543,6,0.44399705675326345,0.11174321243754799
NW_022994998.1,1308,NW_022994998.1 1077 17682,9,0.44377420479530677,0.1119445822150604
NC_047559.1,49557180,NC_047559.1 49526075 49557600,12,-0.4434670680842981,0.11222251865736461
NC_047568.1,40850710,NC_047568.1 40849506 40851288,8,0.4434266144977379,0.1122591613629618
NC_047562.1,47186546,NC_047562.1 47174471 47187932,9,0.4433571294191303,0.11232211978291598
NC_047565.1,5622158,NC_047565.1 5603145 5635882,5,-0.4432769518365859,0.11239479637606799
NC_047561.1,25432929,NC_047561.1 25430664 25434066,16,-0.4429890221516348,0.11265605399279616
NC_047568.1,45565744,NC_047568.1 45562249 45571944,3,0.442964794889876,0.1126780559088769
NC_047568.1,5227517,NC_047568.1 5219934 5252478,7,-0.44296324050660746,0.11267946761773066
NC_047560.1,16251414,NC_047560.1 16251095 16252267,3,0.442885834954245,0.11274978353165195
NC_047565.1,18186274,NC_047565.1 18175623 18191696,10,0.44286269877492984,0.11277080647132014
NC_047562.1,45746668,NC_047562.1 45716336 45757148,17,-0.44278678615044587,0.11283980412072579
NC_047568.1,42626740,NC_047568.1 42625962 42629019,4,0.442732700070349,0.11288898103505263
NC_047563.1,57968404,NC_047563.1 57967820 57970799,4,-0.4426586174539556,0.11295636325853385
NC_047560.1,71112471,NC_047560.1 70595196 71158665,3,0.44235530627780234,0.11323252819240569
NC_047563.1,39793119,NC_047563.1 39724077 39807021,8,0.44233815960524675,0.1132481540101308
NC_047562.1,33941077,NC_047562.1 33773323 33944877,9,-0.44230162387341027,0.11328145405482276
NC_047564.1,40701890,NC_047564.1 40697258 40701895,6,0.44214589518835273,0.11342346609753375
NC_047568.1,47790205,NC_047568.1 47785353 47807851,8,-0.4421411321200877,0.11342781154911892
NC_047561.1,38625969,NC_047561.1 38618217 38627121,5,-0.44208783041802174,0.11347644761957262
NC_047567.1,7886738,NC_047567.1 7876649 7887022,5,0.44200661261710394,0.11355058361623295
NW_022994970.1,10046,NW_022994970.1 129 17903,5,0.44166454229613344,0.11386319020865779
NC_047564.1,35039543,NC_047564.1 35035361 35040805,17,0.44160387202649687,0.11391869603977905
NC_047565.1,13137671,NC_047565.1 13119330 13220090,10,0.4414153508865576,0.1140912876034194
NW_022994936.1,33361,NW_022994936.1 25332 39219,12,-0.44141300054647825,0.11409344047175514
NC_047565.1,9403624,NC_047565.1 9399303 9420112,4,-0.44140725220352944,0.11409870596518794
NC_047565.1,5573840,NC_047565.1 5572742 5581331,17,0.44135179384785717,0.11414951445130476
NC_047568.1,34856645,NC_047568.1 34823092 34873268,14,-0.4411738605215213,0.11431263336892582
NC_047567.1,14761225,NC_047567.1 14759370 14765412,12,-0.44116163756964377,0.11432384449804718
NC_047563.1,66729768,NC_047563.1 66720121 66731446,5,-0.4410701605589309,0.11440777282352631
NC_047568.1,40822062,NC_047568.1 40819786 40823149,3,-0.4409125939680009,0.11455243562072066
NC_047560.1,70846661,NC_047560.1 70831766 70847437,3,-0.4408794990167956,0.11458283614542972
NC_047566.1,47181559,NC_047566.1 47180809 47182990,10,0.44079278544071676,0.11466251604897912
NW_022994835.1,360420,NW_022994835.1 358933 369363,3,0.4407922383886336,0.11466301884756794
NC_047567.1,12340895,NC_047567.1 12314189 12367040,11,-0.44058122543683503,0.11485707427023316
NC_047565.1,52443688,NC_047565.1 52431303 52452907,8,-0.44056958159717857,0.1148677889019651
NC_047565.1,24077383,NC_047565.1 24076130 24083218,11,-0.44049713011563546,0.11493447389787538
NC_047565.1,41156810,NC_047565.1 41110551 41157061,5,-0.440339583863286,0.11507957205083197
NC_047561.1,38904911,NC_047561.1 38903672 38913801,5,-0.4401623836517286,0.11524292053529331
NC_047559.1,43938613,NC_047559.1 43936358 43950720,15,-0.439780472189233,0.1155955156503013
NC_047560.1,70747199,NC_047560.1 70388123 71110591,4,-0.43976170893337735,0.11561285753501602
NW_022994989.1,128999,NW_022994989.1 127904 129156,16,0.43974032472444213,0.11563262399114926
NC_047562.1,16050437,NC_047562.1 15855587 16276861,3,-0.43943066865242286,0.11591911238547435
NC_047561.1,24350215,NC_047561.1 24344014 24362615,9,-0.4394025530868406,0.11594514835585588
NC_047562.1,48179725,NC_047562.1 48178183 48180530,10,-0.4393144545396311,0.11602675642514643
NW_022994985.1,50865,NW_022994985.1 47148 64213,9,-0.43921389919152054,0.1161199514088189
NC_047560.1,304298,NC_047560.1 303744 305060,4,0.4389889681279543,0.11632860285315942
NC_047561.1,20694969,NC_047561.1 20694074 20697311,16,0.4389678110219117,0.11634824182935398
NC_047562.1,21020974,NC_047562.1 21018406 21025786,9,-0.43883489128083525,0.11647167559432706
NC_047561.1,49757716,NC_047561.1 49755947 49761167,7,-0.4387503695551097,0.1165502117206967
NW_022994848.1,642596,NW_022994848.1 637661 647308,9,0.43868762926752547,0.11660853223929564
NC_047566.1,54511698,NC_047566.1 54510097 54512095,4,0.43867222162974767,0.1166228575192862
NC_047563.1,10398850,NC_047563.1 10396516 10407736,3,-0.43866115846280945,0.11663314425894339
NC_047561.1,39010981,NC_047561.1 38999239 39024878,4,-0.43862892704794576,0.1166631171557512
NC_047560.1,51347225,NC_047560.1 51338982 51355396,7,-0.43859031622146244,0.11669902935448159
NC_047568.1,53070173,NC_047568.1 53058196 53071049,17,-0.4385823771509622,0.11670641447267265
NC_047564.1,57984445,NC_047564.1 57982808 57991936,15,-0.43836919490785864,0.11690484090680987
NC_047559.1,54737022,NC_047559.1 54734044 54758063,6,-0.4382835698488698,0.11698460391280238
NC_047561.1,55450167,NC_047561.1 55442541 55490447,10,-0.43807181032402437,0.11718202515230171
NC_047565.1,2603311,NC_047565.1 2602388 2637743,5,-0.4379836050695414,0.11726432490226538
NC_047559.1,1763829,NC_047559.1 1744821 1783121,6,0.43795535607986213,0.11729069088900879
NC_047563.1,67060096,NC_047563.1 67059596 67063411,3,-0.4377007122577891,0.11752854304078549
NC_047567.1,30923118,NC_047567.1 30920277 30926639,12,0.43750492152154785,0.11771164613172112
NC_047566.1,558910,NC_047566.1 548236 559326,7,-0.43747962041529276,0.11773532183247615
NC_047565.1,18234789,NC_047565.1 18219964 18249100,5,-0.437465891908057,0.11774816974295274
NC_047564.1,54208291,NC_047564.1 54202375 54221434,3,-0.4373650902711634,0.11784253482197095
NC_047568.1,29451335,NC_047568.1 29449461 29454343,3,-0.4373449973348647,0.11786135090034221
NC_047564.1,44555218,NC_047564.1 44540243 44556398,7,0.4372277694339735,0.11797117001503142
NC_047563.1,62037592,NC_047563.1 62035724 62049773,5,0.43715536639833097,0.11803903196357507
NC_047566.1,37838723,NC_047566.1 37835547 37842297,5,0.4371250936670065,0.11806741387591059
NC_047565.1,54521792,NC_047565.1 54480987 54524436,7,0.4370299584194573,0.11815663725157455
NC_047561.1,29339996,NC_047561.1 29338331 29341369,8,-0.43683403956064704,0.1183405258642434
NC_047563.1,55320657,NC_047563.1 55318295 55327231,7,0.43682163813258845,0.1183521723400802
NC_047566.1,26753277,NC_047566.1 26750803 26753960,5,-0.436763368258443,0.11840690540290719
NC_047565.1,15363363,NC_047565.1 15361707 15364948,5,0.4367090819997547,0.11845791213484236
NC_047560.1,51013077,NC_047560.1 50935047 51246957,7,0.43668606885684513,0.11847953952428983
NC_047561.1,33226907,NC_047561.1 33201166 33227921,3,-0.43665354836681186,0.11851010634819413
NC_047561.1,50463630,NC_047561.1 50460664 50465028,7,0.4365759723633603,0.11858304363707106
NW_022994945.1,151660,NW_022994945.1 102909 172306,6,-0.4365223707967871,0.11863345789064351
NC_047565.1,12067664,NC_047565.1 12067414 12068953,15,-0.4365113971638772,0.11864378079513388
NC_047568.1,45768779,NC_047568.1 45758272 45769972,12,0.43649375750928465,0.11866037571134011
NC_047568.1,39494715,NC_047568.1 39484429 39501845,7,-0.43648287802421304,0.11867061162753711
NC_047559.1,17654060,NC_047559.1 17635596 17654528,3,0.43642130756385433,0.11872855124311643
NC_047564.1,4197774,NC_047564.1 4196621 4202074,7,-0.4363892055377291,0.11875876782335508
NC_047563.1,41461656,NC_047563.1 41460723 41464279,5,0.43634077210015254,0.11880436651995281
NC_047561.1,45300575,NC_047561.1 45279519 45303349,5,0.43608433456986523,0.11904599352331915
NC_047560.1,24666108,NC_047560.1 24663389 24666322,14,0.43608110228346736,0.11904904125973313
NC_047566.1,50000970,NC_047566.1 49983777 50028481,17,0.4359897773439797,0.11913517385271614
NC_047565.1,60917288,NC_047565.1 60892052 60985539,3,0.43594705447316495,0.11917548222448816
NC_047560.1,63705024,NC_047560.1 63699059 63707695,5,-0.43592021467339487,0.11920080990404508
NC_047568.1,5381114,NC_047568.1 5361939 5427662,12,-0.435731412968923,0.11937907816481419
NC_047568.1,53576988,NC_047568.1 53575212 53582134,5,-0.4356702667454723,0.11943685180080371
NC_047562.1,45941859,NC_047562.1 45936664 45945489,4,0.4353837235992886,0.11970784351712839
NC_047561.1,23673279,NC_047561.1 23669445 23677455,4,-0.43532489896444576,0.11976352722967579
NC_047565.1,32419883,NC_047565.1 32416293 32422887,17,-0.43528681620488624,0.11979958595585431
NC_047560.1,1146616,NC_047560.1 1142811 1152832,4,-0.43517389815957647,0.1199065459586739
NC_047561.1,48890913,NC_047561.1 48883587 48892574,3,0.4350624293663193,0.1200121967923397
NC_047564.1,18552253,NC_047564.1 18550197 18559684,4,0.4349199862878962,0.12014729726077285
NC_047561.1,19771382,NC_047561.1 19764949 19781085,7,0.43483194395225566,0.12023085285321149
NC_047568.1,18609562,NC_047568.1 18607615 18610138,9,-0.4344151551092707,0.12062693725523739
NC_047561.1,13424898,NC_047561.1 13411094 13438215,11,-0.4342903428622347,0.12074572146941885
NC_047563.1,40478347,NC_047563.1 40471365 40510310,7,0.4342549811414773,0.12077938976199884
NC_047565.1,12287722,NC_047565.1 12284484 12288826,16,-0.4340428537780028,0.12098149239642965
NC_047568.1,56564535,NC_047568.1 56560954 56584182,8,-0.43399535314559695,0.12102677967354537
NC_047568.1,56272687,NC_047568.1 56271983 56272945,3,0.4339582870295937,0.12106212663531175
NC_047566.1,31970477,NC_047566.1 31968104 31974224,7,-0.43385404158044955,0.12116157466063115
NC_047566.1,23925660,NC_047566.1 23920113 23932583,4,0.4338313408904532,0.12118323800247557
NC_047561.1,19316633,NC_047561.1 19315580 19318231,3,-0.433765480165383,0.12124610397983303
NC_047564.1,53885860,NC_047564.1 53874838 53897891,5,-0.4336936679518469,0.12131467604133746
NC_047568.1,29583261,NC_047568.1 29567459 29587578,4,-0.43350445775472635,0.1214954751031794
NC_047564.1,4602111,NC_047564.1 4595394 4602152,10,-0.4334526067378681,0.12154505303120315
NC_047565.1,17663028,NC_047565.1 17661929 17663771,6,0.433368639889686,0.12162536797380707
NC_047568.1,39255158,NC_047568.1 39249884 39268425,10,-0.4332564108976396,0.1217327720793396
NC_047563.1,64949859,NC_047563.1 64944265 64965822,4,0.43298383889216485,0.12199389362210296
NC_047567.1,4533834,NC_047567.1 4501061 4774726,14,0.4328435907680514,0.1221283979479026
NC_047564.1,9496024,NC_047564.1 9494212 9500491,9,0.43253921191163247,0.12242065693210336
NC_047565.1,22557691,NC_047565.1 22527827 22594197,3,0.43246623408551843,0.12249079929364842
NC_047565.1,55889627,NC_047565.1 55888772 55893196,5,-0.4322336103947683,0.12271456646592435
NC_047568.1,46919668,NC_047568.1 46911976 46919809,9,0.43212157667836226,0.12282243356979491
NW_022994969.1,238540,NW_022994969.1 237031 239606,5,-0.4321185772093872,0.12282532236918314
NC_047560.1,44487050,NC_047560.1 44485029 44652907,6,-0.431940847897388,0.12299657630610569
NC_047565.1,45370312,NC_047565.1 45357693 45397421,7,0.43178758831934655,0.12314438187368326
NC_047562.1,17902936,NC_047562.1 17881279 17938883,3,-0.43169032469573376,0.12323824658495473
NC_047560.1,44500120,NC_047560.1 44485029 44652907,6,0.4316645256309689,0.12326315222196442
NC_047568.1,32082082,NC_047568.1 32080328 32088832,16,0.43164073387053975,0.12328612308955496
NC_047566.1,37988102,NC_047566.1 37986336 37989186,3,-0.43113013213260554,0.12377980643786315
NC_047564.1,18601662,NC_047564.1 18595795 18616323,12,-0.43110430814045936,0.12380481027300878
NC_047562.1,23966346,NC_047562.1 23950353 23971261,11,0.43099922037289895,0.1239065957766417
NC_047562.1,31146050,NC_047562.1 31135659 31149609,16,-0.4309951719921835,0.12391051807442968
NC_047564.1,7273958,NC_047564.1 7271427 7299772,11,0.4309332903222176,0.12397048296121722
NC_047560.1,69100598,NC_047560.1 69100451 69116122,13,-0.4309003368972016,0.12400242366901112
NC_047560.1,54252039,NC_047560.1 53957867 54344220,15,0.4307802007145464,0.1241189150245594
NC_047566.1,37074447,NC_047566.1 37073516 37078580,14,-0.4307327156063554,0.12416497989318971
NC_047559.1,22327426,NC_047559.1 22316779 22329682,8,-0.43065121992225247,0.12424406507747628
NC_047566.1,19613471,NC_047566.1 19599118 19617007,4,0.4306298913409235,0.12426476842369033
NC_047568.1,2176721,NC_047568.1 2138161 2182541,4,0.4304611930526717,0.12442860368472682
NC_047564.1,40677292,NC_047564.1 40669532 40690356,7,-0.4304193502447298,0.12446926291044119
NC_047566.1,56235082,NC_047566.1 56232170 56238446,11,-0.4304033028824659,0.12448485873534823
NC_047566.1,22014696,NC_047566.1 22009074 22029569,3,-0.43037662102067115,0.12451079275519839
NC_047565.1,37507491,NC_047565.1 37460628 37513316,13,0.4303077464404356,0.12457775380811663
NC_047560.1,66430811,NC_047560.1 66414233 66467794,4,0.4302028980568067,0.12467973598034468
NC_047563.1,59358490,NC_047563.1 59351215 59392976,5,-0.43010193789358936,0.12477798958395196
NC_047559.1,26094546,NC_047559.1 26094087 26110156,4,0.4300994575968728,0.12478040404735273
NC_047568.1,40419979,NC_047568.1 40418479 40432642,3,-0.42992148446114614,0.12495373582961734
NC_047561.1,43503918,NC_047561.1 43501506 43504237,8,0.42991147960788867,0.12496348459858225
NC_047568.1,4327918,NC_047568.1 4307261 4330818,5,-0.4297588430147205,0.12511227809806044
NC_047568.1,47498696,NC_047568.1 47492493 47499622,3,0.42969971724381584,0.12516994737567733
NC_047565.1,21048756,NC_047565.1 21048323 21056681,3,-0.42967769732900923,0.12519142944894465
NC_047559.1,37201532,NC_047559.1 37187887 37218911,9,-0.4296761512453316,0.12519293786282873
NC_047564.1,55152757,NC_047564.1 55148943 55228579,9,-0.42966579216686046,0.12520304486296935
NC_047565.1,26595216,NC_047565.1 26573739 26625290,10,-0.42959536045389113,0.12527177731551845
NC_047564.1,54551142,NC_047564.1 54534254 54551936,16,-0.42951779383717,0.12534750204749873
NC_047559.1,36368250,NC_047559.1 36361049 36380092,10,-0.42943195286125524,0.125431340726544
NC_047565.1,450774,NC_047565.1 427870 478270,5,0.4289712418023858,0.12588195314316167
NC_047567.1,24512142,NC_047567.1 24508009 24526216,5,-0.42885907751570773,0.1259918241864004
NC_047559.1,35416274,NC_047559.1 35401455 35417590,17,-0.428684085219612,0.1261633680742799
NC_047566.1,49825702,NC_047566.1 49825353 49828834,5,-0.42861281007645674,0.12623328386843213
NC_047560.1,70912352,NC_047560.1 70690070 71346242,4,-0.42848836458026546,0.12635541869766856
NC_047561.1,23003347,NC_047561.1 22995803 23005909,5,-0.42839475255386533,0.12644734515388878
NC_047563.1,23066360,NC_047563.1 23064746 23068563,10,0.42839094215833023,0.12645108789627726
NC_047559.1,40670410,NC_047559.1 40640552 40674846,9,-0.4283634976938362,0.12647804729775325
NC_047561.1,47337933,NC_047561.1 47331603 47339428,9,-0.4280841286403122,0.12675269960342625
NC_047566.1,1351648,NC_047566.1 1348478 1352812,7,-0.4280165721241716,0.12681917594446512
NC_047560.1,53729430,NC_047560.1 53728246 53730919,9,0.42784894064963275,0.1269842287936255
NC_047563.1,67090330,NC_047563.1 67089334 67107735,16,-0.42771029480786393,0.1271208514190489
NC_047560.1,63647966,NC_047560.1 63643674 63650273,7,0.42765959545662263,0.12717083569698792
NC_047563.1,15623216,NC_047563.1 15611256 15625489,3,0.42757323495446237,0.1272560086972593
NC_047567.1,33531582,NC_047567.1 33526579 33533913,10,0.4273743862433417,0.12745226950887226
NC_047560.1,4121693,NC_047560.1 4119811 4122341,6,0.4273324112596346,0.12749372430757216
NC_047559.1,45420298,NC_047559.1 45418873 45425559,9,-0.4271881637392511,0.12763625356591735
NC_047564.1,36445521,NC_047564.1 36442351 36447220,5,0.42716287793685964,0.1276612492365598
NC_047565.1,48237871,NC_047565.1 48235710 48240469,7,0.4269344919948595,0.12788716430415892
NC_047566.1,21346666,NC_047566.1 21330721 21358510,3,0.42685106111456844,0.12796975976965877
NC_047560.1,43987580,NC_047560.1 43984502 44478438,16,-0.4268372446063617,0.12798344140164503
NC_047562.1,42645660,NC_047562.1 42631453 42655715,4,-0.4268251554874096,0.12799541331640968
NC_047563.1,58537242,NC_047563.1 58484749 58537272,16,0.4267746656044562,0.12804542186479811
NC_047562.1,48610838,NC_047562.1 48603005 48630168,3,-0.42672511810598684,0.12809450982330337
NC_047559.1,15617667,NC_047559.1 15605800 15634608,4,-0.42669821467711,0.1281211690462732
NC_047564.1,56482250,NC_047564.1 56460867 56490930,17,0.4265744522446627,0.12824385627421123
NC_047563.1,41557828,NC_047563.1 41552196 41576093,5,-0.4265391353372514,0.12827888088577644
NC_047567.1,11445017,NC_047567.1 11439345 11445640,11,0.42651592644299563,0.12830190120673207
NC_047568.1,51548729,NC_047568.1 51534100 51554013,8,-0.4262357231545823,0.1285800477002474
NC_047568.1,55432938,NC_047568.1 55427966 55452087,5,-0.42609173029927216,0.12872314160501985
NC_047561.1,56444932,NC_047561.1 56426678 56448482,3,-0.42604355401692845,0.12877104107797754
NC_047568.1,49052888,NC_047568.1 49047723 49053961,8,0.42592358912345996,0.12889036888679023
NW_022994948.1,254265,NW_022994948.1 249775 281092,5,-0.4255751620984738,0.1292373680707522
NC_047562.1,47000616,NC_047562.1 46998687 47019971,4,0.42537237423460345,0.12943961442349733
NC_047563.1,46809858,NC_047563.1 46809244 46826947,10,-0.42527128974379985,0.12954050857185034
NC_047561.1,46258697,NC_047561.1 46258209 46262746,5,-0.4252060363713871,0.12960566720103084
NC_047559.1,1440714,NC_047559.1 1437367 1441727,3,0.42500700508843436,0.1298045458532501
NC_047565.1,21864787,NC_047565.1 21859648 21864895,7,-0.4249546881621005,0.12985685675179112
NC_047564.1,32129944,NC_047564.1 32128977 32133176,7,0.4248780535401092,0.12993350816991303
NC_047565.1,61703770,NC_047565.1 61670769 61721276,3,0.4248589798428989,0.12995259078174815
NC_047565.1,60315938,NC_047565.1 60306728 60350613,11,0.42485745932777563,0.12995411208873933
NC_047561.1,35537511,NC_047561.1 35536745 35537802,6,-0.4246618662619271,0.13014990702070486
NC_047565.1,14524119,NC_047565.1 14522947 14579224,3,0.42461315383996634,0.1301987005905613
NC_047561.1,30735009,NC_047561.1 30732269 30735512,6,0.4245399123073572,0.13027208730932885
NC_047565.1,24069890,NC_047565.1 24068575 24074234,3,0.4244900097480705,0.1303221047368206
NC_047564.1,8223108,NC_047564.1 8222209 8226890,7,-0.42443850082797174,0.1303737457792959
NC_047559.1,28076898,NC_047559.1 28065041 28195587,4,-0.42438729290240695,0.13042509870724694
NC_047565.1,19145076,NC_047565.1 19143135 19147925,7,-0.4242988325090872,0.1305138416597633
NC_047565.1,17087776,NC_047565.1 17083123 17089278,8,-0.4242901104939237,0.1305225937351422
NC_047566.1,23887512,NC_047566.1 23884273 23891408,8,0.4241894189221452,0.13062366094174208
NC_047563.1,15227875,NC_047563.1 15214361 15232673,16,0.42416195088221703,0.13065124059309058
NC_047565.1,6159468,NC_047565.1 6151868 6160300,13,-0.4241438049649757,0.13066946239234511
NC_047568.1,23150925,NC_047568.1 23126214 23157702,6,0.42392638804379534,0.1308879215152386
NC_047564.1,51117509,NC_047564.1 51113881 51117841,8,0.42388020361226464,0.13093435895862163
NC_047559.1,15617612,NC_047559.1 15605800 15634608,14,-0.4237819888441983,0.1310331486233315
NC_047562.1,31645059,NC_047562.1 31606714 31647357,7,-0.4237629743789549,0.13105228018104556
NC_047565.1,27786187,NC_047565.1 27777749 27792073,3,-0.4234356446853813,0.13138192024999706
NC_047559.1,30201397,NC_047559.1 30200618 30206245,5,0.4231055640207546,0.13171489492962557
NC_047566.1,25233139,NC_047566.1 25223632 25233402,3,-0.4230170337932226,0.13180429775679736
NC_047563.1,39596509,NC_047563.1 39486038 39676714,17,-0.423015239549275,0.13180611010741525
NC_047568.1,12424890,NC_047568.1 12422433 12428584,7,0.42296533774672956,0.13185652220835523
NC_047564.1,42899944,NC_047564.1 42890436 42907229,4,0.42296259815579845,0.13185929018976258
NC_047564.1,42719312,NC_047564.1 42716598 42722990,7,0.4229484329524803,0.13187360281072363
NC_047559.1,45432683,NC_047559.1 45426719 45440172,6,-0.4229421969827878,0.1318799040093889
NC_047562.1,6930784,NC_047562.1 6872449 6974232,11,-0.4228441292762222,0.1319790241363474
NC_047565.1,37592755,NC_047565.1 37572757 37610817,9,-0.4226542070553667,0.13217112689175348
NC_047561.1,5106889,NC_047561.1 5102073 5111314,4,0.42255010758291695,0.13227650123938972
NC_047564.1,54029619,NC_047564.1 54024865 54030365,11,0.42252805624893647,0.1322988298733909
NC_047565.1,37589255,NC_047565.1 37572757 37610817,5,0.42247738420123865,0.13235014872941991
NC_047561.1,3385884,NC_047561.1 3383787 3386601,5,-0.42239578416377827,0.13243281847050017
NW_022994956.1,430465,NW_022994956.1 425256 430637,3,0.4221362703835764,0.1326959648613063
NW_022994901.1,129839,NW_022994901.1 124667 130263,4,-0.42211292668833916,0.1327196525211174
NC_047559.1,24291355,NC_047559.1 24287686 24358940,3,-0.4221034480038569,0.13272927168287832
NC_047560.1,51717035,NC_047560.1 51713278 51720044,10,0.4220640672538218,0.13276924108354612
NC_047568.1,36538468,NC_047568.1 36532823 36550162,3,0.42206064871328364,0.1327727111046493
NC_047566.1,21870036,NC_047566.1 21869280 21928019,6,0.422017640007706,0.13281637269242344
NC_047562.1,13264147,NC_047562.1 13246768 13275546,3,0.4220166159096789,0.1328174124540362
NC_047565.1,61968623,NC_047565.1 61966563 61969122,3,-0.4219113797656168,0.13292428733531544
NC_047564.1,21750715,NC_047564.1 21731975 21751844,5,0.42182400639896306,0.13301306515375558
NC_047567.1,8998095,NC_047567.1 8966856 8999331,10,0.421778449799194,0.1330593698267077
NC_047562.1,47060127,NC_047562.1 47058761 47063613,11,0.4217229359745981,0.1331158098607177
NC_047562.1,13272916,NC_047562.1 13246768 13275546,3,-0.4216162311297666,0.13322434014457368
NW_022994986.1,57734,NW_022994986.1 15995 63286,7,0.42154314922949193,0.13329870655532886
NC_047565.1,30544606,NC_047565.1 30527616 30558889,3,-0.4215070979848313,0.13333540171154873
NC_047563.1,15641434,NC_047563.1 15637243 15643250,4,0.42145607043798305,0.13338735225430953
NC_047565.1,31472037,NC_047565.1 31449385 31473659,3,0.4212016860843085,0.1336465406920599
NC_047568.1,13409479,NC_047568.1 13406829 13430649,5,0.421098387532484,0.13375188648764996
NC_047568.1,53001149,NC_047568.1 52999204 53008845,3,-0.42101696608139616,0.13383496087202507
NC_047565.1,5176757,NC_047565.1 5174928 5189212,6,-0.4209154288077752,0.1339386079566364
NC_047566.1,52966844,NC_047566.1 52949282 52969014,4,-0.4202183503704311,0.13465162510794387
NC_047562.1,2677686,NC_047562.1 2655047 2692963,8,-0.4202182834194415,0.13465169371175945
NC_047565.1,23162723,NC_047565.1 23162022 23163996,6,-0.41990298284017724,0.1349750381867201
NC_047568.1,43525955,NC_047568.1 43492747 43549328,4,0.41965447448781074,0.1352302529696175
NC_047565.1,3561760,NC_047565.1 3546608 3562244,5,-0.4196475747618184,0.13523734350819974
NC_047568.1,28235218,NC_047568.1 28233230 28235312,4,-0.41962538902407037,0.13526014448352172
NC_047562.1,21561594,NC_047562.1 21555788 21572999,5,-0.41956613964402467,0.13532104954984903
NC_047559.1,53032678,NC_047559.1 53026857 53046204,10,0.41942808957726496,0.13546302863627824
NC_047564.1,39856702,NC_047564.1 39849817 39860467,8,-0.4194032486245687,0.1354885871765594
NC_047559.1,53005487,NC_047559.1 52961431 53010809,9,-0.4192941574872459,0.13560086791727619
NC_047568.1,40361602,NC_047568.1 40354886 40368555,6,0.4192860881063587,0.13560917570615277
NC_047561.1,555476,NC_047561.1 554932 577971,4,0.4192108833216688,0.1356866187999483
NC_047560.1,70679269,NC_047560.1 70595196 71158665,8,0.4191431554534002,0.13575638779740898
NC_047560.1,27785188,NC_047560.1 27779829 27785852,7,0.4191372810304876,0.13576244039158267
NC_047560.1,70679269,NC_047560.1 70388123 71110591,8,0.41909740629289055,0.13580352930866502
NC_047561.1,57420715,NC_047561.1 57404630 57422033,13,0.41896556150762215,0.1359394480592766
NC_047565.1,14294683,NC_047565.1 14293614 14296130,10,-0.4189563269906367,0.13594897133351538
NC_047565.1,3433939,NC_047565.1 3409536 3439863,13,0.4187882148247436,0.13612241838343878
NC_047568.1,55200696,NC_047568.1 55199488 55209397,5,0.41842887294775405,0.1364936604685247
NC_047560.1,63744957,NC_047560.1 63742268 63746893,7,0.41842128607696666,0.13650150589062426
NC_047566.1,5048205,NC_047566.1 5046906 5056083,9,0.4183548487391611,0.1365702202302428
NC_047565.1,3324173,NC_047565.1 3311780 3335925,17,-0.4183348341479394,0.1365909253182934
NC_047561.1,12036036,NC_047561.1 12030793 12042845,3,0.41825754563040457,0.13667089999082221
NW_022994923.1,9143,NW_022994923.1 4902 29989,3,0.41817873751030044,0.1367524793507817
NC_047559.1,20782152,NC_047559.1 20747827 20791081,3,-0.4181722232564918,0.1367592241325854
NC_047561.1,57004935,NC_047561.1 56992344 57015120,5,0.41814459760072675,0.13678782988629007
NC_047566.1,37659443,NC_047566.1 37655066 37677664,4,-0.4181141938246455,0.13681931695118144
NC_047568.1,51535992,NC_047568.1 51534100 51554013,6,-0.4179594991204333,0.13697959857769848
NC_047564.1,52816863,NC_047564.1 52802490 52843628,17,0.41793389541346865,0.13700613909807338
NC_047564.1,41849435,NC_047564.1 41811830 41856828,3,-0.4179327177831562,0.13700735989945137
NC_047567.1,23992649,NC_047567.1 23981415 24023655,13,0.4178379601743111,0.13710561511451172
NC_047566.1,47881873,NC_047566.1 47868397 47902671,4,-0.4177311027122797,0.137216473358147
NC_047561.1,52626768,NC_047561.1 52624215 52629902,4,-0.4177177444769568,0.13723033594674586
NC_047568.1,36427812,NC_047568.1 36413594 36432276,8,0.41757734622639414,0.13737609175555462
NC_047566.1,26002503,NC_047566.1 25995143 26008997,3,-0.4174721607788437,0.13748535889075963
NC_047568.1,56713509,NC_047568.1 56711021 56713896,3,0.4174557415612433,0.13750242049526487
NC_047559.1,4018396,NC_047559.1 4017404 4043261,7,0.4174274448288454,0.1375318276352499
NC_047566.1,6053115,NC_047566.1 6018830 6059833,13,0.41741382295920504,0.1375459855481317
NC_047560.1,27219431,NC_047560.1 27216409 27221733,5,-0.41736884451658096,0.13759274089152587
NC_047566.1,55288853,NC_047566.1 55287641 55303106,9,0.41730724836540883,0.13765678768266143
NC_047565.1,48145944,NC_047565.1 48141254 48147150,11,-0.4171880517434755,0.13778078323691245
NC_047560.1,50402996,NC_047560.1 50402679 50404628,3,0.4171665275910343,0.13780318192490393
NC_047565.1,48831946,NC_047565.1 48828672 48840618,7,-0.4171132417878083,0.13785864322959623
NC_047563.1,47032471,NC_047563.1 47008895 47033428,5,-0.4171128764911606,0.13785902349173296
NC_047559.1,21296486,NC_047559.1 21251667 21313294,9,0.41710142145733525,0.13787094817175838
NC_047561.1,4053292,NC_047561.1 4038964 4063290,5,0.41708785409002663,0.13788507268135117
NC_047559.1,12769407,NC_047559.1 12757289 12773910,9,-0.41693338418537873,0.13804595410347287
NC_047564.1,3401199,NC_047564.1 3400060 3404913,6,-0.41689739273659426,0.13808345745519213
NC_047568.1,36157630,NC_047568.1 36154516 36159033,5,0.4168938719742617,0.13808712648093224
NC_047561.1,55073478,NC_047561.1 55067018 55080470,8,-0.4168701183711284,0.13811188207939615
NC_047568.1,36718793,NC_047568.1 36717923 36719212,5,-0.4166832546314078,0.13830673176050232
NC_047565.1,18289694,NC_047565.1 18285352 18289922,16,-0.41663979527930967,0.13835207474710295
NW_022994829.1,114094,NW_022994829.1 109708 243958,9,-0.4166157812876415,0.1383771338257199
NC_047561.1,49757716,NC_047561.1 49734890 49767198,7,-0.41645484250598924,0.13854515495322703
NC_047565.1,36129377,NC_047565.1 36126007 36130716,10,-0.41638123943548294,0.1386220424530205
NC_047567.1,35347413,NC_047567.1 35346762 35349050,7,-0.41633483980544544,0.1386705272504393
NC_047568.1,33311751,NC_047568.1 33298981 33323717,10,0.4163010872526847,0.13870580373905655
NC_047564.1,7241469,NC_047564.1 7235317 7249831,13,-0.41626996631819485,0.1387383351045506
NC_047564.1,51181394,NC_047564.1 51180963 51182255,15,0.41620709845785503,0.13880406774931695
NC_047559.1,51433037,NC_047559.1 51432122 51435676,12,0.4161875999685312,0.13882445897978102
NC_047560.1,51029861,NC_047560.1 50992354 51073373,11,0.4161453280485225,0.1388686731990525
NC_047561.1,23742631,NC_047561.1 23742336 23745420,4,-0.4160877828593072,0.1389288775806105
NC_047565.1,25670505,NC_047565.1 25669075 25671188,3,0.41583325861152326,0.139195372657376
NC_047565.1,8678353,NC_047565.1 8653021 8680117,13,0.41524509833786444,0.13981250100830953
NC_047565.1,60713400,NC_047565.1 60707011 60714831,4,-0.41519633852349247,0.13986374419028494
NC_047568.1,4312012,NC_047568.1 4307261 4330818,6,0.4151008798886378,0.13996410088965378
NC_047568.1,55057106,NC_047568.1 55054519 55059920,5,0.4150321832571867,0.14003635213969243
NC_047561.1,4267917,NC_047561.1 4262163 4269006,14,-0.4150265550476445,0.14004227267681083
NC_047568.1,34483725,NC_047568.1 34475354 34489246,4,-0.41484434237449014,0.14023403969524809
NC_047559.1,45845265,NC_047559.1 45840444 45856882,3,0.41482828822549456,0.1402509440415468
NC_047560.1,70298711,NC_047560.1 70239685 70346366,4,0.41482694422069655,0.1402523592839768
NC_047568.1,49128753,NC_047568.1 49108627 49135358,4,0.4148217187637935,0.14025786180156363
NC_047568.1,4609682,NC_047568.1 4595887 4615941,6,0.414818378696797,0.14026137903883365
NC_047563.1,20154756,NC_047563.1 20096754 20197685,3,-0.4147951790666406,0.14028581089281042
NC_047559.1,22541473,NC_047559.1 22537184 22555202,10,-0.4146541489829897,0.14043439274757255
NC_047568.1,3661074,NC_047568.1 3653447 3662116,9,0.4144550108232576,0.14064437296191185
NC_047564.1,39205594,NC_047564.1 39202254 39207566,5,-0.4143567423995694,0.14074806873882265
NC_047565.1,3699890,NC_047565.1 3687847 3716202,6,-0.41427834706623895,0.14083083039976715
NC_047560.1,17797273,NC_047560.1 17794174 17832744,3,-0.41421560367747007,0.14089709174264003
NC_047561.1,14544033,NC_047561.1 14539361 14548557,10,-0.41377628704805786,0.14136162291777757
NC_047565.1,61709997,NC_047565.1 61670769 61721276,10,-0.4136136372921694,0.14153386662728032
NC_047568.1,45150286,NC_047568.1 45149128 45166543,4,-0.41330985147807076,0.1418559459037346
NC_047563.1,25854270,NC_047563.1 25854145 25856384,7,-0.41299956891392914,0.14218541700111298
NW_022994989.1,84069,NW_022994989.1 80139 84715,4,0.41289165223065266,0.14230012686945268
NC_047564.1,1130046,NC_047564.1 1125260 1140005,8,-0.4128307810252169,0.1423648570076145
NC_047560.1,70790848,NC_047560.1 70690070 71346242,7,-0.41278394476937746,0.14241467579970962
NW_022994954.1,45441,NW_022994954.1 42631 46417,6,0.4127779121386479,0.1424210934328829
NC_047559.1,41538640,NC_047559.1 41519299 41545670,12,0.412641435135595,0.14256633187470819
NC_047561.1,43600972,NC_047561.1 43595796 43615451,6,-0.4124186315542311,0.1428036507282314
NC_047567.1,10833404,NC_047567.1 10781973 10852642,3,-0.41241809680841407,0.1428042206280428
NC_047562.1,42611895,NC_047562.1 42605640 42621531,13,0.4123918148744822,0.14283223219305133
NC_047561.1,7237019,NC_047561.1 7235260 7239784,14,-0.41232521270955014,0.14290323387220122
NC_047559.1,47062478,NC_047559.1 47057141 47064494,15,0.41230388726155354,0.14292597297327791
NC_047562.1,32705366,NC_047562.1 32705209 32706694,4,0.4122728339448902,0.1429590891064215
NC_047564.1,37384865,NC_047564.1 37358897 37405391,3,-0.41226440608934606,0.14296807769069633
NC_047568.1,54741213,NC_047568.1 54729958 54793813,3,-0.41221442037224093,0.14302139683087525
NC_047566.1,10682117,NC_047566.1 10664080 10731900,5,0.41221125517245993,0.14302477355557383
NC_047560.1,54349311,NC_047560.1 54124262 54502908,6,0.41206148419220107,0.14318461415457906
NC_047559.1,8229433,NC_047559.1 8181461 8243209,10,-0.41199631896045047,0.14325419777781004
NC_047561.1,51336459,NC_047561.1 51295820 51346813,14,-0.41186455618465295,0.1433949632099497
NC_047561.1,13309567,NC_047561.1 13306086 13310545,4,0.41184572596499125,0.14341508751441354
NC_047559.1,32321717,NC_047559.1 32320182 32343997,4,-0.4117511165166878,0.1435162273327518
NC_047563.1,18976735,NC_047563.1 18976061 18979009,10,0.4116236997477192,0.14365251397242085
NC_047561.1,45281762,NC_047561.1 45279519 45303349,16,0.41154573135072003,0.14373595244359821
NC_047559.1,3700824,NC_047559.1 3699794 3705842,12,-0.41140061348674356,0.14389133727208253
NC_047568.1,4353967,NC_047568.1 4344053 4368145,9,0.41137120738883565,0.14392283743675865
NC_047568.1,5226576,NC_047568.1 5219934 5252478,7,0.4113030054067288,0.14399591387488164
NC_047561.1,54497894,NC_047561.1 54491204 54522223,7,0.4112857964292201,0.14401435669204116
NC_047568.1,27656064,NC_047568.1 27624334 27668639,4,0.41127055673255314,0.1440306903477321
NC_047559.1,42394224,NC_047559.1 42392113 42398822,6,-0.4111755885533641,0.14413250344218842
NC_047560.1,70747199,NC_047560.1 70595196 71158665,4,-0.41115918860834105,0.144150090273272
NC_047567.1,25229460,NC_047567.1 25220467 25231697,13,-0.4110392627262004,0.1442787387319974
NC_047568.1,3223357,NC_047568.1 3209446 3226787,11,-0.4109617756751729,0.1443619022457931
NC_047568.1,56799852,NC_047568.1 56798247 56800172,5,-0.41094912154999685,0.1443754864004131
NC_047562.1,30389069,NC_047562.1 30387595 30390814,9,-0.4109027711019396,0.14442525068644968
NC_047559.1,17277761,NC_047559.1 17277465 17280165,3,-0.41088657050397087,0.1444426471926775
NC_047568.1,49780804,NC_047568.1 49777362 49790622,14,0.4106200925080208,0.1447289962343862
NC_047564.1,37856021,NC_047564.1 37851279 37912830,3,-0.4104441586517709,0.1449182560059465
NC_047565.1,43104722,NC_047565.1 43084672 43140764,7,0.4104053650825004,0.14496001007491432
NC_047566.1,24055835,NC_047566.1 24054479 24055877,7,-0.4100641743658083,0.1453275829091218
NC_047562.1,44044025,NC_047562.1 43966374 44181135,5,-0.4100307200535959,0.1453636573353133
NC_047564.1,55096971,NC_047564.1 55088931 55106595,13,-0.4099656611882354,0.14543382859113918
NW_022994784.1,339858,NW_022994784.1 333289 343433,14,0.40990275407948973,0.14550170039992144
NC_047560.1,5685927,NC_047560.1 5676665 5686327,6,-0.4097114689595937,0.14570821121809938
NC_047562.1,47845518,NC_047562.1 47845212 47848626,12,-0.4096744694513846,0.1457481782290036
NC_047566.1,37519212,NC_047566.1 37516127 37548379,3,0.4095882241214519,0.14584136903135217
NC_047561.1,4281768,NC_047561.1 4253648 4367559,3,-0.4095366122348346,0.1458971562267806
NC_047567.1,32319535,NC_047567.1 32316710 32327994,10,-0.4095137007297684,0.14592192577263238
NC_047562.1,1827104,NC_047562.1 1826016 1837420,16,-0.4094037696890441,0.1460408106700523
NC_047562.1,37668762,NC_047562.1 37668100 37713971,3,-0.40939034364838744,0.14605533466413226
NW_022994848.1,487067,NW_022994848.1 480013 487743,3,0.409174918425815,0.14628850807534513
NC_047568.1,33378642,NC_047568.1 33376115 33406778,7,-0.40917049212284884,0.1462933016364853
NC_047563.1,18781337,NC_047563.1 18740363 18786437,3,-0.4089693086393455,0.1465112877591665
NC_047566.1,7971523,NC_047566.1 7929424 7972433,12,-0.40883857807717805,0.146653052306003
NC_047559.1,44778103,NC_047559.1 44766572 44778516,9,-0.40864664425419045,0.1468613507133158
NC_047565.1,61930733,NC_047565.1 61928048 61931875,3,0.40864532108325463,0.14686278738087377
NC_047564.1,27560737,NC_047564.1 27559473 27563623,5,0.4086391226415674,0.14686951762572212
NC_047565.1,46991929,NC_047565.1 46989095 47000517,14,-0.40863577289197417,0.14687315485650904
NC_047562.1,39909225,NC_047562.1 39896526 39920177,12,0.40837208635257594,0.14715965897709263
NC_047568.1,32309500,NC_047568.1 32304765 32309909,3,-0.4082234849809142,0.14732128249120333
NC_047560.1,54239300,NC_047560.1 53957867 54344220,3,-0.40821593496297154,0.14732949726913372
NC_047560.1,5653894,NC_047560.1 5640091 5655348,9,-0.40816139171397386,0.14738885193893603
NC_047564.1,58719392,NC_047564.1 58714739 58723959,13,-0.4081360492237785,0.14741643536039334
NC_047568.1,35718961,NC_047568.1 35714881 35719254,7,0.40805603528510315,0.14750354706810917
NC_047564.1,1635273,NC_047564.1 1628190 1641251,8,-0.4078526643774071,0.14772511195950927
NC_047568.1,50374359,NC_047568.1 50371712 50374971,11,0.4078017393437616,0.14778062737894557
NC_047568.1,23148378,NC_047568.1 23126214 23157702,15,-0.40779576117718863,0.14778714532490841
NC_047568.1,768861,NC_047568.1 756852 776951,3,-0.4077454187689131,0.14784204080026953
NC_047565.1,42894116,NC_047565.1 42887132 42900845,3,0.40770292249739787,0.1478883910398149
NC_047565.1,3422984,NC_047565.1 3409536 3439863,8,-0.4076564497257099,0.1479390894333292
NC_047565.1,41751808,NC_047565.1 41748114 41752030,10,-0.4076454351852125,0.1479511071798491
NC_047564.1,26946560,NC_047564.1 26853467 26996163,15,-0.40762304987157044,0.14797553334540162
NC_047560.1,44755298,NC_047560.1 44751260 44758400,5,0.40735607351074904,0.14826705581176822
NC_047563.1,4121119,NC_047563.1 4118742 4124388,8,-0.40728804245611816,0.14834140252403122
NC_047565.1,37609106,NC_047565.1 37572757 37610817,10,0.40706408350451834,0.14858632720561257
NC_047563.1,20682570,NC_047563.1 20680958 20683755,5,-0.4070020340365916,0.14865423275173922
NC_047568.1,40866984,NC_047568.1 40866100 40868670,10,-0.40680088034089734,0.1488745121963586
NC_047561.1,16266441,NC_047561.1 16265006 16269145,4,0.40674281969848036,0.14893813344797047
NC_047568.1,34225276,NC_047568.1 34222977 34226869,4,-0.406686644519213,0.14899970579904287
NC_047563.1,18747355,NC_047563.1 18740363 18786437,8,-0.4066566716887966,0.14903256524092565
NC_047559.1,543293,NC_047559.1 543245 544234,5,0.406647401708592,0.1490427289623415
NC_047565.1,42687895,NC_047565.1 42671754 42704352,3,0.4066177945409142,0.14907519370312283
NC_047560.1,19385493,NC_047560.1 19384059 19395951,8,-0.40633689442245974,0.14938343825709444
NC_047564.1,15723414,NC_047564.1 15680917 15732828,4,0.40622770253404006,0.1495033733251347
NC_047560.1,5677225,NC_047560.1 5676665 5686327,16,0.40620543136317433,0.14952784353824403
NC_047568.1,33311751,NC_047568.1 33310445 33314319,10,0.4061631150776493,0.14957434541359108
NW_022994810.1,3073,NW_022994810.1 1715 23271,3,-0.4061099463317677,0.1496327867578767
NC_047562.1,46446296,NC_047562.1 46420933 46453510,4,-0.40599658542558165,0.14975743981686546
NC_047561.1,12398103,NC_047561.1 12390927 12399675,4,-0.405984869115703,0.14977032713423857
NW_022994952.1,16726,NW_022994952.1 1583 27796,11,0.40581999266286667,0.14995176030657054
NC_047561.1,32206885,NC_047561.1 32195960 32208343,6,0.4058131963153274,0.14995924225600063
NC_047568.1,53024598,NC_047568.1 53015487 53041984,3,0.4058025296333199,0.14997098546959628
NC_047560.1,70747199,NC_047560.1 70690070 71346242,4,-0.4055902853795585,0.1502047769431506
NC_047568.1,12482677,NC_047568.1 12482264 12484560,6,0.40550966657673965,0.150293643390753
NC_047561.1,28072391,NC_047561.1 28069026 28080179,4,-0.4054920830897839,0.15031303036233018
NC_047568.1,32109753,NC_047568.1 32107084 32115014,7,0.4054221777320429,0.15039012206240895
NC_047564.1,54785826,NC_047564.1 54757522 54799325,10,0.4053707362456806,0.15044686848832767
NC_047566.1,13866664,NC_047566.1 13865957 13873161,3,0.4053073354220747,0.15051682704992833
NC_047564.1,3272838,NC_047564.1 3265995 3282038,3,0.4053001839842521,0.1505247195326814
NC_047562.1,37507924,NC_047562.1 37490860 37509454,13,0.4051711254509448,0.15066719839139323
NC_047562.1,13272547,NC_047562.1 13246768 13275546,5,0.4050629656935555,0.15078667396146772
NW_022994956.1,46452,NW_022994956.1 46139 47891,4,0.40502438657833795,0.15082930442756357
NC_047568.1,36740617,NC_047568.1 36740105 36746801,4,0.40500222293682137,0.15085379916803998
NC_047565.1,56575758,NC_047565.1 56552542 56584616,13,-0.4049167799853365,0.15094825334433462
NC_047563.1,43896706,NC_047563.1 43890941 43902733,8,0.4048594457386984,0.15101165625494528
NC_047559.1,48629974,NC_047559.1 48627815 48647868,4,0.40460355300211304,0.1512948491485297
NC_047564.1,38521652,NC_047564.1 38521252 38530870,8,-0.40455217071762506,0.15135175548977345
NC_047565.1,60931116,NC_047565.1 60892052 60985539,7,-0.4043870885180866,0.15153468124316397
NC_047562.1,40631728,NC_047562.1 40631551 40645409,4,0.40418931345170434,0.15175402589904122
NC_047566.1,5808538,NC_047566.1 5703482 5813652,14,0.40418234218334476,0.15176176128778404
NC_047560.1,69726363,NC_047560.1 69600342 69949404,3,-0.40410041692054915,0.15185268589578949
NC_047568.1,39363185,NC_047568.1 39362066 39364417,12,-0.40390693309947895,0.15206756642324756
NC_047564.1,35760711,NC_047564.1 35755841 35766951,13,-0.40387508800723637,0.15210295239300842
NC_047563.1,7592518,NC_047563.1 7589050 7602893,7,-0.40384244522199275,0.15213923039647148
NC_047564.1,50855629,NC_047564.1 50855486 50870393,7,-0.40378470380623965,0.15220341609956162
NC_047564.1,38273407,NC_047564.1 38263411 38302155,4,0.40370450945446507,0.15229259028619557
NC_047563.1,41463438,NC_047563.1 41460723 41464279,15,0.4036018567901198,0.15240678791811638
NC_047560.1,16998743,NC_047560.1 16978887 17001468,3,-0.40348315556717734,0.15253890951373883
NC_047566.1,24859939,NC_047566.1 24857301 24860574,11,0.40345614449015016,0.15256898502509061
NC_047563.1,67949201,NC_047563.1 67925096 67971549,7,-0.40338168264941443,0.15265191491083474
NC_047562.1,47559779,NC_047562.1 47540673 47564186,7,0.40336034377907715,0.1526756859928457
NC_047568.1,28445233,NC_047568.1 28422995 28459834,5,0.40320821348437946,0.1528452269684365
NC_047559.1,32429861,NC_047559.1 32422265 32432830,10,-0.40311586426367096,0.15294820576914
NC_047559.1,33571539,NC_047559.1 33548412 33575949,5,-0.40305022079577607,0.15302143277028085
NC_047559.1,44812019,NC_047559.1 44790976 44818476,5,0.4030304312173876,0.15304351309988146
NC_047565.1,3734846,NC_047565.1 3732924 3740681,10,0.40301071440043074,0.15306551433665616
NC_047566.1,52883733,NC_047566.1 52876432 52884430,4,-0.40296508055982483,0.15311644338839628
NC_047563.1,1675897,NC_047563.1 1660746 1695898,12,-0.4028480665335465,0.1532470864635872
NC_047559.1,18778217,NC_047559.1 18770604 18780382,9,-0.4028076609942566,0.15329221526222167
NC_047566.1,7777493,NC_047566.1 7765524 7791654,10,-0.4027530865492419,0.15335318317954444
NC_047568.1,45629556,NC_047568.1 45624772 45632212,6,0.4027216556655076,0.15338830349484592
NC_047561.1,22729666,NC_047561.1 22728701 22736042,12,0.4026972403435173,0.15341558840713274
NC_047564.1,52548122,NC_047564.1 52547237 52576291,3,0.402678498808399,0.15343653485136258
NC_047563.1,25009283,NC_047563.1 25004340 25011733,3,0.40267815480438124,0.15343691934449058
NC_047561.1,32237850,NC_047561.1 32212706 32272792,5,-0.4023938412436756,0.15375491387874937
NC_047559.1,42805419,NC_047559.1 42795111 42818877,6,-0.4023779944501137,0.15377265072875487
NC_047565.1,60392837,NC_047565.1 60364783 60407195,6,0.4023561340079931,0.15379712069361443
NC_047559.1,47050803,NC_047559.1 47034107 47051208,8,-0.40235499323688917,0.15379839771124976
NC_047560.1,55197539,NC_047560.1 55188242 55205131,4,-0.4023326353814895,0.15382342726012865
NC_047565.1,5510542,NC_047565.1 5463391 5530511,3,0.4022881570773931,0.15387322857013827
NC_047564.1,41182133,NC_047564.1 41161925 41193495,8,0.40218076036998024,0.15399352196869637
NC_047559.1,23126956,NC_047559.1 23116456 23135243,6,-0.40200756667843324,0.15418764417266015
NC_047563.1,40603400,NC_047563.1 40602613 40604825,14,0.4018542705253008,0.15435959899262497
NC_047565.1,17568850,NC_047565.1 17563196 17589026,9,-0.40168133984686855,0.15455372987649887
NC_047559.1,51215223,NC_047559.1 51130411 51234319,9,-0.40165141676182975,0.15458733766643873
NC_047560.1,24888098,NC_047560.1 24826378 24899695,3,0.4014145191070772,0.15485357673405115
NC_047565.1,26281218,NC_047565.1 26278456 26291440,8,-0.4013913498254208,0.15487963190150333
NC_047559.1,54899817,NC_047559.1 54895483 54902176,5,-0.4012421524326529,0.15504748200264834
NC_047559.1,17529235,NC_047559.1 17526023 17530644,5,0.40123178133057974,0.1550591541566068
NC_047566.1,2082624,NC_047566.1 2048165 2087819,9,0.40104641385375406,0.1552678735832211
NC_047567.1,12566925,NC_047567.1 12550669 12579832,4,-0.40095479687134467,0.15537110045955196
NC_047564.1,3991956,NC_047564.1 3978680 3994253,8,0.4009513131766608,0.1553750265071149
NC_047560.1,3948710,NC_047560.1 3947383 3949996,15,0.4008951840753163,0.15543829178235172
NC_047565.1,4820023,NC_047565.1 4810087 4830680,4,-0.4008635694069848,0.155473933362935
NC_047560.1,4908064,NC_047560.1 4669163 4998151,7,0.4008590802025599,0.1554789948152828
NC_047567.1,25828808,NC_047567.1 25826868 25833327,6,0.4006992973448643,0.15565921619149647
NC_047559.1,8231420,NC_047559.1 8181461 8243209,14,-0.4006296909040378,0.15573776929191543
NC_047565.1,54048881,NC_047565.1 54020182 54080189,9,-0.4004948614754715,0.1558900028648624
NC_047559.1,52091649,NC_047559.1 52056937 52104127,11,0.40032641021996646,0.1560803358809441
NC_047561.1,10238918,NC_047561.1 10230213 10254992,4,0.40015146736874113,0.15627816561069355
NC_047562.1,17216077,NC_047562.1 17212313 17216295,6,0.399951580757902,0.1565044042831512
NC_047565.1,17931934,NC_047565.1 17927773 17937073,6,0.39993217358812166,0.1565263814697112
NC_047564.1,49652927,NC_047564.1 49648226 49659540,11,0.39989287241060895,0.156570893370827
NC_047562.1,31715580,NC_047562.1 31712207 31780006,5,-0.3998267614394147,0.15664578841398558
NC_047561.1,24415043,NC_047561.1 24409350 24420195,8,-0.3997310500690421,0.1567542585784677
NC_047565.1,40124678,NC_047565.1 40124550 40166090,10,0.39960432806394036,0.1568979492535917
NC_047564.1,37139401,NC_047564.1 37138040 37140778,9,0.3995871212832802,0.15691746678146717
NC_047559.1,543476,NC_047559.1 539808 544660,3,0.3995297299213948,0.1569825769382413
NC_047568.1,54702616,NC_047568.1 54692949 54705053,5,-0.3994727814573139,0.15704720219260734
NC_047562.1,45693988,NC_047562.1 45678549 45696782,8,0.3993895626291131,0.15714167058340714
NC_047561.1,53860205,NC_047561.1 53857649 53862313,3,-0.39936951534990517,0.15716443344833203
NC_047561.1,18012442,NC_047561.1 17998811 18015850,4,0.3993482655034841,0.15718856414650964
NC_047561.1,23645251,NC_047561.1 23643047 23653396,14,-0.39908717994258064,0.15748524408591466
NC_047565.1,30451481,NC_047565.1 30450598 30453872,7,-0.399068534597505,0.1575064454667187
NC_047564.1,36371524,NC_047564.1 36368679 36373391,12,-0.3990677298576997,0.15750736056818776
NC_047559.1,17277650,NC_047559.1 17277465 17280165,5,-0.3990647131944688,0.15751079096640144
NC_047564.1,31840256,NC_047564.1 31839685 31850225,10,-0.3989717782470921,0.15761649599683675
NC_047564.1,42909637,NC_047564.1 42908164 42910985,7,-0.3989687082379452,0.15761998864786542
NC_047559.1,42523724,NC_047559.1 42508829 42527693,8,-0.39888498204669254,0.15771526086817664
NC_047563.1,8617515,NC_047563.1 8616253 8645189,4,-0.3988351251624908,0.1577720111061579
NC_047562.1,32583434,NC_047562.1 32567449 32607621,3,0.39864816026902833,0.15798494583199724
NC_047563.1,66108310,NC_047563.1 66099534 66112849,7,0.39862821798070636,0.15800766928867715
NC_047560.1,70790848,NC_047560.1 70595196 71158665,7,-0.3985460911505905,0.1581012722320294
NC_047567.1,14002664,NC_047567.1 13997174 14009022,4,0.3985352218847318,0.1581136630603875
NC_047562.1,47048400,NC_047562.1 47032692 47048707,3,-0.3984851050087058,0.1581708039323011
NC_047560.1,60514119,NC_047560.1 60505898 60552832,15,0.3981410064819834,0.1585634950684607
NC_047564.1,40799484,NC_047564.1 40791242 40805669,5,-0.39812693270820826,0.15857956991865932
NC_047567.1,19124635,NC_047567.1 19066470 19140118,15,0.39812361169714755,0.15858336328303735
NC_047563.1,46799023,NC_047563.1 46782641 46805852,4,-0.39808847329200847,0.15862350313771403
NC_047568.1,53382089,NC_047568.1 53378917 53383560,3,0.3979785447479418,0.15874912153100662
NC_047561.1,50274138,NC_047561.1 50272152 50281180,13,0.39796311493030256,0.15876675883837
NC_047559.1,8112147,NC_047559.1 8106271 8114120,7,0.39786695759511664,0.15887670206485008
NC_047564.1,45067169,NC_047564.1 45053666 45078520,7,0.3978186493793051,0.15893195499919718
NW_022994852.1,149418,NW_022994852.1 143158 156318,3,-0.3975241854751578,0.1592690234663873
NC_047565.1,24290351,NC_047565.1 24263360 24314551,8,-0.39748496856284665,0.15931394986657946
NC_047559.1,51602270,NC_047559.1 51599015 51604536,4,0.39747179029387236,0.15932904859252206
NC_047565.1,61708191,NC_047565.1 61670769 61721276,16,0.39732464790228905,0.1594976977063653
NC_047567.1,3115661,NC_047567.1 3112592 3138540,10,-0.39731435644582724,0.1595094977714977
NC_047568.1,55823000,NC_047568.1 55821792 55824466,3,0.39729932597342393,0.15952673256703734
NC_047559.1,1018658,NC_047559.1 1017063 1027511,5,-0.3969945916219293,0.15987642193000506
NC_047563.1,231701,NC_047563.1 191191 650035,7,-0.3969696280019221,0.1599050905005612
NC_047564.1,9862580,NC_047564.1 9861842 9864525,7,0.39684104101331863,0.1600528150286119
NC_047564.1,31261456,NC_047564.1 31256854 31263585,4,-0.396803739179218,0.1600956852232419
NC_047564.1,543601,NC_047564.1 541982 548605,8,-0.3967732989742545,0.16013067507637022
NC_047561.1,45800057,NC_047561.1 45752446 45810498,5,-0.3965843231153557,0.16034800784612266
NC_047559.1,52772708,NC_047559.1 52761013 52775398,5,0.39629099179857014,0.1606857382400915
NC_047561.1,57394970,NC_047561.1 57383384 57395500,15,-0.39608267765326405,0.16092586613711618
NC_047565.1,46140397,NC_047565.1 46137074 46153578,3,-0.3960614866107207,0.16095030665116777
NC_047563.1,4489209,NC_047563.1 4464067 4520388,4,-0.395992955703195,0.16102936286530833
NC_047565.1,19073895,NC_047565.1 19058973 19076216,11,0.39597390910131475,0.161051339255086
NC_047559.1,37247140,NC_047559.1 37219738 37256954,4,-0.3958481440392704,0.16119649910557207
NC_047565.1,11423898,NC_047565.1 11384271 11464307,12,-0.39579247285930375,0.1612607829550672
NC_047568.1,55422621,NC_047568.1 55412444 55445493,5,0.39557427114755184,0.16151290375152558
NC_047568.1,31714414,NC_047568.1 31710311 31718078,3,-0.3955659448813818,0.16152252943382367
NC_047565.1,48286261,NC_047565.1 48285319 48288058,13,0.3955371925958437,0.16155577175662394
NC_047563.1,21202367,NC_047563.1 21201270 21203203,13,0.3954928320414935,0.16160706857112012
NC_047568.1,9805968,NC_047568.1 9795797 9880602,15,-0.3954176551372876,0.1616940245723596
NC_047564.1,23940031,NC_047564.1 23939502 23941958,12,-0.3953569418668543,0.16176427307263805
NC_047566.1,45059314,NC_047566.1 45058413 45059628,4,-0.39522980307899896,0.16191144420677395
NC_047561.1,19331814,NC_047561.1 19325749 19332475,6,-0.3951530867137603,0.16200029062808616
NC_047562.1,9717104,NC_047562.1 9710753 9721910,17,0.3951484986642132,0.16200560513160073
NC_047568.1,10777742,NC_047568.1 10776694 10782741,5,-0.39488837884417716,0.1623070980756415
NC_047562.1,33959838,NC_047562.1 33956310 33961483,3,-0.39477919713802,0.16243375496087387
NC_047565.1,3512062,NC_047565.1 3508852 3514555,15,0.39472835777693804,0.16249275353599063
NC_047565.1,61688558,NC_047565.1 61670769 61721276,7,-0.39463259129809836,0.16260392768367918
NC_047560.1,44915151,NC_047560.1 44895760 44916440,5,0.39457666883907455,0.16266887041035957
NC_047561.1,52834381,NC_047561.1 52833706 52835090,16,-0.3945148395716079,0.16274069246996933
NC_047563.1,8749278,NC_047563.1 8711079 8786874,3,0.3944946253742009,0.16276417816946617
NC_047559.1,44508528,NC_047559.1 44504460 44539645,11,-0.3944729066630525,0.16278941434782818
NC_047559.1,40823817,NC_047559.1 40823033 40830529,5,-0.39439916645857204,0.16287511629912008
NC_047565.1,3697737,NC_047565.1 3697204 3710676,10,0.3943626470261269,0.16291757065135637
NC_047562.1,7299322,NC_047562.1 7264994 7303325,4,-0.3943520221944316,0.16292992352691704
NC_047562.1,26400245,NC_047562.1 26397710 26417131,4,0.3943481535386655,0.1629344215408026
NC_047564.1,47354556,NC_047564.1 47342738 47359448,12,0.39413789433308,0.16317900822833065
NC_047562.1,41806112,NC_047562.1 41798011 41824395,9,0.3941271717207911,0.16319148787663765
NC_047567.1,525508,NC_047567.1 131808 541339,3,-0.3941261704245378,0.16319265327985785
NC_047568.1,16327319,NC_047568.1 16311396 16334286,6,0.3940156087965619,0.16332136884748175
NC_047568.1,15808129,NC_047568.1 15762997 15844008,15,-0.3938448445034443,0.16352030267544182
NC_047559.1,21469753,NC_047559.1 21412783 21480279,7,-0.39380584742301844,0.16356575499153558
NC_047561.1,52515749,NC_047561.1 52510092 52519468,6,-0.39371200000980117,0.1636751709518583
NC_047560.1,65621129,NC_047560.1 65620894 65625763,8,-0.3936604060357891,0.163735344345913
NC_047566.1,7710162,NC_047566.1 7674237 7715471,7,-0.3936248636999395,0.16377680533335925
NC_047565.1,6298498,NC_047565.1 6297202 6299335,8,-0.3935868986923666,0.16382110000794123
NC_047568.1,54299619,NC_047568.1 54290688 54329672,10,0.3935776523591057,0.16383188911032187
NC_047559.1,54780014,NC_047559.1 54771440 54782196,12,0.3934849869292272,0.16394004161284645
NC_047559.1,1161769,NC_047559.1 1153007 1169265,4,0.3933359477164017,0.16411408748277193
NC_047565.1,14124381,NC_047565.1 14120443 14124767,9,0.39322764122134124,0.16424064201944716
NC_047565.1,10113393,NC_047565.1 10109267 10114417,11,0.39321377209544817,0.1642568524937265
NC_047559.1,35723019,NC_047559.1 35679470 35728879,16,0.39308652595231297,0.16440562880111645
NC_047562.1,14812881,NC_047562.1 14797039 14823773,4,0.39291908884019755,0.16460153057456345
NC_047564.1,678320,NC_047564.1 664303 687802,13,0.39290654134452296,0.16461621731166529
NC_047559.1,39163015,NC_047559.1 39156496 39171438,9,-0.39290335914480656,0.1646199421855179
NC_047567.1,11094608,NC_047567.1 11089006 11128626,4,-0.3927306252693588,0.16482221574526776
NC_047561.1,24904660,NC_047561.1 24902518 24919861,8,0.3926961822368748,0.16486256838089014
NC_047560.1,5634304,NC_047560.1 5628479 5636121,3,-0.3926360644383375,0.16493301642305244
NC_047560.1,69726363,NC_047560.1 69361668 69807992,3,-0.3926008546926228,0.1649742855079904
NC_047561.1,55785702,NC_047561.1 55785408 55788485,9,-0.39259102596446266,0.1649858068924316
NC_047562.1,11389445,NC_047562.1 11386394 11399980,7,0.3925858800116004,0.16499183926616645
NC_047568.1,48036463,NC_047568.1 48031304 48038480,5,-0.3925810120312693,0.16499754591756532
NC_047568.1,4359793,NC_047568.1 4344053 4368145,7,-0.3925625021390645,0.1650192459297874
NC_047562.1,45733594,NC_047562.1 45716336 45757148,4,-0.39252537030286827,0.16506278293844304
NC_047565.1,44902021,NC_047565.1 44896893 44906258,3,0.39233140399657607,0.1652903300272227
NC_047568.1,43838039,NC_047568.1 43829064 43839745,6,-0.39229855517956713,0.1653288861306396
NC_047560.1,7875759,NC_047560.1 7874027 7876777,17,-0.3922847288823691,0.16534511642080632
NC_047561.1,50383576,NC_047561.1 50381432 50388165,3,-0.3921642657659584,0.16548656861130542
NC_047567.1,16382609,NC_047567.1 16382235 16393609,8,-0.3921456224126278,0.1655084673758005
NC_047561.1,55566523,NC_047561.1 55564462 55573303,7,0.3920432985444552,0.16562869222771548
NC_047566.1,41903879,NC_047566.1 41901797 41908654,12,0.3919776062818077,0.16570590702529445
NC_047561.1,602777,NC_047561.1 582457 604002,6,0.3918592826423707,0.16584504410737813
NC_047561.1,34213876,NC_047561.1 34198460 34215889,9,-0.3917931976240625,0.16592278683529932
NC_047563.1,55334793,NC_047563.1 55334060 55335296,3,-0.3917060059926393,0.1660253958723542
NC_047568.1,51537755,NC_047568.1 51534100 51554013,5,0.3913961031854886,0.166390431476671
NC_047561.1,10860106,NC_047561.1 10856727 10863738,7,0.3913606541321427,0.16643222038696245
NC_047564.1,40343646,NC_047564.1 40342937 40346965,11,-0.3913243936433572,0.1664749729367376
NC_047561.1,47171557,NC_047561.1 47117211 47186158,14,0.39130364347230634,0.16649944143152356
NC_047565.1,52988983,NC_047565.1 52988274 52989389,9,0.3910141653335712,0.16684103724719554
NC_047561.1,56018218,NC_047561.1 56012715 56027833,17,0.39100574027230917,0.1668509859967598
NC_047563.1,38161647,NC_047563.1 38161154 38162140,7,-0.39100270323551795,0.16685457238228243
NC_047563.1,40575783,NC_047563.1 40575200 40576333,5,-0.3909634947627582,0.16690087752067698
NC_047562.1,14475845,NC_047562.1 14474480 14477014,5,-0.39079800233871786,0.1670964161191631
NC_047564.1,38273615,NC_047564.1 38263411 38302155,10,0.390761109947023,0.1671400269052102
NC_047568.1,47262138,NC_047568.1 47218765 47278318,11,0.39072704499211647,0.16718030194532785
NC_047560.1,52367044,NC_047560.1 52352442 52367260,3,-0.39060861002459535,0.16732037699985666
NW_022994897.1,262577,NW_022994897.1 253801 280098,6,-0.3905648674266261,0.16737213145759658
NC_047564.1,16304383,NC_047564.1 16295166 16306142,7,0.390500009108496,0.16744888838003233
NC_047568.1,40261564,NC_047568.1 40249598 40261960,4,0.39049706024350367,0.16745237877526664
NC_047563.1,25835564,NC_047563.1 25830499 25837215,14,-0.3904721315179354,0.16748188731276487
NC_047567.1,25582443,NC_047567.1 25580648 25604345,4,0.39027694625765025,0.16771304844206647
NC_047559.1,11005686,NC_047559.1 10999736 11015637,5,-0.39022922416630484,0.16776959811956663
NC_047564.1,36718816,NC_047564.1 36718195 36728273,11,0.3902289220884825,0.16776995611502163
NC_047568.1,54996519,NC_047568.1 54983371 55023742,6,-0.3898681379826487,0.16819788037030473
NC_047566.1,53639512,NC_047566.1 53626410 53659339,8,-0.3896997008484307,0.16839790605601782
NC_047565.1,49244159,NC_047565.1 49243963 49251612,5,-0.38957000055489693,0.16855203576464886
NC_047568.1,49392610,NC_047568.1 49376225 49401961,12,-0.38947476155171823,0.16866527177943177
NC_047566.1,8124218,NC_047566.1 8120724 8124758,4,0.389454062403931,0.16868988893064749
NC_047568.1,16231710,NC_047568.1 16230491 16234013,3,-0.3893428045940861,0.16882224606996699
NC_047559.1,1453595,NC_047559.1 1444411 1455673,3,-0.3893111668994181,0.16885989599371506
NW_022994913.1,5312,NW_022994913.1 4516 16116,5,0.3893011976820027,0.16887176083124647
NC_047561.1,16423994,NC_047561.1 16422804 16425975,3,0.389215841414139,0.168973369583621
NC_047561.1,45974431,NC_047561.1 45945399 45975678,4,0.3891703022133852,0.16902759607306717
NC_047568.1,56564218,NC_047568.1 56560954 56584182,7,-0.38903300631692017,0.1691911517851461
NC_047564.1,20295330,NC_047564.1 20294548 20302541,16,-0.388929724822182,0.1693142552163062
NC_047564.1,39493150,NC_047564.1 39492648 39493652,17,0.388927898560156,0.16931643250155373
NC_047559.1,33281871,NC_047559.1 33278156 33282120,13,0.3889022738307765,0.1693469844451585
NC_047564.1,18582058,NC_047564.1 18566884 18588971,6,-0.3888645430935362,0.16939197671294945
NC_047561.1,54733684,NC_047561.1 54733522 54734199,5,0.3883487181041341,0.17000785581365593
NC_047566.1,1396896,NC_047566.1 1354633 1414618,7,-0.38826128237095064,0.1701123955300257
NW_022994985.1,50483,NW_022994985.1 47148 64213,16,0.38819944541953977,0.17018635412051678
NC_047561.1,11756377,NC_047561.1 11750567 11834596,3,0.38817368316150813,0.1702171726157024
NC_047568.1,45975662,NC_047568.1 45894380 45978066,5,-0.3878925588639299,0.17055370773747597
NC_047565.1,28576043,NC_047565.1 28566326 28593273,5,0.3877252848358462,0.1707541573138986
NC_047564.1,43850747,NC_047564.1 43848481 43852703,9,-0.387667737568035,0.17082315334844606
NC_047561.1,28690870,NC_047561.1 28570909 28741658,3,0.3875506611370961,0.1709635775255296
NC_047560.1,27218336,NC_047560.1 27216409 27221733,7,0.3874386526019007,0.17109799334771625
NC_047564.1,1109164,NC_047564.1 1093827 1119467,6,0.3874372653025414,0.17109965860645632
NC_047565.1,24063363,NC_047565.1 24046191 24066550,8,0.38732573899386985,0.17123356478856175
NC_047567.1,10935293,NC_047567.1 10869286 10952099,9,-0.38719363123063877,0.17139227055797496
NC_047559.1,31198023,NC_047559.1 31197919 31199569,3,-0.38718205961430874,0.17140617650344372
NC_047559.1,52632687,NC_047559.1 52625237 52635221,11,-0.3870016682777845,0.1716230527570134
NC_047559.1,43999981,NC_047559.1 43994147 44010261,13,0.38688587566692634,0.17176235879299068
NW_022994958.1,56925,NW_022994958.1 38466 86290,8,0.38686184510267274,0.17179127832169544
NC_047568.1,26105203,NC_047568.1 26075022 26164422,4,0.38683515289484893,0.17182340470596938
NC_047563.1,39732491,NC_047563.1 39724077 39807021,5,-0.386789631389205,0.1718782027810996
NC_047566.1,28048385,NC_047566.1 28042649 28051338,7,0.38677017621806936,0.17190162607227524
NC_047560.1,66676080,NC_047560.1 66594950 66708682,6,-0.38669514420116136,0.1719919811978111
NC_047560.1,11455568,NC_047560.1 11455179 11456303,11,-0.3866344236276152,0.17206512475425928
NC_047563.1,8261020,NC_047563.1 8255494 8263130,3,0.386558222297158,0.1721569448877724
NW_022994922.1,72011,NW_022994922.1 70949 82299,15,-0.38649688319315567,0.17223087962422096
NC_047566.1,19660008,NC_047566.1 19656868 19660280,11,-0.3863875036068367,0.1723627708217734
NC_047562.1,48453270,NC_047562.1 48450305 48472626,4,-0.38637874699590785,0.17237333248007897
NC_047561.1,37130548,NC_047561.1 37062068 37178040,5,-0.3863134248643186,0.17245213306914528
NC_047562.1,52869823,NC_047562.1 52851727 52872031,7,-0.38630860380770715,0.17245794982067883
NC_047564.1,37789691,NC_047564.1 37786517 37792120,6,-0.38614697959235283,0.17265302805081184
NC_047559.1,3627425,NC_047559.1 3605784 3628135,6,-0.38614236251014744,0.17265860290902793
NC_047565.1,42837022,NC_047565.1 42833392 42839909,7,-0.3860849554424251,0.17272792835973202
NC_047564.1,42498671,NC_047564.1 42488710 42520356,13,-0.3859571683219357,0.1728823104336678
NC_047564.1,15789513,NC_047564.1 15760614 15805071,10,0.3859422215823466,0.17290037372268086
NC_047568.1,33444130,NC_047568.1 33440363 33445114,7,0.38585734382597636,0.17300297258607183
NC_047565.1,7963480,NC_047565.1 7958684 7964511,15,0.3857152078113406,0.17317487274018326
NC_047565.1,43126570,NC_047565.1 43084672 43140764,16,-0.3856261672903877,0.1732826153031287
NC_047568.1,22491607,NC_047568.1 22488388 22495438,7,0.38562198332904096,0.17328767913153037
NC_047565.1,9683071,NC_047565.1 9682255 9684147,4,-0.3856189387413793,0.17329136404174084
NW_022994985.1,39558,NW_022994985.1 38743 46423,7,0.38554262278262413,0.1733837469964505
NC_047559.1,46910347,NC_047559.1 46906818 46926197,15,0.38542425022608917,0.17352710401316218
NC_047562.1,17679819,NC_047562.1 17474372 18067122,10,-0.38529649145536055,0.1736819145750217
NC_047568.1,40866789,NC_047568.1 40866100 40868670,9,-0.38528057728088705,0.173701204704884
NC_047566.1,5845670,NC_047566.1 5840540 5847495,11,0.3852372149832085,0.17375377271751247
NC_047567.1,31505286,NC_047567.1 31494889 31522971,16,0.38499033336166477,0.17405326325025916
NC_047564.1,48273291,NC_047564.1 48268482 48274763,14,-0.3848587041138495,0.1742130785178386
NC_047559.1,634078,NC_047559.1 632361 637850,12,0.38470301241706106,0.17440223149404352
NC_047565.1,44961774,NC_047565.1 44958578 44976977,6,-0.3845705405564199,0.1745632789642482
NC_047562.1,11418921,NC_047562.1 11411275 11420024,11,-0.384369741017478,0.17480757677699424
NC_047565.1,31011890,NC_047565.1 31007622 31025408,12,0.3842943958073121,0.17489930077605023
NC_047559.1,5062018,NC_047559.1 5061953 5067172,15,0.3841928582025969,0.17502296025862865
NC_047568.1,4326757,NC_047568.1 4307261 4330818,8,-0.3841508273241854,0.1750741649200192
NC_047560.1,71936817,NC_047560.1 71921522 71989278,6,-0.38389361996153976,0.1753877224309133
NC_047563.1,65529971,NC_047563.1 65484772 65533285,11,0.38376756153235997,0.17554153097526407
NC_047560.1,62989489,NC_047560.1 62979281 62992469,3,-0.38360415203789017,0.17574104284447695
NC_047566.1,10973746,NC_047566.1 10962607 10979829,15,-0.38359832031640084,0.17574816569033858
NC_047559.1,40206366,NC_047559.1 40182188 40220422,12,0.38355225063512066,0.1758044416188452
NC_047561.1,3683890,NC_047561.1 3680223 3684459,3,-0.3834399980653935,0.1759416113704339
NC_047561.1,29305921,NC_047561.1 29299412 29306658,13,0.38342041792343906,0.1759655448913959
NC_047559.1,52712723,NC_047559.1 52712488 52750617,6,0.383359251347671,0.1760403245949932
NC_047565.1,25717600,NC_047565.1 25704941 25718475,11,-0.38323493083092613,0.17619237703027926
NC_047566.1,54305633,NC_047566.1 54295949 54308358,3,-0.38295280719753666,0.17653774849859577
NC_047561.1,30837885,NC_047561.1 30831841 30842870,7,-0.38282826151430177,0.17669035463935087
NC_047564.1,37799986,NC_047564.1 37797983 37813509,3,0.3827902416077509,0.17673695751697258
NC_047564.1,32955055,NC_047564.1 32920846 32963165,3,-0.3827358972451359,0.17680358388561018
NC_047564.1,37762115,NC_047564.1 37761067 37762423,3,0.3827115240049064,0.17683347083343068
NC_047565.1,11241442,NC_047565.1 11235772 11256558,16,-0.38270152122009893,0.1768457373907617
NC_047566.1,44765655,NC_047566.1 44757715 44767629,14,0.3826943556190207,0.17685452500753793
NC_047563.1,67521270,NC_047563.1 67505289 67525234,4,-0.382615492023289,0.1769512589326885
NC_047564.1,34056285,NC_047564.1 34028106 34076107,9,-0.38243987505337745,0.17716679323086554
NC_047563.1,2589454,NC_047563.1 2583009 2597715,4,-0.38234424497058767,0.17728423113950506
NC_047564.1,51541132,NC_047564.1 51536358 51556710,8,-0.38218740449307803,0.17747694698460154
NC_047567.1,9041302,NC_047567.1 9034980 9042473,8,-0.38214357460087484,0.17753082662804426
NC_047559.1,52465644,NC_047559.1 52464479 52475232,9,0.38206404980911507,0.17762861263529428
NC_047565.1,23772906,NC_047565.1 23772404 23774544,10,0.3820512354779242,0.17764437276635017
NC_047563.1,3143827,NC_047563.1 3142759 3146903,9,0.382045368608513,0.17765158863217098
NC_047559.1,9683970,NC_047559.1 9675518 9690474,11,-0.38203385367325915,0.17766575180034674
NC_047566.1,1367839,NC_047566.1 1354633 1414618,15,-0.38197258279229157,0.1777411261770242
NC_047560.1,304298,NC_047560.1 280854 614839,4,-0.38194799044269895,0.17777138506893617
NC_047566.1,14941315,NC_047566.1 14940035 14946116,10,-0.3817419992104361,0.17802497126412503
NC_047568.1,50951727,NC_047568.1 50945091 50970821,16,-0.3817126294511152,0.17806114602540507
NC_047559.1,51410220,NC_047559.1 51409122 51423223,3,-0.3815285226445396,0.1782880187208595
NC_047565.1,41281758,NC_047565.1 41278854 41282688,3,0.3814814453956958,0.17834606142617906
NC_047566.1,54403814,NC_047566.1 54401588 54408113,8,0.38129318432581394,0.17857829511415726
NC_047568.1,12303896,NC_047568.1 12293672 12315640,3,-0.38111661200818014,0.17879628722404448
NC_047565.1,45462116,NC_047565.1 45459789 45462666,13,-0.381065728910906,0.17885913818829913
NC_047565.1,45277490,NC_047565.1 45276791 45285059,12,-0.38101901115079845,0.17891685667027565
NC_047560.1,19333786,NC_047560.1 19331792 19334906,3,-0.3808095302504355,0.1791758122413302
NC_047559.1,52110553,NC_047559.1 52108823 52110985,17,0.38077978080484426,0.17921260743675455
NC_047563.1,4167157,NC_047563.1 4135635 4174053,6,-0.3806843493845296,0.17933067338981903
NC_047559.1,32458758,NC_047559.1 32455186 32462062,9,-0.3806668054271151,0.1793523839025218
NC_047568.1,9512544,NC_047568.1 9511990 9515873,8,0.3805008706963057,0.17955781072837712
NC_047568.1,41073690,NC_047568.1 41069902 41076714,3,-0.38041656409406616,0.17966224023518249
NC_047568.1,3213581,NC_047568.1 3209446 3226787,13,-0.3804026042165015,0.17967953593601058
NC_047560.1,18944797,NC_047560.1 18905772 18996177,3,-0.3803923900365094,0.17969219155550825
NC_047566.1,4724280,NC_047566.1 4715926 4746395,4,-0.38038946666625434,0.17969581378876592
NC_047566.1,43834681,NC_047566.1 43826397 43876386,4,-0.38037205001517,0.17971739505311995
NC_047564.1,23939768,NC_047564.1 23939502 23941958,5,0.38020991281716787,0.17991838219245698
NC_047561.1,45911873,NC_047561.1 45881572 45921205,5,-0.3801530806119597,0.17998886634237166
NC_047562.1,38547265,NC_047562.1 38538714 38551464,5,0.38007910582853044,0.1800806376415881
NC_047565.1,14593713,NC_047565.1 14587014 14596234,15,-0.37970507566507267,0.18054511215324373
NC_047560.1,51647208,NC_047560.1 51629755 51664241,11,0.37961380143102536,0.18065857452116305
NC_047561.1,45264572,NC_047561.1 45217176 45268546,9,0.37943034628475253,0.18088676531557124
NC_047560.1,54239510,NC_047560.1 54235202 54240504,8,-0.3794092157822665,0.1809130604250458
NC_047565.1,44902021,NC_047565.1 44901694 44902725,3,0.3793273035738505,0.18101501646499993
NC_047564.1,37442647,NC_047564.1 37431267 37462795,8,0.3792167729148735,0.18115265252625198
NC_047568.1,2462831,NC_047568.1 2448655 2465905,5,-0.37913079825193,0.18125975733112304
NC_047568.1,43516207,NC_047568.1 43492747 43549328,6,0.37906933251849895,0.18133635460329967
NC_047562.1,14068756,NC_047562.1 14062741 14069147,3,0.37894130900840695,0.18149596166615237
NC_047565.1,49096946,NC_047565.1 49086687 49108587,13,0.3788961233057216,0.181552316328487
NC_047559.1,41529404,NC_047559.1 41519299 41545670,4,0.3788770640299791,0.18157609003653033
NC_047567.1,17702063,NC_047567.1 17687590 17705161,10,-0.37880322852036336,0.18166820815113957
NC_047559.1,24335745,NC_047559.1 24287686 24358940,9,0.3785397379767228,0.1819971875510953
NC_047568.1,37517265,NC_047568.1 37506479 37518641,6,-0.37853885745190075,0.18199828756705128
NW_022994865.1,218432,NW_022994865.1 211653 220102,4,-0.3785179591302801,0.1820243965338458
NC_047561.1,24723292,NC_047561.1 24721635 24725248,7,-0.3784174915606711,0.18214994765774353
NC_047563.1,14626270,NC_047563.1 14614263 14626503,7,0.37838141967196887,0.18219503914365837
NC_047560.1,62880788,NC_047560.1 62653127 63119960,3,0.3783318227845044,0.18225704921590558
NC_047566.1,49587339,NC_047566.1 49570393 49589171,4,-0.3779742640248344,0.18270450024244977
NC_047560.1,64309272,NC_047560.1 64294212 64325764,3,0.37791114059023306,0.18278356658199776
NC_047564.1,7673398,NC_047564.1 7663926 7674717,9,0.3779068425616286,0.18278895095158398
NC_047566.1,24849139,NC_047566.1 24848060 24854679,5,0.37768323528363607,0.1830692164505221
NC_047564.1,40887414,NC_047564.1 40886115 40888864,4,-0.3776596306969351,0.1830988181483233
NC_047567.1,30950138,NC_047567.1 30934340 31071743,5,-0.37754509339745723,0.18324249912856921
NC_047562.1,22411002,NC_047562.1 22409547 22412291,6,0.37750974339240145,0.18328685847529277
NC_047562.1,17701242,NC_047562.1 17474372 18067122,3,-0.37740157301368554,0.18342264016480642
NC_047567.1,12756103,NC_047567.1 12736084 12786460,9,-0.37739568203605484,0.18343003671555
NC_047562.1,45749301,NC_047562.1 45716336 45757148,4,-0.3772936020249927,0.18355823604272872
NC_047561.1,43686789,NC_047561.1 43660313 43686789,3,-0.37728508345324535,0.1835689368731569
NC_047564.1,28652781,NC_047564.1 28648023 28653618,3,-0.37721868747946874,0.18365235568483312
NC_047560.1,27785315,NC_047560.1 27779829 27785852,10,0.37719595487833235,0.18368092215027532
NC_047563.1,64918388,NC_047563.1 64913049 64919152,4,-0.3771291661117679,0.18376486743052065
NC_047559.1,10994594,NC_047559.1 10994171 10996430,17,0.3768963317132028,0.1840577044768722
NC_047567.1,34848616,NC_047567.1 34842807 34876199,4,-0.3768724097729671,0.18408780820230097
NC_047568.1,5277391,NC_047568.1 5274654 5278125,8,-0.3767951994209058,0.1841849924408572
NC_047568.1,34585511,NC_047568.1 34581424 34586514,7,0.3765734955668817,0.18446423303482895
NC_047564.1,42543432,NC_047564.1 42541944 42556137,11,-0.37652910855436045,0.18452017204845922
NC_047564.1,34217091,NC_047564.1 34215479 34218465,4,0.37652200197265906,0.18452912917481384
NC_047565.1,21871869,NC_047565.1 21868955 21872679,3,-0.37646903985014596,0.18459589136140334
NC_047567.1,4534044,NC_047567.1 4527016 4840096,3,-0.3764563195413561,0.1846119284448287
NC_047561.1,47303026,NC_047561.1 47302605 47304251,15,-0.3764539822027517,0.18461487533335702
NC_047563.1,1761560,NC_047563.1 1748255 1792572,12,-0.3764531029325056,0.1846159839145763
NC_047565.1,54955031,NC_047565.1 54942794 54994945,17,0.37641607811538075,0.18466266857044722
NC_047561.1,21542410,NC_047561.1 21541026 21543832,7,0.376280155635935,0.1848341184616619
NC_047561.1,3154199,NC_047561.1 3154006 3172426,3,-0.37613198170335443,0.1850211385027077
NC_047568.1,53762069,NC_047568.1 53758422 53771109,5,0.3761257727266562,0.18502897791057157
NC_047561.1,13252293,NC_047561.1 13250754 13258051,3,0.3761059555032326,0.18505400041618134
NC_047568.1,51112348,NC_047568.1 51109480 51112898,9,0.376021934612767,0.18516011474756516
NC_047562.1,17902936,NC_047562.1 17793402 18097773,3,-0.37587256079757697,0.18534886310382165
NC_047565.1,23305496,NC_047565.1 23284220 23332287,8,0.3756650600225317,0.18561126538989042
NC_047564.1,4777458,NC_047564.1 4776535 4793852,13,0.3756464287517359,0.18563483786462048
NC_047560.1,44284573,NC_047560.1 44283963 44284878,3,0.3756375343117924,0.1856460918785851
NC_047566.1,21269486,NC_047566.1 21265655 21270903,6,-0.3755254238639995,0.18578798124111617
NC_047567.1,14781360,NC_047567.1 14770636 14782213,4,-0.37545350919785364,0.1858790345897796
NC_047565.1,44404496,NC_047565.1 44399219 44406562,7,-0.37528254041873516,0.18609561828536017
NC_047568.1,33213799,NC_047568.1 33211452 33229480,16,0.37526752937157193,0.1861146420455678
NC_047568.1,56715747,NC_047568.1 56713872 56721219,10,-0.37512951235759556,0.18628961185769874
NC_047563.1,26355638,NC_047563.1 26346390 26357608,5,0.3750778714615549,0.18635510624344406
NC_047565.1,48594251,NC_047565.1 48589128 48631568,9,-0.375060030174632,0.1863777371702281
NC_047564.1,8726656,NC_047564.1 8722926 8748607,5,0.37504370264503445,0.18639844950349263
NC_047564.1,24234333,NC_047564.1 24232319 24237385,12,0.3748882444034988,0.1865957304210201
NC_047566.1,7707154,NC_047566.1 7674237 7715471,5,-0.3748721477275803,0.18661616520447274
NC_047559.1,47024499,NC_047559.1 47024392 47028353,5,0.3747943622749799,0.18671493431347708
NC_047567.1,4533723,NC_047567.1 4501061 4774726,3,0.37476220474458677,0.18675577655286216
NC_047561.1,55038739,NC_047561.1 55037988 55039515,6,0.37459245770769967,0.18697146167673875
NC_047564.1,40508476,NC_047564.1 40499808 40519185,5,0.3745602014690645,0.1870124653597728
NC_047561.1,22504509,NC_047561.1 22499249 22514856,3,-0.3745572829478843,0.1870161756277031
NC_047566.1,24297830,NC_047566.1 24297809 24404515,5,-0.3745434221306443,0.1870337973005687
NC_047561.1,44627409,NC_047561.1 44627307 44633367,5,0.37440359236901677,0.18721162659045157
NC_047559.1,25638344,NC_047559.1 25630007 25638644,12,-0.3743276235713453,0.18730828574442665
NC_047568.1,46240694,NC_047568.1 46240027 46241571,6,-0.3743201128773602,0.1873178437377207
NC_047563.1,20182357,NC_047563.1 20096754 20197685,7,0.3742797681000167,0.187369191226926
NW_022994952.1,49954,NW_022994952.1 28444 64723,4,0.3740328234865483,0.1876836783944608
NC_047568.1,57465361,NC_047568.1 57449099 57469150,5,0.3740138156263551,0.1877078991557486
NC_047564.1,1110624,NC_047564.1 1093827 1119467,16,-0.37398076829956217,0.1877500144702248
NC_047562.1,7538494,NC_047562.1 7536957 7540022,10,0.373968034612675,0.18776624381938511
NC_047564.1,21819535,NC_047564.1 21812670 21831281,4,-0.37389323386107726,0.1878615970771645
NC_047567.1,19125716,NC_047567.1 19066470 19140118,4,-0.37388069927541967,0.18787757874100752
NC_047565.1,8939551,NC_047565.1 8932662 8945075,15,0.37376094491944484,0.18803031008456425
NC_047561.1,19819016,NC_047561.1 19813821 19820007,6,0.3737311808706306,0.1880682826489553
NC_047564.1,35820167,NC_047564.1 35814025 35820945,8,0.37342950720109147,0.1884534308747341
NC_047561.1,4262689,NC_047561.1 4262163 4269006,10,0.373405988520926,0.18848347848506233
NC_047568.1,19892377,NC_047568.1 19884808 19893519,4,0.3732839325790833,0.18863946716049332
NC_047566.1,8231998,NC_047566.1 8231419 8236626,6,0.3730275146173765,0.18896744084448347
NC_047562.1,17290607,NC_047562.1 17285626 17291645,10,0.37297045400578877,0.18904047432419513
NC_047562.1,51836564,NC_047562.1 51835175 51837263,6,0.3729337535827734,0.18908745776829403
NC_047559.1,6567050,NC_047559.1 6561773 6567666,5,-0.3728560033255742,0.18918701739666302
NC_047568.1,16639143,NC_047568.1 16606935 16654751,13,0.3728552647374869,0.1891879633234957
NC_047565.1,23312858,NC_047565.1 23284220 23332287,17,-0.3728516080490874,0.1891926465734081
NC_047562.1,14617688,NC_047562.1 14602760 14643558,5,0.37278412414547324,0.18927908890464526
NC_047561.1,57556805,NC_047561.1 57556277 57573919,10,0.3726807597251984,0.18941154073495464
NC_047562.1,47043965,NC_047562.1 47032692 47048707,10,-0.37264375178887005,0.18945897734958236
NC_047566.1,902511,NC_047566.1 901887 902993,5,0.372633083743849,0.18947265301477392
NC_047567.1,3438377,NC_047567.1 3430339 3448163,6,0.3725663974340581,0.18955815436777562
NC_047560.1,65653871,NC_047560.1 65642038 65658402,6,0.3725080789289658,0.18963294722365875
NC_047559.1,37905836,NC_047559.1 37904645 37906403,6,-0.37242993732002083,0.18973319257600565
NC_047562.1,38418329,NC_047562.1 38416039 38422819,12,-0.3723754773508688,0.18980307754846287
NW_022994965.1,17725,NW_022994965.1 15237 20152,6,0.3723665101728081,0.18981458612862576
NC_047562.1,11696574,NC_047562.1 11690033 11708359,3,0.37234385541390536,0.18984366349595658
NC_047565.1,21553789,NC_047565.1 21550123 21562068,8,0.37229911786634173,0.1899010924715427
NC_047565.1,22236742,NC_047565.1 22230765 22236983,3,-0.3722355534410822,0.18998270835069164
NC_047567.1,30214846,NC_047567.1 30199793 30231788,10,0.3721958521081828,0.1900336957104207
NC_047568.1,35366630,NC_047568.1 35365240 35368968,8,-0.37214036941347284,0.19010496530368656
NC_047561.1,50292470,NC_047561.1 50290163 50322201,4,-0.37204134372117714,0.19023220995745604
NC_047568.1,28149161,NC_047568.1 28126538 28157338,12,0.3719989784694111,0.19028666448973242
NC_047563.1,28862578,NC_047563.1 28862002 28864922,4,0.37197146771896,0.19032203099840725
NC_047568.1,55437310,NC_047568.1 55427966 55452087,4,-0.3718147314950362,0.1905236037534659
NC_047568.1,31688123,NC_047568.1 31686410 31700305,3,-0.3716907041336944,0.19068320747495346
NC_047565.1,57948340,NC_047565.1 57918754 57961599,8,0.3715441591719482,0.19087189786691655
NC_047565.1,11538220,NC_047565.1 11525252 11542082,7,-0.3715414299201979,0.1908754131655951
NC_047560.1,71112471,NC_047560.1 70690070 71346242,3,0.37135494054705626,0.19111571097092606
NC_047566.1,3852943,NC_047566.1 3851039 3865884,13,-0.3713134890210225,0.19116914888235859
NC_047562.1,27688755,NC_047562.1 27688457 27690406,5,0.37122782476884486,0.19127961458513051
NC_047565.1,53665037,NC_047565.1 53646791 53701665,4,-0.37110416735710683,0.1914391450698161
NC_047568.1,56272836,NC_047568.1 56271983 56272945,8,-0.3710144581631761,0.19155493209433572
NC_047564.1,51077989,NC_047564.1 51075032 51081205,8,-0.3708012960345824,0.19183023824605447
NC_047559.1,1045842,NC_047559.1 1039197 1049681,5,-0.3705984935219096,0.19209239890631724
NC_047565.1,8175555,NC_047565.1 8174656 8176803,7,0.3703127544901948,0.1924621585184429
NC_047560.1,51582020,NC_047560.1 51556988 51604444,6,-0.37023183250725367,0.19256695776895139
NC_047565.1,44960645,NC_047565.1 44958578 44976977,14,0.37019570039030275,0.19261376297110128
NC_047561.1,5983735,NC_047561.1 5977831 5984272,3,-0.3700683414073685,0.1927788004519103
NC_047562.1,37237319,NC_047562.1 37234689 37247009,6,0.3700239660316371,0.19283632523123456
NC_047564.1,3884138,NC_047564.1 3882733 3884797,16,0.37000064450435977,0.1928665618295444
NC_047565.1,61114526,NC_047565.1 61112305 61118081,6,-0.37000013587884345,0.19286722130140585
NC_047559.1,13616900,NC_047559.1 13581043 13633722,6,0.36997164647448233,0.1929041622878581
NC_047560.1,52350746,NC_047560.1 52346143 52350970,8,0.3698779817619624,0.1930256450945333
NC_047561.1,52812846,NC_047561.1 52812785 52814923,6,0.3697589015383786,0.19318016214319364
NC_047568.1,29512540,NC_047568.1 29505489 29518058,10,-0.3696455520909974,0.19332731623753066
NC_047565.1,4820396,NC_047565.1 4810087 4830680,16,-0.3696192302660633,0.193361498342406
NC_047563.1,62639990,NC_047563.1 62637641 62645857,5,0.3696166076853194,0.19336490429486725
NC_047559.1,39087910,NC_047559.1 39087595 39118950,12,0.3695512913623845,0.19344974311010757
NC_047568.1,45819984,NC_047568.1 45811851 45822757,7,0.369543635349806,0.1934596889927223
NW_022994952.1,48737,NW_022994952.1 28444 64723,11,-0.36950883477985197,0.1935049023237983
NC_047564.1,34878219,NC_047564.1 34871224 34883512,6,-0.3694828354389929,0.19353868538382127
NC_047563.1,30119340,NC_047563.1 30073419 30628537,10,0.36940131001161425,0.19364464237940593
NC_047568.1,27467652,NC_047568.1 27463607 27475578,5,-0.36935977249095403,0.19369864209076806
NC_047566.1,43154481,NC_047566.1 43150874 43159366,9,-0.3693339771762107,0.19373218140948117
NC_047564.1,10917173,NC_047564.1 10899176 10932819,6,0.36923773744275595,0.19385734590152992
NC_047568.1,33005601,NC_047568.1 32993577 33025191,3,-0.3692120582306646,0.1938907516814118
NC_047564.1,24235072,NC_047564.1 24232319 24237385,4,0.36917042894216234,0.19394491451652057
NC_047564.1,34615469,NC_047564.1 34608792 34626896,5,-0.3691657385286483,0.19395101770139425
NC_047561.1,2564292,NC_047561.1 2563572 2578174,6,0.368917305302598,0.1942744548902304
NC_047561.1,25731831,NC_047561.1 25727770 25737971,17,0.3687700147299832,0.194466375763237
NC_047561.1,54600248,NC_047561.1 54590279 54609725,4,-0.3687040886672368,0.1945523170841707
NC_047561.1,26687308,NC_047561.1 26659747 26691696,6,-0.3686906139585172,0.19456988571214662
NC_047559.1,44876103,NC_047559.1 44873357 44880007,9,0.3686670238251104,0.19460064549035627
NC_047564.1,49565493,NC_047564.1 49563101 49566133,12,-0.36857451524308926,0.19472129967328172
NC_047564.1,55250844,NC_047564.1 55243489 55251281,3,-0.3685169812876447,0.1947963622657824
NC_047563.1,57434314,NC_047563.1 57417928 57435420,7,0.36848863604203486,0.19483335011476516
NC_047559.1,11477387,NC_047559.1 11474243 11511901,4,0.36846582363762376,0.19486312137915116
NC_047567.1,3134385,NC_047567.1 3112592 3138540,9,-0.36846363441469426,0.19486597857067334
NC_047562.1,41820046,NC_047562.1 41798011 41824395,5,-0.36834104357513464,0.19502601648901022
NC_047568.1,39324703,NC_047568.1 39324557 39328278,7,0.36822269870488006,0.1951805907838406
NC_047561.1,19528819,NC_047561.1 19527957 19544955,5,-0.3680724191606491,0.19537698838440945
NC_047559.1,12997822,NC_047559.1 12996777 13039155,9,-0.36794241923916654,0.1955469843143795
NC_047562.1,47474044,NC_047562.1 47471525 47474064,5,-0.367915292525156,0.19558246874430923
NC_047560.1,51038974,NC_047560.1 50935047 51246957,6,0.36763799306497286,0.19594543888193577
NC_047565.1,14074158,NC_047565.1 14069378 14076426,7,0.3676340923231967,0.19595054779723042
NC_047565.1,23790870,NC_047565.1 23776698 23796214,4,0.36757775256106057,0.19602434707524566
NC_047565.1,17276662,NC_047565.1 17234006 17280868,11,-0.3675637569870181,0.1960426825742325
NW_022994997.1,112555,NW_022994997.1 111375 119851,11,0.3675500079435497,0.19606069615727195
NC_047564.1,15772386,NC_047564.1 15760614 15805071,6,-0.36751595395878234,0.19610531719534396
NC_047563.1,40696316,NC_047563.1 40687639 40715948,12,-0.3673665266391057,0.19630118859007198
NC_047564.1,23939835,NC_047564.1 23939502 23941958,8,0.3673145256067549,0.19636938142473023
NC_047568.1,52204642,NC_047568.1 52202790 52212461,9,-0.36728476264934473,0.1964084185878793
NC_047560.1,45022047,NC_047560.1 45021296 45022265,5,-0.3669686381666163,0.19682335266199888
NC_047561.1,50120322,NC_047561.1 50086480 50121986,6,-0.3668697815418613,0.19695322269805302
NC_047564.1,27772515,NC_047564.1 27768060 27784819,6,0.36676176203911875,0.19709519244043433
NC_047565.1,5492722,NC_047565.1 5491879 5495414,3,0.36670366955696493,0.19717157011211742
NC_047568.1,34856645,NC_047568.1 34853080 34860370,14,-0.3666262926179463,0.19727333141462178
NC_047564.1,58939461,NC_047564.1 58936817 58949183,4,-0.3666243576024216,0.1972758766533163
NC_047561.1,18103052,NC_047561.1 18097275 18107607,7,-0.36653994672156104,0.19738692750814524
NC_047562.1,40490645,NC_047562.1 40490071 40523133,14,0.3665057153874447,0.1974319735245592
NC_047559.1,46338585,NC_047559.1 46322694 46348928,4,0.36640600337911544,0.1975632246883485
NC_047565.1,44901734,NC_047565.1 44896893 44906258,14,-0.3663786730602568,0.1975992093281407
NC_047566.1,11384673,NC_047566.1 11383138 11385360,3,-0.36633228610947394,0.19766029453187098
NC_047559.1,36742014,NC_047559.1 36741035 36751661,13,-0.3661817567464635,0.19785860348966164
NC_047559.1,28410347,NC_047559.1 28406524 28426386,3,0.36612414338467153,0.19793453734928804
NC_047563.1,22549564,NC_047563.1 22544644 22636846,8,0.36598544139520334,0.19811742112200234
NC_047565.1,60271023,NC_047565.1 60264031 60281200,7,0.3658001142723228,0.19836194923481534
NC_047563.1,231701,NC_047563.1 175641 457526,7,-0.365769666580574,0.1984021414631596
NC_047566.1,53771674,NC_047566.1 53770861 53778997,3,-0.3657058064801938,0.19848645625637784
NC_047562.1,22969095,NC_047562.1 22943870 22982986,6,0.36565526107241336,0.1985532077159561
NC_047563.1,37645990,NC_047563.1 37642957 37647356,3,-0.3656393187472027,0.19857426448179047
NC_047560.1,70912352,NC_047560.1 70595196 71158665,4,-0.3655906787345247,0.1986385174021014
NC_047567.1,15453123,NC_047567.1 15422015 15455207,10,-0.36554633988186586,0.19869710002923738
NC_047566.1,698623,NC_047566.1 694442 703872,8,0.36545796934616587,0.19881389212843284
NC_047568.1,54414918,NC_047568.1 54406139 54416177,17,-0.36544152875238606,0.1988356251183704
NC_047564.1,3586795,NC_047564.1 3584911 3610085,11,-0.36529285772479697,0.19903222331287648
NC_047568.1,39627420,NC_047568.1 39627048 39628319,7,-0.365259448773289,0.19907641928740566
NC_047561.1,23044253,NC_047561.1 23042119 23047036,9,-0.3652305474229466,0.19911465727547276
NC_047559.1,14762427,NC_047559.1 14761494 14770293,8,-0.36522611257052184,0.19912052522784607
NC_047560.1,65621142,NC_047560.1 65620894 65625763,8,-0.36516765390104994,0.19919788476959782
NC_047567.1,10659385,NC_047567.1 10658662 10703573,13,-0.3651377455697182,0.19923747043954243
NC_047566.1,7930539,NC_047566.1 7897374 7984365,10,0.3649935868126313,0.1994283441329357
NC_047565.1,44641124,NC_047565.1 44626625 44641844,3,0.3649641332185862,0.1994673564826925
NC_047564.1,35399742,NC_047564.1 35391426 35411542,4,0.36490199000746637,0.19954968328500183
NC_047559.1,51134810,NC_047559.1 51134618 51158588,9,0.36487014449522864,0.19959188029818514
NC_047565.1,31011834,NC_047565.1 31007622 31025408,10,0.36484270095180393,0.19962824900404705
NC_047560.1,44268393,NC_047560.1 43984502 44478438,7,0.3647857091791541,0.19970378900577496
NC_047560.1,64281738,NC_047560.1 64265790 64292353,7,0.3647125681332597,0.19980076067986588
NC_047568.1,41658415,NC_047568.1 41653028 41665054,5,0.3646961338087554,0.199822553699653
NC_047563.1,62633967,NC_047563.1 62624353 62635175,4,-0.36464509669978196,0.19989024194375574
NC_047560.1,70843934,NC_047560.1 70595196 71158665,11,-0.3646151725269876,0.19992993579845222
NC_047559.1,28024123,NC_047559.1 28018469 28029538,7,-0.3645767138419633,0.1999809578592412
NC_047561.1,816114,NC_047561.1 809935 860336,7,-0.36445216773358013,0.20014624632308897
NC_047568.1,35012708,NC_047568.1 35003725 35034700,15,0.36420829630031765,0.20047014524480197
NC_047561.1,7632296,NC_047561.1 7621414 7638350,17,-0.36420717855109375,0.2004716305523229
NC_047565.1,30734038,NC_047565.1 30702867 30757908,4,0.3641170036896162,0.20059148129310866
NC_047568.1,50313148,NC_047568.1 50312267 50313861,13,-0.36409243779125766,0.2006241395111184
NC_047565.1,27121742,NC_047565.1 26961604 27161359,3,0.36383634277301785,0.2009647960417465
NC_047562.1,29646632,NC_047562.1 29643817 29650498,5,0.36377734235836384,0.20104333002535985
NC_047568.1,52751361,NC_047568.1 52740846 52775156,12,0.3636355458274542,0.2012321513170911
NC_047561.1,45698207,NC_047561.1 45696876 45702737,8,0.3636288862093409,0.20124102226005872
NC_047565.1,35632524,NC_047565.1 35622601 35639061,3,0.36362812300353164,0.20124203890401443
NC_047568.1,9239344,NC_047568.1 9237036 9240252,14,0.36359922076446133,0.20128054111745391
NC_047560.1,21806272,NC_047560.1 21729176 21808087,9,0.3634232527563533,0.20151505810120915
NC_047566.1,44738477,NC_047566.1 44737961 44748970,4,0.3634023883371053,0.20154287609955712
NC_047563.1,8735750,NC_047563.1 8711079 8786874,16,0.36327944239602616,0.20170684614268447
NC_047562.1,34444392,NC_047562.1 34442333 34465500,11,-0.3631469745358144,0.20188360978867623
NC_047565.1,28377449,NC_047565.1 28373566 28383742,16,0.36311874203553673,0.2019212955901977
NC_047561.1,31911075,NC_047561.1 31907717 31953580,6,-0.3631055749728644,0.20193887300170774
NC_047565.1,5880323,NC_047565.1 5814753 5975394,3,-0.3630765639520226,0.20197760477088317
NC_047564.1,25185682,NC_047564.1 25184781 25187309,5,0.3630314465015733,0.20203784910255906
NC_047568.1,48991107,NC_047568.1 48974025 48991208,9,0.36295926041456467,0.20213426122594955
NC_047564.1,56097812,NC_047564.1 56094815 56098974,3,-0.3629052688290735,0.2022063916967161
NC_047567.1,5839666,NC_047567.1 5838039 5841072,5,-0.36289437548373416,0.20222094671807161
NC_047565.1,7902220,NC_047565.1 7901599 7932395,4,0.36288047143994046,0.20223952541313078
NC_047565.1,47028630,NC_047565.1 47013506 47035252,6,0.3627446074903933,0.2024211247310062
NC_047559.1,30655764,NC_047559.1 30651957 30671760,4,-0.3626798140671345,0.20250776562382933
NC_047565.1,23343247,NC_047565.1 23341357 23357863,3,0.362670988663416,0.20251956864911444
NC_047568.1,37808642,NC_047568.1 37803994 37809996,15,0.3626524948030938,0.20254430360284686
NC_047561.1,9948965,NC_047561.1 9946309 9955812,6,0.36262560597310317,0.20258026997091894
NC_047564.1,42171987,NC_047564.1 42170167 42174291,7,0.3626061981042643,0.20260623235097003
NC_047560.1,70845543,NC_047560.1 70595196 71158665,7,-0.362528701266422,0.20270992273553573
NC_047561.1,30345058,NC_047561.1 30326738 30433280,7,-0.3624993370331614,0.20274922069720616
NC_047563.1,27516661,NC_047563.1 27504250 27517278,7,0.36232235916758354,0.20298617100928246
NC_047559.1,5354881,NC_047559.1 5320973 5359020,4,0.36206517727752274,0.20333081593831887
NC_047561.1,5164772,NC_047561.1 5162322 5167369,12,0.362025939318261,0.2033834305270907
NC_047559.1,46915236,NC_047559.1 46906818 46926197,17,-0.36196545815267844,0.20346454720108828
NC_047564.1,4298545,NC_047564.1 4269572 4310412,17,-0.3618573470672286,0.2036095955190939
NC_047561.1,52514175,NC_047561.1 52510092 52519468,4,0.36175421757064175,0.20374802110228762
NC_047568.1,25394944,NC_047568.1 25214702 25590980,3,-0.3617346496055116,0.20377429291467197
NC_047568.1,47225591,NC_047568.1 47218765 47278318,4,-0.36170290431103636,0.20381691847513597
NC_047563.1,26611991,NC_047563.1 26602458 26613380,3,0.3615167530727837,0.20406698384242855
NC_047559.1,29659059,NC_047559.1 29635800 29716850,3,0.36149601967981193,0.20409484793158497
NC_047565.1,32362754,NC_047565.1 32359161 32364196,4,-0.3614862317145087,0.20410800304066262
NC_047568.1,30392408,NC_047568.1 30366088 30398230,5,-0.36136747494494187,0.20426765581360468
NC_047561.1,49760888,NC_047561.1 49755947 49761167,5,-0.36136456022592206,0.204271575258947
NW_022994939.1,67324,NW_022994939.1 36627 78464,4,-0.36129182442385177,0.2043693990353287
NC_047565.1,28642324,NC_047565.1 28634632 28646707,6,-0.36122318214388366,0.20446174447650964
NC_047568.1,56272687,NC_047568.1 56267998 56279938,3,-0.36113755361450045,0.2045769786815719
NC_047562.1,40497126,NC_047562.1 40490071 40523133,8,0.36113126227871123,0.20458544683446697
NC_047564.1,18149277,NC_047564.1 18129899 18158058,7,-0.36109028344241384,0.20464060985940155
NC_047559.1,14093255,NC_047559.1 14089786 14103927,5,-0.36090293831536613,0.20489292115783858
NC_047562.1,34502428,NC_047562.1 34499166 34528507,9,-0.36083529757058136,0.20498406607564823
NC_047563.1,21238719,NC_047563.1 21237352 21243758,3,0.36083248915452176,0.2049878509284261
NC_047561.1,54515539,NC_047561.1 54491204 54522223,3,-0.3607873711050949,0.20504866177238246
NC_047561.1,9971867,NC_047561.1 9965224 9984765,9,-0.3607737321703801,0.2050670467916033
NC_047559.1,5188036,NC_047559.1 5141559 5193888,8,0.36076960603612307,0.20507260894539392
NC_047560.1,43989807,NC_047560.1 43984502 44478438,10,-0.36074337851205274,0.2051079666667194
NC_047561.1,17363907,NC_047561.1 17357938 17381145,4,0.3605459144895072,0.2053742943841391
NC_047561.1,46951281,NC_047561.1 46949680 46960248,10,0.36046108888653905,0.20548876905364513
NC_047560.1,68008395,NC_047560.1 68006566 68009067,13,-0.36041353876835247,0.20555295694892986
NC_047567.1,13187378,NC_047567.1 13187237 13199017,8,-0.360407925632938,0.20556053495370388
NC_047566.1,38152001,NC_047566.1 38142921 38156368,4,-0.3603256409059967,0.20567164354509548
NC_047567.1,25716598,NC_047567.1 25716592 25725824,6,-0.3602445263971012,0.20578120905857206
NC_047568.1,27117278,NC_047568.1 27105476 27130925,3,-0.3602195258765998,0.20581498595789086
NC_047568.1,53075749,NC_047568.1 53072037 53077896,6,0.36012946325311296,0.20593669384969376
NC_047564.1,5736921,NC_047564.1 5734244 5745286,5,-0.36006180256808956,0.20602815828575555
NC_047564.1,24833845,NC_047564.1 24832491 24839185,11,0.36004145222649697,0.2060556731034735
NC_047567.1,12660556,NC_047567.1 12659611 12662672,5,0.36001073395406963,0.20609721033973027
NC_047561.1,2715409,NC_047561.1 2695918 2715956,4,0.3600018273979867,0.206109254768461
NC_047560.1,8425494,NC_047560.1 8381421 8431133,9,-0.3599954504655457,0.20611787863331266
NW_022994991.1,146433,NW_022994991.1 127034 148758,13,-0.359935157804826,0.206199426846512
NC_047562.1,2237250,NC_047562.1 2230281 2240984,4,-0.35984878815041843,0.20631628065447413
NC_047568.1,33397837,NC_047568.1 33376115 33406778,11,0.35984788680059226,0.20631750035555999
NC_047565.1,6170755,NC_047565.1 6169515 6185170,15,0.35984636650329377,0.20631955762288645
NW_022994890.1,171589,NW_022994890.1 169164 171965,3,-0.35984632011308837,0.20631962039834684
NC_047561.1,55508403,NC_047561.1 55499183 55517064,10,0.3597767750599619,0.20641374265215803
NC_047559.1,26260129,NC_047559.1 26257118 26267434,9,-0.3597561850959173,0.2064416142940959
NC_047565.1,59349740,NC_047565.1 59345642 59350729,3,-0.359641918669853,0.2065963343493962
NC_047568.1,34794992,NC_047568.1 34737038 34815407,10,0.35951586754246573,0.20676709596586992
NC_047559.1,13222626,NC_047559.1 13219836 13222841,11,-0.3594979954095857,0.20679131456148311
NC_047568.1,5442934,NC_047568.1 5438882 5444328,5,-0.35948426915466175,0.20680991627533585
NC_047563.1,58483797,NC_047563.1 58479132 58484359,10,-0.35918093168468856,0.20722126591672185
NC_047568.1,46263476,NC_047568.1 46254867 46266770,12,-0.35911179961401224,0.2073150865226616
NC_047564.1,16018936,NC_047564.1 16014476 16038616,3,0.3590019198143045,0.2074642617756073
NC_047568.1,42654380,NC_047568.1 42652357 42658436,6,0.3589838406418289,0.207488812934173
NC_047568.1,1827334,NC_047568.1 1803363 1875944,14,0.3589642313677681,0.20751544400837693
NC_047561.1,55450167,NC_047561.1 55446431 55473342,10,-0.3589462020374517,0.20753993128245474
NC_047562.1,21889120,NC_047562.1 21877523 21896740,16,-0.358778268330196,0.20776810472004925
NC_047560.1,70826652,NC_047560.1 70595196 71158665,9,0.35854992827702953,0.20807860616700444
NC_047565.1,41293712,NC_047565.1 41293591 41295286,9,-0.358390940680182,0.20829497308065076
NC_047568.1,51246579,NC_047568.1 51238373 51261653,14,-0.3582996964774459,0.20841921162030835
NC_047566.1,21173732,NC_047566.1 21173208 21176006,6,0.3580615532242643,0.20874368817652425
NC_047565.1,11139594,NC_047565.1 11129479 11149506,13,0.35805668530739504,0.20875032415504763
NC_047559.1,42412084,NC_047559.1 42411463 42412365,9,-0.35800963685721693,0.20881446777127963
NC_047567.1,16406548,NC_047567.1 16406333 16408965,4,0.3578781179338635,0.20899384015521139
NC_047560.1,70827425,NC_047560.1 70690070 71346242,5,-0.3576036157469494,0.2093685326337403
NC_047564.1,13909513,NC_047564.1 13900611 13928073,4,0.3575283873556404,0.209471292230542
NC_047566.1,17056909,NC_047566.1 17052544 17059307,9,-0.3575211833203412,0.20948113437715338
NW_022994949.1,105527,NW_022994949.1 103085 120679,5,0.3574555326057858,0.2095708397182429
NC_047563.1,37646018,NC_047563.1 37642957 37647356,8,0.3573748420848288,0.20968112856439297
NC_047565.1,5573086,NC_047565.1 5572742 5581331,4,-0.3572902766569217,0.20979675281860505
NC_047561.1,27343350,NC_047561.1 27341587 27348867,3,0.3572842122555544,0.20980504606637612
NC_047564.1,17631817,NC_047564.1 17631242 17635374,3,-0.3572716741336069,0.20982219297120905
NC_047562.1,51746757,NC_047562.1 51719248 51772729,10,-0.3572625741387196,0.2098346385081884
NC_047559.1,3130808,NC_047559.1 3115885 3130879,8,-0.3572183622465823,0.20989511115832882
NC_047568.1,51392351,NC_047568.1 51384115 51393729,8,-0.3572033957202149,0.20991558472629634
NC_047562.1,23967036,NC_047562.1 23950353 23971261,6,0.3571642502451256,0.20996913999439712
NW_022994916.1,9474,NW_022994916.1 8180 17065,5,-0.35709406504702523,0.21006518247073053
NC_047564.1,16237922,NC_047564.1 16221509 16246227,6,-0.357088812528614,0.2100723712053532
NC_047565.1,45391772,NC_047565.1 45357693 45397421,9,0.357002633544404,0.210190340094932
NC_047568.1,50267930,NC_047568.1 50256273 50292827,14,-0.3569479961371338,0.2102651538262657
NC_047564.1,4773225,NC_047564.1 4748569 4776624,7,0.35674107449521525,0.2105486384164493
NC_047560.1,70790848,NC_047560.1 70388123 71110591,7,-0.35667758602274774,0.21063566630929711
NC_047561.1,33149481,NC_047561.1 33095855 33158654,17,0.3564387319246182,0.2109632818907429
NC_047567.1,34593070,NC_047567.1 34587143 34593446,5,-0.35642469265973137,0.21098254828706792
NC_047563.1,6796777,NC_047563.1 6781313 6813015,4,0.3563186004646225,0.2111281766799624
NC_047568.1,42414614,NC_047568.1 42406012 42422760,11,0.3562616527833108,0.21120637243348825
NC_047559.1,3028001,NC_047559.1 3024612 3028882,3,0.3561670158800655,0.21133636004226342
NC_047565.1,9854111,NC_047565.1 9842383 9882001,13,-0.35614733906217255,0.21136339324881195
NC_047564.1,41755497,NC_047564.1 41749123 41768840,5,0.35613487476127925,0.21138051858432239
NC_047561.1,30670339,NC_047561.1 30663238 30672769,5,-0.35594515543718636,0.21164129107377627
NC_047562.1,44044025,NC_047562.1 43945692 44170954,5,-0.3559388885540656,0.21164990845460885
NC_047565.1,2334828,NC_047565.1 2334252 2335345,4,0.3557439265673711,0.21191810408595801
NC_047562.1,50253625,NC_047562.1 50244323 50272732,4,-0.3557083275870471,0.21196709812632394
NC_047564.1,31322289,NC_047564.1 31322133 31331764,7,-0.3556617612868441,0.21203119695433045
NC_047559.1,30482743,NC_047559.1 30469305 30489700,6,0.3556189564644639,0.21209012880399708
NC_047561.1,51487947,NC_047561.1 51420228 51491786,4,0.35545429327443046,0.2123169257921578
NC_047568.1,29383657,NC_047568.1 29368830 29430265,15,0.35545251521059257,0.21231937561780406
NC_047562.1,32263299,NC_047562.1 32259688 32263842,8,-0.3554448929005092,0.21232987787729618
NC_047565.1,56339474,NC_047565.1 56331967 56392561,12,0.3554414403571154,0.21233463500776267
NC_047561.1,44136183,NC_047561.1 44120129 44146756,5,0.3553713265934038,0.21243125659894035
NC_047559.1,18692076,NC_047559.1 18685841 18703247,11,-0.3553127832965117,0.21251195440253692
NC_047566.1,6014649,NC_047566.1 6004120 6014788,7,-0.35519023193920063,0.2126809450100656
NW_022994844.1,235873,NW_022994844.1 232970 236341,6,0.355183902526868,0.21268967515788695
NC_047568.1,44654007,NC_047568.1 44640712 44674764,9,0.35514745566303546,0.2127399506264479
NC_047561.1,47934903,NC_047561.1 47932963 47934918,16,-0.3550666828097485,0.2128513967148263
NC_047567.1,1846877,NC_047567.1 1846829 1857833,3,0.3549843737547311,0.21296500000218851
NC_047564.1,8518513,NC_047564.1 8513748 8520486,17,-0.3549177391291997,0.21305699720269564
NC_047564.1,21309058,NC_047564.1 21308466 21309393,4,0.3547323174891566,0.21331312534552224
NC_047568.1,29270808,NC_047568.1 29268519 29274997,3,0.3547172179234056,0.2133339912906178
NC_047565.1,30470254,NC_047565.1 30469751 30473181,4,0.354691969188488,0.2133688851315606
NC_047568.1,13769138,NC_047568.1 13752429 13837039,14,-0.35465302768256585,0.21342270943899605
NC_047561.1,52626850,NC_047561.1 52624215 52629902,7,0.3546455968734873,0.21343298114694023
NC_047565.1,47969954,NC_047565.1 47963960 47977354,10,0.35461095706113954,0.21348086831440788
NC_047568.1,11799244,NC_047568.1 11797477 11800527,4,-0.35434987207454216,0.21384201691486956
NC_047566.1,19613384,NC_047566.1 19599118 19617007,7,-0.354327881492084,0.21387245307879196
NC_047563.1,15558252,NC_047563.1 15557271 15564098,7,-0.35431476104409143,0.21389061378529384
NC_047561.1,49819661,NC_047561.1 49811158 49836187,8,0.35415339549774555,0.214114047336449
NC_047559.1,53441018,NC_047559.1 53433514 53446225,5,-0.3541338300187305,0.2141411484525622
NC_047565.1,15488088,NC_047565.1 15486462 15488954,5,-0.3540572954963884,0.21424718084501465
NC_047565.1,60084345,NC_047565.1 60069906 60091041,14,0.35404593187046907,0.2142629270311739
NC_047563.1,42385037,NC_047563.1 42351908 42406505,14,-0.35399622378992973,0.2143318143251567
NC_047561.1,30973212,NC_047561.1 30967195 30979646,14,-0.3539160711692549,0.21444292197969203
NC_047566.1,51847396,NC_047566.1 51846346 51850026,8,0.3539081859127442,0.21445385447830023
NC_047568.1,51671038,NC_047568.1 51661413 51673461,5,-0.35383573300284266,0.21455432300042995
NC_047561.1,8688643,NC_047561.1 8682706 8734273,10,-0.35382932675010587,0.21456320779756913
NC_047568.1,13783493,NC_047568.1 13752429 13837039,14,-0.35369008777091265,0.21475637446277587
NC_047563.1,15623216,NC_047563.1 15620946 15630870,3,0.3536605870577466,0.2147973148558327
NC_047568.1,55366811,NC_047568.1 55366160 55373426,16,0.35365081137570387,0.21481088239349738
NC_047565.1,16727952,NC_047565.1 16727528 16729969,12,0.3536124894243446,0.21486407408470604
NC_047561.1,44156478,NC_047561.1 44152967 44194437,4,0.3535925805481388,0.21489171128420867
NC_047560.1,64691799,NC_047560.1 64684330 64697090,3,-0.3535543636035922,0.21494476969722637
NC_047560.1,70845543,NC_047560.1 70831766 70847437,7,-0.35353970822234326,0.2149651186379341
NC_047563.1,1458591,NC_047563.1 1409225 1459678,4,-0.3535159070527011,0.21499816903834962
NC_047568.1,22840047,NC_047568.1 22839443 22846374,3,0.35350408870541833,0.21501458122404635
NC_047564.1,28680248,NC_047564.1 28634556 28742989,12,-0.3534246059317702,0.21512497962365484
NC_047560.1,54958893,NC_047560.1 54872854 54963434,6,-0.3533913952598892,0.2151711184200814
NC_047561.1,3292305,NC_047561.1 3291373 3294159,7,0.3533802261058721,0.21518663685060435
NC_047568.1,45292125,NC_047568.1 45284891 45311391,4,0.35336970399665785,0.21520125691689657
NC_047568.1,18252134,NC_047568.1 18250305 18252834,7,0.3532727086209185,0.21533605751925167
NC_047568.1,40362957,NC_047568.1 40354886 40368555,4,-0.35323135930131005,0.21539353932961183
NC_047568.1,36431012,NC_047568.1 36413594 36432276,11,-0.353183425749205,0.2154601862257812
NC_047559.1,28709451,NC_047559.1 28705954 28729110,6,-0.35315561134075263,0.21549886533971477
NC_047565.1,52761097,NC_047565.1 52741742 52794894,12,0.3528853046415719,0.21587498378983996
NC_047563.1,65946016,NC_047563.1 65943074 65974956,4,0.35286589204977353,0.2159020112347981
NC_047561.1,7879109,NC_047561.1 7858244 7890966,13,-0.3527956439477213,0.21599983278324533
NC_047562.1,52855505,NC_047562.1 52851727 52872031,10,-0.35277988342522315,0.21602178335362512
NC_047564.1,17321460,NC_047564.1 17316824 17344427,9,-0.35274421742986317,0.21607146254767473
NC_047566.1,24259834,NC_047566.1 24255148 24264557,10,-0.3527365916523606,0.21608208542573817
NC_047561.1,53972903,NC_047561.1 53963762 53999400,3,0.35271943900439806,0.2161059806393398
NC_047559.1,35209347,NC_047559.1 35177862 35223283,12,0.35271278864131295,0.21611524564995843
NC_047560.1,21048645,NC_047560.1 21033054 21066957,5,-0.35266989698909085,0.2161750064874305
NC_047559.1,31939350,NC_047559.1 31916762 31953766,11,-0.3526238348750107,0.2162391962195907
NW_022994829.1,114301,NW_022994829.1 109708 243958,11,0.3524766454516514,0.21644439145557878
NC_047568.1,13345306,NC_047568.1 13339142 13383066,8,0.35236936525547863,0.2165940262656674
NC_047568.1,47314743,NC_047568.1 47300571 47322008,11,0.3523293775111342,0.21664981784437276
NW_022994958.1,70017,NW_022994958.1 38466 86290,5,0.35203599130531604,0.2170594297527532
NC_047563.1,26479571,NC_047563.1 26469364 26481451,7,0.3520109106237874,0.21709446862894502
NC_047562.1,14708605,NC_047562.1 14699549 14714422,7,0.35195214698841476,0.21717657798415602
NC_047568.1,53901711,NC_047568.1 53885736 53905492,10,0.35194695593806674,0.21718383227591379
NC_047568.1,52279022,NC_047568.1 52275006 52289407,4,0.35194494159882805,0.21718664727770223
NC_047565.1,15497925,NC_047565.1 15490776 15503496,7,-0.35191358555382174,0.2172304697070243
NC_047568.1,53757245,NC_047568.1 53754283 53758291,4,0.35189698068310404,0.2172536784970859
NC_047561.1,55357783,NC_047561.1 55351876 55360392,8,0.3518133264668688,0.21737062635463397
NC_047560.1,21042121,NC_047560.1 21033054 21066957,5,0.35177610884459076,0.21742266889020553
NC_047568.1,46263490,NC_047568.1 46254867 46266770,13,-0.35172541097665294,0.21749357377550485
NC_047568.1,42321472,NC_047568.1 42320503 42330041,3,-0.3516793054619418,0.2175580684285342
NC_047559.1,42450600,NC_047559.1 42413147 42452290,8,-0.3516621320344472,0.21758209451092284
NC_047565.1,28902330,NC_047565.1 28901754 28904561,5,-0.35164465255245275,0.21760655047204516
NC_047567.1,9000022,NC_047567.1 8999014 9007737,5,-0.3515704601088825,0.21771037398625143
NC_047559.1,36759831,NC_047559.1 36756626 36760121,16,-0.351557068659018,0.21772911702259629
NC_047566.1,16925863,NC_047566.1 16924170 16926790,5,0.3515557323797359,0.21773098737056126
NC_047564.1,19636561,NC_047564.1 19625096 19645622,9,-0.35145053383419156,0.21787826191911736
NC_047564.1,32813996,NC_047564.1 32809348 32816207,4,-0.3514425191802704,0.2178894847216995
NC_047568.1,55260840,NC_047568.1 55212130 55285972,3,-0.351268870713062,0.21813273069094213
NC_047565.1,38609563,NC_047565.1 38595105 38611951,10,-0.3511193339223436,0.2183423368189265
NC_047568.1,23837623,NC_047568.1 23837066 23849319,7,-0.35105504521399744,0.21843248907298093
NC_047562.1,52857519,NC_047562.1 52851727 52872031,7,0.35100619992623944,0.218501000486604
NC_047561.1,31741062,NC_047561.1 31740835 31751288,5,-0.35100176046791665,0.21850722802712064
NC_047560.1,44393061,NC_047560.1 43984502 44478438,13,-0.35096159318060116,0.21856357853780325
NC_047567.1,32320599,NC_047567.1 32316710 32327994,11,0.3509147699737219,0.21862927804570068
NC_047568.1,34224428,NC_047568.1 34222977 34226869,3,-0.3508282238185193,0.2187507468164883
NC_047560.1,62869693,NC_047560.1 62653127 63119960,8,-0.3507526102066416,0.21885690603601943
NC_047564.1,55317034,NC_047564.1 55294839 55323283,6,0.3507207723514153,0.21890161502631428
NC_047561.1,44331864,NC_047561.1 44330068 44333425,3,0.35071546401347026,0.2189090699273124
NC_047559.1,51089864,NC_047559.1 51082318 51089886,9,-0.3506526047300944,0.21899736001227815
NC_047565.1,28515359,NC_047565.1 28513890 28515697,6,0.3502860022482601,0.21951271995670604
NC_047566.1,56202912,NC_047566.1 56191955 56228374,3,0.3502394593845169,0.21957820267029465
NC_047567.1,1412534,NC_047567.1 1294829 1462686,6,0.35022944323846494,0.2195922963126437
NC_047561.1,49758513,NC_047561.1 49734890 49767198,3,-0.3501793834736971,0.21966274347051878
NC_047559.1,53466329,NC_047559.1 53453777 53469885,3,0.3498624242604965,0.22010911456758844
NC_047562.1,46016044,NC_047562.1 46013561 46016995,5,0.34970296860120237,0.2203338880650155
NC_047565.1,25690931,NC_047565.1 25684960 25702970,3,-0.34966850915597714,0.22038248190686263
NW_022994972.1,189488,NW_022994972.1 155607 189585,3,-0.3496238141714366,0.2204455195865522
NC_047559.1,36364053,NC_047559.1 36361049 36380092,15,0.3495759304255293,0.2205130671392258
NC_047563.1,61879646,NC_047563.1 61873963 61883158,7,-0.34953047564807144,0.22057720016845853
NC_047559.1,51904356,NC_047559.1 51902663 51912566,9,-0.349469434366868,0.22066334276070632
NC_047567.1,33666490,NC_047567.1 33663702 33685116,4,-0.3494561938752872,0.22068203075187365
NC_047566.1,49891413,NC_047566.1 49870040 49906377,8,-0.3494458060492138,0.22069669310262346
NC_047565.1,12296938,NC_047565.1 12295327 12299906,8,-0.349348239769765,0.22083443687827506
NC_047566.1,47112710,NC_047566.1 47109765 47113541,17,0.34931741730902205,0.22087796305172194
NC_047563.1,25330037,NC_047563.1 25243506 25353034,7,-0.34925493085255505,0.2209662201591735
NC_047559.1,53164741,NC_047559.1 53162805 53167705,5,0.3490165512993185,0.22130311365694022
NC_047564.1,59270065,NC_047564.1 59265048 59275751,6,-0.34892634249218635,0.22143068589600545
NW_022994972.1,121765,NW_022994972.1 114210 134768,6,0.3489195432818471,0.22144030311292065
NC_047562.1,6945455,NC_047562.1 6872449 6974232,8,-0.34872340881290703,0.22171783948050225
NC_047559.1,36679562,NC_047559.1 36674835 36681555,10,-0.3485146411539382,0.22201348973076496
NC_047566.1,27687991,NC_047566.1 27686712 27690052,13,0.348493327654796,0.22204368702392202
NC_047568.1,19288417,NC_047568.1 19286938 19366463,4,-0.3483714303270813,0.22221644208851196
NC_047559.1,6579926,NC_047559.1 6577785 6589665,7,0.34836132007689113,0.22223077426580448
NW_022994924.1,35850,NW_022994924.1 21733 53456,5,-0.3483185638174437,0.22229139141197451
NC_047559.1,31732431,NC_047559.1 31731414 31757929,8,-0.3482817578627788,0.22234358081833092
NC_047564.1,24137781,NC_047564.1 24128897 24139102,10,-0.34805945431761187,0.22265896044416308
NC_047566.1,19614476,NC_047566.1 19599118 19617007,16,0.3480388398298864,0.22268822006778113
NC_047562.1,23821679,NC_047562.1 23793372 23842693,3,-0.3480081711246403,0.22273175478510887
NC_047565.1,48237731,NC_047565.1 48235710 48240469,5,-0.34800547540997273,0.2227355816479525
NC_047560.1,45412084,NC_047560.1 45398897 45421310,3,0.34795059808702417,0.2228134949108995
NC_047559.1,2093352,NC_047559.1 2091473 2156950,9,0.34794381687242343,0.22282312386175918
NC_047568.1,36048383,NC_047568.1 36047394 36057808,15,0.3478854341241077,0.2229060348383708
NC_047568.1,13803663,NC_047568.1 13752429 13837039,6,0.3478478199150556,0.2229594619793154
NC_047565.1,13164653,NC_047565.1 13119330 13220090,4,0.3476549329038993,0.22323356323831778
NC_047563.1,6006748,NC_047563.1 6006406 6011638,5,0.3476498732368504,0.22324075607158203
NC_047565.1,9241498,NC_047565.1 9225104 9252293,4,-0.3475822228619749,0.2233369418122999
NC_047566.1,42011900,NC_047566.1 42001108 42016082,7,0.3475768250919163,0.2233446175050168
NC_047565.1,1998768,NC_047565.1 1988726 2003963,5,0.3474034579923435,0.22359123468305903
NC_047561.1,6373029,NC_047561.1 6372314 6384313,3,0.34727133378033426,0.2237792967248484
NC_047566.1,19538168,NC_047566.1 19536716 19542006,7,0.34725600039134796,0.22380112821339843
NC_047559.1,29080299,NC_047559.1 29078469 29082613,6,-0.34723264564864226,0.22383438294564556
NC_047563.1,20187939,NC_047563.1 20096754 20197685,3,0.3471717415928864,0.22392111843281598
NC_047563.1,14620757,NC_047563.1 14614263 14626503,3,-0.3471531466862158,0.2239476042123059
NC_047560.1,66671204,NC_047560.1 66524951 66686620,12,0.34710492616705485,0.22401629648825944
NC_047560.1,70735394,NC_047560.1 70690070 71346242,7,-0.3469028093466235,0.22430436314083158
NC_047568.1,2060351,NC_047568.1 2053516 2084775,4,-0.34686714327752816,0.2243552199875652
NC_047565.1,58224457,NC_047565.1 58217781 58224947,10,-0.3464476857230627,0.22495386829690633
NC_047561.1,51356399,NC_047561.1 51353930 51359112,9,-0.3462629928841104,0.22521777498819698
NC_047559.1,22498593,NC_047559.1 22498167 22502613,8,0.346257677095284,0.22522537353287903
NC_047564.1,7711482,NC_047564.1 7702321 7715838,3,-0.346095149946257,0.2254577713206966
NC_047563.1,268064,NC_047563.1 175641 457526,6,0.3460504756014701,0.22552167725562666
NC_047563.1,41459719,NC_047563.1 41455117 41460196,4,-0.3459846250230018,0.22561589592037812
NC_047567.1,23392147,NC_047567.1 23385936 23393643,4,0.34598188134512886,0.22561982208962855
NC_047563.1,9653821,NC_047563.1 9637025 9666320,3,-0.3459668838254801,0.22564128410379697
NC_047566.1,30342465,NC_047566.1 30310453 30369466,5,0.3459549595116063,0.22565834914778155
NC_047559.1,46640697,NC_047559.1 46636932 46674355,7,-0.345931536301804,0.22569187274279115
NC_047562.1,31562916,NC_047562.1 31560112 31563316,17,0.34548030771143595,0.22633827914289043
NC_047559.1,36679377,NC_047559.1 36674835 36681555,4,-0.34538841846559976,0.22647005521111438
NC_047566.1,54573851,NC_047566.1 54572147 54616687,10,0.3452778865881776,0.22662862913833437
NC_047565.1,44370650,NC_047565.1 44364288 44384129,7,0.34526116583121763,0.22665262346138934
NC_047563.1,41458186,NC_047563.1 41455117 41460196,6,-0.34523809842338854,0.2266857278238605
NC_047568.1,37075544,NC_047568.1 37067424 37079320,7,0.3452324512338865,0.2266938326412862
NC_047565.1,45461961,NC_047565.1 45459789 45462666,3,0.3452302465399287,0.2266969968554428
NC_047568.1,39034792,NC_047568.1 39029333 39037156,5,-0.34522625512106225,0.22670272547704795
NW_022994946.1,138847,NW_022994946.1 121566 154910,8,-0.34522313985796954,0.22670719667202904
NC_047562.1,33987119,NC_047562.1 33984557 33988271,7,-0.3450690852457618,0.22692837233057694
NC_047562.1,50447745,NC_047562.1 50415953 50453033,8,0.345024604126413,0.22699225855469507
NC_047562.1,13258189,NC_047562.1 13246768 13275546,3,-0.3448889097950813,0.2271872189676847
NW_022994835.1,176347,NW_022994835.1 82577 319278,13,-0.3448732682430126,0.2272096988083646
NC_047568.1,40806078,NC_047568.1 40800930 40811640,5,-0.3448355744140523,0.22726387755735142
NC_047562.1,30945525,NC_047562.1 30935130 30953621,6,0.3447875732239702,0.227332883032409
NC_047561.1,9677789,NC_047561.1 9659364 9702309,7,0.3446693877719136,0.22750283913650693
NC_047560.1,70735490,NC_047560.1 70595196 71158665,4,0.3446230779534208,0.22756945620946684
NC_047561.1,5979879,NC_047561.1 5977831 5984272,3,-0.3446185685021735,0.2275759437385965
NC_047565.1,57641695,NC_047565.1 57630715 57647843,7,0.34450655712483635,0.22773712579782862
NC_047562.1,32580871,NC_047562.1 32567449 32607621,4,-0.3444502670112906,0.22781815275939524
NC_047568.1,34995994,NC_047568.1 34984825 34999108,16,-0.34431303871540564,0.22801576112093408
NC_047568.1,45569722,NC_047568.1 45562249 45571944,4,-0.34425686367453134,0.22809668358632162
NC_047564.1,51131399,NC_047564.1 51124968 51147091,3,-0.34419760683018047,0.22818206475990904
NC_047564.1,28652781,NC_047564.1 28634556 28742989,3,-0.3436595913104677,0.22895817710252184
NC_047563.1,57841157,NC_047563.1 57815039 57899568,3,-0.3436483060002782,0.22897447412699806
NC_047562.1,47473687,NC_047562.1 47471525 47474064,4,0.3435760685151642,0.22907880866657665
NC_047559.1,14328404,NC_047559.1 14302134 14331183,7,0.34356758100476475,0.22909106933355391
NC_047565.1,17395880,NC_047565.1 17387808 17414978,9,-0.3435158477948892,0.22916580951385282
NC_047559.1,25620788,NC_047559.1 25619584 25630234,7,0.34340235101568084,0.22932983373553734
NC_047562.1,38676645,NC_047562.1 38663308 38689938,6,0.3433469668576681,0.2294099005927843
NC_047564.1,52394903,NC_047564.1 52389067 52400214,8,0.3432470975145312,0.2295543216879542
NC_047561.1,535617,NC_047561.1 528875 544437,12,-0.34319280986020007,0.2296328506341552
NC_047565.1,14318476,NC_047565.1 14313458 14321434,6,-0.343040576976277,0.22985314916724817
NC_047559.1,1139919,NC_047559.1 1136639 1145504,15,0.3427425344599756,0.23028482868970185
NC_047564.1,30041505,NC_047564.1 30022882 30049596,7,0.34273295148020083,0.23029871680436131
NC_047560.1,4673188,NC_047560.1 4589306 4924767,5,-0.34266457740054773,0.23039782280539664
NC_047568.1,53755741,NC_047568.1 53754283 53758291,11,0.3425814856743641,0.23051829697358026
NC_047563.1,57968054,NC_047563.1 57967820 57970799,3,-0.34257240928308136,0.2305314591301198
NC_047568.1,18892679,NC_047568.1 18889685 18900607,5,-0.34229018162892744,0.23094096379719636
NC_047559.1,10044323,NC_047559.1 10043017 10047742,13,-0.34227494075058157,0.230963090657305
NC_047561.1,29337501,NC_047561.1 29335247 29338289,11,-0.3421514355724612,0.2311424449411712
NC_047559.1,20749065,NC_047559.1 20747827 20791081,10,-0.34210743115406905,0.23120636892600452
NC_047565.1,54206886,NC_047565.1 54202466 54247925,4,0.3421058180249759,0.23120871248051733
NC_047561.1,16953118,NC_047561.1 16901166 16954572,14,-0.3420240602494516,0.23132750938956426
NC_047561.1,6137610,NC_047561.1 6135736 6142554,8,-0.34195895563267686,0.23142213558673663
NC_047562.1,17438155,NC_047562.1 17421812 17438659,5,0.3419236420832676,0.23147347198715687
NC_047568.1,47494730,NC_047568.1 47492493 47499622,6,-0.34173722124845357,0.23174459407103026
NC_047564.1,42615059,NC_047564.1 42574900 42634915,5,-0.341572246725519,0.23198468877075892
NC_047566.1,45963103,NC_047566.1 45949296 45984413,5,0.3415007333031785,0.2320888130109305
NC_047560.1,27784836,NC_047560.1 27779829 27785852,4,-0.3414716476125104,0.23213117029604663
NC_047562.1,14812876,NC_047562.1 14797039 14823773,10,0.34147027526337975,0.2321331689560106
NC_047560.1,70743190,NC_047560.1 70690070 71346242,5,-0.3414587518971461,0.23214995175876305
NC_047568.1,1818617,NC_047568.1 1803363 1875944,6,0.3413805086402064,0.2322639261771715
NC_047563.1,1169360,NC_047563.1 1159022 1169779,12,-0.3412210479565025,0.23249631408489363
NC_047566.1,52974377,NC_047566.1 52973939 52976665,3,-0.3410405291741599,0.23275956348945973
NC_047562.1,52857611,NC_047562.1 52851727 52872031,3,-0.34091922280160725,0.23293656687393122
NC_047568.1,27657289,NC_047568.1 27635689 27693364,11,-0.34088285861697454,0.23298964357136873
NC_047565.1,22685854,NC_047565.1 22681859 22709612,10,-0.3408688990584823,0.23301002074142607
NC_047568.1,32309387,NC_047568.1 32304765 32309909,4,0.34083350964233267,0.23306168460890272
NW_022994848.1,383530,NW_022994848.1 383369 387174,10,-0.3408240711714512,0.23307546471925478
NC_047564.1,9941524,NC_047564.1 9937063 9943981,6,0.34072941114720096,0.23321369552116805
NC_047560.1,60509720,NC_047560.1 60505898 60552832,5,-0.34072512385469766,0.2332199573928351
NC_047565.1,42460251,NC_047565.1 42429809 42479412,4,0.3402815658630778,0.233868362124872
NW_022994958.1,122453,NW_022994958.1 105286 123087,9,0.3402257383389224,0.23395005075404005
NC_047568.1,16098885,NC_047568.1 16097495 16106227,6,0.3401790081017978,0.23401844143261552
NC_047560.1,4486668,NC_047560.1 3998385 4494423,5,-0.3401248379311726,0.2340977359972611
NC_047565.1,53869895,NC_047565.1 53868022 53875874,10,0.34009378607961394,0.23414319730191727
NC_047564.1,35058890,NC_047564.1 35058452 35059665,5,-0.3400892048967867,0.2341499048188142
NC_047568.1,50181816,NC_047568.1 50176045 50184430,8,0.34007651452552384,0.23416848598219905
NC_047568.1,52241148,NC_047568.1 52235715 52241897,3,-0.3400720855040116,0.2341749711416648
NC_047559.1,6593221,NC_047559.1 6590285 6594788,14,0.34006392734195995,0.2341869169545606
NC_047565.1,28537384,NC_047565.1 28526117 28566194,4,0.34001456692606374,0.23425920229271913
NC_047568.1,42490258,NC_047568.1 42482968 42490863,9,0.3400074370095522,0.23426964475737386
NC_047559.1,5015761,NC_047559.1 5013827 5017368,15,-0.33999401603473917,0.234289301872769
NC_047564.1,5736921,NC_047564.1 5734529 5740165,5,-0.3399664925901496,0.23432961743220077
NC_047561.1,18795429,NC_047561.1 18757187 18821843,4,-0.33990259297587855,0.23442323221845673
NC_047566.1,7025823,NC_047566.1 7019622 7026560,11,-0.33989932042902443,0.2344280272133076
NC_047568.1,30146845,NC_047568.1 30142251 30156446,11,-0.33954432088724046,0.2349485370523435
NC_047566.1,43265599,NC_047566.1 43253489 43270127,5,0.3394478624273873,0.23509008963755124
NC_047566.1,30587561,NC_047566.1 30584855 30590736,3,-0.3394475791962092,0.2350905053558513
NC_047567.1,30200430,NC_047567.1 30199793 30231788,8,-0.33937335868440244,0.2351994595852628
NC_047559.1,34003591,NC_047559.1 33997484 34038698,10,0.33935035203249525,0.23523323918903818
NC_047568.1,18876827,NC_047568.1 18874691 18878718,8,0.3392044359483006,0.23544755043329765
NC_047567.1,6005898,NC_047567.1 6005060 6019299,10,0.3390947918954036,0.2356086667750375
NC_047565.1,11408190,NC_047565.1 11384271 11464307,6,-0.3387324502357736,0.23614159090322862
NC_047561.1,2824159,NC_047561.1 2789962 2853802,7,-0.3387115280012753,0.23617238544366667
NC_047567.1,15467921,NC_047567.1 15465875 15469653,15,0.338672210619618,0.23623026168214964
NC_047567.1,13187450,NC_047567.1 13187237 13199017,4,-0.3384760240698138,0.2365191836359903
NC_047563.1,42784803,NC_047563.1 42784143 42789244,3,-0.33847062581209747,0.2365271366599529
NC_047565.1,21448183,NC_047565.1 21440869 21459504,7,0.33838399335398844,0.2366547910340881
NC_047565.1,54181644,NC_047565.1 54171371 54196829,6,-0.3383236824607261,0.23674368509819205
NC_047566.1,13365235,NC_047566.1 13364014 13368303,10,-0.3382853806509744,0.2368001499390887
NC_047560.1,54239300,NC_047560.1 54124262 54502908,3,-0.33827908878761365,0.2368094262455552
NC_047561.1,48634329,NC_047561.1 48632137 48658099,3,0.33824619980494414,0.23685791921120122
NC_047559.1,35330022,NC_047559.1 35326865 35333412,3,-0.33823024673187246,0.2368814433194163
NC_047565.1,31349415,NC_047565.1 31329699 31365831,5,0.3380738290001994,0.23711216995430312
NC_047563.1,1342417,NC_047563.1 1338573 1342725,17,0.3380563612190114,0.2371379446552501
NC_047560.1,70826652,NC_047560.1 70388123 71110591,9,0.3380422065283824,0.23715883196380572
NC_047562.1,32936222,NC_047562.1 32898252 32939854,5,0.3379937782432118,0.23723030348998242
NC_047559.1,37780919,NC_047559.1 37765920 37781095,13,-0.3379514050179154,0.23729284966070469
NC_047562.1,20457063,NC_047562.1 20430172 20488499,11,-0.3379249898443006,0.2373318456249371
NC_047562.1,36290817,NC_047562.1 36283958 36312402,3,0.3378890298491946,0.23738493865217564
NC_047568.1,49830977,NC_047568.1 49827479 49833274,6,-0.33784399183513975,0.23745144516627986
NC_047559.1,16390791,NC_047559.1 16389306 16415333,15,-0.3376258644269864,0.2377737101325543
NC_047565.1,6796958,NC_047565.1 6796106 6801689,16,0.3376168206076058,0.23778707740347865
NC_047561.1,53685420,NC_047561.1 53682061 53694137,3,-0.33745721198498174,0.23802306368143708
NC_047560.1,31476604,NC_047560.1 31474589 31477638,6,0.33741175760543435,0.23809029563480105
NC_047560.1,4618892,NC_047560.1 4589306 4924767,5,-0.3373920306902241,0.2381194775013582
NC_047565.1,38382459,NC_047565.1 38377728 38382646,4,0.3372889184984932,0.2382720462052463
NC_047562.1,30425021,NC_047562.1 30418656 30425188,8,-0.3372297558435398,0.2383596125472814
NC_047568.1,10902658,NC_047568.1 10866110 10904984,4,0.3371487309053672,0.23847956913103138
NC_047566.1,19658883,NC_047566.1 19656868 19660280,3,-0.3371190416341831,0.2385235330472482
NC_047565.1,1991037,NC_047565.1 1988726 2003963,4,0.33708965627240733,0.2385670518227552
NC_047559.1,5934593,NC_047559.1 5928056 5940618,5,-0.33695977499455393,0.2387594600734118
NC_047560.1,6371635,NC_047560.1 6361780 6373693,4,0.33678653635111483,0.2390162465233647
NC_047564.1,56482372,NC_047564.1 56460867 56490930,13,-0.3366950297813829,0.23915195219706903
NC_047565.1,59170771,NC_047565.1 59158271 59202607,8,0.3365587838060604,0.23935409450040246
NC_047559.1,7366647,NC_047559.1 7366327 7408045,10,-0.3365478220822972,0.2393703624838528
NC_047565.1,17063011,NC_047565.1 17060493 17075470,11,-0.3365359648024656,0.23938796029869686
NC_047565.1,13422319,NC_047565.1 13403639 13456801,10,-0.3364711060603855,0.23948423350052483
NC_047560.1,62629852,NC_047560.1 62628518 62641065,4,0.3361488852915086,0.2399628738077781
NC_047565.1,21482556,NC_047565.1 21480829 21490561,7,-0.33610633077768337,0.2400261297942538
NC_047562.1,35976582,NC_047562.1 35961520 36018993,6,0.3360661591945154,0.2400858529866603
NC_047564.1,46529072,NC_047564.1 46527100 46543004,7,0.3359897017067496,0.2401995476380982
NC_047559.1,42776207,NC_047559.1 42772790 42776607,8,0.33594753083819573,0.2402622711149505
NC_047563.1,30124186,NC_047563.1 30073419 30628537,4,0.3359153307380636,0.24031017116383094
NW_022994890.1,122225,NW_022994890.1 103447 131448,4,-0.33585026397012174,0.24040698065559096
NC_047565.1,30420692,NC_047565.1 30419705 30441488,4,0.33574406090986986,0.24056504594708167
NC_047565.1,53348964,NC_047565.1 53348905 53366335,8,0.33572779347733456,0.24058926288006519
NC_047559.1,51795022,NC_047559.1 51732705 51795885,5,-0.3356811354905781,0.24065872976448402
NC_047564.1,5456607,NC_047564.1 5448671 5469299,9,-0.33567117996028967,0.24067355367322515
NC_047566.1,57158634,NC_047566.1 57145072 57166521,3,-0.3355802349832658,0.24080899772330044
NC_047566.1,24225064,NC_047566.1 24198495 24236911,6,-0.335532245112437,0.24088048765630596
NC_047567.1,8613534,NC_047567.1 8612494 8658818,4,-0.335506916743582,0.2409182242528955
NC_047560.1,18754564,NC_047560.1 18751469 18757199,5,0.33537250767240623,0.2411185400552201
NC_047560.1,51545359,NC_047560.1 51538144 51547596,5,0.33536245766028694,0.24113352212325517
NC_047559.1,42268782,NC_047559.1 42267624 42273471,3,0.3352384795288073,0.24131838947761927
NC_047561.1,46907113,NC_047561.1 46895989 46908066,4,0.3351737582086842,0.24141493169586004
NC_047565.1,52204375,NC_047565.1 52202888 52210193,4,-0.33517301515002507,0.2414160402239064
NC_047561.1,23638036,NC_047561.1 23623959 23639891,12,0.33516962371687453,0.2414210997546237
NC_047563.1,38295897,NC_047563.1 38294920 38297969,3,0.3350517750764489,0.24159695322735253
NC_047560.1,19333210,NC_047560.1 19331792 19334906,14,-0.33503418177699446,0.24162321262020206
NC_047568.1,29034635,NC_047568.1 29021592 29047678,3,0.3350155971482279,0.24165095354428887
NC_047563.1,6093806,NC_047563.1 6081452 6120772,5,0.3349769969376039,0.24170857756622807
NC_047566.1,48169053,NC_047566.1 48165835 48172034,3,-0.33493634285557244,0.24176927676901075
NC_047565.1,32725643,NC_047565.1 32693745 32751974,4,0.3347675613149998,0.24202137820817182
NC_047565.1,5176757,NC_047565.1 5085538 5246064,6,0.3347485476303696,0.24204978815570968
NC_047564.1,51340831,NC_047564.1 51339527 51344950,14,-0.3346923129813028,0.24213382499953132
NC_047562.1,37506373,NC_047562.1 37490860 37509454,8,0.33453118660593567,0.24237471028114044
NC_047559.1,14781128,NC_047559.1 14775668 14794331,14,-0.33449879525596005,0.2424231532761268
NC_047568.1,29756789,NC_047568.1 29750745 29758201,6,-0.33447782199549636,0.24245452306045712
NC_047559.1,13311624,NC_047559.1 13305620 13315728,11,0.33444868241105175,0.24249811135919044
NC_047564.1,48318817,NC_047564.1 48293775 48343163,3,-0.3343671335191307,0.24262012127733007
NC_047566.1,19608641,NC_047566.1 19599118 19617007,11,-0.3343591473376018,0.24263207187004893
NC_047568.1,45576375,NC_047568.1 45574618 45576482,5,-0.33430387170627274,0.24271479666321008
NC_047565.1,12537079,NC_047565.1 12516161 12538779,5,0.33424344975816134,0.24280524305739104
NC_047563.1,10054656,NC_047563.1 10051485 10059441,17,-0.3342334380628999,0.24282023167944747
NC_047568.1,4359793,NC_047568.1 4341559 4381805,7,-0.33421896795437867,0.2428418960401526
NW_022994944.1,38064,NW_022994944.1 29907 40535,17,-0.33392461208153856,0.24328285588431522
NC_047564.1,53442647,NC_047564.1 53440579 53443150,12,0.33386421568845104,0.24337339305534966
NC_047562.1,50750165,NC_047562.1 50746056 50754616,12,0.3337211907636149,0.24358787641753035
NC_047563.1,327522,NC_047563.1 191191 650035,4,0.33369565486598096,0.24362618274206224
NC_047565.1,9241366,NC_047565.1 9225104 9252293,7,-0.3336839807471369,0.2436436962767524
NC_047565.1,23898486,NC_047565.1 23879889 23899562,3,-0.3336810412643401,0.24364810621527552
NC_047559.1,5120379,NC_047559.1 5120143 5124276,6,-0.3336235297679845,0.24373439722817186
NC_047568.1,12840942,NC_047568.1 12833942 12842872,16,0.3335864200437738,0.24379008704146438
NC_047566.1,57151650,NC_047566.1 57145072 57166521,4,0.3335829614598589,0.24379527766366219
NC_047561.1,30883053,NC_047561.1 30864115 30910882,15,-0.3335692339193561,0.2438158805394273
NC_047564.1,54265648,NC_047564.1 54232921 54281927,3,-0.33342917617534285,0.24402614581674553
NC_047563.1,40599979,NC_047563.1 40585583 40601722,12,-0.3333486080887638,0.24414715078832464
NC_047564.1,41756057,NC_047564.1 41749123 41768840,3,-0.33329249737758965,0.2442314449011738
NC_047560.1,55347254,NC_047560.1 55300845 55435494,3,0.3332810365364601,0.24424866449808735
NC_047563.1,61905730,NC_047563.1 61892206 61946023,4,-0.33316842403024155,0.24441790102976618
NC_047562.1,11158331,NC_047562.1 11154417 11162684,12,-0.3331369273850651,0.24446524766004663
NC_047560.1,16264043,NC_047560.1 16263868 16265714,4,-0.3330790719812003,0.24455223206782017
NC_047561.1,25433711,NC_047561.1 25430664 25434066,8,-0.3330651157560759,0.2445732177876615
NC_047563.1,14713191,NC_047563.1 14712396 14725924,4,0.3330480561470254,0.24459887149934986
NC_047564.1,31872239,NC_047564.1 31862684 31874903,12,-0.3330251574832391,0.24463330837789363
NC_047565.1,8094171,NC_047565.1 8083397 8095772,8,0.3329663054571935,0.2447218284068775
NC_047562.1,32079497,NC_047562.1 32079199 32082864,15,-0.3328153190684795,0.24494901806017103
NC_047560.1,25000313,NC_047560.1 24998439 25001616,4,-0.3328026921606995,0.24496802362359488
NC_047566.1,21190283,NC_047566.1 21182106 21190726,5,0.33262745276651706,0.24523188032919982
NC_047560.1,63106940,NC_047560.1 63059766 63303274,10,0.33262741090669107,0.2452319433779075
NC_047562.1,17097893,NC_047562.1 17054166 17098627,3,0.3326240983204095,0.24523693278216957
NC_047561.1,6263620,NC_047561.1 6257560 6268925,12,-0.3324741263084008,0.2454628847790226
NC_047563.1,62913693,NC_047563.1 62903228 62919188,7,0.3324274939990168,0.24553316813409037
NC_047568.1,10890649,NC_047568.1 10866110 10904984,14,0.33240884850603053,0.2455612737048152
NC_047565.1,17061265,NC_047565.1 17060493 17075470,7,-0.3323723810856516,0.2456162490929097
NC_047564.1,8228133,NC_047564.1 8227023 8231474,4,-0.33235660020818236,0.24564004141342854
NC_047566.1,27678782,NC_047566.1 27674723 27678887,5,-0.33226857307546187,0.24577278282330792
NC_047568.1,10314080,NC_047568.1 10309194 10413881,8,0.33226701791968094,0.245775128328676
NC_047560.1,70843934,NC_047560.1 70388123 71110591,11,-0.33211752318839305,0.24600066175143856
NC_047561.1,42012934,NC_047561.1 42003557 42093238,8,-0.3321053912064025,0.246018970042647
NC_047561.1,46327573,NC_047561.1 46295841 46343507,7,-0.33168328879419584,0.24665647816836908
NC_047563.1,6142268,NC_047563.1 6138624 6144324,5,-0.3316826907669445,0.24665738209062793
NC_047565.1,30195598,NC_047565.1 30191142 30200575,5,0.3316472349507048,0.24671097739855888
NC_047560.1,25000944,NC_047560.1 24998439 25001616,8,0.3315934001340453,0.24679236809607188
NC_047561.1,17526911,NC_047561.1 17526551 17531780,11,-0.3315462645404755,0.24686364391205323
NC_047562.1,7392418,NC_047562.1 7391390 7416625,3,-0.3314744465823291,0.24697226708508901
NC_047562.1,28193179,NC_047562.1 28192848 28195098,5,0.3314614096821408,0.24699198824218116
NC_047561.1,20231096,NC_047561.1 20207391 20238820,3,0.33142292702303777,0.24705020724776888
NC_047565.1,57805870,NC_047565.1 57778945 57807822,7,0.33133674659414064,0.24718061672194572
NC_047561.1,49462285,NC_047561.1 49454839 49464934,13,0.3311365573994923,0.2474837073790629
NC_047560.1,70918242,NC_047560.1 70595196 71158665,3,0.33108844070832155,0.24755659071366168
NC_047561.1,27275430,NC_047561.1 27271682 27275879,4,0.33108286273471405,0.24756504062774337
NC_047560.1,45189894,NC_047560.1 45180837 45190052,4,-0.3310680564537339,0.2475874710931015
NC_047565.1,6751376,NC_047565.1 6741163 6757763,7,0.3310532377090869,0.2476099216764893
NC_047559.1,27040566,NC_047559.1 27018826 27054205,6,-0.331036216867268,0.24763570999098247
NC_047568.1,44470805,NC_047568.1 44460764 44474174,5,0.3309956330662191,0.2476972051807384
NC_047562.1,42706888,NC_047562.1 42690353 42710757,4,-0.3309479612566091,0.24776945242749612
NC_047563.1,65937591,NC_047563.1 65937406 65940844,12,0.3308923021448402,0.24785382073288442
NC_047565.1,23162735,NC_047565.1 23162022 23163996,12,-0.3308905294240635,0.2478565081169119
NC_047560.1,70845543,NC_047560.1 70690070 71346242,7,-0.33085546878953076,0.24790966247613333
NC_047561.1,53722052,NC_047561.1 53721423 53727098,13,-0.3308395338271679,0.24793382327550717
NC_047564.1,18796799,NC_047564.1 18776232 18807010,9,0.33076101373781364,0.2480528973556408
NC_047561.1,8731242,NC_047561.1 8682706 8734273,3,0.3306526890517553,0.24821722649066172
NC_047559.1,40920918,NC_047559.1 40914691 40921337,10,-0.33061002805134665,0.24828196160043667
NC_047562.1,20982622,NC_047562.1 20973791 20985887,7,0.33056718407053304,0.24834698468793046
NC_047560.1,70912352,NC_047560.1 70388123 71110591,4,-0.3305523250458357,0.24836953822067162
NC_047559.1,31842703,NC_047559.1 31828393 31847077,7,0.3305343690526397,0.24839679409697601
NC_047561.1,17087265,NC_047561.1 17077188 17087795,15,-0.330510103534692,0.24843363025303788
NC_047565.1,33606646,NC_047565.1 33603644 33607019,15,0.33050773497999025,0.24843722600409987
NC_047568.1,40975957,NC_047568.1 40972728 40977912,4,-0.3304314134212044,0.2485531082293116
NC_047568.1,47595505,NC_047568.1 47589848 47605010,3,0.3303371264629983,0.24869631337939668
NC_047561.1,5435376,NC_047561.1 5425268 5444148,3,-0.3303054295324602,0.24874446663620528
NC_047566.1,7710033,NC_047566.1 7674237 7715471,13,-0.3302521848347022,0.24882536750909026
NC_047563.1,5827967,NC_047563.1 5827449 5828003,9,-0.330224643113392,0.24886722112160842
NC_047564.1,51113947,NC_047564.1 51113881 51117841,3,-0.3301442039734724,0.24898948444343943
NC_047560.1,18795469,NC_047560.1 18792647 18800649,9,-0.3301092458318819,0.24904263036743376
NC_047562.1,41305964,NC_047562.1 41304239 41307087,9,0.33005837695476753,0.2491199772513764
NC_047565.1,53212746,NC_047565.1 53212011 53213626,10,-0.3299760118805731,0.24924524547721755
NC_047564.1,1109711,NC_047564.1 1093827 1119467,4,0.32983737234302873,0.24945618726911456
NC_047561.1,28421380,NC_047561.1 28410488 28422196,6,-0.3297865259484538,0.24953357782911142
NC_047566.1,29575752,NC_047566.1 29571126 29577760,7,0.32976168830506386,0.24957138716313618
NC_047565.1,45461780,NC_047565.1 45459789 45462666,8,-0.32962349439847083,0.24978181757529297
NC_047561.1,5113971,NC_047561.1 5111413 5142723,7,-0.32956180993523515,0.24987578036866423
NC_047559.1,5027254,NC_047559.1 5022296 5033938,13,0.3295494153437123,0.24989466340477562
NC_047564.1,28686979,NC_047564.1 28634556 28742989,6,-0.32945900032661996,0.2500324359565829
NC_047560.1,51123489,NC_047560.1 50935047 51246957,3,0.3294158639195248,0.25009818255453403
NC_047566.1,23868923,NC_047566.1 23850576 23872015,10,-0.32936087367777356,0.25018201143763547
NC_047561.1,19004527,NC_047561.1 18997453 19007221,17,-0.32934650501492885,0.2502039182933884
NC_047567.1,33758226,NC_047567.1 33705880 33818320,5,-0.32933404969844915,0.25022290894991606
NC_047565.1,51652856,NC_047565.1 51644353 51674901,8,0.32925078016786075,0.25034989268815516
NC_047568.1,45662829,NC_047568.1 45661140 45704393,5,-0.3292507377937438,0.25034995731745685
NC_047560.1,44001163,NC_047560.1 43984502 44478438,15,-0.32905824853607357,0.25064364765744485
NC_047563.1,67521270,NC_047563.1 67517309 67522883,4,-0.32902262512919456,0.25069802292800325
NC_047559.1,36679584,NC_047559.1 36674835 36681555,6,0.32898284866488603,0.2507587458366313
NC_047559.1,15570967,NC_047559.1 15565023 15580990,5,-0.3289257716525102,0.25084589539846364
NC_047564.1,7233997,NC_047564.1 7226446 7235314,13,-0.3288695330978344,0.2509317826848461
NC_047559.1,8129934,NC_047559.1 8124516 8132415,6,-0.3288460712433473,0.25096761879710194
NC_047566.1,10061228,NC_047566.1 10060350 10070963,15,0.3287524057168087,0.2511107163159477
NC_047566.1,37660852,NC_047566.1 37655066 37677664,8,0.328718801221656,0.25116206763105337
NC_047562.1,28934392,NC_047562.1 28929402 28967220,5,-0.32863709767218224,0.25128694605055907
NC_047565.1,56578881,NC_047565.1 56552542 56584616,5,-0.32856347156194476,0.25139951084840845
NC_047559.1,10975282,NC_047559.1 10944328 10981619,9,-0.328388651144609,0.25166691095884375
NC_047561.1,24351487,NC_047561.1 24344014 24362615,3,0.32829726430668515,0.2518067620539316
NC_047563.1,43488106,NC_047563.1 43437116 43498428,13,-0.3282862676823162,0.2518235935772195
NC_047568.1,47603958,NC_047568.1 47589848 47605010,4,0.32827599044753425,0.25183932461257796
NC_047559.1,19992123,NC_047559.1 19991237 19998820,4,-0.32822158715922645,0.2519226078988209
NC_047559.1,11588288,NC_047559.1 11586792 11589103,6,0.32821169229871777,0.25193775723981043
NC_047565.1,43138194,NC_047565.1 43084672 43140764,14,-0.32818456453737527,0.251979293519206
NC_047560.1,70743617,NC_047560.1 70595196 71158665,6,-0.32815336344557766,0.2520270717443075
NC_047562.1,48752834,NC_047562.1 48726270 48765638,9,-0.3281271466905354,0.2520672216943837
NC_047561.1,58116291,NC_047561.1 58107699 58128445,8,0.3280565026290735,0.252175429620172
NC_047565.1,6805783,NC_047565.1 6803474 6806589,4,-0.3279915304376495,0.252274974559821
NC_047564.1,46645612,NC_047564.1 46633689 46649169,3,0.3279622174560797,0.2523198932327619
NC_047568.1,10800078,NC_047568.1 10796769 10807335,12,-0.327896202266393,0.2524210714135036
NC_047566.1,32932869,NC_047566.1 32931500 32934317,8,-0.3278219765964987,0.25253486269773484
NC_047568.1,33057674,NC_047568.1 33048704 33066789,4,0.32781453200072336,0.25254627730927726
NC_047559.1,20741153,NC_047559.1 20734037 20743392,3,0.3276545783844211,0.252791605562419
NC_047565.1,23911458,NC_047565.1 23902444 23912635,5,-0.327502926980245,0.25302433338707425
NC_047559.1,19068336,NC_047559.1 19047305 19074805,4,0.3274127466436817,0.2531627876659466
NC_047568.1,51540860,NC_047568.1 51534100 51554013,3,-0.3274031983291619,0.2531774499176199
NC_047561.1,7319687,NC_047561.1 7314753 7322070,7,-0.32737830260511197,0.253215681840608
NC_047562.1,29973688,NC_047562.1 29972875 29976433,3,0.3273457543240025,0.2532656709244807
NC_047565.1,47298122,NC_047565.1 47297347 47299660,13,0.3272624558035996,0.2533936316316845
NC_047562.1,35454785,NC_047562.1 35454603 35457544,8,-0.327221051196366,0.2534572506943943
NC_047564.1,34030329,NC_047564.1 34028106 34076107,7,0.32720701292110455,0.2534788229953795
NC_047565.1,12411711,NC_047565.1 12404326 12414040,14,-0.327165941717652,0.2535419425602245
NC_047566.1,54843581,NC_047566.1 54828390 54864139,14,0.32701617698605495,0.2537721863533465
NC_047565.1,10600896,NC_047565.1 10592702 10605044,14,-0.3270091878157193,0.2537829343781975
NC_047568.1,24038013,NC_047568.1 24018683 24052668,3,0.326996898538366,0.2538018336343509
NC_047559.1,24642505,NC_047559.1 24641211 24644860,5,0.3269859818887372,0.2538186226868798
NC_047562.1,13871730,NC_047562.1 13867152 13889323,5,-0.32693136376707116,0.253902631660301
NC_047564.1,1895081,NC_047564.1 1886692 1900096,4,-0.32681229438174814,0.25408583234037485
NC_047563.1,9718663,NC_047563.1 9709756 9818305,8,-0.3265506922283049,0.2544886149356227
NC_047562.1,50397802,NC_047562.1 50396552 50410069,7,0.32646307868097996,0.25462359756297237
NC_047565.1,52849196,NC_047565.1 52839572 52852568,11,-0.3264487617852719,0.2546456591300812
NC_047567.1,4533723,NC_047567.1 4527016 4840096,3,0.3264021061487718,0.25471756096801795
NC_047564.1,19639894,NC_047564.1 19625096 19645622,11,-0.32633814424892416,0.25481615371757693
NC_047561.1,50942159,NC_047561.1 50939807 50948556,5,-0.3262905306249185,0.2548895617110048
NC_047559.1,49896228,NC_047559.1 49888463 49897071,11,0.32623364304089714,0.2549772845076353
NC_047566.1,43154448,NC_047566.1 43150874 43159366,5,0.32621630093852166,0.25500403030651775
NC_047568.1,33335079,NC_047568.1 33331592 33336989,10,-0.3261878634241065,0.25504789163216884
NC_047565.1,36187513,NC_047565.1 36184627 36189657,3,0.32617335677271064,0.25507026808973116
NC_047563.1,1152053,NC_047563.1 1151070 1153334,13,-0.3261593400468156,0.25509188996449167
NC_047561.1,12724517,NC_047561.1 12721456 12725102,16,-0.32615430489094144,0.2550996573486758
NC_047562.1,37668546,NC_047562.1 37668100 37713971,3,-0.32612798134440724,0.255140267173879
NC_047561.1,2898161,NC_047561.1 2862168 2901684,7,-0.3257047573473213,0.25579371831120346
NC_047565.1,22397801,NC_047565.1 22387024 22400303,4,-0.3255837089794563,0.25598080053368355
NC_047563.1,28869312,NC_047563.1 28865433 28870400,8,-0.32554619363201714,0.25603879785853473
NC_047559.1,7984282,NC_047559.1 7980196 7985631,3,-0.3254670522312655,0.2561611734941012
NC_047561.1,50383947,NC_047561.1 50381432 50388165,3,-0.3254339272693335,0.25621240479257884
NC_047568.1,41960270,NC_047568.1 41959375 41962733,7,-0.32535273359358774,0.2563380056283167
NC_047564.1,48419322,NC_047564.1 48394687 48429349,9,-0.32523287058063394,0.25652349301057364
NC_047560.1,3255186,NC_047560.1 3218183 3644996,3,-0.325123203669286,0.2566932728320632
NC_047568.1,41395089,NC_047568.1 41392620 41395961,3,-0.3251094300816381,0.2567146010709211
NC_047564.1,20360675,NC_047564.1 20333294 20362176,4,0.32501648117214915,0.25685855928767404
NC_047565.1,57994877,NC_047565.1 57992583 57995681,5,-0.32495155597969755,0.2569591435396983
NC_047565.1,24124888,NC_047565.1 24106691 24152676,3,0.32491407786953513,0.2570172166677608
NC_047568.1,42034704,NC_047568.1 42027682 42035472,3,-0.32489285299606174,0.2570501085671208
NC_047565.1,47978256,NC_047565.1 47977661 47983645,6,-0.3247947782969244,0.2572021265334151
NC_047559.1,18239172,NC_047559.1 18227129 18241937,6,0.3246858717860705,0.2573709974934908
NC_047561.1,10992975,NC_047561.1 10980091 11000754,7,0.3246414477706989,0.25743990075682943
NC_047561.1,10899961,NC_047561.1 10890054 10900717,3,-0.3245820093655121,0.25753210925971975
NC_047564.1,23998543,NC_047564.1 23994907 24005527,3,-0.32444019858326606,0.25775218471596856
NC_047568.1,6515096,NC_047568.1 6514219 6547105,9,0.32437744323317014,0.2578496105655586
NC_047559.1,35562828,NC_047559.1 35562201 35567860,14,0.3243611959133745,0.2578748376678379
NC_047564.1,4036517,NC_047564.1 4035654 4039169,7,0.3241557564584367,0.2581939502763772
NC_047566.1,37310369,NC_047566.1 37306870 37316631,6,0.3241363200608969,0.2582241534646259
NC_047568.1,9726761,NC_047568.1 9724458 9727755,17,0.32413262393034536,0.2582298973069899
NC_047564.1,18233291,NC_047564.1 18186499 18235031,12,-0.3240359232760401,0.25838019889697367
NC_047565.1,1425585,NC_047565.1 1417173 1429577,7,-0.3239614498685944,0.25849598860646245
NC_047562.1,32905071,NC_047562.1 32898252 32939854,17,-0.32396090076287776,0.2584968424605728
NC_047568.1,20920937,NC_047568.1 20916958 20921466,6,0.3239018559198832,0.2585886665258622
NC_047567.1,28375163,NC_047567.1 28374800 28377191,9,0.32388762411914795,0.2586108021606309
NC_047559.1,39384916,NC_047559.1 39383961 39400389,9,-0.3238608529615405,0.25865244415241917
NC_047562.1,50424855,NC_047562.1 50415953 50453033,14,0.3237341003344254,0.2588496600490783
NC_047561.1,24348481,NC_047561.1 24344014 24362615,3,-0.32370872125373895,0.2588891585227153
NC_047563.1,268064,NC_047563.1 191191 650035,6,0.32370573313685885,0.2588938092865025
NC_047562.1,14859977,NC_047562.1 14819506 14866507,3,-0.3236915514174428,0.2589158826782741
NC_047562.1,1203905,NC_047562.1 1160746 1220027,3,-0.3236192438539053,0.25902844468167463
NC_047568.1,9919375,NC_047568.1 9917653 9919859,8,0.3236125282804504,0.2590389003842831
NC_047562.1,21801748,NC_047562.1 21793983 21806199,9,-0.3235230982903647,0.2591781611443264
NC_047568.1,38818517,NC_047568.1 38812245 38823150,12,-0.3235050081750133,0.25920633662189274
NC_047568.1,48228586,NC_047568.1 48224653 48230240,14,0.32340371761809106,0.25936413137806075
NC_047565.1,40460185,NC_047565.1 40445923 40467093,4,-0.32339554190643127,0.2593768703691916
NC_047565.1,34308590,NC_047565.1 34288611 34396138,7,-0.32333165900098626,0.2594764225180753
NW_022994945.1,225664,NW_022994945.1 190480 232078,6,0.32329219175888335,0.25953793790995416
NC_047566.1,19518332,NC_047566.1 19517594 19520879,15,0.32321667767224765,0.25965566194149636
NC_047565.1,26160308,NC_047565.1 26159411 26163876,10,-0.3231801246469643,0.25971265845798286
NC_047568.1,31711200,NC_047568.1 31710311 31718078,8,-0.323103775262506,0.2598317330208715
NC_047561.1,53510784,NC_047561.1 53508564 53512640,3,0.3230552761713313,0.259907389280175
NC_047565.1,52768562,NC_047565.1 52741742 52794894,10,-0.3228461110825645,0.2602338284367285
NC_047561.1,47663822,NC_047561.1 47659724 47668234,4,-0.32270597214513635,0.2604526777862674
NC_047565.1,15717964,NC_047565.1 15715187 15721501,10,-0.32268980138369585,0.2604779381262307
NC_047564.1,46870281,NC_047564.1 46864014 46879540,5,0.3226780742992848,0.26049625792052017
NC_047568.1,53242802,NC_047568.1 53235338 53245859,5,-0.32249598564611787,0.2607808121122803
NW_022994997.1,281335,NW_022994997.1 271927 296848,3,-0.3224355552674791,0.26087528930698795
NC_047563.1,46680230,NC_047563.1 46669959 46680776,3,0.32241944824418445,0.26090047458617216
NC_047565.1,33506991,NC_047565.1 33499050 33546646,14,0.322400742289243,0.26092972544134907
NC_047566.1,31101634,NC_047566.1 31089262 31105395,6,0.32232000809650624,0.2610559936089683
NC_047568.1,40912769,NC_047568.1 40911979 40929239,5,0.32222380797003597,0.26120649835905557
NC_047566.1,21974875,NC_047566.1 21974133 21977079,4,0.3221225518549311,0.2613649694293144
NC_047559.1,54114436,NC_047559.1 54096132 54115591,9,0.32208831172423846,0.26141857006010893
NC_047559.1,36352598,NC_047559.1 36343544 36353973,5,0.3220565819113088,0.26146824684486664
NC_047564.1,35961054,NC_047564.1 35897478 36007922,4,0.32204495966329816,0.26148644426965517
NC_047568.1,54739546,NC_047568.1 54729958 54793813,13,0.3220429119860169,0.26148965047971195
NC_047565.1,54238884,NC_047565.1 54202466 54247925,6,0.32203905996361004,0.2614956819593769
NC_047565.1,61703759,NC_047565.1 61670769 61721276,3,-0.32193044433032,0.26166578620052977
NC_047567.1,33370359,NC_047567.1 33321868 33379756,12,-0.32180018710327707,0.261869871123745
NC_047561.1,52267419,NC_047561.1 52265926 52275520,11,0.3217940486960933,0.26187949103622227
NC_047561.1,14170434,NC_047561.1 14144067 14206047,11,0.32167938016576625,0.2620592347997013
NC_047568.1,36554782,NC_047568.1 36552134 36562147,5,0.32163430845446483,0.2621299052894475
NC_047567.1,26855995,NC_047567.1 26855344 26861219,3,-0.32161502113300666,0.2621601504649833
NC_047564.1,1840546,NC_047564.1 1832977 1843068,7,0.3215947401888336,0.26219195603488354
NC_047567.1,25318993,NC_047567.1 25318773 25334066,3,0.3215824808574518,0.26221118284079636
NC_047566.1,57465401,NC_047566.1 57465376 57467831,16,-0.32147679130521034,0.26237697510859304
NC_047563.1,8595348,NC_047563.1 8539299 8599653,16,0.32140430858727537,0.2624907130602055
NC_047565.1,42467482,NC_047565.1 42429809 42479412,7,0.3213328509444448,0.2626028714202578
NC_047565.1,32535516,NC_047565.1 32530830 32567104,5,-0.32128229549400844,0.26268223950312986
NC_047561.1,37672940,NC_047561.1 37669095 37680090,4,0.3210796231556353,0.2630005634826803
NC_047559.1,35530125,NC_047559.1 35529821 35532937,4,-0.3209006764164924,0.2632818152929019
NC_047559.1,47540973,NC_047559.1 47529136 47559517,6,0.3208527165225176,0.2633572247893035
NC_047561.1,23019156,NC_047561.1 23018383 23026944,16,-0.3208136153999788,0.26341871481447154
NC_047562.1,14559534,NC_047562.1 14557590 14559754,15,0.3207711417067147,0.26348551825332917
NC_047565.1,44404370,NC_047565.1 44399219 44406562,16,0.32074957055842296,0.2635194496538208
NC_047568.1,30016887,NC_047568.1 30015214 30031060,15,-0.3207394238537749,0.26353541131783803
NC_047559.1,725799,NC_047559.1 717881 725870,4,0.3207382877913385,0.2635371984805948
NC_047564.1,25987339,NC_047564.1 25985977 25995814,3,0.3207066329638493,0.2635869982477774
NC_047565.1,23915804,NC_047565.1 23912771 23925107,3,-0.3206903486738839,0.26361261908996336
NC_047566.1,5638525,NC_047566.1 5637206 5650881,3,0.320605146252592,0.2637466963972793
NC_047559.1,3815987,NC_047559.1 3810845 3817983,6,-0.3204995702513122,0.2639128908722053
NC_047562.1,46709661,NC_047562.1 46700185 46710772,3,0.32043257436359407,0.2640183862363513
NC_047559.1,43837776,NC_047559.1 43824936 43839493,3,-0.32030023580909595,0.26422684788878587
NC_047561.1,47463911,NC_047561.1 47455036 47473258,4,-0.3202360017891246,0.26432806577249907
NC_047562.1,6864539,NC_047562.1 6863025 6865460,7,0.3198995718925247,0.26485858008112156
NC_047565.1,18482224,NC_047565.1 18480225 18516453,9,0.3197772416680557,0.26505163966969103
NC_047564.1,57426668,NC_047564.1 57417761 57437483,8,0.31975514046463144,0.2650865284069942
NC_047565.1,14400078,NC_047565.1 14397652 14400216,5,-0.3196509244812774,0.26525107971862977
NC_047561.1,45974839,NC_047561.1 45945399 45975678,8,-0.3196238782786926,0.2652937941669625
NC_047565.1,54147890,NC_047565.1 54139256 54155121,8,-0.31960704807397333,0.2653203764220741
NC_047560.1,6371206,NC_047560.1 6361780 6373693,13,0.319601969548861,0.26532839794746244
NC_047565.1,35044327,NC_047565.1 34935400 35147420,3,0.3195878865135555,0.2653506428464065
NC_047562.1,29766197,NC_047562.1 29758286 29767613,10,0.3194789544502778,0.2655227444712742
NC_047568.1,40843080,NC_047568.1 40842663 40849425,9,0.3194710774755681,0.2655351918799117
NC_047564.1,56548851,NC_047564.1 56544759 56558669,7,0.31938848651093404,0.2656657253618005
NC_047562.1,13680156,NC_047562.1 13667161 13680362,6,-0.3192244611417863,0.2659250781141753
NC_047562.1,51749224,NC_047562.1 51719248 51772729,15,0.31917359762064335,0.2660055329472111
NC_047565.1,30184235,NC_047565.1 30181318 30187622,9,0.3191477499431624,0.26604642382568716
NC_047566.1,48806596,NC_047566.1 48805479 48808461,8,-0.31912994573914943,0.26607459215954554
NC_047565.1,10838778,NC_047565.1 10835333 10846072,8,-0.31902609574270707,0.2662389305158934
NW_022994945.1,449913,NW_022994945.1 449323 451851,12,-0.3190180696780056,0.2662516339576956
NC_047564.1,30357166,NC_047564.1 30320626 30357270,6,0.3190067053509928,0.2662696217316979
NC_047559.1,50016538,NC_047559.1 49973792 50032433,5,-0.3189649721481947,0.2663356844383726
NC_047568.1,34207282,NC_047568.1 34203798 34207869,8,0.31886452119547165,0.26649473614575686
NC_047563.1,63816761,NC_047563.1 63809383 63816976,5,-0.3188265070362236,0.26655494167755833
NC_047562.1,14781366,NC_047562.1 14778681 14783268,3,-0.318814570851375,0.2665738474766669
NC_047568.1,36615519,NC_047568.1 36610202 36621654,11,0.3188090424736037,0.2665826041807499
NC_047568.1,53721945,NC_047568.1 53720460 53726873,6,-0.3188055830349769,0.2665880838647948
NC_047561.1,7792563,NC_047561.1 7788039 7798580,5,-0.31878141855453335,0.2666263618117445
NC_047566.1,54675489,NC_047566.1 54661304 54678663,5,0.3187672142535959,0.26664886378497277
NC_047559.1,1440429,NC_047559.1 1437367 1441727,5,0.31876565162834836,0.2666513393122955
NC_047568.1,55301915,NC_047568.1 55301421 55304283,5,0.31860891680824655,0.26689970999056467
NC_047568.1,55374622,NC_047568.1 55373214 55377350,13,-0.31848531350771886,0.26709567601093576
NC_047568.1,25309349,NC_047568.1 25214702 25590980,8,-0.31843976629735793,0.2671679101806118
NC_047560.1,56538406,NC_047560.1 56520543 56542167,3,0.31843469743614916,0.2671759497030837
NC_047564.1,28607175,NC_047564.1 28603920 28610944,3,0.3181825183713909,0.2675761033573203
NC_047562.1,37441320,NC_047562.1 37431591 37442434,9,-0.31801810090030785,0.2678371908149247
NC_047561.1,54098035,NC_047561.1 54096663 54102593,3,0.31801768582325296,0.26783785013064026
NC_047561.1,33037513,NC_047561.1 33036809 33042625,3,0.31795895838493193,0.2679311435891082
NC_047559.1,7392457,NC_047559.1 7366327 7408045,17,-0.31795668381487807,0.26793475732417876
NC_047562.1,41252530,NC_047562.1 41245030 41256964,5,-0.31783150717932046,0.26813367718623643
NC_047561.1,10370875,NC_047561.1 10365299 10380759,6,0.31781965285673425,0.26815251961268005
NC_047568.1,4310592,NC_047568.1 4307261 4330818,13,-0.31776237780554906,0.268243569338018
NC_047568.1,36653298,NC_047568.1 36650323 36662053,3,-0.31768611028282745,0.26836483987133597
NC_047560.1,18846203,NC_047560.1 18807551 18945840,4,-0.31752803736623014,0.268616290603831
NC_047568.1,36114398,NC_047568.1 36102426 36135503,6,-0.3175085510459105,0.2686472977252572
NW_022994996.1,96379,NW_022994996.1 92404 96755,7,0.3174380842832983,0.26875944401273905
NC_047562.1,14937403,NC_047562.1 14924749 14954768,4,0.317402378985739,0.2688162788508689
NC_047564.1,4127244,NC_047564.1 4113919 4173330,10,0.3174013397605773,0.26881793317188785
NC_047559.1,29617700,NC_047559.1 29616427 29621171,11,-0.3173193036148526,0.26894854395987056
NC_047568.1,35105090,NC_047568.1 35100983 35106792,11,-0.3170375278801533,0.2693974506625749
NC_047566.1,5989143,NC_047566.1 5983895 5990072,7,0.3168541245091192,0.26968987659326105
NC_047568.1,17095005,NC_047568.1 17089413 17098412,3,0.31683026757488,0.2697279289661111
NC_047568.1,23625888,NC_047568.1 23614091 23640869,12,0.3167894445482785,0.26979305007295373
NC_047567.1,23392185,NC_047567.1 23385936 23393643,6,0.3166549642352407,0.2700076399917761
NC_047565.1,35686020,NC_047565.1 35672166 35687228,3,0.3166138414157463,0.2700732798603126
NC_047563.1,10753531,NC_047563.1 10687222 10762113,7,-0.3164583541948474,0.27032155299994653
NC_047561.1,6806330,NC_047561.1 6805912 6808482,6,0.31642938998498693,0.27036781640518465
NC_047560.1,33397044,NC_047560.1 33394689 33402640,5,-0.3163437642388336,0.2705046106330334
NC_047561.1,30660349,NC_047561.1 30655665 30663235,7,-0.316257614667746,0.2706422832736121
NC_047565.1,43029096,NC_047565.1 43021625 43033859,4,0.3162316305896289,0.27068381570979355
NC_047562.1,28353554,NC_047562.1 28339018 28354048,14,-0.31619665983011486,0.27073971826579196
NC_047561.1,4522743,NC_047561.1 4521279 4558257,13,-0.3161367469508815,0.2708355080456642
NC_047559.1,22551833,NC_047559.1 22537184 22555202,10,-0.31612646841073416,0.2708519435849615
NC_047559.1,12174817,NC_047559.1 12171758 12177452,5,0.3160433632364136,0.2709848517934285
NC_047564.1,49498506,NC_047564.1 49482814 49503060,8,-0.3160373176889441,0.27099452181296524
NC_047565.1,11422039,NC_047565.1 11384271 11464307,8,0.31598535833333036,0.27107764069518514
NC_047561.1,55134859,NC_047561.1 55130697 55135208,6,-0.3159762124040087,0.2710922729197903
NC_047564.1,33796096,NC_047564.1 33793349 33800389,4,-0.31590765870165727,0.2712019643387539
NC_047568.1,13818524,NC_047568.1 13752429 13837039,9,0.3158194881306654,0.27134308312101013
NC_047563.1,10342305,NC_047563.1 10324355 10366465,9,-0.31569001727213686,0.27155038296799455
NC_047561.1,56018349,NC_047561.1 56012715 56027833,8,-0.31562222246956173,0.2716589688991553
NC_047559.1,53886088,NC_047559.1 53885641 53906150,7,-0.3156209969069801,0.27166093210208564
NC_047560.1,51478852,NC_047560.1 51477413 51487927,8,0.31556927541079505,0.27174379136794935
NC_047568.1,53342865,NC_047568.1 53328077 53374145,3,-0.3155529823886804,0.2717698963507828
NC_047560.1,70843934,NC_047560.1 70690070 71346242,11,-0.31553238901258174,0.2718028935733517
NC_047565.1,35673311,NC_047565.1 35672166 35687228,8,0.3154635578770415,0.2719132005069164
NC_047562.1,24522938,NC_047562.1 24505604 24525332,13,0.3153472540243672,0.27209964639467915
NC_047564.1,18149273,NC_047564.1 18129899 18158058,4,-0.3153421384437616,0.2721078488896993
NC_047568.1,5115212,NC_047568.1 5096603 5132794,5,-0.31514472881538474,0.2724244944027501
NC_047562.1,47513341,NC_047562.1 47506854 47524615,7,-0.31497039804798393,0.2727043032868191
NC_047566.1,2209195,NC_047566.1 2207687 2211323,4,-0.3147790165134222,0.2730116758943188
NC_047563.1,38345379,NC_047563.1 38338011 38346315,5,0.3147208935891419,0.27310506622481145
NC_047560.1,70743617,NC_047560.1 70690070 71346242,6,-0.31463662392607106,0.27324050210082534
NC_047562.1,16582772,NC_047562.1 16490268 16585530,12,0.31458536852444774,0.2733228978630397
NC_047561.1,12407052,NC_047561.1 12400301 12409240,3,-0.314449960309476,0.273540644649011
NC_047564.1,53749004,NC_047564.1 53737694 53752420,4,-0.31442375221054786,0.2735828011674695
NC_047568.1,10806539,NC_047568.1 10796769 10807335,14,-0.3143661873730541,0.27367540947996555
NC_047565.1,13137611,NC_047565.1 13119330 13220090,10,-0.31426385570444226,0.27384008303420476
NC_047563.1,38268621,NC_047563.1 38266508 38270023,3,-0.31419729476729574,0.273947225372702
NC_047566.1,50004929,NC_047566.1 49983777 50028481,3,0.31418887099853354,0.2739607867842802
NC_047559.1,31735257,NC_047559.1 31731414 31757929,9,0.3141883864737658,0.27396156683202466
NC_047568.1,8892789,NC_047568.1 8881118 8921742,3,0.31418494359671795,0.2739671096381701
NC_047565.1,42566403,NC_047565.1 42565730 42570329,5,0.3140186443659337,0.27423491969688246
NC_047566.1,25232778,NC_047566.1 25223632 25233402,9,0.3139968528500772,0.2742700244879752
NC_047568.1,36116309,NC_047568.1 36102426 36135503,7,-0.31394697036268354,0.2743503921374133
NC_047565.1,9614134,NC_047565.1 9582102 9614386,5,-0.31369269822975493,0.2747602770247164
NC_047568.1,46067372,NC_047568.1 46057175 46076658,4,0.3135311138966853,0.27502093835495794
NC_047564.1,42915994,NC_047564.1 42913265 42921485,3,-0.3134431644513494,0.2751628764217012
NC_047565.1,61713558,NC_047565.1 61670769 61721276,5,0.31341918796740775,0.2752015786314663
NC_047568.1,48370905,NC_047568.1 48370067 48373499,6,-0.31326020317875175,0.27545828929307503
NC_047561.1,23645059,NC_047561.1 23643047 23653396,8,0.31319578268831594,0.2755623485879823
NC_047568.1,39031273,NC_047568.1 39029333 39037156,5,0.31301920737269673,0.2758476924591128
NC_047566.1,24460148,NC_047566.1 24459102 24475215,7,0.3129375892815786,0.27597964555073157
NC_047565.1,13040504,NC_047565.1 13038919 13040599,4,-0.31289207234879396,0.27605324963278427
NC_047559.1,25926499,NC_047559.1 25902515 25936705,3,0.3128446322537188,0.27612997597159505
NC_047564.1,46067485,NC_047564.1 46063698 46068093,6,-0.3127564843717525,0.2762725737975032
NC_047559.1,5026336,NC_047559.1 5022296 5033938,8,0.31271102904108844,0.2763461244316852
NC_047561.1,56322562,NC_047561.1 56304366 56325811,5,-0.3126593819637868,0.2764297079086458
NC_047564.1,54976993,NC_047564.1 54975795 54977492,16,-0.31264457824318515,0.2764536683916628
NC_047559.1,688213,NC_047559.1 642341 696154,3,-0.31238641101158615,0.2768717212072247
NC_047560.1,51642212,NC_047560.1 51629755 51664241,3,0.3122956947784442,0.2770187076707401
NC_047565.1,35436370,NC_047565.1 35430669 35443595,13,-0.3122423986354403,0.27710508431586
NC_047562.1,50875676,NC_047562.1 50872190 50883045,12,-0.3121953968201331,0.27718127301078666
NC_047568.1,24684977,NC_047568.1 24616791 24689333,7,-0.3121503267229423,0.27725434207675087
NC_047559.1,9544182,NC_047559.1 9542421 9544310,5,-0.3121448804568486,0.2772631725068472
NC_047559.1,36679341,NC_047559.1 36674835 36681555,17,0.3119651267743147,0.277554713651797
NC_047561.1,18157274,NC_047561.1 18149304 18163495,8,-0.3118683162841844,0.27771180491983555
NC_047565.1,6825587,NC_047565.1 6823842 6837355,16,0.3117900257760714,0.2778388828397306
NC_047568.1,51540863,NC_047568.1 51534100 51554013,10,0.3117236091832908,0.2779467144528199
NC_047561.1,27616858,NC_047561.1 27594703 27618816,9,-0.3117161277534714,0.27795886258544966
NC_047566.1,38105953,NC_047566.1 38104934 38106490,6,0.31167090079930154,0.2780323075076423
NC_047566.1,46252076,NC_047566.1 46250569 46253998,3,-0.3116552230107258,0.2780577696471369
NC_047565.1,46567532,NC_047565.1 46554962 46574084,11,0.3115085895677007,0.27829598226767316
NC_047559.1,51961777,NC_047559.1 51952770 51966975,3,0.3114486773599184,0.27839334702832863
NC_047565.1,56625362,NC_047565.1 56615648 56636746,5,-0.3114297314764157,0.2784241406239683
NC_047563.1,23454207,NC_047563.1 23431210 23473174,12,-0.31126992707386947,0.27868395796029205
NC_047565.1,7685897,NC_047565.1 7685237 7711057,12,-0.31119345698225787,0.27880833718523584
NC_047561.1,23177600,NC_047561.1 23177456 23212457,11,0.31117249580409057,0.2788424364353077
NC_047567.1,9246931,NC_047567.1 9233512 9248398,4,-0.31116804265955994,0.2788496810441747
NC_047559.1,12836048,NC_047559.1 12832141 12852961,4,0.31111874256953415,0.27892989244062205
NC_047559.1,52738860,NC_047559.1 52712488 52750617,8,0.3110986681695654,0.2789625574532668
NW_022994897.1,501879,NW_022994897.1 465521 523306,14,0.3110709147292927,0.27900772150066394
NC_047562.1,27017558,NC_047562.1 27005585 27019044,5,0.3109544480493648,0.2791972984671235
NC_047566.1,49436489,NC_047566.1 49412896 49443499,8,-0.3109438405302354,0.2792145684814147
NC_047568.1,34223159,NC_047568.1 34222977 34226869,7,0.3109168126699176,0.27925857516799174
NC_047565.1,12555172,NC_047565.1 12544932 12560246,8,0.31087399050902004,0.27932830647223367
NC_047560.1,70743190,NC_047560.1 70388123 71110591,5,-0.31086684483943067,0.2793399434306155
NC_047565.1,12462050,NC_047565.1 12460472 12467986,3,-0.3107980981551659,0.27945191429062183
NC_047560.1,71935825,NC_047560.1 71921522 71989278,4,-0.31068368899856913,0.27963831641686876
NC_047562.1,6930708,NC_047562.1 6872449 6974232,14,0.31065003381093875,0.2796931633900458
NC_047559.1,6770109,NC_047559.1 6769041 6770723,6,0.3105614931329988,0.2798374861152219
NC_047559.1,13548972,NC_047559.1 13546378 13569943,9,0.31052178230085664,0.27990222967767714
NC_047565.1,41675622,NC_047565.1 41663767 41721524,6,-0.31047099320820964,0.2799850478406744
NC_047563.1,51412439,NC_047563.1 51411525 51414663,8,0.31046665446408644,0.27999212339239715
NC_047564.1,35487706,NC_047564.1 35485384 35488435,5,-0.31039735924855216,0.28010514317174146
NC_047565.1,2178472,NC_047565.1 2175657 2186074,9,0.3101736279104994,0.2804702303275095
NC_047565.1,14751992,NC_047565.1 14736729 14755158,5,-0.3101351205305913,0.28053309536356025
NC_047563.1,28922082,NC_047563.1 28919132 28923962,3,0.31008227959761986,0.28061937409292387
NC_047564.1,39493150,NC_047564.1 39480816 39498633,17,0.31007809353544863,0.28062620976818775
NC_047564.1,15807090,NC_047564.1 15805614 15814356,5,-0.3100712100374478,0.28063745046374694
NC_047568.1,7202163,NC_047568.1 7196069 7261030,6,0.30998833021644095,0.28077281336742177
NC_047563.1,10753531,NC_047563.1 10720000 10772863,7,-0.30993954889882336,0.2808525031119087
NC_047561.1,39379625,NC_047561.1 39372293 39384464,17,0.30989992857672966,0.2809172371545148
NC_047568.1,53328523,NC_047568.1 53328077 53374145,4,0.30985604979150355,0.2809889391896384
NC_047567.1,2410218,NC_047567.1 2322945 2547497,3,-0.3098141035833951,0.2810574932960107
NC_047568.1,22489770,NC_047568.1 22488388 22495438,16,-0.3098103131865589,0.2810636885552699
NC_047561.1,46322592,NC_047561.1 46295841 46343507,10,-0.30979795538266375,0.281083887473946
NW_022994881.1,53027,NW_022994881.1 52420 54600,11,0.3097528555803291,0.28115761068022876
NC_047568.1,3306365,NC_047568.1 3299096 3309750,12,-0.30970092224199464,0.28124251856256344
NC_047562.1,37698480,NC_047562.1 37668100 37713971,6,0.30962876647018994,0.2813605139817813
NC_047567.1,34841187,NC_047567.1 34839566 34841272,4,-0.30959808680587736,0.28141069288339976
NW_022994924.1,35923,NW_022994924.1 21733 53456,9,0.3095643767484092,0.281465834299772
NC_047566.1,46263037,NC_047566.1 46256045 46281934,6,-0.30950415129612746,0.2815643642650084
NC_047565.1,6752958,NC_047565.1 6741163 6757763,8,-0.30943587308875065,0.28167609325767295
NC_047560.1,44755257,NC_047560.1 44751260 44758400,8,0.30943326049907766,0.28168036896194776
NC_047565.1,55744049,NC_047565.1 55741038 55760777,3,0.3094067500099027,0.28172375758177787
NC_047559.1,7148554,NC_047559.1 7134890 7149244,14,-0.3094030178065745,0.281729866240473
NC_047559.1,712545,NC_047559.1 703983 736455,6,-0.30939261265451024,0.28174689721503465
NC_047565.1,53533844,NC_047565.1 53527958 53540062,4,0.3092695573941488,0.28194835794174977
NC_047565.1,19697682,NC_047565.1 19694729 19709550,6,-0.3091625085794344,0.28212368258068987
NC_047563.1,15376405,NC_047563.1 15372194 15378299,8,0.3091357911673995,0.2821674503869582
NC_047562.1,18234549,NC_047562.1 18217108 18236871,5,0.30906578463465945,0.2822821523223865
NC_047564.1,37877247,NC_047564.1 37851279 37912830,9,0.30906196918356194,0.28228840452219883
NC_047562.1,34577142,NC_047562.1 34560315 34591975,7,0.3090612646239826,0.28228955905967695
NC_047564.1,24915944,NC_047564.1 24913777 24941512,6,0.30904095692767214,0.28232283777572487
NC_047559.1,31734032,NC_047559.1 31731414 31757929,8,-0.3090381983249726,0.2823273585432314
NC_047564.1,42597598,NC_047564.1 42574900 42634915,17,-0.3089643561178181,0.2824483861688512
NC_047559.1,1747398,NC_047559.1 1744821 1783121,10,0.3088360937071347,0.28265868126077176
NC_047563.1,8799125,NC_047563.1 8796381 8813780,5,-0.30865643398092696,0.28295340066756974
NC_047563.1,66771168,NC_047563.1 66737942 66776831,4,0.3084921811183383,0.28322300429291364
NC_047564.1,1559476,NC_047564.1 1554675 1570419,4,-0.30841933213852685,0.28334262649884967
NC_047564.1,32720314,NC_047564.1 32718291 32727961,4,-0.30835122007954835,0.28345449728013494
NC_047563.1,23446102,NC_047563.1 23431210 23473174,11,-0.3082903485191229,0.283554497864204
NC_047562.1,31718137,NC_047562.1 31712207 31780006,8,0.3081553675662927,0.2837763202962138
NC_047568.1,30021313,NC_047568.1 30015214 30031060,3,-0.3080985121075149,0.2838697848611781
NC_047568.1,37788238,NC_047568.1 37770881 37790042,3,-0.30809266686089953,0.2838793948749523
NC_047561.1,50101725,NC_047561.1 50086480 50121986,17,-0.3080646535947343,0.2839254533914551
NC_047559.1,37539563,NC_047559.1 37519271 37542681,7,-0.30798495577358836,0.28405651402141346
NC_047562.1,29271847,NC_047562.1 29264397 29276303,10,0.3079464880741537,0.2841197856959985
NC_047559.1,53793157,NC_047559.1 53790174 53796061,10,0.3078741416203564,0.28423880357996034
NC_047563.1,38295520,NC_047563.1 38294920 38297969,4,-0.3077234358560365,0.28448682521203494
NC_047564.1,8962828,NC_047564.1 8958394 8969583,12,0.307692299016214,0.2845380840156405
NC_047560.1,52335320,NC_047560.1 52324204 52339652,3,0.3076682135206196,0.2845777383144811
NC_047560.1,51601924,NC_047560.1 51556988 51604444,5,-0.3076652459621246,0.2845826243198589
NC_047560.1,27783274,NC_047560.1 27779829 27785852,10,0.3076420314822695,0.2846208480379987
NC_047565.1,22805564,NC_047565.1 22801942 22805577,10,0.30759571000006214,0.28469712751867365
NC_047559.1,14438880,NC_047559.1 14422484 14441486,3,0.3075032558763309,0.2848494114015551
NC_047568.1,49700700,NC_047568.1 49689018 49702387,4,-0.3074071806959903,0.2850077103016493
NC_047565.1,30671572,NC_047565.1 30665007 30702504,3,-0.30722076372181956,0.2853150087550037
NC_047561.1,25216499,NC_047561.1 25201455 25222457,5,-0.3071672621914454,0.28540323908122217
NC_047568.1,45296386,NC_047568.1 45284891 45311391,12,-0.30715815637400556,0.2854182572413702
NC_047561.1,4570110,NC_047561.1 4569004 4573699,9,0.3071563308111658,0.285421268185034
NC_047559.1,36730898,NC_047559.1 36730328 36734626,11,-0.3070667943620179,0.2855689656320811
NW_022994890.1,171589,NW_022994890.1 133600 184413,3,-0.30701213523679166,0.2856591522206694
NC_047565.1,13486433,NC_047565.1 13473578 13503028,3,-0.3069803274062778,0.2857116422694496
NC_047565.1,56005923,NC_047565.1 56000594 56008821,9,-0.3069443412870081,0.28577103425379635
NC_047562.1,31566071,NC_047562.1 31564669 31568324,5,-0.30689672254629874,0.28584963600947755
NC_047568.1,19922805,NC_047568.1 19919741 19939033,6,0.3068700142775584,0.2858937274981646
NC_047560.1,47394077,NC_047560.1 47393372 47396375,5,0.3067859169040643,0.2860325861564964
NC_047561.1,36247346,NC_047561.1 36246317 36260135,4,0.3067191696931656,0.28614282498441856
NC_047565.1,33340353,NC_047565.1 33339597 33346012,5,-0.3066738066466077,0.2862177602244759
NC_047559.1,543476,NC_047559.1 543090 560260,3,0.3066720970713187,0.2862205844977986
NC_047560.1,44272009,NC_047560.1 43984502 44478438,5,-0.3066689595728572,0.28622576778861814
NC_047564.1,8565633,NC_047564.1 8553548 8571279,5,-0.3065855047232384,0.28636365921957685
NC_047562.1,23573660,NC_047562.1 23570109 23579485,8,0.3065667207566158,0.2863947011083598
NC_047567.1,18706743,NC_047567.1 18691773 18707798,4,0.30648284858852987,0.28653333011857707
NC_047561.1,24226547,NC_047561.1 24205140 24290503,8,0.3064771125394527,0.2865428124457311
NC_047565.1,48279193,NC_047565.1 48241763 48281629,6,0.3063133115212904,0.2868136713876448
NW_022994939.1,102702,NW_022994939.1 96668 123730,12,-0.3063080971584831,0.2868222962447298
NC_047568.1,49129506,NC_047568.1 49108627 49135358,13,0.3061252604936547,0.2871248147586154
NC_047564.1,7598352,NC_047564.1 7595127 7600473,5,-0.3060000886077016,0.28733202985615935
NC_047568.1,48564269,NC_047568.1 48562378 48565208,17,0.3058968127329649,0.2875030632697232
NC_047564.1,43316638,NC_047564.1 43287407 43321781,5,-0.3057697896585181,0.2877135057757311
NC_047566.1,8587927,NC_047566.1 8583694 8588258,11,-0.3056938769004594,0.28783931551539677
NC_047559.1,1107587,NC_047559.1 1101769 1129964,4,-0.30567380234372094,0.28787259033784124
NC_047565.1,25792838,NC_047565.1 25792334 25801700,6,-0.305670970559867,0.28787728437642623
NC_047567.1,5704429,NC_047567.1 5629969 5721745,6,-0.30565713996156346,0.2879002109799831
NC_047564.1,10169266,NC_047564.1 10167553 10169569,4,-0.30565175580095105,0.28790913644450106
NW_022994965.1,30040,NW_022994965.1 23230 30682,7,0.3054200468757135,0.2882933999334328
NC_047559.1,22278743,NC_047559.1 22267553 22279149,5,-0.30537568785291924,0.2883669986592659
NC_047566.1,46231405,NC_047566.1 46217151 46248257,17,0.3052308737997097,0.28860734491730883
NC_047562.1,23821679,NC_047562.1 23821492 23826115,3,-0.30522977853047684,0.28860916316985386
NC_047566.1,5808518,NC_047566.1 5703482 5813652,9,-0.3051468823615072,0.288746798256198
NC_047565.1,10430936,NC_047565.1 10423417 10433584,8,-0.30509940451953,0.2888256444860421
NC_047563.1,1193340,NC_047563.1 1184566 1219600,3,-0.3050969163135898,0.28882977698531914
NC_047566.1,50086073,NC_047566.1 50067896 50094239,15,-0.3050774331675223,0.2888621364702436
NC_047563.1,66774402,NC_047563.1 66737942 66776831,10,-0.3050440369119228,0.2889176091205137
NC_047562.1,28251079,NC_047562.1 28249552 28264061,3,-0.3050024788020389,0.2889866476717121
NC_047560.1,34308257,NC_047560.1 34308236 34309624,4,-0.30499137431550305,0.2890050966712966
NC_047565.1,10432843,NC_047565.1 10423417 10433584,7,-0.30485678512705716,0.2892287579925209
NC_047561.1,47176128,NC_047561.1 47117211 47186158,5,-0.304765871775926,0.2893798957453964
NC_047568.1,44840957,NC_047568.1 44838405 44851527,3,-0.30472632231229513,0.2894456586636547
NC_047566.1,48873547,NC_047566.1 48842698 48879900,7,0.30463222976348014,0.28960215104174003
NC_047565.1,38804663,NC_047565.1 38804182 38814665,8,-0.3046099323598477,0.2896392427749134
NC_047563.1,20143999,NC_047563.1 20096754 20197685,3,0.30458458880754785,0.28968140514873136
NW_022994881.1,54374,NW_022994881.1 52420 54600,7,-0.3043774646172382,0.29002611828533464
NW_022994955.1,141715,NW_022994955.1 129497 146085,3,-0.3043744653507589,0.2900311116715456
NC_047568.1,4419168,NC_047568.1 4413988 4422167,3,-0.3043618793684643,0.29005206623284374
NW_022994829.1,112040,NW_022994829.1 109708 243958,6,0.3042482447551055,0.2902412979904002
NC_047559.1,21446162,NC_047559.1 21412783 21480279,6,0.3041987656088598,0.290323716422139
NC_047564.1,31873173,NC_047564.1 31862684 31874903,8,-0.3041909506181687,0.290336735263094
NC_047566.1,17135254,NC_047566.1 17130718 17145903,15,-0.3041478813036019,0.29040848971537614
NC_047566.1,24632890,NC_047566.1 24631187 24634390,16,-0.3039403997679933,0.29075430378585904
NC_047568.1,1695901,NC_047568.1 1694627 1707662,13,-0.3039234500715982,0.2907825648403695
NC_047568.1,34222868,NC_047568.1 34209716 34223050,16,-0.30385779293597126,0.2908920533222133
NC_047565.1,58652709,NC_047565.1 58637860 58656165,6,0.3038279113070013,0.29094189127839476
NC_047565.1,54001244,NC_047565.1 53996589 54006621,7,0.30376117981889833,0.29105320712283844
NC_047561.1,49759395,NC_047561.1 49734890 49767198,16,0.3036771416644056,0.2911934278574995
NC_047561.1,28424413,NC_047561.1 28422092 28441781,7,-0.3035594095009428,0.2913899345837614
NC_047563.1,58483723,NC_047563.1 58479132 58484359,8,-0.30343231689717237,0.2916021516630415
NC_047565.1,32695030,NC_047565.1 32693745 32751974,3,0.30335930304660536,0.2917241097311719
NC_047561.1,24377808,NC_047561.1 24373867 24379101,4,-0.303349147724778,0.2917410749442262
NC_047563.1,2400454,NC_047563.1 2378144 2413938,14,0.3032459333229453,0.2919135348584346
NC_047568.1,33262381,NC_047568.1 33248468 33270970,8,-0.30320484028141237,0.2919822133594893
NC_047564.1,4602111,NC_047564.1 4593104 4615410,10,-0.30318426886933253,0.2920165977504286
NC_047561.1,3293845,NC_047561.1 3291373 3294159,5,-0.30317712761457277,0.2920285346585334
NC_047566.1,46268591,NC_047566.1 46262962 46273363,4,0.30315709512950323,0.2920620213200105
NC_047560.1,44284579,NC_047560.1 44283963 44284878,3,0.3031548535012551,0.29206576860533406
NC_047564.1,58861258,NC_047564.1 58860373 58863963,3,0.30313354095318606,0.2921013977684636
NC_047567.1,24151835,NC_047567.1 24139347 24153069,10,-0.3030704288353456,0.2922069200548114
NC_047559.1,52731250,NC_047559.1 52712488 52750617,9,-0.3029823152936646,0.29235428143566033
NC_047564.1,41000543,NC_047564.1 40990505 41001945,6,0.30296644283190605,0.29238083119868236
NC_047563.1,37224163,NC_047563.1 37212613 37224711,16,-0.30295163022055044,0.2924056094249954
NW_022994865.1,3123102,NW_022994865.1 3079566 3131997,7,-0.30270093205716997,0.29282515776718976
NC_047566.1,27970563,NC_047566.1 27942051 27982575,3,0.3026749515635304,0.29286865669075807
NC_047559.1,11116899,NC_047559.1 11073862 11129325,6,0.30258256244336346,0.2930233735288507
NC_047563.1,62639870,NC_047563.1 62637641 62645857,7,-0.30254168815652477,0.2930918376959056
NC_047561.1,17706343,NC_047561.1 17704756 17706783,16,-0.30252908836872594,0.29311294413857825
NC_047564.1,28669764,NC_047564.1 28634556 28742989,13,0.3023786412443037,0.2933650329598792
NC_047559.1,34151189,NC_047559.1 34145103 34156889,17,0.30228121368457167,0.2935283496863356
NC_047565.1,47441684,NC_047565.1 47428478 47464419,6,0.3021882997025717,0.2936841496738439
NC_047562.1,33987074,NC_047562.1 33984557 33988271,8,0.3021202801593201,0.2937982367042809
NC_047564.1,55363731,NC_047564.1 55363053 55368428,9,0.30209139564322174,0.29384669159550325
NC_047559.1,43137488,NC_047559.1 43133991 43143988,5,-0.30202900738746313,0.29395136618210854
NC_047565.1,61687594,NC_047565.1 61670769 61721276,3,0.3020215029305863,0.29396395857078017
NC_047568.1,4766983,NC_047568.1 4762603 4772119,11,0.30194651486066815,0.29408980490124625
NC_047560.1,18814140,NC_047560.1 18807551 18945840,3,-0.3019139253018604,0.2941445070613955
NC_047564.1,36717911,NC_047564.1 36678620 36718086,7,-0.30179492443473527,0.29434430245055004
NC_047568.1,42627066,NC_047568.1 42625962 42629019,5,0.30178654138697825,0.29435838006709153
NC_047561.1,4041186,NC_047561.1 4038964 4063290,5,0.30171110374870397,0.29448507980127625
NC_047561.1,14940016,NC_047561.1 14896619 15003700,9,-0.3016362348762337,0.2946108556478619
NC_047568.1,32308136,NC_047568.1 32304765 32309909,3,0.30154634512304357,0.29476190708448413
NC_047565.1,36481952,NC_047565.1 36480487 36482035,9,0.30153854402004715,0.2947750182426464
NC_047564.1,19519009,NC_047564.1 19502457 19537826,9,-0.3013522854353266,0.29508816007832983
NC_047563.1,20682858,NC_047563.1 20680958 20683755,4,-0.3012854751357612,0.2952005300781632
NC_047567.1,18412883,NC_047567.1 18409781 18413259,7,-0.30115686450318474,0.2954169137276372
NC_047565.1,45016709,NC_047565.1 44997191 45039220,17,0.30110558034753576,0.295503223538279
NC_047568.1,14272610,NC_047568.1 14271485 14274485,9,0.3010490501054748,0.29559837935058464
NC_047566.1,30903712,NC_047566.1 30902830 30904129,13,0.3009144671880418,0.2958249907688811
NC_047568.1,23419124,NC_047568.1 23404607 23419534,4,0.30087646356728154,0.2958889997390013
NC_047567.1,28350985,NC_047567.1 28347783 28356652,4,0.30083810578611897,0.29595361337747644
NC_047562.1,31174239,NC_047562.1 31173608 31180338,7,0.30083753092592685,0.29595458179116846
NC_047561.1,16798590,NC_047561.1 16791938 16799645,4,0.30078397784805827,0.2960448057746479
NC_047568.1,45584299,NC_047568.1 45576538 45586349,7,0.30075667032277453,0.2960908185018132
NC_047568.1,5230703,NC_047568.1 5219934 5252478,6,-0.30053745422020733,0.2964603445511787
NC_047566.1,45976853,NC_047566.1 45949296 45984413,6,0.3003278387960563,0.29681393741605216
NC_047565.1,18226955,NC_047565.1 18219964 18249100,10,-0.30027286919714685,0.2969067042024502
NC_047559.1,5430186,NC_047559.1 5418592 5451582,7,0.3002155526521162,0.2970034496231528
NC_047566.1,19748197,NC_047566.1 19746133 19750108,14,0.300149677273678,0.2971146642224374
NC_047564.1,42923113,NC_047564.1 42922595 42960325,4,0.3001369666152031,0.2971361258681924
NC_047561.1,18494448,NC_047561.1 18459347 18634624,6,-0.2999469706527411,0.29745703679752644
NC_047560.1,70747091,NC_047560.1 70690070 71346242,4,-0.2998722782797056,0.29758325031173877
NC_047560.1,28896564,NC_047560.1 28895382 28898133,10,-0.29985370040864207,0.2976146476104822
NW_022994948.1,254062,NW_022994948.1 249775 281092,3,0.2998263099001816,0.29766094210250343
NC_047561.1,34120250,NC_047561.1 34119090 34121333,4,-0.2997640219318929,0.2977662346286489
NC_047564.1,27542519,NC_047564.1 27540353 27544830,4,-0.29972279413784486,0.29783593859855906
NC_047567.1,11142438,NC_047567.1 11137171 11142782,13,0.2997094668768392,0.29785847306767627
NC_047566.1,6160604,NC_047566.1 6141673 6175995,4,0.29969184325327985,0.29788827358248593
NC_047565.1,55757374,NC_047565.1 55741038 55760777,4,0.2996056470353119,0.2980340512490802
NC_047561.1,24649687,NC_047561.1 24637044 24657607,10,-0.2995874713584596,0.2980647957877603
NC_047561.1,715753,NC_047561.1 711675 731701,11,0.29940299633363804,0.2983769432243845
NC_047568.1,3375557,NC_047568.1 3375296 3381709,3,0.2993328091709491,0.2984957556259867
NC_047561.1,55277738,NC_047561.1 55274220 55290305,7,-0.2992350167652168,0.2986613437347938
NC_047566.1,22615286,NC_047566.1 22547955 22650625,3,-0.29920617611087535,0.29871018866666865
NC_047561.1,55453727,NC_047561.1 55442541 55490447,11,0.29904924443521513,0.29897605145814043
NC_047566.1,55288946,NC_047566.1 55287641 55303106,8,-0.29899208608873346,0.299072919227843
NC_047565.1,47044835,NC_047565.1 47037489 47050208,10,0.29893444549433623,0.29917062268816513
NC_047562.1,23733539,NC_047562.1 23732772 23735378,4,-0.29892764680343037,0.29918214800115045
NC_047564.1,1005242,NC_047564.1 1000767 1010143,3,0.2989148415545353,0.2992038564818179
NC_047560.1,6384843,NC_047560.1 6382480 6492964,17,0.2988178953675488,0.29936823700486376
NC_047565.1,11638071,NC_047565.1 11635563 11643470,9,-0.2988042748358738,0.29939133596723067
NC_047567.1,1872414,NC_047567.1 1645006 2210384,3,0.2987653547551421,0.29945734594327267
NC_047562.1,26846077,NC_047562.1 26835876 26846897,7,-0.29861916357584134,0.29970536717517443
NC_047562.1,37059194,NC_047562.1 37058765 37059526,3,-0.2985281592164093,0.29985982103432596
NC_047561.1,24074218,NC_047561.1 24074148 24077257,5,0.2984184152211623,0.3000461413439043
NC_047560.1,44785644,NC_047560.1 44777283 44792637,5,0.2982320630258405,0.3003626783981709
NC_047565.1,18499337,NC_047565.1 18480225 18516453,3,-0.2982161251019352,0.30038975945515695
NC_047559.1,30412641,NC_047559.1 30411530 30414981,13,0.29814142583886827,0.30051670416243886
NC_047559.1,11496584,NC_047559.1 11474243 11511901,3,0.29810397882793516,0.3005803536819056
NC_047562.1,24523106,NC_047562.1 24514721 24523439,3,0.29806974450964635,0.30063854933987844
NC_047559.1,41478742,NC_047559.1 41478554 41481465,4,-0.2979587629288147,0.30082725414230405
NC_047568.1,23941308,NC_047568.1 23901933 23941828,8,0.2979405342356405,0.30085825540159605
NC_047560.1,44473853,NC_047560.1 43984502 44478438,3,-0.29791955376483237,0.3008939388541959
NC_047568.1,18119441,NC_047568.1 18115760 18146871,15,-0.29781256138510065,0.3010759488879266
NC_047561.1,46952106,NC_047561.1 46949680 46960248,3,0.29775077961098917,0.301181077911613
NC_047560.1,68443211,NC_047560.1 68440911 68443272,7,-0.2977462753580077,0.3011887432628648
NC_047565.1,5224077,NC_047565.1 5085538 5246064,3,-0.2976904855557342,0.30128369586716264
NC_047560.1,7218433,NC_047560.1 7210665 7241067,6,-0.297653024160456,0.30134746377233895
NC_047562.1,15027699,NC_047562.1 15027092 15030580,4,-0.29760177267460936,0.30143471822009965
NC_047566.1,51198998,NC_047566.1 51196739 51200535,5,0.29755422407340326,0.3015156816524663
NC_047559.1,53759988,NC_047559.1 53758334 53764315,6,-0.2974647401044452,0.30166808466157063
NC_047560.1,43993337,NC_047560.1 43984502 44478438,8,-0.2974455010605849,0.3017008571062877
NC_047568.1,53039369,NC_047568.1 53015487 53041984,3,0.2973498995078349,0.30186373857199583
NC_047566.1,43976149,NC_047566.1 43969325 43976701,5,-0.29733742604966606,0.301884994014729
NC_047563.1,4111027,NC_047563.1 4109573 4112336,11,-0.29732518574854355,0.30190585298603495
NC_047560.1,70735394,NC_047560.1 70388123 71110591,7,-0.29723522840620636,0.3020591768571883
NC_047561.1,56881612,NC_047561.1 56875349 56891777,3,0.297164946616106,0.3021789968871609
NW_022994978.1,93816,NW_022994978.1 77504 105679,17,-0.29714703010720006,0.30220954626910435
NC_047566.1,45958221,NC_047566.1 45949296 45984413,4,0.2971185534442835,0.3022581054068829
NC_047564.1,28707366,NC_047564.1 28634556 28742989,6,-0.29709620168971235,0.30229622335035783
NC_047566.1,26467751,NC_047566.1 26459046 26467975,9,-0.2969718290518684,0.30250837504091654
NC_047564.1,49211013,NC_047564.1 49189712 49212937,17,0.2968579016479048,0.30270278494666353
NC_047563.1,14599773,NC_047563.1 14560827 14607419,6,-0.29677136013227395,0.3028505107648344
NC_047561.1,31009196,NC_047561.1 31003236 31015208,6,-0.29666268926888917,0.30303607017013917
NC_047564.1,12616407,NC_047564.1 12616273 12617796,17,-0.2966608949903928,0.30303913451573944
NC_047565.1,38300602,NC_047565.1 38299971 38307588,8,-0.29662204347081556,0.3031054911898822
NC_047568.1,49699535,NC_047568.1 49689018 49702387,3,-0.2966053982971355,0.3031339229749341
NC_047563.1,355260,NC_047563.1 191191 650035,6,0.2965572063683469,0.303216248761886
NC_047566.1,47375139,NC_047566.1 47359223 47380675,6,-0.296521164911124,0.30327782645275636
NC_047562.1,36388262,NC_047562.1 36383609 36417823,4,0.2964896312970517,0.30333170830426265
NC_047568.1,3870796,NC_047568.1 3859572 3883642,3,0.29644099555311965,0.30341482359221017
NC_047564.1,41647992,NC_047564.1 41647011 41649726,10,-0.2964101818897229,0.3034674889156439
NC_047562.1,40072774,NC_047562.1 40064744 40166976,10,0.296364083543876,0.3035462879753145
NC_047566.1,42741454,NC_047566.1 42724057 42804817,17,-0.2963229558671617,0.30361660029234216
NC_047559.1,22398027,NC_047559.1 22392383 22398290,3,-0.2963224724062314,0.30361742687819804
NC_047561.1,55281482,NC_047561.1 55274220 55290305,7,-0.2962489379991405,0.30374316570067433
NC_047562.1,44044025,NC_047562.1 44040493 44044645,5,-0.2960167258035082,0.30414042986456313
NC_047565.1,45815282,NC_047565.1 45810285 45822566,7,0.29599569287311883,0.3041764273867736
NC_047559.1,33278817,NC_047559.1 33278156 33282120,4,-0.295958788746986,0.30423959414133234
NC_047566.1,33227000,NC_047566.1 33224067 33228932,4,-0.2959100650375434,0.30432300340645657
NC_047559.1,7367394,NC_047559.1 7366327 7408045,3,-0.29588083432407075,0.304373049278898
NW_022994951.1,31047,NW_022994951.1 22546 50391,15,0.2957797641708969,0.3045461279355652
NC_047559.1,24762900,NC_047559.1 24756151 24825917,6,-0.2957616894565151,0.3045770861499459
NC_047564.1,4166980,NC_047564.1 4113919 4173330,3,0.29573096528629944,0.3046297144045363
NC_047562.1,31562914,NC_047562.1 31560112 31563316,5,-0.29570257902279745,0.3046783426534899
NC_047565.1,45155561,NC_047565.1 45133451 45159065,9,-0.29567758039625874,0.30472117127671583
NC_047559.1,51622382,NC_047559.1 51610926 51626467,15,0.2956181687847931,0.304822971488926
NC_047561.1,49761411,NC_047561.1 49734890 49767198,11,-0.29561059844428,0.3048359444729436
NC_047566.1,47330540,NC_047566.1 47327010 47333766,10,0.2955940421576379,0.3048643174152726
NC_047562.1,46700597,NC_047562.1 46700185 46710772,8,0.29555067525549716,0.3049386436243939
NC_047560.1,23379884,NC_047560.1 23377683 23390068,8,0.2954935603790493,0.30503654831129423
NC_047564.1,38868529,NC_047564.1 38868392 38892895,11,-0.2954667949932226,0.3050824350003904
NC_047559.1,9808197,NC_047559.1 9804411 9819035,7,0.295419944971006,0.30516276444492524
NC_047566.1,21174744,NC_047566.1 21173208 21176006,5,0.29539325009130113,0.3052085411597149
NC_047568.1,52357192,NC_047568.1 52356100 52359794,4,-0.2953596857038133,0.30526610340521504
NC_047561.1,50235424,NC_047561.1 50181020 50245978,8,-0.29530859111557667,0.30535374159340184
NC_047563.1,26091646,NC_047563.1 26086274 26092686,6,0.29521878693492853,0.305507810152766
NC_047561.1,55248726,NC_047561.1 55246203 55258165,10,-0.2951595780685632,0.30560941369821615
NC_047568.1,31125580,NC_047568.1 31119197 31139849,3,-0.294879437498195,0.3060904040058293
NC_047564.1,51435861,NC_047564.1 51431261 51438226,8,-0.2946731166960047,0.30644492708970594
NC_047561.1,16570674,NC_047561.1 16556733 16578689,11,-0.29467240170573905,0.306446156075141
NW_022994936.1,286296,NW_022994936.1 283267 290166,5,0.29464960399637014,0.30648534418303813
NC_047562.1,2921786,NC_047562.1 2911329 2925329,9,-0.2946238661806485,0.3065295896492712
NC_047568.1,3752228,NC_047568.1 3747034 3756623,8,0.2946041838209657,0.306563427757365
NC_047565.1,60063234,NC_047565.1 60061615 60068143,3,0.2945267774187201,0.3066965264533899
NC_047561.1,54719375,NC_047561.1 54717341 54730573,4,0.29452319869318083,0.30670268080110275
NC_047560.1,65099319,NC_047560.1 65096899 65102195,6,0.2944572075862085,0.3068161786856075
NC_047559.1,30075396,NC_047559.1 30073960 30078640,8,0.29433422656734537,0.30702775776973823
NC_047560.1,44476542,NC_047560.1 43984502 44478438,15,0.29429507579469055,0.3070951311670548
NC_047562.1,46889843,NC_047562.1 46887411 46896191,10,0.2942870180488445,0.3071089985562794
NC_047566.1,48084159,NC_047566.1 48082410 48087420,8,-0.29427168764007955,0.30713538320024364
NC_047562.1,34353314,NC_047562.1 34351364 34364474,4,0.294202945708685,0.3072537086177607
NC_047565.1,36625579,NC_047565.1 36619333 36629724,15,-0.2941606253274504,0.3073265676779313
NC_047562.1,26962351,NC_047562.1 26938591 26964432,6,-0.2941495841718874,0.3073455778408049
NC_047564.1,54836742,NC_047564.1 54835913 54840684,9,0.2941026066934201,0.3074264690967336
NC_047563.1,369299,NC_047563.1 175641 457526,10,-0.2940932779572945,0.3074425338496597
NW_022994960.1,75795,NW_022994960.1 71313 117315,6,-0.2939627032021055,0.30766744358418185
NC_047568.1,2090018,NC_047568.1 2086652 2099853,8,-0.2938023114350791,0.30794384126803886
NC_047564.1,48273308,NC_047564.1 48268482 48274763,5,0.293757307808989,0.3080214201063058
NC_047565.1,61413537,NC_047565.1 61410558 61417407,13,0.2936895211089491,0.3081382943993089
NC_047563.1,66821424,NC_047563.1 66809029 66825878,4,-0.2936199888587837,0.3082582047376632
NC_047561.1,42681759,NC_047561.1 42679672 42682719,3,0.2935818466930248,0.30832399336500993
NC_047559.1,20743167,NC_047559.1 20734037 20743392,14,-0.29358020855714373,0.3083268190461446
NC_047562.1,17902936,NC_047562.1 17474372 18067122,3,-0.2935636930371187,0.3083553081078807
NC_047559.1,5023888,NC_047559.1 5022296 5033938,3,0.29346698134271865,0.30852216489014295
NC_047559.1,17469996,NC_047559.1 17466528 17473757,3,-0.2934287168585064,0.30858819695251183
NC_047568.1,34363066,NC_047568.1 34347368 34366145,3,0.29338947947968763,0.3086559163397822
NC_047565.1,27705095,NC_047565.1 27704078 27707454,10,0.29310119016395664,0.309153733466853
NC_047566.1,6770038,NC_047566.1 6766061 6771366,6,-0.292988682114715,0.3093481369314896
NC_047565.1,53396349,NC_047565.1 53392753 53396995,10,0.2927667737596669,0.30973177948488606
NC_047563.1,9765020,NC_047563.1 9709756 9818305,7,0.29274788797855833,0.3097644424449332
NC_047563.1,65498536,NC_047563.1 65484772 65533285,8,-0.2927372945027133,0.3097827647270159
NC_047561.1,55254170,NC_047561.1 55246203 55258165,5,-0.2926119043231393,0.3099996844992216
NC_047568.1,4062410,NC_047568.1 4062212 4078001,16,0.2925944185777917,0.3100299410251292
NC_047564.1,45024904,NC_047564.1 45008681 45045721,17,-0.29259056684494905,0.31003660611322775
NC_047559.1,53418138,NC_047559.1 53417866 53425805,16,-0.292558320321407,0.3100924091353844
NC_047559.1,39096515,NC_047559.1 39087595 39118950,4,0.29196840850331907,0.3111142750099145
NC_047566.1,24046191,NC_047566.1 24043365 24047986,8,0.29192070073832266,0.31119700025357333
NC_047562.1,51312035,NC_047562.1 51304758 51331916,4,0.29190899658265507,0.31121729717844193
NC_047566.1,28065345,NC_047566.1 28060401 28071189,17,0.29189350290009886,0.3112441669302018
NC_047566.1,24807328,NC_047566.1 24796878 24807703,6,0.2918436080880999,0.31133070549638264
NW_022994997.1,163867,NW_022994997.1 158794 164701,6,-0.2918001952863079,0.31140601274101537
NC_047562.1,23287646,NC_047562.1 23286851 23324100,8,0.29179143961532045,0.3114212022770959
NC_047562.1,40020192,NC_047562.1 39989804 40021647,10,0.2917521203044339,0.31148941953665027
NC_047559.1,26207160,NC_047559.1 26206811 26210694,12,-0.29168058495975324,0.31161355212365505
NC_047567.1,10670430,NC_047567.1 10658662 10703573,5,-0.291619516088734,0.31171954503544597
NC_047563.1,8645221,NC_047563.1 8645118 8648552,3,-0.2915626735542115,0.3118182211346765
NC_047559.1,26207160,NC_047559.1 26166072 26252073,12,0.2914513485384872,0.31201152816950045
NC_047567.1,28322222,NC_047567.1 28316714 28323113,3,0.2914357715741336,0.3120385817965183
NC_047564.1,13920867,NC_047564.1 13900611 13928073,6,-0.29135770049074744,0.3121741936461225
NC_047565.1,15048867,NC_047565.1 15048450 15051907,7,-0.2912226782379609,0.31240881098202217
NC_047565.1,59160645,NC_047565.1 59158271 59202607,6,-0.29110678849230864,0.31261026370362266
NC_047568.1,23260119,NC_047568.1 23259764 23271196,4,0.29105434885648124,0.31270144464309746
NC_047559.1,40197043,NC_047559.1 40182188 40220422,6,-0.2910073635851896,0.31278315456376415
NC_047566.1,37268287,NC_047566.1 37264819 37268650,3,-0.29095265740805015,0.31287830693652685
NC_047566.1,13137170,NC_047566.1 13123916 13142985,4,-0.2909278785331296,0.3129214111478261
NC_047566.1,23598662,NC_047566.1 23569181 23647175,13,-0.29087336671112013,0.3130162493994247
NC_047562.1,24346294,NC_047562.1 24331603 24352933,12,0.29084131445261485,0.31307202075600166
NC_047564.1,48527035,NC_047564.1 48516815 48534429,6,0.2908053945646205,0.313134528588551
NC_047565.1,30434506,NC_047565.1 30419705 30441488,7,0.29075709605714406,0.31321858895340904
NC_047564.1,5834210,NC_047564.1 5823607 5852763,5,-0.29066173743194557,0.3133845922120281
NC_047563.1,18466040,NC_047563.1 18464627 18469615,4,0.2906332956480561,0.3134341142854304
NC_047561.1,33164366,NC_047561.1 33162949 33165031,13,-0.29054288778573073,0.31359155973334846
NC_047565.1,42155890,NC_047565.1 42142534 42155944,16,0.29048047064686816,0.3137002856496376
NC_047559.1,21155942,NC_047559.1 21150477 21170096,11,-0.29047701512351887,0.31370630553794704
NC_047568.1,5443046,NC_047568.1 5438882 5444328,4,-0.2904564914737923,0.3137420612733217
NC_047561.1,29619972,NC_047561.1 29608305 29624482,9,-0.2904498048546886,0.31375371101911353
NC_047567.1,25374939,NC_047567.1 25351037 25375601,4,-0.29041872034857763,0.31380787116829995
NC_047566.1,18782241,NC_047566.1 18722325 18800635,3,0.2903865260287779,0.3138639706328363
NC_047559.1,52352951,NC_047559.1 52350942 52370922,15,-0.29037396543158184,0.31388585936318747
NC_047566.1,46139262,NC_047566.1 46137978 46144273,17,-0.29036956101309336,0.31389353493151134
NC_047568.1,53702046,NC_047568.1 53692155 53703087,6,-0.2902603907826711,0.3140838198589369
NC_047559.1,54876436,NC_047559.1 54872536 54876648,5,-0.29026011208022107,0.31408430572469115
NC_047561.1,27843938,NC_047561.1 27745396 27849895,16,0.2902426379112688,0.3141147695370541
NC_047561.1,31138331,NC_047561.1 31117997 31158475,15,0.2900545400482279,0.3144427991394115
NC_047563.1,28513455,NC_047563.1 28511712 28515104,15,0.2900477143009797,0.31445470644377377
NC_047567.1,14591462,NC_047567.1 14579065 14594396,3,-0.2897900949838686,0.31490430352314797
NC_047565.1,6341159,NC_047565.1 6340442 6352698,3,-0.2897702344088447,0.314938979407252
NC_047566.1,7051793,NC_047566.1 7044525 7053803,7,-0.28974431403595957,0.3149842387680577
NC_047567.1,23044106,NC_047567.1 23032549 23047893,11,-0.2896575538774026,0.31513575700063867
NC_047563.1,48662763,NC_047563.1 48661024 48663839,5,0.2896115904938786,0.31521604445358337
NC_047564.1,48597771,NC_047564.1 48596064 48606452,3,-0.2895618211131726,0.31530299326359246
NC_047563.1,51413464,NC_047563.1 51411525 51414663,5,0.2895514362934908,0.31532113762353536
NC_047566.1,1367343,NC_047566.1 1354633 1414618,6,-0.2895054107507266,0.31540156063360975
NC_047568.1,40182545,NC_047568.1 40172278 40204346,7,-0.2894937781345242,0.3154218888075932
NC_047559.1,28079601,NC_047559.1 28072381 28089890,13,0.28945627258863155,0.3154874354084415
NW_022994925.1,2343,NW_022994925.1 398 3444,12,-0.2894425092873035,0.31551149080244467
NC_047561.1,46899349,NC_047561.1 46895989 46908066,6,0.2893699947100717,0.3156382485044649
NC_047559.1,52833555,NC_047559.1 52830073 52839307,4,0.2893168522702092,0.31573116155154995
NC_047561.1,26635733,NC_047561.1 26631961 26645021,6,-0.28919750828618646,0.3159398767133459
NC_047565.1,28558661,NC_047565.1 28526117 28566194,9,-0.2891440668196975,0.3160333635043746
NC_047568.1,18896211,NC_047568.1 18889685 18900607,5,-0.28910873412061816,0.3160951807321544
NC_047560.1,9943719,NC_047560.1 9893931 10130683,4,0.28908036744304,0.3161448153657746
NC_047568.1,16052869,NC_047568.1 16047686 16053389,6,-0.28890884847616916,0.31644502553167736
NC_047561.1,12320507,NC_047561.1 12284199 12332459,5,-0.2887686432120666,0.3166905478306455
NC_047565.1,11307338,NC_047565.1 11284951 11337318,17,-0.2887087168639565,0.3167955217365134
NC_047562.1,12103430,NC_047562.1 12072237 12174401,13,0.2885224660182517,0.3171219066995345
NC_047561.1,26175977,NC_047561.1 26163362 26179943,13,-0.28851042948399935,0.31714300604009715
NC_047566.1,24224629,NC_047566.1 24198495 24236911,11,0.2885051023747712,0.31715234440615014
NC_047566.1,3914757,NC_047566.1 3911431 3984108,5,-0.28845665938822823,0.3172372716332539
NC_047568.1,51754345,NC_047568.1 51742971 51755940,6,-0.2884533705490628,0.31724303789054187
NW_022994960.1,6983,NW_022994960.1 5269 11722,7,0.28837808794364744,0.3173750457226096
NC_047562.1,47029157,NC_047562.1 46999310 47030276,3,0.2883776926902239,0.3173757388808505
NC_047568.1,24393257,NC_047568.1 24388670 24412286,12,-0.2883619189783677,0.3174034020350083
NC_047568.1,16854292,NC_047568.1 16778801 16860973,6,-0.2883030707536471,0.3175066192462832
NC_047565.1,17785249,NC_047565.1 17781134 17788368,15,-0.2882970050201446,0.3175172593633522
NC_047566.1,7876962,NC_047566.1 7875609 7878646,8,0.28819756755419773,0.31769171506055593
NC_047563.1,20314851,NC_047563.1 20294697 20355501,3,-0.28806402079392446,0.31792609879583617
NC_047561.1,36282526,NC_047561.1 36280914 36285794,4,-0.28802579778481974,0.31799320090469296
NC_047560.1,45022047,NC_047560.1 45004223 45068635,5,0.28788269969882513,0.31824448718080894
NC_047564.1,5737520,NC_047564.1 5734244 5745286,9,-0.28777525683162813,0.31843323559660364
NC_047561.1,8688852,NC_047561.1 8686642 8690037,8,0.2876109675075961,0.3187219711030481
NC_047567.1,32785555,NC_047567.1 32782791 32795247,4,0.2876056612296274,0.31873129927060556
NC_047561.1,53732447,NC_047561.1 53731498 53744761,14,-0.2876002016249324,0.31874089714076026
NC_047560.1,16998773,NC_047560.1 16961317 17035334,16,0.28756427812011565,0.3188040540032379
NC_047560.1,6386264,NC_047560.1 6382480 6492964,12,-0.28755875940611253,0.31881375704600695
NC_047564.1,34020694,NC_047564.1 34018669 34023115,3,0.2875256457968909,0.3188719811579969
NC_047568.1,32309500,NC_047568.1 32143813 32338882,3,-0.2873961799910537,0.31909968065770566
NC_047560.1,4299595,NC_047560.1 3998385 4494423,3,0.28735261100702947,0.31917632889121134
NC_047559.1,11846046,NC_047559.1 11827502 11857530,11,-0.2873359560659413,0.3192056316682124
NC_047568.1,3196557,NC_047568.1 3190273 3206799,4,-0.2873223378143878,0.31922959281611796
NC_047564.1,51113967,NC_047564.1 51113881 51117841,3,-0.28727951159791437,0.319304951683017
NC_047563.1,15699582,NC_047563.1 15690918 15722665,7,-0.28715932076228,0.3195164986669384
NC_047568.1,25709641,NC_047568.1 25703057 25717180,8,-0.2871267671307217,0.3195738097666603
NW_022994943.1,34921,NW_022994943.1 34462 42528,17,0.2870599852149835,0.31969139848809086
NC_047568.1,17616988,NC_047568.1 17615705 17619524,17,-0.28704673951771464,0.3197147242580153
NC_047566.1,7712742,NC_047566.1 7674237 7715471,4,-0.28703783333818955,0.3197304086488285
NC_047568.1,50995103,NC_047568.1 50993948 51000294,4,0.28702704066379814,0.31974941587163186
NC_047564.1,59453777,NC_047564.1 59452604 59456623,8,-0.28699202107282606,0.31981109408373803
NC_047565.1,48275399,NC_047565.1 48241763 48281629,15,0.2869796880706777,0.3198328171773394
NC_047567.1,13179134,NC_047567.1 13177914 13181130,11,0.2869439768444121,0.31989572291444646
NC_047568.1,3265923,NC_047568.1 3251785 3269722,3,0.2867124050945071,0.3203038096838178
NC_047561.1,23156934,NC_047561.1 23154662 23159056,5,0.28665964069155014,0.3203968349419179
NC_047563.1,355260,NC_047563.1 175641 457526,6,0.28665414946900475,0.32040651701622735
NC_047562.1,27698598,NC_047562.1 27697889 27703996,13,0.2865984483274672,0.32050473815384717
NC_047563.1,7212331,NC_047563.1 7203127 7222090,6,0.2865497030973359,0.3205907075364846
NC_047561.1,55785838,NC_047561.1 55785408 55788485,3,-0.28644211307980166,0.3207805046632254
NC_047568.1,8073855,NC_047568.1 8071270 8078674,12,-0.28644116146536497,0.32078218366916894
NC_047568.1,44052311,NC_047568.1 44044695 44061100,10,0.28616064142914466,0.3212773439062683
NC_047565.1,48426595,NC_047565.1 48417952 48426905,4,0.28613952729090897,0.3213146310781997
NC_047567.1,19105976,NC_047567.1 19066470 19140118,10,-0.2861062013161925,0.3213734891170408
NC_047568.1,15769296,NC_047568.1 15762997 15844008,8,-0.2861030236436305,0.3213791016224452
NC_047564.1,19252011,NC_047564.1 19235353 19256478,14,0.2860224243933044,0.32152147713923057
NC_047568.1,22930257,NC_047568.1 22929977 22939665,4,0.2859516337675041,0.321646555582713
NC_047565.1,5498367,NC_047565.1 5463391 5530511,5,0.28590505211125017,0.321728874758904
NC_047565.1,54202580,NC_047565.1 54202466 54247925,6,-0.2858571993171711,0.32181345272503564
NC_047568.1,55396289,NC_047568.1 55383047 55406152,7,0.2858280931561078,0.32186490290373526
NC_047561.1,10993002,NC_047561.1 10990739 10993553,7,-0.2857353672746195,0.3220288430312743
NW_022994989.1,74195,NW_022994989.1 72111 79951,4,-0.2857231456941128,0.32205045441540436
NC_047568.1,44030568,NC_047568.1 44010435 44035895,3,-0.2856956180109636,0.32209913454486394
NC_047568.1,19983038,NC_047568.1 19952716 19984416,4,-0.28564837151093525,0.32218269527302024
NC_047564.1,34175394,NC_047564.1 34154638 34189254,3,-0.2856312026296846,0.3222130634049416
NC_047562.1,35240819,NC_047562.1 35217104 35242189,16,0.2854711300603116,0.32249627607295617
NC_047559.1,37743061,NC_047559.1 37742233 37745084,5,-0.28540508777956713,0.3226131642112353
NW_022994822.1,155197,NW_022994822.1 150928 157465,3,-0.28538635588603656,0.32264632212975397
NC_047559.1,3479223,NC_047559.1 3479195 3486721,8,0.2853731726916487,0.3226696592770343
NC_047559.1,54182463,NC_047559.1 54171326 54185745,5,-0.28531661804960373,0.32276978425034786
NC_047566.1,2395353,NC_047566.1 2374865 2445700,8,0.2852950460538514,0.32280798018811185
NC_047565.1,27560539,NC_047565.1 27543112 27633600,9,0.2852858509411988,0.3228242620720607
NC_047562.1,32927427,NC_047562.1 32898252 32939854,7,-0.2852809234373134,0.3228329874470375
NC_047568.1,31897068,NC_047568.1 31883052 31898614,14,0.2850722398665866,0.3232026363336399
NC_047560.1,4974413,NC_047560.1 4826173 5232376,7,-0.28489466428184235,0.3235173710575895
NC_047561.1,52671233,NC_047561.1 52665525 52676193,8,-0.2848134415616624,0.32366138787241794
NC_047568.1,36198432,NC_047568.1 36197883 36202943,5,-0.28480100500773664,0.32368344245143044
NC_047565.1,23880504,NC_047565.1 23879889 23899562,3,0.28475157359037867,0.3237711109190078
NC_047559.1,16980887,NC_047559.1 16974864 16997549,6,0.28472218122139276,0.32382324575168075
NC_047568.1,10281117,NC_047568.1 10279018 10309461,9,0.2846424663423103,0.32396466423942305
NC_047568.1,46687795,NC_047568.1 46667101 46697009,7,0.28458833714123144,0.32406071226434363
NC_047564.1,49181776,NC_047564.1 49169705 49182752,16,0.28458558561893127,0.32406559505505106
NC_047564.1,6679207,NC_047564.1 6668310 6708001,9,-0.28457668761370747,0.3240813855434247
NC_047564.1,1105098,NC_047564.1 1093827 1119467,5,0.2845684466695209,0.32409601039283664
NC_047563.1,14667408,NC_047563.1 14664952 14672656,17,-0.2844614685248788,0.3242858937730777
NC_047565.1,2300257,NC_047565.1 2298896 2300533,3,0.2844293604772546,0.32434289697836416
NC_047564.1,1537746,NC_047564.1 1516943 1549766,9,0.2843527044734953,0.3244790115555024
NC_047560.1,60500552,NC_047560.1 60492097 60501252,4,-0.2843518321164856,0.32448056074593135
NC_047564.1,28670521,NC_047564.1 28634556 28742989,6,-0.28435148106727143,0.3244811841639882
NC_047560.1,44491374,NC_047560.1 44485029 44652907,6,0.28431425628618,0.3245472944088894
NC_047561.1,56957880,NC_047561.1 56945610 56972954,4,-0.2843004230739637,0.32457186377480207
NC_047559.1,14787976,NC_047559.1 14775668 14794331,6,0.28421970643638755,0.32471524671090124
NC_047565.1,41121426,NC_047565.1 41110551 41157061,16,0.2842038124745472,0.32474348454897284
NC_047559.1,45164160,NC_047559.1 45151233 45177195,10,0.2841946166973972,0.3247598227622167
NC_047566.1,26641374,NC_047566.1 26634676 26641783,7,0.2841871174639146,0.32477314705617244
NC_047568.1,48793279,NC_047568.1 48791929 48797324,6,-0.2841628119826055,0.3248163340432335
NC_047565.1,10870730,NC_047565.1 10853704 10873815,14,-0.28414718394356137,0.32484410430505395
NC_047565.1,54158179,NC_047565.1 54157274 54162037,7,-0.2841457775249803,0.32484660350795413
NC_047564.1,19434433,NC_047564.1 19428620 19450042,7,-0.2841409144776565,0.32485524521669085
NC_047564.1,10918251,NC_047564.1 10899176 10932819,10,-0.28413345336931956,0.32486850397172407
NC_047563.1,37044143,NC_047563.1 37012588 37045416,5,0.28412561930352215,0.32488242581951154
NC_047563.1,47295930,NC_047563.1 47295359 47305978,17,-0.2840340524560165,0.3250451734355022
NC_047565.1,17334816,NC_047565.1 17329464 17336203,3,-0.2839739319711774,0.3251520544623413
NC_047563.1,10335040,NC_047563.1 10324355 10366465,4,0.28394453026242805,0.325204331474959
NC_047564.1,53940514,NC_047564.1 53938167 53946578,10,-0.2839036343476338,0.32527705338251167
NC_047565.1,12342590,NC_047565.1 12340468 12347855,14,0.2838689052855625,0.32533881648436924
NC_047560.1,21042663,NC_047560.1 21033054 21066957,3,0.2838645739457078,0.3253465199206488
NC_047565.1,13153082,NC_047565.1 13119330 13220090,5,-0.2837162741656779,0.3256103383018828
NC_047562.1,29271399,NC_047562.1 29264397 29276303,8,-0.2836603749929343,0.3257098116545395
NC_047563.1,1715056,NC_047563.1 1705172 1738472,5,0.28353419910373445,0.325934406458233
NC_047559.1,14398940,NC_047559.1 14398742 14415203,8,0.28353259173669065,0.32593726815724644
NC_047563.1,33142509,NC_047563.1 33132884 33148707,15,0.28340945215322905,0.32615654364294255
NC_047564.1,37858162,NC_047564.1 37851279 37912830,11,-0.2833199648653774,0.326315946475645
NC_047565.1,17647477,NC_047565.1 17637814 17658100,9,-0.28323356962826485,0.32646988316454073
NC_047566.1,1396650,NC_047566.1 1354633 1414618,4,-0.28309249085008836,0.3267213415523238
NC_047565.1,23989275,NC_047565.1 23962115 23991459,5,-0.2829014601912396,0.32706200806260877
NC_047568.1,34516603,NC_047568.1 34512598 34518463,3,0.28285119842151185,0.3271516735460104
NC_047565.1,56398348,NC_047565.1 56392641 56437538,5,0.28284116354068045,0.32716957713067363
NC_047562.1,19590950,NC_047562.1 19583045 19614182,4,-0.2828274496256327,0.3271940455032094
NC_047562.1,17026856,NC_047562.1 16932800 17038841,3,-0.28279288102900685,0.3272557273841088
NC_047564.1,7940318,NC_047564.1 7923092 7946772,6,-0.2827842760964548,0.32727108246636416
NC_047565.1,7614335,NC_047565.1 7612685 7616240,12,-0.28276720487396967,0.32730154643194487
NC_047561.1,45765572,NC_047561.1 45752446 45810498,4,-0.28276607778025614,0.32730355781129206
NC_047561.1,46373803,NC_047561.1 46373638 46413648,3,0.2827597971158038,0.3273147662338227
NC_047561.1,45569041,NC_047561.1 45564362 45572483,5,0.28275263494133135,0.32732754805597397
NC_047561.1,22308473,NC_047561.1 22305295 22321650,3,-0.2827219128971386,0.3273823786896063
NC_047560.1,8595678,NC_047560.1 8595100 8596413,6,-0.282713165073042,0.3273979921632306
NW_022994991.1,205437,NW_022994991.1 204987 206458,5,-0.28268285134290777,0.32745210059351093
NC_047562.1,47477852,NC_047562.1 47473414 47491360,9,0.2826133997391567,0.32757608709026853
NC_047559.1,39135904,NC_047559.1 39135395 39137153,16,-0.28260473984811374,0.3275915487687783
NC_047559.1,12467470,NC_047559.1 12465796 12471926,8,-0.2824439015729182,0.32787878990947017
NC_047568.1,50821461,NC_047568.1 50816152 50823578,3,-0.2823203472565722,0.32809954194140656
NC_047565.1,40168674,NC_047565.1 40168401 40170439,4,0.2823167115728988,0.32810603901245927
NW_022994931.1,106003,NW_022994931.1 104492 106261,17,-0.28231253768463144,0.3281134979599124
NC_047564.1,55095758,NC_047564.1 55088931 55106595,10,-0.2822000739635697,0.3283145122178581
NC_047565.1,18166451,NC_047565.1 18159549 18167642,8,0.28219946964022075,0.32831559255443465
NC_047565.1,58045379,NC_047565.1 58026839 58045772,3,-0.28219742474556636,0.32831924818592195
NC_047564.1,54100719,NC_047564.1 54096293 54118124,3,0.28213274860365245,0.32843488070719307
NW_022994952.1,128274,NW_022994952.1 110061 129569,3,-0.282099296195329,0.32849469825403355
NC_047564.1,44963682,NC_047564.1 44962006 44964632,9,-0.2820222355276994,0.32863251675537586
NC_047566.1,39200684,NC_047566.1 39199452 39215317,14,0.2820009584166219,0.3286705753587328
NC_047562.1,28812614,NC_047562.1 28811718 28827206,12,-0.2818395043635589,0.328959450840424
NC_047563.1,369299,NC_047563.1 191191 650035,10,-0.28177190226035315,0.32908044773796485
NC_047566.1,4696597,NC_047566.1 4656332 4699521,3,0.28170030028384374,0.3292086310699541
NC_047559.1,21666389,NC_047559.1 21636258 21684141,3,0.28161545023569196,0.3293605677346799
NC_047567.1,18070686,NC_047567.1 18057291 18072739,3,0.2815770089599066,0.3294294155528855
NC_047568.1,46117135,NC_047568.1 46078110 46154331,12,0.28156122758143615,0.3294576821373314
NC_047565.1,42457032,NC_047565.1 42429809 42479412,12,0.2814905065412421,0.3295843698446844
NC_047559.1,52860738,NC_047559.1 52839318 52861897,4,-0.2814459621764021,0.32966417944372917
NC_047559.1,14183358,NC_047559.1 14177679 14232929,8,0.28144205163395475,0.3296711864341687
NC_047565.1,13554496,NC_047565.1 13552673 13565696,5,0.2813927550806667,0.3297595241953911
NC_047565.1,36556052,NC_047565.1 36555925 36563685,10,0.2813781461795584,0.32978570540999064
NC_047561.1,11132703,NC_047561.1 11116331 11139350,13,0.28137694636290367,0.3297878557028724
NC_047567.1,29953463,NC_047567.1 29940554 29955350,4,-0.2813635944237988,0.32981178537397504
NC_047565.1,11070426,NC_047565.1 11026122 11074255,7,0.28115123659107855,0.33019250949747647
NC_047563.1,14693313,NC_047563.1 14689216 14694796,9,-0.28111889824414416,0.330250508720073
NC_047561.1,11131775,NC_047561.1 11116331 11139350,7,-0.2810010951540943,0.3304618384249445
NC_047560.1,44524955,NC_047560.1 44485029 44652907,3,-0.28089811622288957,0.3306466369558141
NC_047562.1,14101214,NC_047562.1 14099610 14103650,4,0.28085759289318935,0.33071937310305055
NC_047565.1,24123165,NC_047565.1 24106691 24152676,3,0.28082355417503696,0.33078047683487644
NC_047561.1,4135901,NC_047561.1 4135164 4143184,6,-0.2808203705260727,0.3307861922049439
NC_047567.1,1925772,NC_047567.1 1909652 1956313,3,0.28073471362437485,0.3309399865435698
NC_047560.1,5581243,NC_047560.1 5581081 5589967,10,-0.28069555984801425,0.33101029931926074
NC_047564.1,27746147,NC_047564.1 27740732 27765798,8,0.2806727465102871,0.3310512716262557
NC_047563.1,46486074,NC_047563.1 46476438 46492187,5,-0.2806489055046392,0.3310940926479331
NC_047568.1,54313850,NC_047568.1 54290688 54329672,6,-0.28064636620197614,0.3310986536931132
NC_047565.1,32087845,NC_047565.1 32070829 32106949,8,0.2806025563484241,0.3311773496402922
NC_047560.1,56528833,NC_047560.1 56520543 56542167,4,0.2805382010070044,0.33129297063535157
NC_047563.1,4148075,NC_047563.1 4135635 4174053,10,0.2804958766399332,0.3313690230691676
NC_047566.1,36350506,NC_047566.1 36349173 36353890,4,0.28049490327161575,0.3313707722248943
NC_047563.1,38297284,NC_047563.1 38294920 38297969,3,-0.2804674026816164,0.33142019329046946
NC_047559.1,54688911,NC_047559.1 54687185 54694451,5,-0.28044644890123616,0.3314578519200043
NC_047564.1,15730124,NC_047564.1 15680917 15732828,6,0.28043414983596776,0.33147995720960666
NC_047562.1,11110300,NC_047562.1 11103021 11123992,7,0.28029689211818826,0.331726708657214
NC_047560.1,64319405,NC_047560.1 64294212 64325764,14,0.28023663168419166,0.3318350728184424
NC_047566.1,46271497,NC_047566.1 46262962 46273363,5,-0.28021325167074024,0.33187712159970706
NC_047568.1,42542907,NC_047568.1 42537230 42559934,5,-0.28005697887174963,0.3321582538429434
NC_047559.1,52742191,NC_047559.1 52712488 52750617,3,0.2800049228934547,0.33225193135991127
NC_047561.1,3701449,NC_047561.1 3696117 3751773,3,0.27987243580686505,0.33249041580015537
NC_047564.1,41874397,NC_047564.1 41870430 41876193,13,0.2798507848360249,0.3325293979263574
NC_047561.1,23673260,NC_047561.1 23669445 23677455,6,-0.2798446724731669,0.3325404035734211
NC_047559.1,52591148,NC_047559.1 52583036 52594537,6,0.27977778377356777,0.3326608537200475
NC_047560.1,51200306,NC_047560.1 50935047 51246957,6,0.2796637703531804,0.3328662203068531
NC_047560.1,65653937,NC_047560.1 65642038 65658402,7,0.2796351701471695,0.3329177475534566
NC_047564.1,30846443,NC_047564.1 30843050 30848250,9,0.27962119564750687,0.33294292618300025
NC_047567.1,16646620,NC_047567.1 16626354 16660224,8,0.27955494120592167,0.3330623150034514
NC_047561.1,25103049,NC_047561.1 25102771 25122322,8,0.27954133641885703,0.3330868334529916
NC_047565.1,61713208,NC_047565.1 61670769 61721276,5,0.2794290155594218,0.333289295946658
NW_022994985.1,13429,NW_022994985.1 12668 17340,12,0.27939934827648477,0.3333427838281834
NC_047564.1,49349429,NC_047564.1 49340394 49350606,3,0.2793846663592364,0.33336925600052614
NC_047562.1,24346469,NC_047562.1 24331603 24352933,6,-0.2793726203202024,0.33339097644278615
NW_022994944.1,106292,NW_022994944.1 90454 121071,4,-0.27920687722568194,0.33368991147069726
NC_047561.1,2669209,NC_047561.1 2637666 2685662,5,-0.27919867955103983,0.3337047007304458
NC_047567.1,3438419,NC_047567.1 3430339 3448163,12,0.2790602859098615,0.3339544293223894
NC_047565.1,55745024,NC_047565.1 55741038 55760777,10,0.2789805422307539,0.3340983727231981
NC_047564.1,51166132,NC_047564.1 51165807 51180138,4,0.27882852106431816,0.3343728786912903
NC_047566.1,24126487,NC_047566.1 24124417 24142507,7,0.2787961836648497,0.3344312868979028
NC_047561.1,57556805,NC_047561.1 57531051 57559606,10,-0.2786019009165014,0.33478232297206456
NC_047566.1,23561879,NC_047566.1 23559852 23561934,6,0.2785552286175932,0.3348666826220934
NC_047565.1,36398244,NC_047565.1 36370020 36401171,9,-0.2784427742954475,0.3350699913714401
NC_047564.1,20890548,NC_047564.1 20878044 20894765,13,0.2783393099449339,0.33525710791111185
NC_047559.1,47249685,NC_047559.1 47215373 47265433,7,-0.27828544778255004,0.33535454141188603
NC_047566.1,57595319,NC_047566.1 57594731 57610163,15,-0.2782338888751813,0.33544782328967304
NC_047562.1,32769267,NC_047562.1 32763311 32777075,5,0.2781484092819156,0.33560250742041864
NC_047564.1,8473032,NC_047564.1 8471193 8473059,9,-0.27812030132534726,0.3356533803738828
NC_047568.1,22252725,NC_047568.1 22237480 22281431,7,0.27809372595920756,0.33570148343653694
NC_047559.1,35344726,NC_047559.1 35344487 35348064,8,0.27807786099179216,0.33573020184928415
NC_047559.1,11807656,NC_047559.1 11800710 11820977,3,0.27803416009615967,0.3358093153437067
NW_022994965.1,17627,NW_022994965.1 15237 20152,8,-0.27790249765726416,0.33604773214581507
NC_047560.1,55348593,NC_047560.1 55225485 55583389,3,0.27786968557686703,0.33610716359254067
NC_047568.1,30025773,NC_047568.1 30015214 30031060,9,0.2777651209735033,0.33629659720847593
NW_022994960.1,75292,NW_022994960.1 71313 117315,6,-0.27770336313331856,0.3364085083087027
NC_047561.1,8958017,NC_047561.1 8953262 8962473,10,0.2776576420286795,0.3364913727125878
NC_047562.1,28075643,NC_047562.1 28065123 28081215,10,0.27765020973125143,0.33650484400003455
NC_047562.1,38500487,NC_047562.1 38497971 38501426,4,-0.2776380515898552,0.3365268816869893
NC_047562.1,50717903,NC_047562.1 50713042 50744457,7,-0.27752843680945366,0.33672560438533383
NC_047559.1,8720249,NC_047559.1 8718986 8725935,3,-0.27747671114510375,0.3368194015664491
NC_047561.1,7014820,NC_047561.1 6999607 7031000,4,0.27742657842196256,0.33691032409346255
NC_047565.1,23838860,NC_047565.1 23826595 23843494,11,-0.27732881450402685,0.33708767169532605
NC_047565.1,30688765,NC_047565.1 30665007 30702504,4,-0.2773237160055918,0.3370969220018939
NC_047562.1,16440950,NC_047562.1 16439666 16451024,11,-0.2772854194396997,0.33716640874818893
NC_047563.1,47498960,NC_047563.1 47493673 47501817,3,-0.27722966976063296,0.33726757737571533
NC_047564.1,29321998,NC_047564.1 29321508 29332315,13,0.2772113931666295,0.3373007474945169
NC_047568.1,4353967,NC_047568.1 4341559 4381805,9,0.27699112379564844,0.33770065668547344
NC_047560.1,50265377,NC_047560.1 50261580 50266757,5,-0.27697956906505145,0.3377216421293102
NC_047559.1,6353612,NC_047559.1 6353394 6359658,6,0.27697024516587854,0.3377385765172348
NC_047568.1,24027044,NC_047568.1 24018683 24052668,4,-0.2768944355928532,0.3378762820653868
NC_047561.1,19000579,NC_047561.1 18997453 19007221,4,-0.2768468361639108,0.3379627608338521
NC_047563.1,38161817,NC_047563.1 38161154 38162140,7,0.2766917210211652,0.3382446600801752
NC_047562.1,17396194,NC_047562.1 17384878 17401529,7,0.27669103497985453,0.33824590715173375
NC_047561.1,20186436,NC_047561.1 20178932 20206294,16,0.27646413372197026,0.3386585041351302
NC_047568.1,13455574,NC_047568.1 13449258 13457617,9,-0.2764395721615332,0.3387031836648169
NC_047562.1,2676993,NC_047562.1 2655047 2692963,13,-0.2764276928272588,0.33872479434450875
NC_047563.1,20305845,NC_047563.1 20294697 20355501,4,0.2763968931447179,0.33878082817352373
NC_047566.1,51776077,NC_047566.1 51774775 51777179,5,-0.2763860038627373,0.33880064026825896
NW_022994936.1,227209,NW_022994936.1 199537 229357,14,-0.2763634463367024,0.33884168376489077
NC_047561.1,41641528,NC_047561.1 41640079 41643366,10,-0.27631236113405033,0.3389346437088061
NC_047559.1,11528029,NC_047559.1 11527270 11532728,4,-0.27629701415870006,0.33896257343539027
NC_047565.1,8787898,NC_047565.1 8783071 8793153,6,0.27629427106253746,0.3389675656893715
NC_047565.1,10094114,NC_047565.1 10083674 10098314,8,-0.27597562903258294,0.3395477518688622
NC_047561.1,3735835,NC_047561.1 3734607 3737188,8,-0.27595685856154417,0.33958194654057683
NC_047559.1,35346856,NC_047559.1 35344487 35348064,3,0.27594887031345544,0.3395964995284759
NC_047563.1,26303432,NC_047563.1 26298385 26304773,15,0.27582495477916585,0.3398222932802477
NC_047561.1,2799539,NC_047561.1 2789962 2853802,8,0.27569420902976793,0.34006062334536824
NC_047566.1,33585788,NC_047566.1 33578860 33588921,11,-0.2756859306950395,0.340075716649507
NW_022994810.1,2729,NW_022994810.1 1715 23271,3,0.2754171273614735,0.340566009379799
NC_047560.1,55689456,NC_047560.1 55687982 55692856,13,-0.27541421213315426,0.34057132886095354
NC_047565.1,53657977,NC_047565.1 53646791 53701665,3,-0.2752530753500236,0.3408654305612159
NC_047566.1,41960633,NC_047566.1 41958618 41962735,6,0.27517056382241034,0.34101608261467864
NC_047561.1,48647746,NC_047561.1 48632137 48658099,4,0.2751184464411808,0.3411112591849498
NC_047564.1,59281786,NC_047564.1 59281385 59286188,5,-0.2751169397640102,0.3411140108928724
NC_047562.1,39564242,NC_047562.1 39562562 39568958,13,0.2750960829972065,0.34115210375156313
NC_047566.1,24272674,NC_047566.1 24268673 24274104,7,-0.27507883169427305,0.3411836133675227
NC_047568.1,6515088,NC_047568.1 6514219 6547105,9,0.2749899102310041,0.3413460546520358
NC_047563.1,42570379,NC_047563.1 42568468 42570858,4,-0.2749811951012151,0.34136197772007415
NC_047561.1,23628493,NC_047561.1 23623959 23639891,9,0.2747671410816536,0.34175319690537986
NC_047560.1,70826652,NC_047560.1 70690070 71346242,9,0.27475786462376744,0.34177015679806433
NC_047561.1,46844615,NC_047561.1 46842343 46894662,11,0.27464317569151964,0.3419798780410481
NC_047562.1,28764676,NC_047562.1 28762907 28768182,9,0.2746175835517076,0.34202668581725704
NW_022994852.1,172903,NW_022994852.1 170325 177031,8,0.2745785374330051,0.3420981076463231
NC_047561.1,45974467,NC_047561.1 45945399 45975678,9,-0.27457505661172776,0.3421044750480041
NC_047561.1,10230785,NC_047561.1 10230213 10254992,6,0.2745520572588126,0.3421465489911141
NC_047564.1,33429487,NC_047564.1 33429007 33467067,6,-0.27455097587548444,0.3421485272940479
NC_047568.1,21601838,NC_047568.1 21594782 21602330,6,-0.2744736157568099,0.3422900678267724
NC_047564.1,34073829,NC_047564.1 34028106 34076107,8,0.2744518648287185,0.3423298698711349
NC_047563.1,37170711,NC_047563.1 37169516 37170938,6,-0.2744026343895543,0.34241996618929027
NC_047564.1,7025389,NC_047564.1 7010348 7038070,3,-0.27434954426205654,0.3425171408504005
NC_047565.1,12341071,NC_047565.1 12340468 12347855,8,-0.2742699733831347,0.34266281378978536
NC_047561.1,17079887,NC_047561.1 17077188 17087795,4,0.27426380349741414,0.34267411063222075
NC_047564.1,48684448,NC_047564.1 48672673 48689472,8,0.2742558210947524,0.3426887264357621
NW_022994922.1,73182,NW_022994922.1 70949 82299,6,-0.2742552055951216,0.34268985343182556
NC_047562.1,51750342,NC_047562.1 51719248 51772729,14,-0.27422729953508035,0.342740952324994
NC_047561.1,19927453,NC_047561.1 19913689 19933109,4,-0.2742141772521132,0.34276498204918104
NC_047567.1,18985482,NC_047567.1 18951445 18990086,11,-0.2741125013653674,0.3429512041675912
NC_047559.1,26425745,NC_047559.1 26425494 26427417,5,-0.2740964337421119,0.3429806375870522
NC_047563.1,4121076,NC_047563.1 4118742 4124388,7,-0.2737366071025676,0.34364015186027863
NC_047564.1,21164718,NC_047564.1 21157069 21181141,5,-0.2736668163297979,0.3437681504078228
NC_047568.1,9842185,NC_047568.1 9795797 9880602,5,-0.2735832970395457,0.34392136224120695
NC_047561.1,44745913,NC_047561.1 44743566 44750528,3,-0.27352083975988173,0.34403596163464056
NC_047565.1,48699421,NC_047565.1 48698071 48726652,5,0.2734765587596222,0.3441172232032428
NC_047559.1,54201887,NC_047559.1 54199557 54208147,8,0.2733365354582001,0.34437425471725314
NC_047562.1,37507698,NC_047562.1 37490860 37509454,9,-0.2733239236750479,0.34439741055412465
NC_047559.1,12852955,NC_047559.1 12832141 12852961,6,0.27330959808635974,0.3444237140663734
NC_047565.1,59736507,NC_047565.1 59729353 59737506,13,-0.27327778575683886,0.34448212932844535
NC_047568.1,45693665,NC_047568.1 45661140 45704393,7,0.27324786954692454,0.3445370678560885
NC_047565.1,22615295,NC_047565.1 22602784 22625429,7,0.27316104128847624,0.34469654791566207
NC_047565.1,61575164,NC_047565.1 61570354 61590349,8,-0.2731500260501907,0.34471678285550755
NC_047566.1,19625515,NC_047566.1 19625456 19648532,9,-0.27313562878868736,0.3447432315477137
NC_047561.1,13505493,NC_047561.1 13496277 13512269,10,0.2731315695443035,0.34475068884295224
NC_047568.1,55380774,NC_047568.1 55379312 55382584,4,0.2729861534427103,0.34501789374477454
NC_047560.1,27783089,NC_047560.1 27779829 27785852,3,0.2729134392675017,0.3451515504444238
NC_047564.1,38905482,NC_047564.1 38898145 38906216,14,-0.272794091820824,0.34537098638282393
NC_047560.1,4619448,NC_047560.1 4589306 4924767,3,-0.2727565113406662,0.34544009900820216
NC_047559.1,28666355,NC_047559.1 28659194 28683438,5,0.2727401352770156,0.3454702179084984
NC_047564.1,54850042,NC_047564.1 54844901 54856049,4,-0.27262739714809453,0.3456776056200892
NC_047566.1,22309079,NC_047566.1 22308285 22309902,12,0.27258894833945685,0.3457483499736056
NC_047566.1,49631203,NC_047566.1 49615502 49631933,3,-0.2725396788052054,0.34583901576169207
NC_047560.1,47683483,NC_047560.1 47681853 47685062,5,0.27253687790121356,0.3458441703798215
NC_047565.1,54079278,NC_047565.1 54020182 54080189,12,-0.27252815344876324,0.34586022661875837
NC_047566.1,6019116,NC_047566.1 6018830 6059833,5,0.27249890852368747,0.34591405117121155
NC_047561.1,13003935,NC_047561.1 13002144 13005697,4,-0.27249866721680227,0.34591449530976726
NC_047561.1,14940016,NC_047561.1 14939833 14954633,9,-0.2723606758761175,0.34616852760869465
NC_047568.1,50121658,NC_047568.1 50116511 50123038,6,0.2723330177526516,0.3462194566672012
NC_047561.1,10840056,NC_047561.1 10836820 10854718,8,0.272274511285608,0.3463272028380421
NC_047559.1,40627726,NC_047559.1 40623154 40628426,4,-0.27216629494894123,0.34652654412524864
NC_047562.1,12457478,NC_047562.1 12452527 12458281,16,0.27206419192121895,0.34671468245965054
NC_047564.1,41547820,NC_047564.1 41546569 41555635,8,-0.2720316239472634,0.3467747051343011
NC_047561.1,56455546,NC_047561.1 56449627 56456821,5,0.2720221113016511,0.3467922379942697
NC_047565.1,51826144,NC_047565.1 51825928 51828524,14,0.2719447502928375,0.3469348410994503
NC_047562.1,13909932,NC_047562.1 13906985 13923606,4,0.2719218028734318,0.3469771473639093
NC_047565.1,45517882,NC_047565.1 45486908 45527378,13,-0.27186681904381366,0.3470785281140103
NC_047561.1,34600180,NC_047561.1 34585199 34628533,4,0.27172376123402525,0.3473423788553792
NC_047562.1,28239656,NC_047562.1 28234576 28247869,4,0.2717071178120638,0.347373082584681
NC_047560.1,23382584,NC_047560.1 23377683 23390068,13,0.27170358041984977,0.34737960854721417
NC_047564.1,24271332,NC_047564.1 24269118 24279339,3,0.2716964379134556,0.347392785615656
NC_047568.1,4341189,NC_047568.1 4335120 4342838,10,-0.27167721439970677,0.34742825206658456
NC_047561.1,5168638,NC_047561.1 5168455 5179431,17,0.27163727616124655,0.3475019425739764
NC_047562.1,31651468,NC_047562.1 31649110 31651774,6,0.2716329214872765,0.3475099779553754
NC_047563.1,2259101,NC_047563.1 2231498 2265584,8,-0.27154046614251326,0.34768060368349196
NC_047563.1,42285557,NC_047563.1 42284747 42289523,4,0.2714044862530082,0.34793163770828694
NC_047568.1,19957458,NC_047568.1 19952716 19984416,7,-0.27138948672716406,0.34795933463005146
NC_047567.1,6414778,NC_047567.1 6411575 6415784,5,0.2712683213454004,0.34818311353372955
NC_047561.1,28320475,NC_047561.1 28312172 28323797,5,0.2712052708454,0.3482995921658547
NC_047568.1,46240646,NC_047568.1 46240027 46241571,9,0.27117399712014373,0.34835737479580864
NC_047568.1,17207359,NC_047568.1 17206731 17209135,4,0.27105875722291245,0.34857034245778484
NC_047561.1,54168882,NC_047561.1 54165522 54235855,16,0.2709188168316419,0.34882905410955556
NC_047560.1,70747091,NC_047560.1 70388123 71110591,4,-0.2709136521659946,0.34883860419499046
NC_047559.1,36661831,NC_047559.1 36657199 36662102,17,-0.270857069174387,0.3489432423686245
NC_047566.1,54582386,NC_047566.1 54572147 54616687,9,-0.2708451425576933,0.34896530031081885
NC_047568.1,9582449,NC_047568.1 9577106 9589727,13,0.2707980913187594,0.3490523277545755
NC_047564.1,9878485,NC_047564.1 9877835 9881286,8,-0.2707323912336012,0.3491738687090322
NC_047561.1,38463412,NC_047561.1 38452274 38488611,6,0.270685758706481,0.3492601500577772
NC_047560.1,47093216,NC_047560.1 47021569 47095900,5,0.2705963235607221,0.34942565939167036
NC_047561.1,3603038,NC_047561.1 3598156 3606753,11,-0.2705579562787754,0.3494966754132802
NC_047568.1,21586669,NC_047568.1 21577363 21593762,4,-0.2705352901573284,0.34953863306826316
NC_047560.1,14098570,NC_047560.1 14095359 14099425,8,-0.2704232054055437,0.3497461559231504
NC_047562.1,41315112,NC_047562.1 41314985 41326347,3,-0.2703752677207295,0.3498349323873775
NC_047565.1,60924235,NC_047565.1 60892052 60985539,4,0.2702909630439611,0.3499910875032599
NC_047565.1,23172177,NC_047565.1 23168559 23173243,8,0.2702423005807364,0.35008124105366334
NC_047565.1,18585772,NC_047565.1 18584579 18589313,8,0.27022507024009407,0.35011316556990646
NC_047566.1,45832891,NC_047566.1 45829944 45885395,6,0.27017919763055603,0.35019816653395874
NC_047561.1,22185830,NC_047561.1 22168210 22202321,6,0.2701483305970443,0.35025536888339726
NC_047561.1,18140490,NC_047561.1 18137526 18148420,17,0.2700831605827409,0.35037615793170007
NC_047562.1,12331361,NC_047562.1 12328833 12332308,3,0.27005524641379,0.3504279023293656
NC_047564.1,54849221,NC_047564.1 54844901 54856049,3,0.269990743137461,0.350547487922956
NC_047568.1,41647734,NC_047568.1 41643503 41648281,6,-0.2699593439249739,0.35060570849840356
NC_047562.1,49136620,NC_047562.1 49134673 49138038,16,0.2699556370822116,0.3506125820959476
NC_047559.1,50555873,NC_047559.1 50554898 50575893,6,0.26987640109191385,0.3507595271132079
NC_047565.1,11878337,NC_047565.1 11876063 11879365,7,-0.2698221318549388,0.3508601902538234
NC_047563.1,63739994,NC_047563.1 63733642 63752245,7,-0.2698141764763297,0.35087494789466656
NC_047561.1,40764069,NC_047561.1 40751344 40770617,4,-0.2695944046726207,0.3512827710868365
NC_047562.1,35992962,NC_047562.1 35961520 36018993,3,-0.26952458582102246,0.35141238615708237
NC_047564.1,6143927,NC_047564.1 6142847 6148373,9,-0.2695133024538352,0.35143333561104895
NC_047560.1,44272009,NC_047560.1 44263019 44274980,5,0.26946549481857995,0.3515221060849759
NC_047565.1,22677487,NC_047565.1 22676762 22678536,9,-0.26941049111677323,0.35162425366058137
NC_047559.1,15055606,NC_047559.1 15036484 15058591,3,0.26939859338174343,0.3516463511350565
NC_047566.1,13375292,NC_047566.1 13374347 13377276,10,0.2693606225105533,0.35171687893952186
NC_047561.1,34898744,NC_047561.1 34891536 34899026,8,0.269353843156431,0.3517294718566829
NW_022994958.1,65922,NW_022994958.1 17345 94191,6,0.269316218646652,0.3517993653711545
NC_047559.1,27101452,NC_047559.1 27100273 27110548,8,0.26929338337825504,0.35184178924010723
NC_047564.1,18550770,NC_047564.1 18550197 18559684,13,-0.26922474696982446,0.35196932041784756
NC_047564.1,26995719,NC_047564.1 26853467 26996163,5,0.26900376001004456,0.35238010201958325
NC_047565.1,3499225,NC_047565.1 3495577 3499525,7,0.2689525246709354,0.3524753784341004
NC_047567.1,29413397,NC_047567.1 29410642 29419191,14,-0.2688673875719943,0.35263372931701575
NC_047560.1,70743190,NC_047560.1 70595196 71158665,5,-0.26886251798561706,0.352642787693463
NC_047562.1,20486802,NC_047562.1 20430172 20488499,12,0.26871388737910085,0.35291933098352424
NC_047563.1,15414925,NC_047563.1 15412070 15416447,3,0.2687100101640817,0.35292654655433575
NC_047561.1,38496085,NC_047561.1 38488553 38497609,3,0.2686870915746655,0.3529692001396858
NC_047564.1,39244953,NC_047564.1 39235179 39246973,9,-0.2686277421369491,0.35307966801438984
NC_047559.1,33492863,NC_047559.1 33487867 33501662,4,0.2686259527518221,0.35308299891483685
NC_047567.1,6662311,NC_047567.1 6660354 6669139,4,-0.26861955181953995,0.3530949142485811
NC_047562.1,48609028,NC_047562.1 48603005 48630168,9,-0.2686148472762954,0.3531036718953666
NC_047564.1,7507109,NC_047564.1 7505461 7508320,9,0.2685969507691306,0.3531369878641717
NC_047566.1,37661422,NC_047566.1 37655066 37677664,5,0.2685104709064141,0.35329800228172425
NC_047565.1,47456012,NC_047565.1 47428478 47464419,6,-0.2684690390661888,0.35337515733525127
NC_047564.1,49210412,NC_047564.1 49189712 49212937,14,0.2684449996935103,0.35341992809016787
NC_047560.1,16998743,NC_047560.1 16961317 17035334,3,0.26843574886474786,0.35343715759682026
NW_022994918.1,340369,NW_022994918.1 335598 404469,16,0.2683717796631972,0.35355631173266167
NC_047559.1,1264681,NC_047559.1 1263895 1266021,10,0.2683347507092303,0.3536252948892381
NC_047564.1,8943373,NC_047564.1 8900080 8944234,13,-0.26831647330184616,0.35365934754110884
NC_047564.1,24414958,NC_047564.1 24408052 24417301,7,-0.26828373227364694,0.3537203518752895
NC_047565.1,48237825,NC_047565.1 48235710 48240469,4,-0.2678650736962244,0.3545009214304038
NC_047559.1,16280139,NC_047559.1 16268233 16287132,11,-0.26781256660886577,0.3545988850707973
NC_047564.1,38489928,NC_047564.1 38466738 38492197,3,-0.26778134626963124,0.3546571405876957
NC_047559.1,44932054,NC_047559.1 44908398 44966403,4,-0.2677322253925511,0.3547488081916089
NC_047565.1,47013688,NC_047565.1 47013506 47035252,15,0.2676994753952157,0.35480993226796254
NC_047563.1,67521702,NC_047563.1 67517309 67522883,7,-0.26767345487476124,0.35485850067062596
NC_047561.1,40779541,NC_047561.1 40779036 40779895,5,0.2673569985130249,0.35544947147266126
NC_047565.1,11121124,NC_047565.1 11116846 11125113,10,-0.2673191261372189,0.355520232863757
NC_047565.1,53647024,NC_047565.1 53646791 53701665,6,0.26731320204061626,0.3555313022444614
NC_047568.1,31503195,NC_047568.1 31502875 31512948,6,-0.2672663026233807,0.35561894210115663
NC_047566.1,37236472,NC_047566.1 37232892 37239176,5,-0.26724717470211456,0.3556546894021281
NC_047568.1,19767883,NC_047568.1 19762159 19771144,17,-0.26715818049308837,0.3558210325035681
NC_047564.1,1621457,NC_047564.1 1604611 1623282,16,0.26712013090936176,0.3558921657005575
NC_047565.1,55604082,NC_047565.1 55580827 55619230,13,-0.2670931784134008,0.3559425577485974
NC_047563.1,6777023,NC_047563.1 6776654 6779814,3,-0.2670847508796491,0.35595831518695886
NC_047568.1,8429016,NC_047568.1 8427244 8438204,5,0.26708089421365633,0.3559655263417252
NC_047566.1,46055339,NC_047566.1 46043317 46093089,17,0.26707471588381204,0.35597707868659867
NC_047566.1,9546977,NC_047566.1 9542147 9550975,10,0.2670298534578598,0.3560609693603827
NC_047561.1,52626014,NC_047561.1 52624215 52629902,7,0.267015286700799,0.3560882108537884
NC_047564.1,29948630,NC_047564.1 29937585 29953640,7,-0.26692586354535663,0.3562554673303936
NW_022994964.1,52906,NW_022994964.1 51583 53788,3,-0.26688066976539826,0.3563400138310866
NC_047563.1,20185792,NC_047563.1 20096754 20197685,8,-0.26684683502516804,0.35640331753606835
NC_047568.1,51317933,NC_047568.1 51310810 51325837,3,-0.2667681626788046,0.35655053474230847
NC_047564.1,29530390,NC_047564.1 29527706 29546786,7,-0.26672599681055015,0.3566294521628991
NC_047563.1,2109883,NC_047563.1 1808080 2151853,15,-0.26670180365312784,0.35667473626540536
NC_047560.1,31128746,NC_047560.1 31070452 31128885,7,-0.266694145560043,0.3566890711339117
NC_047565.1,24078491,NC_047565.1 24076130 24083218,3,-0.26667021578424743,0.3567338663252204
NC_047568.1,41283470,NC_047568.1 41270672 41288280,14,-0.26664016734982027,0.35679011965897667
NC_047568.1,23838250,NC_047568.1 23837066 23849319,8,-0.26661977788422714,0.3568282933099237
NC_047561.1,15430854,NC_047561.1 15408533 15456039,17,-0.26661140213636975,0.35684397523513933
NC_047564.1,34396666,NC_047564.1 34373727 34398993,14,0.26658078892396553,0.35690129560541195
NC_047559.1,33987721,NC_047559.1 33983055 33988908,3,-0.2665807099243675,0.35690144353126785
NC_047565.1,56358811,NC_047565.1 56331967 56392561,15,0.26656349035373705,0.35693368778327905
NC_047565.1,24125344,NC_047565.1 24106691 24152676,3,-0.2665435095773279,0.3569711044872975
NC_047564.1,33200709,NC_047564.1 33194844 33204903,4,-0.2664749283776662,0.3570995483691102
NC_047562.1,13413638,NC_047562.1 13397598 13442696,7,-0.2664745061077271,0.3571003393053851
NC_047562.1,32366454,NC_047562.1 32363419 32382176,6,0.26645369018686355,0.3571393299293174
NC_047568.1,20903925,NC_047568.1 20900433 20904360,3,0.26634124822444233,0.35734998696046094
NC_047568.1,41033796,NC_047568.1 41032079 41039427,10,-0.26631965187118417,0.35739045493005095
NC_047563.1,28922074,NC_047563.1 28919132 28923962,14,0.266126548405506,0.35775241000785374
NC_047564.1,54476569,NC_047564.1 54452056 54486355,5,-0.26597860158588427,0.35802985849517666
NC_047559.1,4924031,NC_047559.1 4917955 4924760,9,0.26586405470468527,0.3582447519323665
NC_047560.1,17506139,NC_047560.1 17505703 17508207,3,-0.2658583263865417,0.35825550028092024
NC_047565.1,25642871,NC_047565.1 25626905 25683502,12,0.2658245680176311,0.35831884648491263
NC_047568.1,1408251,NC_047568.1 1400213 1413381,4,0.2658092566235599,0.3583475797085587
NC_047564.1,35486806,NC_047564.1 35451206 35497571,3,-0.2657589538646753,0.3584419862687316
NC_047563.1,23839351,NC_047563.1 23832338 23863881,4,0.2656325832998518,0.35867921429185734
NC_047564.1,5611843,NC_047564.1 5586807 5619819,3,-0.2655775897360134,0.35878247723361734
NC_047564.1,54325198,NC_047564.1 54324203 54335734,4,-0.26556272368109013,0.3588103944239902
NC_047562.1,22411002,NC_047562.1 22357516 22612185,6,0.26553701503264765,0.3588586758838851
NC_047565.1,30434442,NC_047565.1 30419705 30441488,3,-0.2654692450634041,0.3589859665100198
NC_047560.1,20158069,NC_047560.1 20153354 20158190,10,-0.26544202903765884,0.3590370926201436
NC_047563.1,43173387,NC_047563.1 43172519 43176619,9,0.26531263398431654,0.35928021941185617
NC_047565.1,44523347,NC_047565.1 44523028 44537832,3,-0.2651654835135927,0.35955681686984875
NC_047564.1,31069573,NC_047564.1 31069033 31072500,4,0.26513855168254213,0.35960745296919794
NW_022994945.1,225722,NW_022994945.1 190480 232078,4,0.2651150429838773,0.3596516562177965
NC_047566.1,47418667,NC_047566.1 47417265 47419294,3,0.2650712689811108,0.3597339720779862
NC_047564.1,41703919,NC_047564.1 41703817 41715426,6,-0.2650630817704852,0.3597493690525879
NC_047561.1,3701644,NC_047561.1 3696117 3751773,9,0.2650529082388965,0.35976850202893484
NC_047568.1,39033065,NC_047568.1 39029333 39037156,3,-0.2650360178665389,0.35980026833926537
NC_047559.1,41317502,NC_047559.1 41313435 41319811,5,-0.26497841500670083,0.35990861554239406
NC_047559.1,19943206,NC_047559.1 19942212 19949178,4,-0.2649461857004749,0.359969244515166
NC_047564.1,9543993,NC_047564.1 9537713 9546635,10,-0.26484493444142343,0.36015975209979056
NC_047559.1,50865168,NC_047559.1 50864404 50867354,11,-0.26481105561711776,0.36022350849469265
NC_047563.1,11711064,NC_047563.1 11702889 11715497,11,0.2647743335367477,0.3602926225469717
NC_047566.1,54473176,NC_047566.1 54467382 54491980,10,-0.26472964650439224,0.3603767370588782
NC_047567.1,5661487,NC_047567.1 5629969 5721745,5,0.26472412096141046,0.36038713854557725
NC_047559.1,37023652,NC_047559.1 37017890 37023665,7,-0.2646760789225326,0.3604775815537157
NC_047561.1,44429063,NC_047561.1 44428842 44430725,6,-0.26465983580082203,0.360508163336449
NC_047563.1,10449140,NC_047563.1 10445747 10455627,7,-0.2646228212514151,0.36057785786405305
NC_047568.1,6118474,NC_047568.1 6117051 6123954,12,0.26458139164208067,0.360655874194561
NC_047561.1,52168609,NC_047561.1 52167674 52169275,17,0.26454123977631727,0.3607314931739306
NW_022994844.1,233776,NW_022994844.1 232970 236341,6,-0.2644283298272437,0.36094418550227236
NC_047562.1,42280338,NC_047562.1 42278725 42282041,4,0.26441975341277646,0.36096034397783694
NC_047559.1,29080278,NC_047559.1 29078469 29082613,14,0.26439306199546453,0.3610106347185671
NC_047562.1,46478800,NC_047562.1 46477001 46480155,7,0.2643916707219943,0.3610132561966791
NC_047565.1,56362530,NC_047565.1 56331967 56392561,3,0.2643765348924269,0.3610417762387931
NC_047561.1,46586723,NC_047561.1 46578863 46594475,5,0.2643470565005359,0.36109732511258896
NC_047565.1,31995060,NC_047565.1 31986596 32002112,4,-0.26429350200884394,0.3611982547269754
NC_047561.1,49760976,NC_047561.1 49734890 49767198,6,0.2642631067563268,0.36125554491755607
NC_047563.1,5150656,NC_047563.1 5149214 5151879,11,0.2642166320918374,0.3613431517940221
NC_047559.1,36759931,NC_047559.1 36756626 36760121,9,-0.2641954063953283,0.3613831670539319
NC_047559.1,40917995,NC_047559.1 40914691 40921337,3,-0.26417096141616964,0.3614292543819546
NC_047567.1,19035718,NC_047567.1 19034456 19036254,8,-0.26416046717734276,0.3614490406709865
NC_047559.1,5085055,NC_047559.1 5080164 5089955,3,0.2641421239858527,0.3614836271289229
NC_047564.1,52047139,NC_047564.1 52040182 52083870,3,0.26413323367418867,0.361500390639238
NC_047565.1,53428393,NC_047565.1 53420368 53432069,10,-0.26403825022940297,0.36167951717844693
NC_047562.1,7288483,NC_047562.1 7264994 7303325,4,0.26401979860845604,0.3617143201608609
NC_047561.1,27036855,NC_047561.1 27014641 27042789,7,0.26399721367468454,0.36175692177442453
NC_047559.1,39093165,NC_047559.1 39087595 39118950,13,0.2639827745357772,0.3617841595311372
NC_047562.1,7380813,NC_047562.1 7362711 7390249,6,-0.2639291897312057,0.3618852507901812
NC_047563.1,2281081,NC_047563.1 2270578 2292520,4,-0.26391230057228987,0.3619171164849807
NC_047561.1,53570884,NC_047561.1 53570365 53574556,6,-0.2638776687250464,0.3619824630498564
NC_047559.1,39092381,NC_047559.1 39087595 39118950,8,-0.26386403370876504,0.36200819261783157
NC_047561.1,11244923,NC_047561.1 11241725 11247527,7,-0.2638605198460653,0.36201482351331193
NC_047568.1,51065940,NC_047568.1 51048473 51080525,4,0.26384596166403335,0.36204229648693864
NC_047561.1,13901491,NC_047561.1 13898376 13905478,9,0.26382940751430595,0.36207353746068005
NC_047562.1,14199887,NC_047562.1 14199080 14200272,4,0.26374408911504776,0.3622345735091338
NC_047560.1,70787899,NC_047560.1 70690070 71346242,6,0.2637164365086495,0.36228677537428866
NC_047566.1,8569259,NC_047566.1 8554680 8583737,4,-0.2635476785381587,0.36260544091536584
NC_047562.1,45120071,NC_047562.1 45118203 45126840,6,-0.26352448817472535,0.3626492431668469
NC_047565.1,15510575,NC_047565.1 15505664 15511722,11,-0.26350065212299356,0.36269426800052096
NC_047560.1,53299786,NC_047560.1 53299049 53312358,3,-0.2634858618332165,0.36272220747489814
NC_047565.1,57448710,NC_047565.1 57447196 57448993,11,-0.26339603471486966,0.362891919780329
NC_047560.1,51050821,NC_047560.1 50935047 51246957,5,0.2633305823369726,0.3630156075423565
NC_047565.1,47016892,NC_047565.1 47013506 47035252,3,0.2632409067209524,0.36318510804179016
NC_047563.1,71168955,NC_047563.1 71168331 71171504,5,-0.2631488122880452,0.36335922522420083
NC_047559.1,52987335,NC_047559.1 52961431 53010809,7,-0.2631238976017822,0.363406337655504
NC_047568.1,47096248,NC_047568.1 47095406 47109813,8,-0.2630687756896224,0.36351058223916677
NC_047559.1,5025789,NC_047559.1 5022296 5033938,5,-0.26280955800078687,0.3640010231912403
NC_047567.1,32866442,NC_047567.1 32841893 32869362,6,-0.26275632562729534,0.3641017835049769
NC_047561.1,21855318,NC_047561.1 21851951 21888767,4,-0.26275255767013944,0.364108916215076
NC_047568.1,36536909,NC_047568.1 36532823 36550162,13,0.26271981681900025,0.3641708975544352
NC_047566.1,14085285,NC_047566.1 14052065 14091062,8,-0.26263413180459383,0.3643331340028183
NC_047561.1,56062281,NC_047561.1 56061301 56065846,4,-0.2626229267000445,0.3643543527053914
NC_047568.1,55874301,NC_047568.1 55873830 55890808,15,-0.26260869172789,0.3643813099262466
NC_047566.1,50000939,NC_047566.1 49983777 50028481,4,-0.2625835845479746,0.36442885883186615
NC_047566.1,8587083,NC_047566.1 8583694 8588258,12,0.2625679231432144,0.3644585206844776
NC_047560.1,63115802,NC_047560.1 63059766 63303274,6,-0.26242375075997576,0.364731636908602
NC_047566.1,25235068,NC_047566.1 25234293 25240015,3,0.26239267801659283,0.36479051480482694
NC_047563.1,22301736,NC_047563.1 22301684 22313228,6,0.26238055961317164,0.36481347864529146
NC_047559.1,16903956,NC_047559.1 16896019 16940824,8,-0.2622683893923761,0.36502607349034044
NW_022994955.1,110503,NW_022994955.1 64926 121353,6,-0.26223833997188856,0.36508303719717017
NC_047564.1,8237256,NC_047564.1 8232230 8249279,12,-0.26214630326229227,0.36525753817903384
NC_047561.1,10010021,NC_047561.1 10009618 10010262,4,-0.26205017638934985,0.36543984235629245
NC_047566.1,1396717,NC_047566.1 1354633 1414618,6,-0.262036620696883,0.3654655546330984
NC_047564.1,6964272,NC_047564.1 6958467 6974683,7,-0.26197780651390523,0.3655771240357706
NC_047559.1,10718157,NC_047559.1 10713705 10721177,9,-0.26192123270960943,0.3656844608996982
NC_047561.1,48501516,NC_047561.1 48500409 48504946,4,-0.2619082633045209,0.36570907001734243
NC_047561.1,31376250,NC_047561.1 31374405 31378821,6,0.26184743113531633,0.3658245094946839
NC_047564.1,9544014,NC_047564.1 9537713 9546635,7,-0.26184368809786157,0.3658316131952065
NC_047568.1,23838269,NC_047568.1 23837066 23849319,9,-0.261750883961944,0.3660077648520813
NC_047566.1,23512438,NC_047566.1 23512164 23534707,7,-0.2617401208917517,0.36602819722355595
NC_047568.1,55464131,NC_047568.1 55461674 55480290,5,0.2616236706858938,0.36624930319636984
NC_047559.1,46566945,NC_047559.1 46566000 46575631,6,0.26156691490181455,0.36635709257770943
NC_047564.1,55368307,NC_047564.1 55363053 55368428,10,-0.26153535987501597,0.3664170286458607
NW_022994958.1,65922,NW_022994958.1 38466 86290,6,0.2614854925998448,0.36651175808578873
NC_047568.1,26836949,NC_047568.1 26819347 26841462,15,0.2614223295759855,0.36663176358095806
NC_047561.1,50385598,NC_047561.1 50381432 50388165,5,0.26140505643057305,0.3666645850989103
NC_047565.1,12875870,NC_047565.1 12871877 12923945,9,0.26136830545476564,0.366734422653339
NC_047565.1,13168952,NC_047565.1 13119330 13220090,4,-0.2613415534380172,0.36678526380270415
NC_047562.1,32028674,NC_047562.1 32027356 32032061,7,-0.26130488352483977,0.3668549597208606
NC_047565.1,43281529,NC_047565.1 43280467 43282314,17,-0.2612649505068078,0.3669308657455257
NC_047563.1,9295804,NC_047563.1 9291169 9298017,5,0.2612045024344151,0.3670457836476221
NC_047566.1,23309405,NC_047566.1 23116815 23445750,13,0.2612013679989872,0.3670517430576512
NC_047564.1,29078276,NC_047564.1 29065644 29180332,5,-0.26119715379788283,0.367059755476979
NC_047565.1,11653214,NC_047565.1 11646438 11656828,8,0.2610235312200987,0.3673899446601743
NC_047561.1,40837049,NC_047561.1 40836276 40898777,3,-0.2608760892584184,0.3676704706060242
NC_047564.1,28975350,NC_047564.1 28968412 28980815,4,0.26087551637069406,0.36767156081923136
NC_047564.1,1130086,NC_047564.1 1125260 1140005,7,-0.2608356209155259,0.3677474867185001
NC_047565.1,13479594,NC_047565.1 13473578 13503028,7,0.2608260776144002,0.3677656500368537
NC_047562.1,32091104,NC_047562.1 32085011 32122428,11,-0.2607419814470507,0.36792572730799034
NC_047559.1,49674440,NC_047559.1 49670409 49677095,8,0.2606592821015445,0.3680831824576113
NC_047568.1,27657289,NC_047568.1 27624334 27668639,11,-0.26065364773034966,0.3680939113255466
NC_047565.1,4335322,NC_047565.1 4323374 4336491,5,-0.26061078542502325,0.3681755344882648
NC_047560.1,72532549,NC_047560.1 72526541 72603486,3,0.26060744964820254,0.36818188725530776
NC_047564.1,43373014,NC_047564.1 43371697 43390831,3,-0.26050558309895167,0.36837591391291713
NC_047568.1,45077169,NC_047568.1 45067324 45077223,5,0.26044886875783324,0.3684839624624666
NC_047562.1,28812273,NC_047562.1 28811718 28827206,9,-0.2604469589713383,0.36848760116404
NC_047561.1,19003368,NC_047561.1 18997453 19007221,8,-0.2604390529990225,0.36850266455906266
NC_047560.1,69096095,NC_047560.1 69095770 69099366,5,-0.2604060156262784,0.3685656148756008
NC_047568.1,56790842,NC_047568.1 56790183 56796028,16,0.2600665104861455,0.3692128538592475
NC_047566.1,49986205,NC_047566.1 49983777 50028481,3,-0.2600456049866333,0.369252728542517
NC_047560.1,62870648,NC_047560.1 62653127 63119960,10,-0.259973144975648,0.3693909551454898
NC_047559.1,51151323,NC_047559.1 51134618 51158588,12,0.25983465581771514,0.3696552183649411
NC_047565.1,53869295,NC_047565.1 53868022 53875874,10,0.25982322885479275,0.3696770277032776
NC_047562.1,33987310,NC_047562.1 33984557 33988271,4,0.25982095020724577,0.3696813767805047
NC_047564.1,29322324,NC_047564.1 29321508 29332315,3,-0.25979752230007325,0.36972609340491835
NC_047562.1,23733734,NC_047562.1 23732772 23735378,12,-0.25978663700122995,0.3697468710648041
NC_047560.1,63106940,NC_047560.1 62653127 63119960,10,0.2597625010687449,0.36979294353993586
NC_047560.1,55347254,NC_047560.1 55225485 55583389,3,0.2597141915747489,0.36988516962430495
NC_047559.1,43851991,NC_047559.1 43844881 43859837,5,-0.25968454323384316,0.369941776452835
NC_047561.1,20315671,NC_047561.1 20315583 20340518,5,-0.2596328597865421,0.37004046552807524
NC_047568.1,49854702,NC_047568.1 49852536 49863338,6,-0.25958743080595353,0.37012722348295135
NC_047568.1,7058315,NC_047568.1 7055081 7059335,8,-0.2595252334823753,0.37024602255847694
NC_047565.1,55755984,NC_047565.1 55741038 55760777,4,0.25952221762962435,0.3702517834660213
NC_047561.1,9971296,NC_047561.1 9965224 9984765,6,0.2594945379269275,0.37030465972733695
NC_047564.1,21983477,NC_047564.1 21968475 21988459,14,0.25944001823754154,0.37040882005863784
NC_047564.1,50371785,NC_047564.1 50369868 50373179,8,0.2593115128071603,0.37065439327673433
NW_022994810.1,11134,NW_022994810.1 1715 23271,17,-0.2592788542154655,0.37071681766243614
NC_047559.1,15361485,NC_047559.1 15358637 15367940,3,-0.25924634727893864,0.37077895779865155
NC_047568.1,46814992,NC_047568.1 46803954 46815758,5,-0.2591833689358021,0.3708993629345968
NC_047567.1,16167474,NC_047567.1 16107132 16187917,7,0.259093862342571,0.3710705223546129
NC_047562.1,12522742,NC_047562.1 12498038 12531817,6,-0.25907126859639273,0.37111373408300574
NC_047568.1,45330368,NC_047568.1 45328390 45332432,3,0.25906300448259084,0.37112954031274836
NC_047559.1,41366098,NC_047559.1 41363591 41367453,5,-0.2590458451376555,0.3711623610276146
NC_047565.1,59725992,NC_047565.1 59720044 59726556,4,-0.2590255273977621,0.3712012248332517
NC_047565.1,9727962,NC_047565.1 9695156 9739723,6,-0.259018541327307,0.37121458830662823
NC_047562.1,37720389,NC_047562.1 37719547 37727899,6,-0.25900412330063477,0.3712421689962243
NC_047562.1,47541742,NC_047562.1 47526931 47550136,11,-0.258935834047645,0.3713728166201814
NC_047563.1,13139062,NC_047563.1 13138290 13140183,3,-0.25891113206036676,0.3714200813407299
NC_047565.1,60670690,NC_047565.1 60646590 60672137,8,-0.258823117120433,0.371588515245614
NW_022994959.1,10056,NW_022994959.1 4360 44720,3,0.258805696306982,0.3716218582760208
NC_047564.1,55368257,NC_047564.1 55363053 55368428,6,-0.25878126285925346,0.37166862603949247
NC_047559.1,36741311,NC_047559.1 36741035 36751661,4,-0.25869876915140966,0.37182654965087814
NC_047562.1,38504468,NC_047562.1 38501643 38524367,4,-0.25867675333452084,0.3718687022124699
NC_047565.1,34918681,NC_047565.1 34848959 34922948,3,0.2586283037502168,0.371961475220995
NC_047560.1,18944797,NC_047560.1 18807551 18945840,3,-0.25862471892894834,0.37196834006087875
NC_047565.1,55585623,NC_047565.1 55580827 55619230,6,-0.2586057758130985,0.37200461676961705
NC_047560.1,70727704,NC_047560.1 70690070 71346242,16,0.2585085010580945,0.37219093122092406
NC_047563.1,7921078,NC_047563.1 7915732 7936712,16,-0.25850771902020947,0.37219242929462926
NC_047561.1,50106076,NC_047561.1 50086480 50121986,7,0.2584768750921277,0.37225151658766054
NC_047564.1,49107246,NC_047564.1 49102758 49115889,4,0.25835470011888567,0.3724856151189586
NC_047563.1,61980119,NC_047563.1 61949086 61990294,11,0.25834147811961566,0.3725109544396562
NC_047565.1,41738975,NC_047565.1 41723430 41745046,10,-0.25828206502065204,0.3726248282107437
NC_047561.1,4526417,NC_047561.1 4521279 4558257,3,-0.2579420805450034,0.37327681758041265
NW_022994829.1,112107,NW_022994829.1 109708 243958,7,-0.257916948592631,0.37332503753815394
NC_047559.1,8615445,NC_047559.1 8610186 8618358,3,-0.25790537465940394,0.3733472452387018
NC_047565.1,2565659,NC_047565.1 2564205 2575998,7,-0.2578831260946147,0.37338993708254054
NC_047568.1,23840338,NC_047568.1 23837066 23849319,4,0.25772484747642466,0.3736937270573578
NC_047565.1,21042403,NC_047565.1 21039443 21043715,13,0.2575747684483378,0.3739819018877395
NC_047563.1,18293604,NC_047563.1 18272656 18297038,4,-0.25750262601650736,0.37412046893179096
NC_047561.1,29215144,NC_047561.1 29182139 29216371,10,0.25748539507463075,0.3741535692157091
NC_047560.1,17003520,NC_047560.1 16961317 17035334,5,-0.25743795973933764,0.37424469964128715
NC_047563.1,4110673,NC_047563.1 4109573 4112336,8,-0.2574309283825031,0.3742582089514537
NC_047562.1,48612372,NC_047562.1 48603005 48630168,12,-0.2574140022668196,0.37429073008553015
NC_047566.1,21952413,NC_047566.1 21928040 21972837,5,-0.2573266543835736,0.3744585807939391
NC_047566.1,50843221,NC_047566.1 50816539 50848619,15,-0.25718087580348153,0.3747388039387134
NC_047560.1,44284573,NC_047560.1 44088081 44306650,3,-0.2571646350884132,0.3747700296499701
NC_047559.1,39663144,NC_047559.1 39659966 39700234,9,-0.25712864352183157,0.3748392349212577
NC_047565.1,19843463,NC_047565.1 19839939 19845002,9,0.25708574905369597,0.37492172218092634
NC_047566.1,46690480,NC_047566.1 46655353 46734547,12,-0.25708165593790533,0.3749295938659545
NC_047560.1,44272009,NC_047560.1 44088081 44306650,5,-0.2570570679294019,0.37497688221761505
NC_047562.1,41976634,NC_047562.1 41973552 41979771,3,-0.2568805559238746,0.3753164490338121
NC_047567.1,25821713,NC_047567.1 25821021 25824703,4,-0.2568744215311512,0.37532825310098594
NC_047564.1,35995452,NC_047564.1 35897478 36007922,3,-0.25687149771094486,0.37533387931397444
NC_047562.1,17027263,NC_047562.1 16932800 17038841,8,-0.2567935912086624,0.3754838089474333
NC_047568.1,42820103,NC_047568.1 42817371 42821983,3,-0.2567859168972724,0.3754985797565178
NW_022994962.1,170430,NW_022994962.1 126631 171037,7,-0.2567814338285423,0.37550720849928865
NC_047561.1,3157563,NC_047561.1 3154006 3172426,13,0.2566828787090332,0.3756969283683588
NW_022994810.1,10797,NW_022994810.1 1715 23271,5,0.25662617461796355,0.37580610775942636
NC_047561.1,16643597,NC_047561.1 16641660 16647223,11,0.2564446636584765,0.3761557075873926
NC_047560.1,50229379,NC_047560.1 50227729 50232624,4,-0.2563607927987645,0.3763173062104065
NC_047564.1,31084680,NC_047564.1 31073198 31093503,5,-0.25624617853364473,0.3765381999949342
NC_047568.1,45374503,NC_047568.1 45366945 45375445,6,0.25622865577316706,0.3765719773818148
NC_047564.1,5612064,NC_047564.1 5586807 5619819,3,-0.25607704640806045,0.37686429181010195
NC_047568.1,51415441,NC_047568.1 51406768 51423313,9,-0.255917203594285,0.37717261250662637
NC_047567.1,16390462,NC_047567.1 16382235 16393609,4,0.25581183279338926,0.3773759360020209
NC_047565.1,30733471,NC_047565.1 30702867 30757908,15,-0.2557813028654611,0.37743485750958194
NW_022994945.1,123389,NW_022994945.1 102909 172306,4,-0.25562228994850716,0.37774182550864754
NC_047562.1,10908034,NC_047562.1 10903650 10920831,10,0.2556063966857926,0.3777725141494278
NC_047559.1,46649777,NC_047559.1 46636932 46674355,3,-0.25551020498077154,0.37795828123514796
NC_047568.1,34859853,NC_047568.1 34823092 34873268,6,0.25542306283986216,0.3781266138215552
NC_047561.1,43688587,NC_047561.1 43687772 43713405,11,0.25534912206773835,0.37826947674507583
NC_047559.1,52985506,NC_047559.1 52961431 53010809,6,0.2553431367290185,0.378281042439074
NC_047561.1,45497406,NC_047561.1 45495437 45499997,6,-0.25530825155443604,0.37834845613018386
NC_047561.1,48015679,NC_047561.1 48006700 48047668,11,-0.2552395357228581,0.37848126450146236
NC_047568.1,13560677,NC_047568.1 13508162 13570381,12,0.25521205614067227,0.37853438177849896
NC_047562.1,31720427,NC_047562.1 31712207 31780006,7,0.255211953423403,0.3785345803356326
NC_047568.1,35497995,NC_047568.1 35491009 35513578,14,-0.2550914241032276,0.3787676073313203
NC_047559.1,10113113,NC_047559.1 10110507 10113213,3,-0.2550544692603603,0.3788390698312313
NC_047559.1,53164111,NC_047559.1 53162805 53167705,6,0.2550531307959166,0.37884165826089633
NC_047568.1,16439362,NC_047568.1 16439167 16444707,7,0.2550322887393494,0.3788819655173967
NC_047559.1,40546600,NC_047559.1 40531671 40571354,16,0.25494110185052615,0.37905834230092617
NC_047565.1,48628292,NC_047565.1 48589128 48631568,7,-0.25485717975221384,0.3792207060360093
NC_047567.1,34720550,NC_047567.1 34713146 34740744,8,0.25483083381754923,0.3792716850671758
NC_047559.1,50212556,NC_047559.1 50173930 50252814,3,0.2546981412849036,0.37952849898422103
NC_047565.1,2517309,NC_047565.1 2504700 2522642,15,0.2546431565462648,0.3796349439794541
NC_047559.1,23850817,NC_047559.1 23836975 23993875,7,-0.2544824474636288,0.3799461521745451
NC_047566.1,31876037,NC_047566.1 31870416 31876452,5,-0.2544748575846049,0.3799608531082118
NW_022994829.1,129196,NW_022994829.1 109708 243958,17,-0.25433092996035567,0.38023968582433954
NC_047565.1,24071328,NC_047565.1 24068575 24074234,16,0.2542874551174446,0.38032393162514655
NC_047564.1,39155643,NC_047564.1 39152872 39158282,4,0.25423805699037594,0.3804196676854741
NC_047565.1,6190110,NC_047565.1 6186782 6191037,15,0.2541909291272643,0.38051101584230596
NC_047566.1,21288135,NC_047566.1 21274468 21316899,4,-0.2541397997817444,0.3806101333230497
NC_047566.1,48117677,NC_047566.1 48117038 48121243,3,0.2541287157190103,0.3806316222981201
NW_022994829.1,220352,NW_022994829.1 109708 243958,6,0.2540753002353344,0.38073518942788487
NC_047561.1,6185797,NC_047561.1 6181461 6186400,12,-0.25404745946533325,0.3807891757750932
NC_047567.1,4533834,NC_047567.1 4504585 4985356,14,0.2539789109725144,0.3809221163188583
NC_047566.1,8305434,NC_047566.1 8294820 8314655,5,-0.25397434267008495,0.380930976803889
NC_047559.1,3626688,NC_047559.1 3605784 3628135,3,0.25391324805454174,0.38104948388252946
NC_047564.1,43316638,NC_047564.1 43315077 43316874,5,0.25385176189411857,0.38116877029419627
NC_047562.1,19324591,NC_047562.1 19324207 19329719,12,-0.25378829061080244,0.3812919288265175
NC_047566.1,33204580,NC_047566.1 33185367 33222559,3,-0.25373875827324527,0.3813880552122242
NC_047568.1,46035190,NC_047568.1 46025269 46036112,7,-0.2536773558150227,0.38150723562260935
NC_047566.1,13529560,NC_047566.1 13523422 13556661,3,-0.2535169769502742,0.38181861999196043
NC_047564.1,38572504,NC_047564.1 38567026 38606514,12,-0.253476718100529,0.3818968060094341
NC_047561.1,45400578,NC_047561.1 45387403 45401418,15,-0.2534259843998821,0.3819953471974922
NC_047561.1,33044766,NC_047561.1 33042636 33044849,3,-0.25334808481184035,0.3821466796452089
NC_047568.1,50147717,NC_047568.1 50147368 50158369,5,0.2532894048736938,0.3822606959170436
NC_047561.1,2814716,NC_047561.1 2789962 2853802,3,-0.2532600811587454,0.3823176792570091
NC_047566.1,17137166,NC_047566.1 17130718 17145903,4,0.2532471201439778,0.3823428672037268
NC_047566.1,50339474,NC_047566.1 50337548 50361735,5,-0.2532265155245115,0.3823829112617363
NC_047562.1,46255186,NC_047562.1 46245752 46257386,6,0.2531723560102929,0.3824881782432097
NC_047564.1,53750270,NC_047564.1 53737694 53752420,10,0.2530091104266277,0.3828055633458537
NC_047566.1,21173722,NC_047566.1 21173208 21176006,6,-0.25297946002774524,0.38286322523701544
NC_047559.1,46886488,NC_047559.1 46872897 46901921,10,0.25293021010030703,0.3829590130465772
NC_047564.1,36999586,NC_047564.1 36982659 37023129,3,-0.25292857234276306,0.3829621985943087
NC_047564.1,4139066,NC_047564.1 4113919 4173330,3,-0.2529164754127771,0.3829857283671363
NC_047564.1,23271935,NC_047564.1 23267019 23301868,9,-0.2528255707949198,0.38316257180168567
NC_047566.1,5618699,NC_047566.1 5617295 5650849,6,-0.2527451771909439,0.38331900357197934
NC_047559.1,41510020,NC_047559.1 41509135 41512246,4,-0.25274240612508336,0.38332439618272196
NC_047566.1,40069027,NC_047566.1 40062031 40074247,13,-0.25267652835002885,0.383452608984686
NC_047560.1,70738458,NC_047560.1 70595196 71158665,7,0.2526607596501052,0.38348330176374534
NC_047564.1,1109020,NC_047564.1 1093827 1119467,3,-0.25266015748003023,0.3834844738756805
NC_047559.1,31893631,NC_047559.1 31887889 31896098,4,-0.25263103692119165,0.3835411587310088
NC_047568.1,53438281,NC_047568.1 53428387 53445736,5,0.2526076904606278,0.38358660718673565
NC_047559.1,21155945,NC_047559.1 21150477 21170096,4,-0.25234227861914116,0.384103484551933
NC_047564.1,31090412,NC_047564.1 31073198 31093503,4,-0.25230754516433224,0.38417115373048727
NC_047568.1,13815891,NC_047568.1 13752429 13837039,9,-0.252278943965168,0.38422688054556264
NW_022994939.1,99730,NW_022994939.1 96668 123730,9,-0.2522694772648235,0.38424532648944876
NW_022994960.1,107164,NW_022994960.1 71313 117315,3,-0.2522442329984709,0.38429451745112575
NC_047563.1,26270628,NC_047563.1 26268858 26274098,3,-0.25223565487916594,0.38431123353057417
NC_047560.1,60526682,NC_047560.1 60505898 60552832,6,0.2522143090145963,0.38435283164043355
NC_047562.1,4043247,NC_047562.1 4043094 4046881,3,0.252175350318542,0.3844287592156588
NC_047565.1,30847856,NC_047565.1 30833454 30861739,15,-0.25208700875898116,0.3846009597988316
NC_047564.1,44977207,NC_047564.1 44974763 44977278,14,0.25204037768563886,0.38469187235523794
NC_047568.1,21583854,NC_047568.1 21577363 21593762,6,0.25197280693362323,0.38482362943201753
NC_047560.1,5731939,NC_047560.1 5727215 5738379,3,0.25193310643329675,0.38490105311981127
NC_047566.1,46253199,NC_047566.1 46250569 46253998,8,-0.2519057858581429,0.3849543383519082
NC_047563.1,7646614,NC_047563.1 7634518 7664446,4,-0.25185972640670934,0.385044180192995
NC_047564.1,55095919,NC_047564.1 55088931 55106595,10,-0.251646285969629,0.3854606543766165
NC_047565.1,1534208,NC_047565.1 1524012 1541977,7,-0.25159622600753523,0.3855583681208534
NC_047559.1,35933431,NC_047559.1 35930457 35939087,8,0.251571136037465,0.3856073470307365
NC_047560.1,18810135,NC_047560.1 18807551 18945840,4,-0.25154021751840644,0.3856677085717565
NC_047561.1,46855993,NC_047561.1 46842343 46894662,7,-0.25153303059332816,0.3856817401645475
NC_047568.1,2821222,NC_047568.1 2819084 2824649,8,-0.2515277958226131,0.3856919605849972
NC_047565.1,33520091,NC_047565.1 33499050 33546646,3,-0.2514910236953147,0.3857637589153785
NC_047562.1,28240717,NC_047562.1 28234576 28247869,7,-0.251448195638915,0.3858473905067862
NC_047560.1,23419714,NC_047560.1 23396695 23429420,4,-0.2514073658779735,0.3859271289208316
NC_047564.1,49387717,NC_047564.1 49366001 49396142,14,0.2513826692845494,0.38597536433315116
NC_047565.1,36651709,NC_047565.1 36651309 36657144,16,0.25130482770201373,0.3861274192065679
NC_047561.1,44146165,NC_047561.1 44120129 44146756,3,0.2511836113134838,0.3863642651607465
NC_047564.1,53611373,NC_047564.1 53598745 53621111,4,-0.251167400928153,0.38639594463639426
NC_047562.1,45620006,NC_047562.1 45619536 45626935,3,-0.25115834467594167,0.38641364360111496
NC_047563.1,67521702,NC_047563.1 67505289 67525234,7,-0.2511402746913174,0.3864489597165598
NC_047562.1,35664449,NC_047562.1 35651209 35686111,6,0.2510954599948927,0.38653655328207426
NC_047564.1,26765318,NC_047564.1 26598621 26793493,6,-0.25107661150432503,0.3865733971631402
NC_047565.1,3697737,NC_047565.1 3687847 3716202,10,0.2510349285807669,0.3866548830109552
NC_047564.1,37123273,NC_047564.1 37123002 37131621,9,0.2509817235452521,0.3867589066294893
NC_047561.1,6745164,NC_047561.1 6743932 6748734,16,-0.25093885663329135,0.3868427284904211
NC_047561.1,3610208,NC_047561.1 3608710 3613792,3,-0.2508701179578705,0.386977160025493
NC_047565.1,38605749,NC_047565.1 38595105 38611951,4,0.2508110943786351,0.387092611588145
NC_047565.1,2741809,NC_047565.1 2739855 2764400,11,-0.25068850716042546,0.38733245346019496
NC_047566.1,39192373,NC_047566.1 39188611 39194712,5,-0.25066479112067613,0.38737886296970936
NC_047568.1,16613916,NC_047568.1 16606935 16654751,6,-0.2505793329427677,0.3875461190218794
NC_047564.1,14320872,NC_047564.1 14310781 14328737,5,-0.25047346411200866,0.38775337516281305
NC_047561.1,19008419,NC_047561.1 19007575 19030260,3,-0.25046266952019736,0.3877745106967476
NC_047559.1,7804191,NC_047559.1 7789592 7805539,3,0.25045934957151916,0.3877810111937099
NC_047562.1,14045330,NC_047562.1 14042546 14045507,5,-0.25043106359385187,0.38783639779585866
NC_047564.1,54213801,NC_047564.1 54202375 54221434,12,0.25038661728376904,0.3879234363039662
NC_047560.1,72192133,NC_047560.1 72183522 72303340,6,0.2502534674102189,0.38818424345322033
NC_047565.1,58068252,NC_047565.1 58065723 58083487,12,0.25023073980947763,0.3882287703782271
NC_047566.1,57583736,NC_047566.1 57579196 57583828,5,-0.2502215467669894,0.38824678175385774
NC_047560.1,50505335,NC_047560.1 50496462 50541845,10,0.25017456036831753,0.3883388462833285
NW_022994921.1,320718,NW_022994921.1 306874 323136,5,0.25015432795506515,0.3883784929629571
NC_047563.1,27504426,NC_047563.1 27504250 27517278,6,0.2500155286448049,0.3886505366057086
NC_047561.1,26748863,NC_047561.1 26744874 26749809,13,-0.24982000204349505,0.38903393537893305
NC_047559.1,28467328,NC_047559.1 28437761 28493312,6,-0.24980082318338925,0.38907155305072183
NC_047562.1,28193467,NC_047562.1 28192848 28195098,7,0.2497652558373528,0.38914132040498095
NC_047563.1,25055761,NC_047563.1 25055064 25057387,11,0.24969877870719173,0.3892717367668205
NC_047561.1,9472183,NC_047561.1 9464113 9472272,6,0.2495843136327137,0.38949635108652425
NC_047562.1,36057116,NC_047562.1 36056015 36086534,12,-0.24956960872494122,0.38952521142470187
NC_047564.1,5877387,NC_047564.1 5872624 5879289,6,0.2494620403108162,0.38973636310099413
NC_047560.1,58665949,NC_047560.1 58663856 58666988,8,-0.24944078564516065,0.38977809214814363
NC_047568.1,16374241,NC_047568.1 16368300 16383360,16,0.24940005794627262,0.38985805897497683
NC_047559.1,53051507,NC_047559.1 53050588 53060480,4,0.24933889105342497,0.38997817342325414
NC_047563.1,45637657,NC_047563.1 45633037 45652853,3,-0.24932162234632813,0.39001208780775676
NC_047564.1,9697160,NC_047564.1 9696182 9697489,3,-0.24919869226791252,0.3902535578165053
NC_047560.1,70735490,NC_047560.1 70388123 71110591,4,0.24918008116860552,0.3902901222408013
NC_047559.1,17861107,NC_047559.1 17832293 17867591,9,-0.24912334595482932,0.39040159862528323
NC_047559.1,14120945,NC_047559.1 14113060 14121534,15,-0.24889105773267053,0.3908581861366266
NC_047565.1,778955,NC_047565.1 778039 781970,6,-0.24887963731799823,0.3908806414523023
NC_047565.1,5494858,NC_047565.1 5463391 5530511,13,-0.24873978290037363,0.3911556844663785
NC_047565.1,53005488,NC_047565.1 53004627 53006211,14,0.2486355678452731,0.39136070408557644
NC_047562.1,33116144,NC_047562.1 33106345 33119738,15,0.24862870923350577,0.39137419884383695
NC_047564.1,23940154,NC_047564.1 23939502 23941958,5,-0.248613084969339,0.3914049415008656
NW_022994861.1,170125,NW_022994861.1 169610 185599,5,0.2484541660823768,0.39171770622113855
NC_047559.1,36956762,NC_047559.1 36953935 36961870,15,-0.24841988346674893,0.39178519433701364
NC_047561.1,14815298,NC_047561.1 14773851 14817015,9,-0.24837751760242238,0.3918686034478184
NC_047563.1,1254117,NC_047563.1 1242975 1286699,13,-0.24836638650950243,0.3918905196844057
NC_047565.1,21918074,NC_047565.1 21916292 21920270,9,0.2483574052821869,0.3919082034773228
NC_047563.1,7010590,NC_047563.1 6975224 7040283,5,-0.24825936286971967,0.3921012736682812
NC_047566.1,51776878,NC_047566.1 51774775 51777179,6,0.24818675787093258,0.3922442834681955
NC_047565.1,17484060,NC_047565.1 17459829 17527030,8,0.24817583837473456,0.39226579393575156
NC_047568.1,18613336,NC_047568.1 18612598 18614951,3,0.24810602296603884,0.3924033389632168
NC_047568.1,27398286,NC_047568.1 27398029 27402426,6,-0.24804243731625547,0.3925286326846916
NC_047560.1,51045610,NC_047560.1 50935047 51246957,5,0.2480026875474228,0.39260696917524707
NC_047559.1,18859398,NC_047559.1 18858075 18861725,8,-0.24800073480693965,0.39261081773261863
NC_047561.1,50534431,NC_047561.1 50526504 50545284,9,0.24799802641703855,0.39261615559405094
NC_047565.1,54967871,NC_047565.1 54942794 54994945,14,0.24797296792630405,0.392665544220979
NC_047564.1,18941824,NC_047564.1 18940101 18942918,11,0.24789511676305925,0.392819004572426
NC_047567.1,25438594,NC_047567.1 25438050 25440234,3,-0.24778073499425946,0.3930445313627343
NC_047560.1,42786362,NC_047560.1 42744675 42794922,9,0.24777619243568003,0.39305348934193574
NC_047564.1,7313745,NC_047564.1 7308473 7314454,6,0.2477695509685226,0.39306658658699656
NC_047568.1,5230173,NC_047568.1 5219934 5252478,14,0.24774301494297388,0.39311891900699636
NC_047562.1,32918889,NC_047562.1 32898252 32939854,11,0.24770308215824782,0.39319767844963427
NC_047560.1,44366586,NC_047560.1 43984502 44478438,13,0.24767943417137786,0.39324432329394654
NC_047561.1,2848263,NC_047561.1 2789962 2853802,16,-0.24755376587473102,0.3934922485351734
NC_047564.1,31257632,NC_047564.1 31256854 31263585,5,0.247470097355225,0.39365735990614104
NC_047562.1,49640607,NC_047562.1 49637922 49643786,4,0.2474203107467977,0.39375562603296244
NC_047562.1,24523106,NC_047562.1 24505604 24525332,3,0.2473500728637535,0.3938942797121866
NC_047566.1,6982980,NC_047566.1 6932125 6985111,5,0.2473098262367909,0.3939737404668907
NC_047559.1,21434469,NC_047559.1 21412783 21480279,6,0.24726870116341876,0.3940549442810386
NC_047561.1,23689957,NC_047561.1 23689741 23700359,4,-0.24723852021733655,0.394114543884889
NC_047565.1,8785368,NC_047565.1 8783071 8793153,7,-0.24720353444856286,0.3941836377056176
NC_047568.1,34603192,NC_047568.1 34601046 34621911,12,0.24719917037872863,0.39419225680676817
NC_047568.1,42441469,NC_047568.1 42426420 42445046,14,-0.24716291950451305,0.3942638566365354
NC_047560.1,27752949,NC_047560.1 27751923 27762090,6,-0.2471479883080863,0.39429334952932815
NC_047560.1,55348593,NC_047560.1 55300845 55435494,3,0.24702578328915478,0.39453477894347433
NC_047565.1,21312005,NC_047565.1 21308983 21313805,12,0.24694031673393407,0.39470367362730496
NC_047560.1,8549560,NC_047560.1 8447583 8582261,10,-0.24692207706842279,0.3947397228476126
NC_047561.1,18763366,NC_047561.1 18757187 18821843,4,0.2469042673370712,0.3947749240062878
NC_047560.1,51597354,NC_047560.1 51556988 51604444,5,0.24687972934327107,0.39482342636074297
NC_047564.1,41764857,NC_047564.1 41749123 41768840,8,0.24685174413288288,0.39487874638089726
NC_047566.1,4839349,NC_047566.1 4832022 4848682,9,-0.2468202665679624,0.39494097480800316
NC_047565.1,61413537,NC_047565.1 61225939 61469303,13,-0.24676848417266584,0.39504335533227175
NC_047564.1,55512646,NC_047564.1 55504297 55518524,4,0.24676257251541997,0.39505504433288663
NC_047559.1,50874523,NC_047559.1 50873178 50881857,3,-0.24667012880663555,0.39523785503208475
NC_047565.1,54308000,NC_047565.1 54307408 54317231,8,0.24661793684580777,0.39534108608529517
NC_047561.1,55329234,NC_047561.1 55328009 55329854,3,0.24655220379509057,0.3954711203402339
NC_047567.1,605478,NC_047567.1 599864 607160,3,0.2465297655086782,0.39551551328306467
NC_047564.1,35004382,NC_047564.1 34998518 35005615,3,-0.2463989858368081,0.39577430585668727
NC_047568.1,41316342,NC_047568.1 41312973 41317568,7,-0.24629633745881932,0.3959774931899501
NC_047559.1,50606198,NC_047559.1 50582797 50608616,15,0.24616884423079724,0.3962299358144673
NC_047566.1,25999727,NC_047566.1 25995143 26008997,5,-0.2460817848490998,0.3964023659785876
NC_047566.1,5636191,NC_047566.1 5617295 5650849,4,-0.24605915364888906,0.3964471958659409
NC_047561.1,44711723,NC_047561.1 44705453 44713378,8,0.2460463491432607,0.39647256134275044
NC_047566.1,16907615,NC_047566.1 16905738 16908165,6,0.2459730657175438,0.39661775075030925
NC_047561.1,11893902,NC_047561.1 11888540 11898443,17,0.2459226678243153,0.39671761542003237
NC_047566.1,57365113,NC_047566.1 57364553 57365938,17,0.24584848921141408,0.3968646261390405
NC_047563.1,10573752,NC_047563.1 10563184 10580003,9,-0.2457877725780371,0.3969849785028804
NC_047564.1,52569340,NC_047564.1 52547237 52576291,5,-0.24577922040360403,0.3970019321384013
NC_047568.1,51320093,NC_047568.1 51310810 51325837,4,0.24573854466001463,0.3970825719963179
NC_047565.1,29991245,NC_047565.1 29991077 29995005,3,0.24561592050361128,0.39732572689032386
NC_047564.1,8594917,NC_047564.1 8581836 8602926,8,-0.2456038897516138,0.3973495872066245
NC_047565.1,59274833,NC_047565.1 59231046 59276919,4,-0.24559579092186024,0.39736564985367884
NC_047561.1,18870806,NC_047561.1 18864724 18874157,14,-0.24555263631593666,0.3974512453843796
NC_047564.1,8228127,NC_047564.1 8227023 8231474,6,-0.2455466385482285,0.3974631424941064
NC_047565.1,754256,NC_047565.1 753412 762712,5,0.24541425763605085,0.3977257793671014
NC_047563.1,26611240,NC_047563.1 26602458 26613380,7,0.24537904005691225,0.3977956645136125
NC_047559.1,7983717,NC_047559.1 7980196 7985631,3,-0.2453283188297382,0.39789632612011205
NC_047560.1,71532902,NC_047560.1 71459177 71712320,4,-0.24529446230359045,0.39796352537273905
NC_047566.1,48108450,NC_047566.1 48104317 48117487,17,0.24528312838535257,0.3979860225347358
NC_047565.1,48278218,NC_047565.1 48241763 48281629,5,-0.24518695489140055,0.3981769480513153
NC_047564.1,57287406,NC_047564.1 57281028 57303962,6,-0.24508982468585097,0.39836982147462063
NC_047563.1,5561380,NC_047563.1 5548234 5566034,7,-0.2450534331123408,0.39844209754359194
NC_047559.1,2156885,NC_047559.1 2091473 2156950,3,0.2450042136870431,0.39853986148306486
NC_047560.1,27222574,NC_047560.1 27222493 27224722,4,-0.24494353517615872,0.3986604037265087
NC_047568.1,17057819,NC_047568.1 17057042 17059134,7,-0.24488599062849623,0.3987747377354468
NC_047568.1,30025524,NC_047568.1 30015214 30031060,14,0.244813633266112,0.3989185273305227
NC_047562.1,30116747,NC_047562.1 30107689 30118477,5,-0.24480418710311272,0.3989373008817617
NC_047563.1,4600839,NC_047563.1 4597000 4615335,10,0.24480410942857697,0.3989374552560784
NC_047565.1,58664930,NC_047565.1 58656396 58665095,6,0.2445719077928274,0.3993990841297792
NC_047562.1,3555667,NC_047562.1 3549092 3558386,3,-0.2444918126880569,0.3995583820501589
NC_047564.1,1022892,NC_047564.1 1015502 1045651,17,-0.24446211905505763,0.3996174469492555
NC_047566.1,57606355,NC_047566.1 57594731 57610163,4,0.24440308758503834,0.39973488256220113
NC_047559.1,31875711,NC_047559.1 31850203 31884767,5,0.24436962987523297,0.399801450428388
NC_047559.1,11527882,NC_047559.1 11527270 11532728,3,-0.2443616122683677,0.3998174032162609
NC_047566.1,48820037,NC_047566.1 48815973 48825439,17,-0.244334968303993,0.39987041961661185
NC_047567.1,12363334,NC_047567.1 12314189 12367040,8,0.2442311124290328,0.40007710800982443
NC_047559.1,19993101,NC_047559.1 19991237 19998820,8,-0.24410785350542163,0.4003224836673498
NC_047561.1,11907119,NC_047561.1 11892752 11908667,10,-0.244099267086923,0.4003395798632222
NC_047565.1,30317850,NC_047565.1 30315629 30330369,13,-0.24409270580742326,0.40035264411402305
NC_047562.1,27694740,NC_047562.1 27692967 27695214,6,-0.24409083647046123,0.4003563662164126
NC_047560.1,26286691,NC_047560.1 26282337 26287542,9,-0.24408181748411503,0.4003743244902128
NC_047563.1,26510351,NC_047563.1 26502397 26511743,4,-0.24406553095087163,0.4004067547009835
NC_047568.1,24811652,NC_047568.1 24802446 24897405,10,0.24397746331267003,0.40058214124648117
NC_047565.1,43036568,NC_047565.1 43034132 43037341,5,-0.24383520462674602,0.40086553381393586
NC_047567.1,5010906,NC_047567.1 5008160 5011982,16,0.2437882851162495,0.40095902477997325
NC_047564.1,54869812,NC_047564.1 54867798 54876525,4,-0.24374375297529993,0.40104776923396135
NC_047561.1,57113196,NC_047561.1 57102807 57118830,4,-0.24373633403797795,0.40106255482139397
NC_047559.1,4026480,NC_047559.1 4017404 4043261,7,-0.24371095754410244,0.40111313110957236
NC_047563.1,327522,NC_047563.1 175641 457526,4,0.2436842575747667,0.4011663487233579
NC_047562.1,13268762,NC_047562.1 13246768 13275546,6,-0.24354055464531482,0.4014528365041393
NC_047563.1,8724382,NC_047563.1 8711079 8786874,5,0.24351141579293714,0.4015109410497105
NC_047567.1,17304321,NC_047567.1 17295451 17307902,14,-0.24349534519434607,0.4015429886217413
NC_047560.1,63646146,NC_047560.1 63643674 63650273,4,-0.2433782327753297,0.40177657143160395
NC_047559.1,37730212,NC_047559.1 37729163 37731306,17,0.24317076155286602,0.4021905502401393
NC_047564.1,37383551,NC_047564.1 37358897 37405391,11,0.2430925448041919,0.4023466780854975
NC_047565.1,1798548,NC_047565.1 1789864 1813980,5,0.2430518040870698,0.402428012813261
NC_047559.1,12706903,NC_047559.1 12697246 12724183,4,0.24296736283191359,0.40259661850867556
NC_047566.1,23925764,NC_047566.1 23920113 23932583,6,0.24296467630797008,0.40260198335311737
NC_047564.1,39482900,NC_047564.1 39480816 39498633,13,-0.24294969571411493,0.40263189947911315
NC_047566.1,37289796,NC_047566.1 37283649 37290491,6,-0.24293394929749368,0.40266334619441013
NC_047563.1,2236058,NC_047563.1 2231498 2265584,7,-0.24290167032239404,0.40272781360263277
NC_047559.1,3909425,NC_047559.1 3907899 3918342,3,-0.24286541813974868,0.40280022268545834
NC_047565.1,7464659,NC_047565.1 7460923 7471247,5,0.24281066088458547,0.40290960612118487
NC_047562.1,48387873,NC_047562.1 48385004 48400118,16,0.24280586509634608,0.4029191869539147
NC_047562.1,46639593,NC_047562.1 46637383 46648894,10,-0.24276394455736558,0.40300293916670915
NC_047564.1,16717705,NC_047564.1 16684948 16736210,7,0.24272110207772352,0.4030885426649885
NC_047565.1,57125103,NC_047565.1 57124839 57125837,4,0.2427180419145825,0.4030946575346328
NC_047565.1,44287332,NC_047565.1 44284948 44301663,6,-0.24269431805814717,0.40314206458237023
NC_047564.1,16336037,NC_047564.1 16320083 16386971,16,0.2426866025642502,0.40315748297005205
NC_047568.1,41382530,NC_047568.1 41381241 41384447,13,-0.2426580659323941,0.40321451229637373
NC_047566.1,25938736,NC_047566.1 25935765 25940727,13,-0.24264712329061502,0.4032363818448105
NC_047566.1,559302,NC_047566.1 548236 559326,6,0.24259935645465958,0.4033318540548908
NC_047565.1,44901734,NC_047565.1 44901694 44902725,14,0.24244656403347783,0.40363732123777185
NC_047565.1,29206052,NC_047565.1 29196190 29209219,3,0.24240087634290688,0.4037286847922289
NC_047563.1,8763766,NC_047563.1 8711079 8786874,5,-0.24220401082181364,0.4041224878254237
NC_047561.1,27897224,NC_047561.1 27896188 27900804,4,0.24213121254182626,0.4042681615433765
NC_047562.1,18296015,NC_047562.1 18289613 18309537,11,-0.24210389335827762,0.4043228359053842
NC_047562.1,17074359,NC_047562.1 17054166 17098627,4,0.242046299909694,0.40443811127143303
NC_047568.1,24979505,NC_047568.1 24969682 25044988,3,0.24203440270423507,0.40446192608505815
NC_047568.1,22491830,NC_047568.1 22488388 22495438,16,-0.24201222661674923,0.40450631823448013
NC_047564.1,37360692,NC_047564.1 37358897 37405391,11,-0.24191352966202243,0.40470392074900774
NC_047560.1,66670949,NC_047560.1 66524951 66686620,4,0.24178922178295245,0.40495287055632045
NC_047564.1,14174941,NC_047564.1 14173007 14179891,8,-0.24161006176961666,0.4053118118611061
NC_047560.1,6797453,NC_047560.1 6752072 6802483,14,0.24159555128215757,0.40534089038021937
NC_047559.1,17068371,NC_047559.1 17041574 17072661,3,-0.24148411056897065,0.40556424982889827
NC_047564.1,49988677,NC_047564.1 49984569 49992179,4,0.2414024627437761,0.4057279362271883
NC_047565.1,14075185,NC_047565.1 14069378 14076426,9,0.241382807431199,0.4057673460352791
NC_047564.1,29078345,NC_047564.1 29065644 29180332,15,0.24137888189216097,0.40577521715994436
NC_047566.1,29489242,NC_047566.1 29485132 29489997,9,-0.2413355961161891,0.4058620150109954
NC_047561.1,38523362,NC_047561.1 38517328 38527293,4,-0.241280052455182,0.40597340682113414
NC_047559.1,27181634,NC_047559.1 27168478 27216487,7,-0.24124923581959098,0.4060352158653673
NC_047564.1,9134366,NC_047564.1 9124081 9164997,4,0.24122829860132966,0.4060772125080855
NC_047564.1,30233777,NC_047564.1 30232060 30237784,5,0.24119072610438003,0.40615258245208075
NC_047568.1,52165449,NC_047568.1 52164817 52167330,3,-0.24116249087880978,0.4062092267230577
NC_047560.1,67089094,NC_047560.1 67088631 67089911,6,-0.24116088822489357,0.40621244201987083
NC_047561.1,51603233,NC_047561.1 51587070 51622815,9,-0.24104409572609867,0.4064467904724357
NC_047562.1,13267654,NC_047562.1 13246768 13275546,6,-0.2410318855747763,0.406471294636073
NC_047568.1,37943099,NC_047568.1 37925767 37954381,7,0.2410236694275419,0.40648778379111283
NC_047560.1,65720085,NC_047560.1 65706263 65738283,4,0.24097247168701144,0.4065905414012031
NC_047567.1,4534044,NC_047567.1 4501061 4774726,3,-0.2409489763702635,0.40663770272635247
NC_047562.1,14663892,NC_047562.1 14643756 14697449,10,-0.24093043817117687,0.4066749158036692
NC_047568.1,46004270,NC_047568.1 45996561 46008024,5,0.24083176301040105,0.40687302333268083
NW_022994946.1,5940,NW_022994946.1 522 11787,9,0.2407878444792963,0.4069612134890489
NC_047565.1,37607709,NC_047565.1 37572757 37610817,8,0.24065255772872143,0.4072329368806933
NC_047561.1,19000630,NC_047561.1 18997453 19007221,3,-0.24058287115043026,0.40737293899981286
NC_047565.1,58659479,NC_047565.1 58656396 58665095,4,-0.2404809264522701,0.4075777933925303
NC_047561.1,34723140,NC_047561.1 34719582 34773310,6,0.24042761842929583,0.40768493527372374
NC_047565.1,22567057,NC_047565.1 22527827 22594197,13,-0.24034103030076606,0.40785899670852
NC_047563.1,57847434,NC_047563.1 57815039 57899568,3,0.24031854885182574,0.40790419571845427
NC_047564.1,22959923,NC_047564.1 22956811 22961562,8,0.24028410955648877,0.40797344103489763
NC_047565.1,35713178,NC_047565.1 35711044 35720943,13,-0.2402664038837881,0.4080090432856587
NC_047563.1,329687,NC_047563.1 191191 650035,4,-0.24023877532975216,0.4080646015001831
NC_047568.1,2641617,NC_047568.1 2634773 2652577,8,0.24022392665864667,0.4080944622857414
NC_047565.1,44200478,NC_047565.1 44197946 44215690,15,0.2401940431971219,0.40815456157078966
NC_047564.1,37403229,NC_047564.1 37358897 37405391,5,-0.24018885686087638,0.4081649923916153
NC_047560.1,65977222,NC_047560.1 65953765 65986341,4,0.24012363309633608,0.4082961829696119
NC_047561.1,28090415,NC_047561.1 28089981 28092848,5,0.24004044264691024,0.4084635432419882
NC_047564.1,6899307,NC_047564.1 6894638 6902732,17,0.23999879146044475,0.4085473492850532
NC_047567.1,8412984,NC_047567.1 8410398 8420298,4,-0.23989591010117198,0.40875439420187665
NC_047560.1,51444506,NC_047560.1 51444373 51452348,6,0.2398739171124709,0.40879866131091935
NC_047567.1,10935298,NC_047567.1 10869286 10952099,7,0.2398255628555183,0.40889599663998166
NC_047568.1,51245051,NC_047568.1 51238373 51261653,6,-0.23980345822224178,0.40894049643756314
NC_047568.1,44321880,NC_047568.1 44319352 44325350,8,-0.23960757450387718,0.4093349478093181
NC_047568.1,52554684,NC_047568.1 52546732 52588783,11,0.23960663773242086,0.4093368346596493
NC_047562.1,46483850,NC_047562.1 46481296 46484501,11,0.23959107741156102,0.4093681770025227
NC_047561.1,2998532,NC_047561.1 2995314 3121409,3,-0.2394944562285869,0.40956282375911124
NC_047564.1,56007974,NC_047564.1 56002194 56008565,12,0.23946896729404757,0.4096141800768961
NW_022994897.1,539363,NW_022994897.1 538730 540389,13,-0.23946245847876707,0.40962729488056704
NC_047566.1,32730868,NC_047566.1 32728413 32736244,11,0.23939857363288872,0.4097560298475097
NW_022994829.1,116610,NW_022994829.1 109708 243958,3,0.23918842839976168,0.41017964286959474
NC_047564.1,32609529,NC_047564.1 32607787 32609743,3,-0.23918002124190144,0.410196594809205
NC_047562.1,41817248,NC_047562.1 41798011 41824395,7,0.23916953991407186,0.4102177295489673
NC_047562.1,17158636,NC_047562.1 17157328 17163120,3,-0.23916651391523633,0.41022383133250784
NC_047561.1,44341867,NC_047561.1 44339113 44348860,5,-0.23909677112707772,0.4103644773461118
NC_047562.1,41956537,NC_047562.1 41935018 41970388,4,-0.23902696977283983,0.4105052663750426
NC_047564.1,36453830,NC_047564.1 36448203 36457809,11,0.2390053780866466,0.4105488217582427
NC_047561.1,12375604,NC_047561.1 12358069 12391042,5,-0.2389619078818325,0.4106365183624897
NC_047560.1,69091625,NC_047560.1 69087857 69092113,4,0.2389217510296212,0.4107175392087724
NC_047565.1,52662566,NC_047565.1 52647418 52666601,7,0.23892147393055685,0.41071809831511763
NC_047562.1,45739335,NC_047562.1 45716336 45757148,10,0.2388373359319858,0.4108878827917811
NC_047564.1,59478656,NC_047564.1 59477751 59493112,16,-0.2387743834106679,0.4110149401538956
NC_047560.1,27785417,NC_047560.1 27779829 27785852,3,-0.23872850922339572,0.4111075409941849
NC_047568.1,13822148,NC_047568.1 13752429 13837039,12,-0.23856328405538227,0.41144115077416354
NC_047564.1,41703911,NC_047564.1 41703817 41715426,3,0.23855576239069423,0.4114563412525043
NC_047567.1,605478,NC_047567.1 563894 655288,3,0.23851259779640696,0.41154352047341125
NC_047560.1,62877286,NC_047560.1 62653127 63119960,4,-0.2384992426611772,0.41157049567196835
NC_047565.1,33371677,NC_047565.1 33350497 33374192,3,-0.23817253547348027,0.41223067467661645
NC_047564.1,39065772,NC_047564.1 39058985 39122177,7,0.23817062389011004,0.41223453902720153
NC_047563.1,3922353,NC_047563.1 3921258 3930129,5,-0.23814326308430034,0.4122898521539443
NC_047566.1,40231559,NC_047566.1 40231147 40231763,5,-0.23814004248101872,0.41229636323830043
NC_047568.1,42637814,NC_047568.1 42637476 42642784,11,0.23810739786163881,0.41236236375884716
NC_047563.1,9689031,NC_047563.1 9686781 9690153,14,0.2380357483021157,0.41250724309221876
NC_047559.1,50414009,NC_047559.1 50370066 50421410,12,-0.23787230755125482,0.41283782726789175
NC_047566.1,50004766,NC_047566.1 49983777 50028481,3,-0.2378409529915455,0.41290126228933655
NC_047562.1,47016039,NC_047562.1 46999310 47030276,4,-0.23783156282265366,0.41292026099845913
NC_047559.1,10005683,NC_047559.1 9993439 10015926,15,0.23783055135898543,0.4129223074745332
NC_047559.1,31875836,NC_047559.1 31874857 31876534,12,-0.23781562011680143,0.4129525181927921
NC_047561.1,6215230,NC_047561.1 6192399 6229235,3,0.23777548697044218,0.41303372612632017
NC_047568.1,27731335,NC_047568.1 27722712 27742623,5,0.23765303751635014,0.41328154881775714
NC_047565.1,10187728,NC_047565.1 10144736 10192561,7,-0.2376138456422937,0.41336088451926434
NC_047561.1,21134838,NC_047561.1 21134037 21135684,6,0.23761056266937575,0.41336753056252595
NC_047560.1,63028484,NC_047560.1 62653127 63119960,9,0.23760574484793262,0.41337728384929906
NC_047568.1,39034736,NC_047568.1 39029333 39037156,4,-0.23757530174894878,0.41343891615770145
NC_047566.1,17145177,NC_047566.1 17130718 17145903,13,0.237478697183354,0.4136345241894951
NC_047568.1,3523633,NC_047568.1 3513249 3550658,8,0.23744963210595804,0.41369338540140677
NC_047566.1,7937416,NC_047566.1 7897374 7984365,11,-0.23744919824428518,0.4136942640700375
NC_047565.1,40070770,NC_047565.1 40067737 40105589,10,0.23744628379339497,0.4137001665212593
NW_022994957.1,56900,NW_022994957.1 50282 60775,3,-0.23733804166066116,0.4139194130543953
NC_047568.1,19057319,NC_047568.1 19053137 19072344,7,-0.23733711412390662,0.41392129205600525
NC_047559.1,36611654,NC_047559.1 36610845 36618318,12,-0.2372566794576487,0.41408425306999785
NC_047560.1,70175215,NC_047560.1 70130124 70184488,4,-0.237234816900395,0.4141285524109527
NC_047565.1,13111903,NC_047565.1 13108797 13115368,3,-0.2372281339403517,0.4141420943468114
NC_047568.1,19360585,NC_047568.1 19286938 19366463,9,-0.23720111146844716,0.41419685332803324
NC_047568.1,25017498,NC_047568.1 24969682 25044988,10,0.23719246820509834,0.41421436902800324
NC_047564.1,53895498,NC_047564.1 53874838 53897891,6,0.2371692758796693,0.41426137049600187
NC_047559.1,39485062,NC_047559.1 39478148 39485202,5,-0.2371588180765889,0.4142825651313651
NC_047567.1,4534044,NC_047567.1 4504585 4985356,3,-0.23709755526440562,0.4144067365238655
NC_047568.1,9939224,NC_047568.1 9936086 9955148,7,0.23700798559084335,0.4145883164741395
NC_047562.1,45476238,NC_047562.1 45447624 45502600,3,-0.2369871017993542,0.41463065897297513
NW_022994923.1,10829,NW_022994923.1 4902 29989,3,-0.23696960832706193,0.4146661292092938
NC_047559.1,21997278,NC_047559.1 21990845 21999841,13,0.23688981690351504,0.41482793621002134
NC_047561.1,3701585,NC_047561.1 3696117 3751773,4,-0.23686786748012184,0.41487245257165073
NC_047559.1,33282059,NC_047559.1 33278156 33282120,4,-0.23678966570917734,0.41503107613611157
NC_047566.1,16905928,NC_047566.1 16905738 16908165,5,0.23676460423611562,0.41508191712217046
NC_047564.1,5648467,NC_047564.1 5648210 5649259,3,-0.23668445221048998,0.4152445390759466
NC_047566.1,37338990,NC_047566.1 37326913 37342867,4,-0.23661250046806648,0.41539055116073387
NC_047563.1,47032514,NC_047563.1 47008895 47033428,11,0.23659650083986045,0.41542302287748833
NC_047561.1,12893659,NC_047561.1 12893047 12895467,10,-0.23643619577181887,0.41574843860813915
NC_047568.1,2458677,NC_047568.1 2448655 2465905,17,0.23630310042264877,0.4160187184969737
NC_047564.1,7673425,NC_047564.1 7663926 7674717,3,-0.23624310196707543,0.4161405882342021
NC_047559.1,3145828,NC_047559.1 3132280 3154791,8,0.23618355326437768,0.4162615625181548
NC_047560.1,1062496,NC_047560.1 1052688 1062560,3,0.23616712418240726,0.416294941671986
NC_047568.1,8072930,NC_047568.1 8071270 8078674,12,-0.23611957803878944,0.4163915494446465
NC_047564.1,18769999,NC_047564.1 18765838 18774844,16,0.2360856046721121,0.4164605860811186
NC_047559.1,601171,NC_047559.1 596479 618239,3,-0.2360492608913171,0.41653444608359436
NC_047564.1,38398671,NC_047564.1 38370960 38400469,4,0.2360361505531692,0.416561091342981
NC_047566.1,27057758,NC_047566.1 27051771 27070177,4,0.23603393342637788,0.41656559748534683
NC_047561.1,48211973,NC_047561.1 48210962 48226216,4,0.23597045167345318,0.4166946299361475
NC_047568.1,51032332,NC_047568.1 51027467 51039225,6,-0.23595669112889683,0.41672260219719126
NC_047561.1,54142397,NC_047561.1 54129895 54157830,9,0.23588409152117207,0.4168701976845517
NC_047564.1,21819490,NC_047564.1 21812670 21831281,6,0.23584032317545697,0.41695919195709785
NW_022994923.1,7816,NW_022994923.1 4902 29989,4,-0.23583469103930318,0.4169706444982444
NC_047565.1,59017788,NC_047565.1 59015737 59019923,10,0.23582612659746358,0.416988059979432
NC_047566.1,9546977,NC_047566.1 9514408 9558795,10,0.2357987338174399,0.4170437647027062
NC_047566.1,36157947,NC_047566.1 36129426 36164224,4,-0.23550946507339587,0.4176322410958684
NC_047564.1,50014244,NC_047564.1 50007893 50034161,4,0.23545187875752077,0.41774944300588035
NC_047563.1,41452415,NC_047563.1 41327485 41452447,5,-0.2354263714954464,0.4178013617546874
NW_022994840.1,189171,NW_022994840.1 188353 190255,15,-0.23537616661356,0.4179035609081927
NC_047564.1,18794025,NC_047564.1 18776232 18807010,4,0.23530390638556442,0.4180506792899379
NC_047563.1,65527150,NC_047563.1 65484772 65533285,6,0.23526922814966617,0.41812129193089753
NC_047563.1,7300884,NC_047563.1 7299768 7308071,7,-0.2351619175661889,0.41833983890433146
NC_047565.1,49165504,NC_047565.1 49155589 49194710,4,-0.2351282068159839,0.4184085057176459
NC_047561.1,52734875,NC_047561.1 52720419 52735244,11,-0.23506613619938893,0.41853495497952886
NC_047561.1,23649001,NC_047561.1 23643047 23653396,3,-0.23488148963774244,0.41891122943967163
NC_047568.1,55243716,NC_047568.1 55212130 55285972,5,-0.23484657064150422,0.4189824071179795
NC_047565.1,20353945,NC_047565.1 20349915 20359570,9,0.2347728457138538,0.4191327057601445
NC_047564.1,19400705,NC_047564.1 19391135 19417009,4,-0.23472166132897515,0.41923706852741816
NC_047567.1,22689126,NC_047567.1 22683443 22703029,3,0.23468802577055273,0.4193056572151791
NC_047559.1,11048852,NC_047559.1 11041213 11055081,5,0.2346544487822064,0.4193741321836547
NC_047568.1,44468073,NC_047568.1 44460764 44474174,8,0.23463440095504806,0.41941501928545
NC_047559.1,21856225,NC_047559.1 21846910 21869209,7,-0.23457306110392606,0.41954013320109684
NC_047559.1,41135454,NC_047559.1 41130725 41138012,6,0.23445387413513633,0.41978329143190085
NC_047568.1,56715747,NC_047568.1 56714540 56717548,10,-0.23443086122497644,0.4198302492985967
NC_047566.1,57596914,NC_047566.1 57594731 57610163,3,0.23442631859232876,0.4198395188619707
NC_047568.1,21986777,NC_047568.1 21944599 21993244,10,-0.23424429072475023,0.4202110455478729
NC_047563.1,45746697,NC_047563.1 45738443 45749866,3,0.23420628007020322,0.42028864808593647
NC_047566.1,39194340,NC_047566.1 39188611 39194712,6,-0.23419001681623114,0.42032185337202677
NC_047563.1,58467833,NC_047563.1 58442202 58478139,9,-0.2341573303993092,0.4203885944834793
NC_047564.1,17566872,NC_047564.1 17565749 17572207,6,-0.23411498363378958,0.4204750687182449
NC_047562.1,27634387,NC_047562.1 27628317 27635772,12,0.23411308311387208,0.420478949888628
NC_047568.1,52904499,NC_047568.1 52902403 52910063,15,-0.23392185295291962,0.4208695663323583
NC_047568.1,18554319,NC_047568.1 18545570 18565948,5,-0.23391884937060756,0.42087570307724953
NC_047566.1,5798129,NC_047566.1 5703482 5813652,10,-0.23390014147719954,0.4209139269850458
NC_047559.1,8945253,NC_047559.1 8942805 8954386,9,0.23366948302504628,0.4213853529703172
NC_047563.1,7220762,NC_047563.1 7203127 7222090,9,0.23366516386916178,0.4213941831426107
NC_047566.1,42650332,NC_047566.1 42632844 42654414,10,-0.23366016486489108,0.4214044033287999
NW_022994951.1,90808,NW_022994951.1 89783 96366,7,-0.2336077736502255,0.4215115218494089
NC_047560.1,33153946,NC_047560.1 33152221 33157082,4,0.23358970191559136,0.42154847434283127
NC_047567.1,33342796,NC_047567.1 33321868 33379756,4,0.23351783184215713,0.42169544825250915
NC_047563.1,18758582,NC_047563.1 18740363 18786437,13,0.2334830924767128,0.4217664994202174
NC_047568.1,29383683,NC_047568.1 29368830 29430265,7,0.2333806539659951,0.4219760486877474
NC_047565.1,5817593,NC_047565.1 5814753 5975394,12,-0.2333565523685922,0.422025358863241
NC_047563.1,53280476,NC_047563.1 53279800 53281467,12,-0.2332735373400881,0.4221952242303788
NC_047565.1,52717798,NC_047565.1 52716115 52724523,7,0.23322933629561174,0.4222856826103626
NC_047563.1,5507374,NC_047563.1 5448070 5522889,4,-0.23319448556224642,0.42235701233290135
NC_047565.1,10659104,NC_047565.1 10658921 10684090,17,0.23309077062453898,0.4225693241260493
NC_047564.1,11078746,NC_047564.1 11075628 11083163,7,-0.23299924364893865,0.4227567313900755
NC_047565.1,40901883,NC_047565.1 40901364 40904297,6,-0.2329089112699674,0.4229417340831835
NC_047568.1,7501159,NC_047568.1 7488658 7515815,6,-0.2328973341861836,0.4229654471804395
NC_047564.1,23049723,NC_047564.1 23026724 23059519,6,0.23283271280801815,0.4230978222084576
NC_047563.1,23478987,NC_047563.1 23478623 23479833,3,-0.23280931512540953,0.423145756879309
NC_047564.1,14128250,NC_047564.1 14127398 14133235,16,0.23279993562367143,0.4231649733749806
NC_047568.1,29258315,NC_047568.1 29237781 29258344,12,-0.23276141758985183,0.4232438928402307
NC_047561.1,56957968,NC_047561.1 56945610 56972954,12,-0.23273350901305837,0.423301079300029
NC_047565.1,10773200,NC_047565.1 10746531 10774392,3,0.23269765857678115,0.4233745449007159
NC_047568.1,5577026,NC_047568.1 5573576 5620798,7,0.23264634872898815,0.4234797015834082
NC_047563.1,26449266,NC_047563.1 26444919 26459208,13,-0.23263983840711028,0.4234930450752753
NC_047559.1,39960329,NC_047559.1 39958661 39965139,4,-0.23259988810110685,0.42357493150887127
NC_047564.1,6678724,NC_047564.1 6668310 6708001,3,-0.23258966129706013,0.42359589475703086
NC_047564.1,54072420,NC_047564.1 54071697 54094060,9,0.23258338600314746,0.4236087583273104
NC_047564.1,49387043,NC_047564.1 49366001 49396142,9,0.23255417806550102,0.42366863357044604
NC_047561.1,50325274,NC_047561.1 50324046 50327493,3,0.2325101544694941,0.42375888851545085
NC_047563.1,7944381,NC_047563.1 7943806 7976781,10,-0.23249723457122998,0.4237853780898072
NC_047562.1,28761040,NC_047562.1 28759170 28762176,3,-0.23249195843047196,0.42379619596510487
NC_047568.1,27964412,NC_047568.1 27962907 27980876,14,0.23246963390804834,0.42384197034869586
NC_047562.1,46446296,NC_047562.1 46439804 46446945,4,-0.23243779194498193,0.42390726371606013
NC_047566.1,46263037,NC_047566.1 46262962 46273363,6,-0.2324335786619367,0.4239159036238356
NC_047564.1,32695323,NC_047564.1 32667688 32701214,16,0.23241820847147357,0.4239474230403172
NC_047566.1,8775189,NC_047566.1 8773343 8776009,10,-0.2323701178110857,0.42404604951635994
NC_047568.1,16851450,NC_047568.1 16778801 16860973,9,-0.23228173075014255,0.42422734803649387
NC_047568.1,28943954,NC_047568.1 28916900 28968881,7,-0.23224418179327846,0.42430437993323045
NC_047565.1,54632289,NC_047565.1 54631891 54634866,17,-0.23221672517906,0.42436071182669644
NC_047565.1,1796074,NC_047565.1 1789864 1813980,4,-0.23217789188123894,0.42444039139503587
NC_047567.1,25377919,NC_047567.1 25377373 25379699,16,-0.23214659331318108,0.42450461645834014
NC_047568.1,32308136,NC_047568.1 32143813 32338882,3,0.23214604825671462,0.4245057349649022
NC_047568.1,36164493,NC_047568.1 36160790 36166167,5,-0.23210526830518993,0.4245894234607701
NC_047559.1,2232036,NC_047559.1 2231936 2240394,3,0.2320039764644233,0.424797330501682
NC_047562.1,17081371,NC_047562.1 17054166 17098627,7,-0.23196236872601728,0.4248827476242141
NC_047561.1,30461951,NC_047561.1 30434185 30463886,11,-0.23189153569018447,0.42502818182114366
NC_047564.1,49498332,NC_047564.1 49482814 49503060,17,0.23187050714651428,0.4250713624305178
NC_047563.1,8259289,NC_047563.1 8255494 8263130,16,-0.2318425936394362,0.42512868425664996
NC_047562.1,31762603,NC_047562.1 31712207 31780006,3,-0.23179125461786743,0.42523412182073217
NC_047560.1,51207870,NC_047560.1 50935047 51246957,3,-0.23169532681784316,0.42543116916601886
NC_047568.1,56466831,NC_047568.1 56466065 56470504,4,0.23164599751013837,0.425532515573093
NC_047564.1,42053520,NC_047564.1 42052593 42056991,6,0.23160545372014027,0.42561582141372734
NC_047564.1,6542829,NC_047564.1 6537912 6551945,5,-0.2315600015696073,0.4257092223531649
NC_047559.1,31439412,NC_047559.1 31438714 31445894,8,0.23155397319415716,0.42572161101659967
NW_022994925.1,54580,NW_022994925.1 14240 61540,5,-0.2315521872274746,0.425725281317469
NC_047563.1,1749470,NC_047563.1 1748255 1792572,7,0.2315434083230228,0.42574332288420136
NC_047566.1,51178884,NC_047566.1 51178404 51192027,4,0.23153177348950538,0.42576723428094143
NC_047568.1,36156674,NC_047568.1 36154516 36159033,7,-0.23151372728866684,0.42580432338360374
NC_047564.1,19389791,NC_047564.1 19387527 19393192,4,-0.23148393920629615,0.4258655483414556
NC_047559.1,48340267,NC_047559.1 48338103 48341950,5,0.2314353353271215,0.4259654559390247
NC_047559.1,6000326,NC_047559.1 5996194 6005415,12,0.23104302274835067,0.4267723078446679
NC_047561.1,52267117,NC_047561.1 52265926 52275520,5,0.23102807144846527,0.4268030728156911
NC_047560.1,33395211,NC_047560.1 33394689 33402640,4,0.23098632689830972,0.4268889756292793
NC_047564.1,43324815,NC_047564.1 43324026 43331496,3,-0.23095752398946998,0.42694825196285435
NC_047561.1,16452259,NC_047561.1 16427351 16465367,4,-0.23090718783406958,0.42705185367911336
NC_047560.1,28489558,NC_047560.1 28487578 28490340,5,-0.23086255429027144,0.4271437289387431
NC_047561.1,44264899,NC_047561.1 44256547 44276915,4,-0.23077215257715272,0.42732984565047016
NC_047564.1,28653031,NC_047564.1 28648023 28653618,3,0.23073548901558488,0.42740533933509295
NC_047559.1,30189888,NC_047559.1 30187925 30190724,6,0.2306801275014657,0.4275193466271864
NC_047560.1,53729867,NC_047560.1 53728246 53730919,9,0.23061615850914446,0.42765109865669326
NC_047560.1,70826454,NC_047560.1 70690070 71346242,6,0.2306109513194775,0.4276618244096989
NC_047563.1,12534063,NC_047563.1 12523390 12558666,6,-0.2305448978013086,0.4277978930469193
NC_047565.1,12341044,NC_047565.1 12340468 12347855,13,-0.23049273657479688,0.427905359367556
NC_047559.1,49265600,NC_047559.1 49242128 49283398,6,0.2303604763212792,0.4281779126449189
NC_047561.1,571374,NC_047561.1 554932 577971,3,0.2301667208623857,0.42857734956939764
NC_047566.1,29515800,NC_047566.1 29491873 29532252,3,-0.23013803265795554,0.428636507783248
NC_047566.1,46088722,NC_047566.1 46043317 46093089,6,0.23013238489487003,0.42864815457407357
NC_047560.1,55194856,NC_047560.1 55188242 55205131,16,-0.23011337763425097,0.42868735243289124
NC_047559.1,47876678,NC_047559.1 47873642 47877433,15,0.22999203532863519,0.42893763413421826
NC_047562.1,38420875,NC_047562.1 38416039 38422819,5,-0.2299396024509247,0.42904580547004423
NC_047559.1,47096690,NC_047559.1 47095848 47100435,3,-0.22984080314653957,0.4292496702051427
NC_047565.1,48248804,NC_047565.1 48241763 48281629,7,0.22983669447674032,0.42925814918673766
NC_047559.1,7188259,NC_047559.1 7187986 7191932,3,-0.22963895018580058,0.42966633014193156
NC_047562.1,14864766,NC_047562.1 14819506 14866507,7,-0.22961395163253495,0.429717945737526
NC_047561.1,26748863,NC_047561.1 26722841 26752012,13,-0.22961108093450244,0.42972387319229366
NC_047565.1,7032494,NC_047565.1 7032449 7079429,4,-0.22957142254994556,0.4298057645629846
NC_047560.1,5678298,NC_047560.1 5676665 5686327,7,0.22942972492207664,0.43009842305067103
NC_047566.1,27280167,NC_047566.1 27279550 27283190,4,0.22938828777901957,0.430184025200102
NC_047564.1,16018936,NC_047564.1 16005369 16024024,3,-0.2293230395907488,0.43031883436332574
NC_047564.1,49067034,NC_047564.1 49066798 49077406,9,0.22924303570847432,0.43048415929892725
NC_047568.1,41169314,NC_047568.1 41166500 41181385,5,0.2292098887520482,0.43055266558307614
NC_047559.1,52465637,NC_047559.1 52464479 52475232,3,-0.22918058918465714,0.4306132248719742
NC_047560.1,18327525,NC_047560.1 18308211 18327787,7,-0.22916819700544253,0.43063883956428584
NC_047568.1,39505479,NC_047568.1 39503400 39506430,4,-0.22916247548740087,0.4306506662278724
NC_047561.1,35782975,NC_047561.1 35782365 35785091,7,-0.2291558111462966,0.4306644419601614
NC_047562.1,27564795,NC_047562.1 27560226 27571330,12,-0.22915007450721644,0.43067630023513315
NC_047560.1,4619448,NC_047560.1 4387457 4700231,3,-0.22914308034018685,0.4306907581836811
NC_047568.1,14898132,NC_047568.1 14868410 14928265,5,-0.22910862315284292,0.4307619897127095
NC_047566.1,14378252,NC_047566.1 14316674 14384458,3,0.22904195055852528,0.430899835308333
NC_047564.1,25865385,NC_047564.1 25810888 25865547,6,-0.22901673998668431,0.4309519639571836
NC_047564.1,49082841,NC_047564.1 49081275 49090688,5,-0.22896748882527346,0.43105381121171016
NC_047559.1,40119039,NC_047559.1 40118678 40163194,15,-0.22895077665603925,0.43108837332487104
NC_047559.1,50875111,NC_047559.1 50873178 50881857,3,-0.22890593352876268,0.4311811194233396
NC_047567.1,16135554,NC_047567.1 16107132 16187917,6,-0.2288278919940177,0.4313425515673853
NC_047566.1,24858538,NC_047566.1 24857301 24860574,16,-0.22861660632293326,0.43177975739130403
NC_047560.1,51557876,NC_047560.1 51556988 51604444,10,0.22857248105193265,0.4318710923628817
NC_047562.1,12114111,NC_047562.1 12072237 12174401,11,0.22840266660891187,0.4322226822359456
NC_047566.1,28047400,NC_047566.1 28042649 28051338,7,0.22839141062423204,0.43224599211367476
NC_047565.1,21864832,NC_047565.1 21859648 21864895,12,-0.22838485920765964,0.4322595596513017
NC_047564.1,24887340,NC_047564.1 24882635 24889980,5,-0.22837658922694729,0.43227668652406226
NC_047564.1,47118504,NC_047564.1 47118390 47127057,9,-0.22834491933409945,0.43234227704262584
NC_047559.1,41857185,NC_047559.1 41829812 41858928,4,-0.2283415659870075,0.4323492223472768
NC_047562.1,17081147,NC_047562.1 17054166 17098627,7,0.2282273296494462,0.4325858571219041
NC_047559.1,54144472,NC_047559.1 54133147 54144869,5,0.2282113104528524,0.43261904527897077
NC_047564.1,8312373,NC_047564.1 8311889 8319418,8,-0.22810630069713894,0.4328366334678819
NC_047564.1,37442558,NC_047564.1 37431267 37462795,3,0.22810257100552814,0.4328443626834324
NC_047565.1,52579700,NC_047565.1 52578699 52586996,10,-0.2280667729858467,0.43291855213322017
NC_047559.1,29576713,NC_047559.1 29569512 29577777,12,-0.22798383332215796,0.4330904646283963
NC_047568.1,53709290,NC_047568.1 53706620 53719393,4,-0.22798124238166398,0.43309583553106157
NC_047565.1,529868,NC_047565.1 527431 532111,4,-0.22795773410385683,0.43314456865883944
NC_047564.1,10360930,NC_047564.1 10359363 10362690,11,-0.22794237913491985,0.4331764013023819
NC_047561.1,14745837,NC_047561.1 14737267 14746382,7,0.22784019606899136,0.433388268660841
NC_047568.1,4190312,NC_047568.1 4181014 4204769,14,-0.22783774010568963,0.4333933615193195
NC_047563.1,67519990,NC_047563.1 67505289 67525234,5,-0.2278250897008689,0.433419594765892
NW_022994997.1,155413,NW_022994997.1 151322 156367,8,0.22779565514005387,0.43348063653860647
NC_047561.1,13853981,NC_047561.1 13840905 13879732,3,0.2277883306933444,0.43349582674166764
NC_047564.1,25239074,NC_047564.1 25237198 25241312,5,-0.22778000734198384,0.4335130889020671
NC_047566.1,45969617,NC_047566.1 45949296 45984413,5,0.22777858483942945,0.4335160391265229
NC_047566.1,48821222,NC_047566.1 48815973 48825439,7,-0.22775166669350616,0.4335718683942006
NC_047565.1,43138563,NC_047565.1 43084672 43140764,4,0.22770949004866275,0.43365935163371205
NC_047561.1,52849640,NC_047561.1 52848856 52849836,8,-0.2277081504946137,0.43366213029598644
NC_047565.1,16316731,NC_047565.1 16304033 16357216,6,0.227701203400411,0.4336765409281471
NC_047561.1,51071647,NC_047561.1 51070214 51081688,5,-0.22767634764232178,0.4337281021787506
NC_047565.1,47019220,NC_047565.1 47013506 47035252,7,0.2274558440689705,0.43418565365492046
NC_047561.1,44106717,NC_047561.1 44106436 44109069,9,0.22742190639801943,0.4342560968307849
NC_047561.1,49520969,NC_047561.1 49514230 49525896,9,-0.22740501242568958,0.4342911651655702
NC_047565.1,22367379,NC_047565.1 22364489 22369963,7,-0.2273113534315337,0.43448560731668684
NW_022994922.1,79094,NW_022994922.1 70949 82299,11,0.22709247072686853,0.43494019223313685
NC_047565.1,6184177,NC_047565.1 6169515 6185170,11,-0.2270299837494771,0.43507001158007497
NC_047562.1,20982479,NC_047562.1 20973791 20985887,7,-0.2268583502586168,0.4354266873524837
NC_047564.1,7274534,NC_047564.1 7271427 7299772,4,-0.22683006338508016,0.43548548505713347
NC_047564.1,55371281,NC_047564.1 55370789 55374566,5,-0.2268280959308777,0.43548957479776473
NC_047568.1,21805804,NC_047568.1 21802156 21822482,3,-0.22679753510972686,0.43555310394764934
NC_047561.1,5979197,NC_047561.1 5977831 5984272,10,-0.22678558702055399,0.4355779426298324
NC_047568.1,51248045,NC_047568.1 51238373 51261653,4,0.22677144664214777,0.43560733974210586
NC_047563.1,21202203,NC_047563.1 21201270 21203203,5,0.22669346715512992,0.43576947289588
NC_047563.1,67519146,NC_047563.1 67517309 67522883,3,0.22669085606265874,0.43577490234208227
NC_047563.1,43890521,NC_047563.1 43880471 43890801,14,-0.2266157381637024,0.4359311152960401
NC_047561.1,52842979,NC_047561.1 52842801 52844281,9,-0.22651023734818063,0.43615055899618327
NC_047568.1,46012665,NC_047568.1 46011276 46018497,7,0.22645243132723145,0.4362708200626355
NC_047559.1,39974534,NC_047559.1 39972424 39976474,6,0.22640775651647374,0.4363637740051832
NC_047565.1,28527855,NC_047565.1 28526117 28566194,4,-0.2264029897404599,0.4363736927213031
NC_047565.1,41045459,NC_047565.1 41036048 41047366,16,0.2263388662984432,0.4365071318620688
NC_047561.1,2702752,NC_047561.1 2695918 2715956,15,-0.22620640883279738,0.43678283688345576
NC_047568.1,28931981,NC_047568.1 28916900 28968881,6,-0.22616046003769671,0.4368784978430209
NC_047565.1,22326376,NC_047565.1 22317616 22352556,17,-0.22615950837441037,0.436880479224945
NC_047566.1,37174701,NC_047566.1 37145945 37220037,6,-0.22614676390885755,0.43690701388926056
NC_047559.1,4726921,NC_047559.1 4700983 4796629,7,0.2260964837321524,0.4370117077900204
NC_047566.1,5832239,NC_047566.1 5824674 5837568,3,-0.22607376293258677,0.43705902138737696
NC_047568.1,43859598,NC_047568.1 43853502 43876036,10,0.22601699238640874,0.4371772510784634
NC_047561.1,694851,NC_047561.1 689536 695905,10,0.22583319382922012,0.4375601375153316
NC_047560.1,50507679,NC_047560.1 50496462 50541845,3,-0.2257963501387813,0.4376369099032551
NC_047559.1,33278426,NC_047559.1 33278156 33282120,12,-0.2257721169981236,0.4376874089503905
NC_047564.1,23940470,NC_047564.1 23939502 23941958,11,-0.22574759788085785,0.43773850690262783
NC_047563.1,65979233,NC_047563.1 65976499 65986089,3,-0.22571148522362117,0.4378137712722605
NC_047564.1,53893424,NC_047564.1 53874838 53897891,4,0.22570883722960572,0.4378192903562145
NC_047566.1,8916094,NC_047566.1 8903027 8930152,4,0.22567055993169757,0.43789907373185055
NC_047564.1,17671696,NC_047564.1 17671480 17672291,14,-0.22559977918207857,0.43804662488248436
NC_047561.1,27115778,NC_047561.1 27113531 27117342,4,-0.22556395891854264,0.43812130607508926
NC_047568.1,23545686,NC_047568.1 23521404 23580068,8,-0.2254824838745953,0.4382911959901258
NC_047567.1,5839412,NC_047567.1 5838039 5841072,5,0.22547525430472506,0.4383062725139667
NC_047562.1,7297220,NC_047562.1 7264994 7303325,3,-0.22547159327909566,0.43831390730485476
NC_047568.1,12971638,NC_047568.1 12962504 12980336,3,-0.2253973996843223,0.438468646718403
NC_047565.1,15508230,NC_047565.1 15505664 15511722,11,-0.22531650401547115,0.4386373951607043
NC_047562.1,51752130,NC_047562.1 51719248 51772729,9,-0.22524909188264602,0.43877804168847845
NC_047564.1,53121433,NC_047564.1 53119869 53127937,10,-0.22523520243616046,0.43880702298304297
NC_047564.1,18150248,NC_047564.1 18129899 18158058,4,-0.22519528039458853,0.438890328412776
NC_047565.1,60322614,NC_047565.1 60301595 60331352,13,-0.22517973757682247,0.43892276378559314
NC_047568.1,51248480,NC_047568.1 51238373 51261653,11,-0.2251784779964012,0.4389253923807016
NC_047568.1,31714222,NC_047568.1 31710311 31718078,4,0.22516707761557728,0.43894918398202853
NC_047565.1,15523102,NC_047565.1 15517921 15525299,3,0.22490955925207157,0.4394867737302627
NW_022994952.1,32826,NW_022994952.1 28444 64723,3,-0.22486405693506215,0.43958179748991033
NW_022994829.1,128331,NW_022994829.1 109708 243958,6,0.22485080457925727,0.43960947468044476
NC_047559.1,3270313,NC_047559.1 3269569 3282140,3,-0.22481277572442973,0.43968890174903974
NC_047562.1,10503308,NC_047562.1 10502456 10504896,3,-0.22478909842085373,0.43973835777968107
NC_047563.1,329687,NC_047563.1 175641 457526,4,-0.22476279262130344,0.43979330733941
NC_047565.1,6964788,NC_047565.1 6945862 6987583,7,-0.2247428530641339,0.43983496088659624
NC_047568.1,27891535,NC_047568.1 27832144 27893867,16,-0.22470164617709093,0.43992104791502906
NC_047560.1,5563741,NC_047560.1 5562746 5570944,12,-0.22463677824346753,0.4400565832337303
NC_047561.1,49026273,NC_047561.1 49024093 49066507,8,0.22449665412447917,0.4403494301187698
NC_047568.1,42226919,NC_047568.1 42224279 42237470,4,-0.22448526196649382,0.4403732429760975
NC_047565.1,21588378,NC_047565.1 21562057 21614393,8,0.2243964511137189,0.440558904958271
NW_022994810.1,22685,NW_022994810.1 1715 23271,3,0.22439123922711512,0.4405698017876355
NC_047568.1,50374251,NC_047568.1 50371712 50374971,6,0.22437553381753816,0.44060263891755636
NC_047566.1,8721709,NC_047566.1 8714770 8721924,3,0.2243448443725361,0.44066680843327144
NC_047565.1,56625403,NC_047565.1 56615648 56636746,4,-0.22431811806977578,0.44072269508153783
NC_047564.1,2189227,NC_047564.1 2180582 2198425,15,-0.22428628704525755,0.44078926067859625
NC_047565.1,60651291,NC_047565.1 60646590 60672137,3,0.22428312962109853,0.440795863812223
NC_047561.1,55453727,NC_047561.1 55446431 55473342,11,0.22427843520170315,0.44080568136108755
NC_047562.1,42098828,NC_047562.1 42097985 42109188,5,0.22410631229409048,0.4411657211600185
NC_047568.1,26132791,NC_047568.1 26075022 26164422,17,0.22406307982128382,0.44125617609726897
NW_022994844.1,233811,NW_022994844.1 232970 236341,4,-0.2239295854207272,0.44153554352453983
NC_047565.1,47018318,NC_047565.1 47013506 47035252,3,0.22391089008415266,0.44157467479336543
NC_047564.1,4159069,NC_047564.1 4113919 4173330,15,-0.22390370503842724,0.4415897142943349
NC_047559.1,54692943,NC_047559.1 54687185 54694451,3,0.22384550607812276,0.4417115438277883
NC_047566.1,29500287,NC_047566.1 29491873 29532252,5,0.2237466341617139,0.4419185535190353
NC_047568.1,45563582,NC_047568.1 45562249 45571944,15,-0.22355531296780698,0.44231926262487253
NC_047563.1,10586094,NC_047563.1 10585556 10593681,11,0.22349437932291838,0.44244692185130463
NC_047563.1,9928807,NC_047563.1 9928373 9936677,6,-0.22340871322370845,0.44262642783396555
NC_047561.1,37529342,NC_047561.1 37502732 37532848,5,-0.2233900598786561,0.4426655191175981
NC_047559.1,725838,NC_047559.1 703983 736455,6,0.22329671318145902,0.4428611688872214
NC_047565.1,10690964,NC_047565.1 10689783 10696538,7,-0.22322291585786802,0.4430158745806835
NC_047563.1,7574151,NC_047563.1 7559225 7587669,8,0.22321660029589233,0.44302911551281654
NC_047561.1,12869041,NC_047561.1 12868327 12887282,8,0.22317925403921093,0.44310741806328025
NC_047564.1,15730011,NC_047564.1 15680917 15732828,3,-0.2231791678065695,0.4431075988721005
NC_047566.1,28621367,NC_047566.1 28620196 28621956,12,0.22316387204431617,0.4431396709348412
NC_047568.1,17652083,NC_047568.1 17650286 17666134,7,0.223162818789688,0.4431418794352422
NC_047559.1,40201874,NC_047559.1 40182188 40220422,12,0.22304995210407952,0.44337857382642876
NC_047568.1,7165901,NC_047568.1 7152590 7166056,9,-0.2230473175169476,0.4433840996070907
NC_047568.1,50267930,NC_047568.1 50240976 50268895,14,-0.22294660564433694,0.4435953582157286
NC_047566.1,52506315,NC_047566.1 52502424 52513788,10,-0.22290673767697483,0.44367900118892756
NC_047565.1,17819616,NC_047565.1 17788562 17848716,4,0.22290617371092536,0.4436801844454942
NW_022994939.1,230625,NW_022994939.1 228095 230810,3,-0.22287663874207445,0.443742153919522
NC_047559.1,36679581,NC_047559.1 36674835 36681555,12,-0.22285154763860612,0.44379480276761896
NC_047562.1,40001926,NC_047562.1 39989804 40021647,11,-0.22284219917051834,0.44381441951951717
NC_047566.1,28671011,NC_047566.1 28669548 28686763,17,-0.22282210935062732,0.4438565772945483
NC_047564.1,47005944,NC_047564.1 47002015 47006778,9,0.22279667791731042,0.4439099471040361
NC_047561.1,53763474,NC_047561.1 53762550 53765848,4,-0.22279401156787235,0.44391554282673007
NC_047561.1,50325260,NC_047561.1 50324046 50327493,3,-0.22268322574656757,0.4441480739263459
NC_047564.1,40806651,NC_047564.1 40800964 40821478,3,0.22262553159878426,0.4442691935052262
NC_047564.1,23374660,NC_047564.1 23373719 23375908,4,0.2226001128701898,0.44432256123020375
NC_047560.1,55689884,NC_047560.1 55687982 55692856,5,0.22258811704515086,0.44434774808954014
NC_047567.1,9553378,NC_047567.1 9543762 9554270,3,0.22258404373053356,0.4443563007261818
NC_047561.1,52341121,NC_047561.1 52336938 52351992,4,-0.22257856219540073,0.44436781029692496
NC_047568.1,4237644,NC_047568.1 4230420 4260277,7,0.2225148574058397,0.44450158197943235
NC_047562.1,50347402,NC_047562.1 50343692 50392921,5,-0.22244207509434016,0.44465443968317453
NC_047563.1,20296299,NC_047563.1 20294697 20355501,4,0.22239694514044334,0.44474923487263396
NC_047565.1,22398178,NC_047565.1 22387024 22400303,4,0.2223852402136292,0.4447738226339406
NC_047561.1,47303060,NC_047561.1 47302605 47304251,7,-0.22237812912928032,0.44478876074469476
NC_047565.1,45280958,NC_047565.1 45276791 45285059,5,0.22224080782699135,0.4450772775518985
NC_047560.1,46742556,NC_047560.1 46740972 46750835,4,0.22222616926726235,0.44510803913708985
NC_047559.1,7546841,NC_047559.1 7537496 7565714,11,0.2222012319129411,0.44516044511481856
NC_047561.1,24351968,NC_047561.1 24344014 24362615,6,0.22216531378064533,0.44523593262223105
NC_047562.1,47015659,NC_047562.1 46999310 47030276,14,-0.22215764423976112,0.4452520521690101
NC_047561.1,22079926,NC_047561.1 22078798 22083617,4,0.2221548738276904,0.4452578749858406
NC_047564.1,18629833,NC_047564.1 18621265 18651220,5,0.22208931598491516,0.44539567462553953
NC_047559.1,24643113,NC_047559.1 24641211 24644860,3,-0.22194069701243874,0.4457081431789417
NC_047564.1,37426123,NC_047564.1 37415854 37428653,12,-0.22186910967898515,0.44585869287565205
NC_047565.1,28566712,NC_047565.1 28566326 28593273,7,-0.22184866550038412,0.4459016920388421
NC_047565.1,54986417,NC_047565.1 54942794 54994945,4,0.22183408231014262,0.44593236534761627
NC_047565.1,6964788,NC_047565.1 6964671 6967476,7,0.2218165855287456,0.4459691682867881
NC_047565.1,30211366,NC_047565.1 30208376 30211529,3,-0.22178041515764588,0.44604525424060537
NC_047567.1,3115867,NC_047567.1 3112592 3138540,9,-0.22168815812173626,0.44623935000827797
NC_047565.1,11414811,NC_047565.1 11384271 11464307,5,0.22160623127130077,0.44641174752793655
NC_047565.1,60322614,NC_047565.1 60306728 60350613,13,-0.22158720344363111,0.44645179222914966
NC_047559.1,36979789,NC_047559.1 36971893 36980606,3,-0.22153071491239754,0.446570684696857
NC_047561.1,38774091,NC_047561.1 38772869 38779135,4,-0.22148621703218785,0.44666435123481096
NC_047559.1,32125453,NC_047559.1 32114106 32125761,5,0.2213715965404673,0.4469056682143667
NC_047564.1,4453089,NC_047564.1 4450966 4460080,5,0.22136374363605377,0.4469222037337799
NC_047568.1,49378816,NC_047568.1 49376225 49401961,5,-0.22133828538588654,0.44697581214260185
NC_047564.1,18730128,NC_047564.1 18729735 18732877,4,0.22130687521871165,0.4470419581073992
NC_047564.1,38107099,NC_047564.1 38104216 38109243,4,-0.22130442756913477,0.4470471127606761
NC_047561.1,31150191,NC_047561.1 31117997 31158475,11,-0.22126550330947806,0.447129089658983
NC_047559.1,30190615,NC_047559.1 30187925 30190724,9,-0.22125724678129613,0.44714647937244323
NC_047565.1,54971393,NC_047565.1 54942794 54994945,6,-0.2212511020083254,0.447159421571508
NC_047565.1,16462781,NC_047565.1 16453234 16544687,9,0.22124386072730606,0.4471746734872647
NC_047560.1,44914847,NC_047560.1 44895760 44916440,9,0.22124341108958895,0.4471756205431672
NC_047568.1,39117618,NC_047568.1 39112082 39135071,3,-0.22120403085217746,0.44725856957664545
NC_047564.1,48951671,NC_047564.1 48932496 48978124,9,-0.22119378804175224,0.44728014588787646
NC_047565.1,12503967,NC_047565.1 12486623 12511177,6,-0.22117274373445228,0.44732447698695854
NC_047562.1,14859977,NC_047562.1 14830381 14885029,3,-0.22113516584444703,0.4474036424682587
NC_047562.1,14864766,NC_047562.1 14830381 14885029,7,-0.22111909792926956,0.44743749491640106
NC_047565.1,19689719,NC_047565.1 19687975 19693572,13,-0.22109000149331517,0.44749879952816574
NC_047568.1,27731335,NC_047568.1 27729940 27732202,5,0.22102964755456514,0.4476259752227697
NC_047564.1,35486630,NC_047564.1 35485384 35488435,5,-0.22102898931659135,0.44762736233698963
NC_047564.1,20768760,NC_047564.1 20743496 20774647,3,-0.22077082072028356,0.44817156825657
NC_047560.1,47697085,NC_047560.1 47691832 47720687,8,0.22073210349617847,0.4482532102739102
NC_047568.1,39663835,NC_047568.1 39663381 39669046,3,0.2207149115675976,0.4482894648043737
NC_047564.1,40503430,NC_047564.1 40499808 40519185,5,-0.22047519143343558,0.4487951399331028
NC_047568.1,33444142,NC_047568.1 33440363 33445114,8,-0.2204741637714216,0.448797308328997
NW_022994865.1,218432,NW_022994865.1 178811 233709,4,-0.22046519222377617,0.44881623876741683
NC_047565.1,9696231,NC_047565.1 9695156 9739723,12,-0.2204098621040454,0.44893299693435207
NC_047568.1,47495569,NC_047568.1 47492493 47499622,8,-0.220210422748215,0.449353980028771
NC_047563.1,50252810,NC_047563.1 50241240 50261136,3,0.22019193982497637,0.44939300422793105
NC_047561.1,4058710,NC_047561.1 4038964 4063290,4,-0.22017704008414452,0.44942446423594185
NC_047559.1,16398496,NC_047559.1 16389306 16415333,4,-0.22014451807351043,0.4494931364942125
NC_047561.1,22183865,NC_047561.1 22168210 22202321,4,0.21998351715909728,0.4498331760882862
NC_047560.1,70735490,NC_047560.1 70690070 71346242,4,0.219973624485905,0.44985407389042953
NC_047563.1,4257883,NC_047563.1 4257293 4260218,7,-0.2199393962638506,0.4499263830705854
NC_047565.1,32712354,NC_047565.1 32693745 32751974,10,0.2199354675070645,0.44993468317186147
NC_047561.1,54745850,NC_047561.1 54740211 54749440,8,0.21986354943274788,0.45008663445024866
NC_047561.1,56321831,NC_047561.1 56304366 56325811,3,0.2198606042747274,0.4500928576317952
NC_047563.1,42854197,NC_047563.1 42851307 42940885,4,0.2198051356146325,0.4502100719988018
NC_047566.1,23385140,NC_047566.1 23116815 23445750,5,0.21965298113700427,0.4505316764296622
NC_047563.1,20314275,NC_047563.1 20294697 20355501,3,0.21964666606049038,0.45054502686221765
NC_047563.1,5719337,NC_047563.1 5715837 5729969,4,0.2196294803744794,0.4505813593695517
NC_047568.1,43046385,NC_047568.1 43038388 43066906,6,0.21961172946652902,0.4506188883335216
NC_047561.1,54038960,NC_047561.1 54038294 54051356,9,-0.21956751069205285,0.4507123823363264
NC_047568.1,9977943,NC_047568.1 9960668 9984391,13,0.21952021839478153,0.4508123853996413
NC_047568.1,46866456,NC_047568.1 46866295 46880634,16,-0.21947278613081841,0.45091269538951306
NC_047567.1,9553382,NC_047567.1 9543762 9554270,3,0.21947199149122945,0.45091437599075024
NC_047567.1,1857909,NC_047567.1 1645006 2210384,3,-0.21944735443113403,0.4509664829940029
NC_047567.1,11112010,NC_047567.1 11089006 11128626,12,-0.21942606871602352,0.45101150433741166
NC_047564.1,16390973,NC_047564.1 16390399 16394056,4,0.2194189806550386,0.45102649676133844
NC_047564.1,54349308,NC_047564.1 54348903 54362598,6,0.2193910584909838,0.45108555914997794
NC_047565.1,5406923,NC_047565.1 5255329 5422969,15,-0.21938547853203616,0.4510973626200838
NC_047564.1,21406328,NC_047564.1 21369543 21426265,7,0.21937449305998935,0.45112060099288287
NC_047561.1,56688277,NC_047561.1 56687511 56689200,15,0.2192504100242955,0.4513831237670034
NC_047564.1,16152270,NC_047564.1 16127496 16166291,4,-0.2192110266425927,0.45146646297053517
NC_047566.1,43179110,NC_047566.1 43178528 43179130,13,-0.21917828476279286,0.45153575384090927
NC_047561.1,49073328,NC_047561.1 49070089 49076966,9,0.2191259046666575,0.4516466154694604
NC_047565.1,17708177,NC_047565.1 17705984 17710437,13,-0.21911086561370263,0.45167844785243294
NC_047565.1,18341427,NC_047565.1 18335753 18347939,8,0.21900745604129074,0.4518973593622916
NC_047559.1,21335437,NC_047559.1 21335090 21338834,16,0.21867551234128227,0.4526004149787439
NC_047561.1,47303391,NC_047561.1 47302605 47304251,9,-0.21860295668444793,0.45275415903290994
NC_047562.1,32117241,NC_047562.1 32085011 32122428,14,-0.218597078007745,0.45276661695849174
NC_047559.1,21847887,NC_047559.1 21846910 21869209,3,-0.21856605541708904,0.4528323619407131
NW_022994997.1,153752,NW_022994997.1 151322 156367,4,-0.21855104492240887,0.45286417478495955
NC_047559.1,43494916,NC_047559.1 43492741 43499503,3,0.21852087833346195,0.45292811236796027
NC_047561.1,49863753,NC_047561.1 49836177 49879365,17,-0.21844150104762236,0.4530963723493874
NC_047559.1,41479825,NC_047559.1 41478554 41481465,11,0.2184343608275972,0.45311150933109534
NC_047568.1,51436938,NC_047568.1 51432343 51442743,8,0.21843115331872417,0.4531183092026929
NC_047565.1,23312067,NC_047565.1 23284220 23332287,13,0.21841816367041803,0.45314584757744325
NC_047559.1,47876726,NC_047559.1 47873642 47877433,9,0.21839277624561934,0.45319967191286215
NC_047564.1,40701890,NC_047564.1 40692098 40713438,6,0.21838993422205372,0.45320569753313167
NC_047567.1,28322125,NC_047567.1 28316714 28323113,3,-0.21826663899326457,0.4534671442290681
NC_047565.1,37507561,NC_047565.1 37460628 37513316,3,0.21809165280568632,0.4538383280945998
NW_022994956.1,123374,NW_022994956.1 122999 133255,9,-0.21809058846021023,0.4538405862587054
NC_047567.1,16167101,NC_047567.1 16107132 16187917,3,0.21793036856848666,0.45418057887943786
NC_047568.1,33268649,NC_047568.1 33248468 33270970,4,0.21782771727542613,0.4543984742955409
NW_022994915.1,59593,NW_022994915.1 56991 62011,9,-0.21782672423777888,0.45440058244237913
NC_047566.1,36486186,NC_047566.1 36470861 36493635,6,-0.21779855964011496,0.4544603758319883
NC_047565.1,10613608,NC_047565.1 10607255 10620831,5,0.21777560494841305,0.4545091114488017
NC_047565.1,49096946,NC_047565.1 49092763 49097892,13,0.2177407620529263,0.4545830920631384
NC_047567.1,22660774,NC_047567.1 22638999 22673753,8,0.21773980784658348,0.45458511817660485
NC_047562.1,47513539,NC_047562.1 47506854 47524615,4,0.21773529275466988,0.4545947053542412
NC_047568.1,20392632,NC_047568.1 20391840 20405801,14,0.21771135857323773,0.4546455279540573
NC_047563.1,48561977,NC_047563.1 48548539 48633959,3,-0.21764130777121476,0.45479429202349275
NC_047563.1,58467833,NC_047563.1 58462398 58477249,9,-0.21761924175395575,0.4548411576680166
NC_047568.1,5230997,NC_047568.1 5219934 5252478,16,-0.21754955333607887,0.4549891832429813
NC_047565.1,60624710,NC_047565.1 60617328 60639590,5,0.21754711812662855,0.4549943563116078
NC_047566.1,28043318,NC_047566.1 28042649 28051338,4,-0.21749622037042396,0.4551024840204284
NC_047568.1,20513648,NC_047568.1 20484265 20520958,3,0.21743389873680238,0.4552348978415751
NC_047568.1,32993996,NC_047568.1 32993577 33025191,5,-0.2174264869832926,0.4552506467340799
NC_047568.1,49504374,NC_047568.1 49494265 49508311,4,0.21742287572407304,0.45525832022842194
NC_047565.1,55735069,NC_047565.1 55724680 55739213,7,-0.21739905356518688,0.45530894105412356
NC_047564.1,7032094,NC_047564.1 7010348 7038070,14,0.21723917101858528,0.45564875419634254
NC_047564.1,42606768,NC_047564.1 42574900 42634915,12,-0.21721678980757744,0.4556963329380217
NC_047568.1,31683649,NC_047568.1 31683118 31684807,11,0.21695688049812425,0.4562490347653302
NC_047568.1,19505709,NC_047568.1 19478101 19505745,10,-0.216939662862783,0.4562856599335653
NC_047568.1,10312690,NC_047568.1 10309194 10413881,13,0.2168656797386611,0.45644305237423577
NC_047562.1,50392357,NC_047562.1 50343692 50392921,5,0.21685227063074083,0.45647158188203385
NC_047559.1,40827921,NC_047559.1 40823033 40830529,3,0.2168337352012495,0.45651101969573693
NC_047565.1,41806195,NC_047565.1 41804848 41807196,4,0.21676424155876226,0.4566588960527711
NC_047562.1,29083760,NC_047562.1 29083056 29085827,3,-0.2167633884465226,0.45666071154581145
NC_047560.1,4949682,NC_047560.1 4826173 5232376,4,-0.2167366668708711,0.45671757904069377
NC_047564.1,17320646,NC_047564.1 17316824 17344427,8,0.21671692418341754,0.45675959664147736
NC_047564.1,53304838,NC_047564.1 53304650 53306695,3,-0.2165872254211588,0.4570356764160498
NC_047560.1,62962344,NC_047560.1 62653127 63119960,3,0.21657636004159592,0.45705880840827795
NC_047565.1,22236579,NC_047565.1 22230765 22236983,8,-0.21652428683008626,0.4571696782818666
NC_047568.1,48151063,NC_047568.1 48145900 48158652,4,0.21652038625335857,0.45717798358769046
NC_047565.1,36649919,NC_047565.1 36640444 36650064,15,0.2164691032786165,0.457287184742884
NC_047565.1,57849436,NC_047565.1 57839567 57918668,12,0.21642723823039098,0.45737634094444835
NC_047565.1,13180665,NC_047565.1 13119330 13220090,10,0.21628849373746878,0.4576718731086603
NC_047561.1,51473058,NC_047561.1 51420228 51491786,4,0.21628096424921395,0.45768791392793373
NC_047562.1,16437044,NC_047562.1 16436763 16439159,15,-0.21627279353621687,0.45770532112222884
NC_047560.1,5936295,NC_047560.1 5934410 5940829,7,0.21621592786399174,0.45782647882713645
NC_047559.1,19332358,NC_047559.1 19327553 19340281,12,-0.2161812656633926,0.45790033759761817
NC_047562.1,17056412,NC_047562.1 17054166 17098627,10,0.21616579074083186,0.45793331368440016
NC_047568.1,47676761,NC_047568.1 47671567 47680444,5,-0.21615505092481152,0.457956200237169
NC_047559.1,29204332,NC_047559.1 29200148 29204418,3,-0.21613675058331586,0.45799519955711143
NW_022994945.1,27339,NW_022994945.1 25522 28991,6,-0.2161045022524212,0.45806392696551834
NC_047568.1,41074672,NC_047568.1 41069902 41076714,3,0.2160537146669382,0.4581721752858581
NC_047566.1,1343392,NC_047566.1 1123256 1348320,9,0.2159961711516704,0.45829483820643824
NC_047566.1,45859858,NC_047566.1 45829944 45885395,5,0.21597869633787348,0.4583320916461726
NC_047559.1,6003937,NC_047559.1 5996194 6005415,17,-0.21583959397407054,0.45862868768358067
NC_047564.1,37136454,NC_047564.1 37122903 37136747,3,0.21581355869450902,0.45868421085618083
NC_047568.1,47989562,NC_047568.1 47987474 48005309,4,0.215770963357934,0.4587750572757381
NC_047562.1,46462479,NC_047562.1 46462036 46463383,16,0.21572580166333763,0.4588713867336228
NC_047562.1,35976466,NC_047562.1 35961520 36018993,12,0.21571819632917685,0.4588876098062953
NC_047560.1,22374110,NC_047560.1 22359364 22385065,6,-0.21565751232445268,0.45901706592840297
NC_047563.1,9744768,NC_047563.1 9709756 9818305,8,-0.2156529586001514,0.4590267810253019
NC_047560.1,51429127,NC_047560.1 51426322 51429714,5,0.21565142141568447,0.4590300605384926
NC_047563.1,11153838,NC_047563.1 11123881 11195743,6,-0.21553574125701996,0.45927689160988616
NC_047559.1,52987899,NC_047559.1 52961431 53010809,5,0.21553465014614848,0.4592792200611948
NC_047562.1,47021464,NC_047562.1 46999310 47030276,4,0.21549385110092334,0.45936629011989183
NC_047566.1,29493319,NC_047566.1 29491873 29532252,4,0.21548362328305645,0.45938811876923735
NC_047560.1,34210818,NC_047560.1 34209374 34214988,11,0.2154699882687537,0.45941721998856266
NC_047564.1,35785960,NC_047564.1 35779537 35801362,6,-0.21545136237023152,0.45945697470407754
NC_047566.1,14672736,NC_047566.1 14669325 14693836,4,-0.2153986814117,0.45956942486174335
NC_047561.1,49760362,NC_047561.1 49755947 49761167,3,-0.21536818483430362,0.4596345274568978
NC_047566.1,10657174,NC_047566.1 10644925 10659220,12,-0.21529198767727226,0.45979720900164356
NC_047568.1,51781713,NC_047568.1 51772467 51803461,7,0.21525048187505552,0.4598858359989747
NC_047568.1,12425059,NC_047568.1 12422433 12428584,9,0.2152239782967847,0.4599424332150265
NC_047563.1,48580316,NC_047563.1 48548539 48633959,5,-0.21519792845475919,0.45999806479634253
NC_047567.1,16384151,NC_047567.1 16382235 16393609,6,-0.21513085859242637,0.46014131305472383
NC_047567.1,17047701,NC_047567.1 17045869 17048626,6,-0.2149778061234728,0.46046828469179535
NC_047562.1,45739109,NC_047562.1 45716336 45757148,7,0.2149444325967691,0.46053959677196954
NC_047564.1,25979970,NC_047564.1 25978235 25985822,8,0.21490860343172202,0.4606161619954633
NC_047563.1,65527759,NC_047563.1 65484772 65533285,6,-0.2148735738614197,0.46069102449884236
NW_022994923.1,9874,NW_022994923.1 4902 29989,11,0.21484253940327694,0.46075735389139394
NC_047566.1,31101634,NC_047566.1 31096865 31103066,6,0.21482961367185477,0.46078498119384426
NC_047565.1,33941754,NC_047565.1 33922310 33944926,16,0.2147684835904442,0.46091565078862917
NC_047564.1,8154368,NC_047564.1 8143674 8156561,7,0.21472684828605088,0.4610046593044299
NC_047564.1,15905875,NC_047564.1 15903486 15912201,11,-0.21470357671801493,0.4610544132114598
NC_047562.1,14937901,NC_047562.1 14924749 14954768,5,0.2146806078521622,0.4611035225059208
NC_047565.1,60905771,NC_047565.1 60892052 60985539,6,0.2146798296518727,0.46110518640559606
NC_047561.1,14506754,NC_047561.1 14492865 14517609,7,-0.21464718176094924,0.46117499473004164
NC_047561.1,41641491,NC_047561.1 41640079 41643366,4,0.21459007454611095,0.4612971147641607
NC_047560.1,70104388,NC_047560.1 70082324 70127553,3,-0.21458148784434636,0.46131547821971386
NC_047559.1,11386951,NC_047559.1 11385396 11398362,6,0.21457951571214576,0.4613196958568325
NC_047561.1,28122256,NC_047561.1 28113917 28123468,3,0.2144845112026038,0.46152289635471044
NW_022994938.1,195962,NW_022994938.1 192776 196568,6,0.21434544234752104,0.46182042219825215
NC_047560.1,51050278,NC_047560.1 50992354 51073373,3,-0.21427667448170495,0.4619675794837925
NC_047562.1,2921316,NC_047562.1 2911329 2925329,3,-0.21425929551787948,0.4620047725614691
NC_047564.1,4158962,NC_047564.1 4113919 4173330,6,-0.21421890952846778,0.46209120905344825
NC_047567.1,19842695,NC_047567.1 19838722 19843126,6,0.2141155005719368,0.4623125667674346
NC_047559.1,543476,NC_047559.1 543245 544234,3,0.2140345367564531,0.4624859141613923
NC_047560.1,70764299,NC_047560.1 70595196 71158665,4,-0.21396563475765062,0.4626334614284866
NC_047562.1,5027873,NC_047562.1 5004642 5029954,4,-0.21395111178107237,0.4626645639507798
NC_047566.1,50366013,NC_047566.1 50364393 50371931,14,-0.21388865145814376,0.462798341019905
NW_022994982.1,7243,NW_022994982.1 2087 19721,9,-0.21384009930402725,0.4629023426120319
NC_047565.1,16683578,NC_047565.1 16673399 16687037,4,0.21380040089757707,0.4629873873606778
NC_047559.1,32008913,NC_047559.1 32006507 32036177,5,0.21377600212703868,0.4630396598947817
NC_047563.1,5234530,NC_047563.1 5233945 5235383,10,0.21375643644196393,0.4630815799703717
NC_047563.1,57833116,NC_047563.1 57815039 57899568,4,0.21371488729699267,0.4631706063707479
NC_047568.1,7507919,NC_047568.1 7488658 7515815,9,0.2137094864699122,0.46318217920752325
NC_047566.1,30469972,NC_047566.1 30426511 30486083,4,-0.21370732894367847,0.4631868023716945
NC_047560.1,62883186,NC_047560.1 62653127 63119960,5,0.21369656160686387,0.4632098750395408
NC_047565.1,385522,NC_047565.1 385253 388373,5,0.21362603368029587,0.4633610187770576
NW_022994964.1,26265,NW_022994964.1 24436 33484,6,0.21360617769091414,0.4634035751404584
NC_047568.1,40508583,NC_047568.1 40502950 40520819,12,0.21360358937141852,0.4634091226974043
NC_047559.1,3498404,NC_047559.1 3494476 3504854,3,0.21355732368323996,0.4635082895783661
NC_047564.1,6589916,NC_047564.1 6581710 6613760,4,-0.21334778553365696,0.46395754672488576
NW_022994829.1,115370,NW_022994829.1 109708 243958,5,0.213322884249921,0.46401094994551106
NC_047560.1,66457359,NC_047560.1 66414233 66467794,5,-0.21332204398505275,0.4640127520269407
NC_047564.1,18690073,NC_047564.1 18688184 18690631,3,0.21322431729527894,0.46422236551362017
NC_047560.1,62829610,NC_047560.1 62653127 63119960,4,-0.2132218429278046,0.4642276733660835
NC_047561.1,47598063,NC_047561.1 47588647 47599246,10,-0.21321290709771806,0.4642468421729288
NC_047565.1,13012496,NC_047565.1 13011678 13014221,4,0.21320101414970574,0.46427235507148346
NC_047566.1,17153837,NC_047566.1 17147341 17156762,4,-0.21319652297786143,0.46428198976492796
NC_047566.1,43967196,NC_047566.1 43965079 43967411,6,0.21318431733988596,0.4643081744171714
NC_047561.1,24673815,NC_047561.1 24667594 24674161,8,0.2131803020317179,0.4643167885799646
NC_047564.1,48192361,NC_047564.1 48191223 48194664,11,0.21286329883754107,0.4649971088891125
NC_047565.1,30182676,NC_047565.1 30181318 30187622,10,-0.21277882800628084,0.46517847285929614
NC_047564.1,15773224,NC_047564.1 15760614 15805071,5,0.21274134611406637,0.46525895968087416
NC_047568.1,44880282,NC_047568.1 44868007 44884906,13,0.21259608271126745,0.4655709548661737
NC_047564.1,46194969,NC_047564.1 46183877 46200232,6,-0.2125577939197605,0.4656532079330078
NC_047564.1,27722924,NC_047564.1 27717825 27740684,6,-0.21253887323180554,0.4656938564794326
NC_047568.1,46115514,NC_047568.1 46078110 46154331,11,0.21250428779128822,0.4657681630589605
NC_047568.1,45295715,NC_047568.1 45284891 45311391,9,0.21245714627949736,0.4658694554819862
NC_047568.1,26077731,NC_047568.1 26075022 26164422,3,0.21243287653466936,0.4659216077461874
NC_047564.1,15980074,NC_047564.1 15951484 16004880,7,0.21238750619196095,0.4660191097765105
NC_047561.1,55450804,NC_047561.1 55446431 55473342,4,-0.21236560496318088,0.4660661796003954
NC_047559.1,35503877,NC_047559.1 35502629 35515481,5,-0.2123618149901388,0.4660743251917673
NC_047564.1,32141741,NC_047564.1 32136472 32142389,13,-0.2123508669136132,0.46609785570719653
NC_047568.1,32726374,NC_047568.1 32726330 32730707,3,-0.21230869381888945,0.46618850297899583
NC_047560.1,52292774,NC_047560.1 52277157 52299861,4,-0.21223441090358194,0.46634818809069334
NC_047568.1,12812337,NC_047568.1 12799211 12824651,6,0.21222292287701472,0.4663728861207551
NC_047567.1,1315465,NC_047567.1 1294829 1462686,8,0.21216875637100163,0.46648934681830945
NC_047562.1,47294219,NC_047562.1 47281879 47295834,7,0.21201039374594088,0.46682991476573543
NC_047562.1,36290371,NC_047562.1 36283958 36312402,3,-0.2119853994851528,0.4668836773059538
NW_022994865.1,3473150,NW_022994865.1 3472397 3476348,5,-0.21194310250892337,0.4669746647021391
NC_047568.1,37204963,NC_047568.1 37204186 37206697,4,0.211929623815113,0.4670036612703481
NC_047565.1,32446581,NC_047565.1 32443604 32452552,8,0.21191241101561098,0.4670406922406779
NC_047561.1,10004688,NC_047561.1 10004180 10004866,6,0.2118857386658228,0.4670980769258738
NC_047568.1,21709220,NC_047568.1 21699251 21727819,3,0.21185599203333255,0.4671620798346622
NC_047561.1,51426773,NC_047561.1 51420228 51491786,3,-0.2118551928206723,0.4671637994803396
NC_047559.1,24314745,NC_047559.1 24287686 24358940,7,0.21166095522136708,0.46758182599764875
NC_047565.1,58084511,NC_047565.1 58084024 58100598,9,-0.21151550478031567,0.4678949735586857
NW_022994918.1,380448,NW_022994918.1 335598 404469,5,-0.2115123580117429,0.467901749509705
NC_047562.1,40631777,NC_047562.1 40631551 40645409,5,0.211498251703392,0.467932125267548
NC_047568.1,4491863,NC_047568.1 4490714 4496451,10,-0.21148666132065216,0.4679570840778827
NC_047565.1,41675634,NC_047565.1 41663767 41721524,17,0.2114815364194339,0.4679681202798043
NC_047563.1,20342894,NC_047563.1 20294697 20355501,3,-0.2114280625097195,0.46808328096636453
NC_047559.1,54463547,NC_047559.1 54451092 54480039,8,-0.21139935515088523,0.4681451103677944
NC_047560.1,44393555,NC_047560.1 43984502 44478438,9,-0.21137732479657936,0.4681925616188227
NC_047562.1,50398249,NC_047562.1 50396552 50410069,5,0.21130900105381478,0.4683397390583314
NC_047568.1,28799230,NC_047568.1 28785707 28805236,6,0.21128010256068094,0.46840199653154246
NC_047568.1,46900391,NC_047568.1 46897302 46901041,3,-0.21119144096309952,0.4685930294872983
NC_047561.1,53472995,NC_047561.1 53467121 53481388,3,0.211166128777929,0.468647574757204
NC_047562.1,23134325,NC_047562.1 23121693 23149133,8,-0.21113409894649,0.46871660026812667
NC_047563.1,66673155,NC_047563.1 66670826 66677843,3,-0.21111930190395242,0.46874849011032205
NC_047566.1,21190184,NC_047566.1 21182106 21190726,9,0.21106460604142593,0.4688663769338325
NC_047564.1,48906668,NC_047564.1 48905161 48925179,14,0.21104580959296604,0.4689068924936479
NC_047567.1,16703539,NC_047567.1 16701847 16704816,9,0.21097993173910423,0.46904890483866313
NC_047566.1,25711141,NC_047566.1 25659264 25713594,5,-0.21089340358705302,0.46923546424816376
NC_047559.1,43941992,NC_047559.1 43936358 43950720,8,0.21063647754744805,0.46978962072620745
NW_022994963.1,157169,NW_022994963.1 153799 160109,10,-0.21062642107383614,0.4698113176340383
NC_047568.1,32307586,NC_047568.1 32304765 32309909,3,0.21050027573531918,0.4700835178760746
NC_047561.1,29146945,NC_047561.1 29146865 29148355,15,0.21050011156348591,0.4700838721803333
NC_047560.1,51454192,NC_047560.1 51453938 51458408,4,-0.21049011470074366,0.47010544695724743
NW_022994966.1,503929,NW_022994966.1 490511 514639,7,-0.2104662428967616,0.470156967926177
NC_047561.1,49915610,NC_047561.1 49910402 49915936,6,-0.21033124995057642,0.47044836542171253
NC_047564.1,38304744,NC_047564.1 38304558 38306837,5,0.2102951384565588,0.4705263308328923
NC_047565.1,58476629,NC_047565.1 58466399 58477659,3,-0.21026110031640766,0.4705998255047815
NC_047563.1,8612419,NC_047563.1 8601120 8616002,16,-0.2102326841569537,0.47066118549033387
NC_047561.1,11244666,NC_047561.1 11241725 11247527,5,0.2102318729300036,0.4706629372567578
NC_047560.1,63589850,NC_047560.1 63579568 63590019,14,-0.2101558446636764,0.4708271268440669
NC_047562.1,29973713,NC_047562.1 29972875 29976433,9,0.21013317966300404,0.4708760791758322
NC_047561.1,8688852,NC_047561.1 8682706 8734273,8,0.21009047231413958,0.47096832600910066
NC_047564.1,16703168,NC_047564.1 16684948 16736210,7,0.21006659588127946,0.4710199022964421
NC_047568.1,10891465,NC_047568.1 10866110 10904984,5,-0.21001895087150335,0.4711228299762652
NC_047566.1,23929178,NC_047566.1 23920113 23932583,4,0.21000538700202784,0.4711521340209951
NC_047568.1,53328811,NC_047568.1 53328077 53374145,16,-0.20996414355474943,0.4712412437391341
NC_047565.1,45451535,NC_047565.1 45449962 45452135,3,-0.2099614772888361,0.4712470046945838
NC_047562.1,47015659,NC_047562.1 46998687 47019971,14,-0.20996003581164271,0.47125011928391003
NC_047563.1,20089629,NC_047563.1 20034492 20095236,9,-0.20986530308825396,0.47145482921001913
NC_047559.1,15412086,NC_047559.1 15404102 15414223,10,0.20985306106484164,0.4714812863617125
NC_047564.1,14190181,NC_047564.1 14185899 14193053,3,0.20980418337300552,0.47158692668062363
NC_047568.1,19303663,NC_047568.1 19286938 19366463,6,0.2097374908528117,0.4717310888199171
NC_047563.1,9351927,NC_047563.1 9351892 9353547,9,-0.20965699008632555,0.4719051268767619
NC_047565.1,61952623,NC_047565.1 61945971 61963176,13,0.20964236616568002,0.4719367462556444
NC_047565.1,53454034,NC_047565.1 53450748 53469242,9,0.2096189023961973,0.4719874809947827
NC_047563.1,46316976,NC_047563.1 46304081 46320656,9,0.2095996524097698,0.47202910639405116
NC_047564.1,59303948,NC_047564.1 59296649 59304478,16,-0.2095171039181683,0.4722076258617771
NC_047566.1,37516232,NC_047566.1 37516127 37548379,3,0.20948723699025892,0.4722722240730103
NW_022994778.1,754376,NW_022994778.1 729747 759992,6,0.20943361617467335,0.47238820940606685
NC_047566.1,23705382,NC_047566.1 23680848 23734191,3,0.20942576235239574,0.4724051988815078
NW_022994945.1,225638,NW_022994945.1 190480 232078,3,-0.20940549784328233,0.4724490366422308
NC_047568.1,2418243,NC_047568.1 2415753 2421687,10,0.20939747815673312,0.4724663859886804
NC_047561.1,5444293,NC_047561.1 5443907 5458161,6,-0.20938238176993096,0.4724990455038285
NC_047568.1,27964787,NC_047568.1 27962907 27980876,11,-0.20936751466127512,0.472531210053977
NC_047563.1,329514,NC_047563.1 191191 650035,5,-0.2093535081972196,0.472561513582901
NC_047568.1,19237091,NC_047568.1 19216849 19247977,11,0.20934642243506352,0.47257684425849633
NC_047568.1,12361785,NC_047568.1 12361773 12366324,17,-0.20934022425383952,0.47259025476894867
NC_047563.1,5246395,NC_047563.1 5241130 5247192,8,-0.20928547945055426,0.47270870963587774
NC_047561.1,5167097,NC_047561.1 5162322 5167369,4,-0.2092196569870956,0.4728511527446124
NC_047567.1,4213839,NC_047567.1 4210551 4214059,3,0.20916130489239623,0.47297744675653464
NC_047560.1,50504621,NC_047560.1 50496462 50541845,9,0.20914028393945405,0.47302294728182426
NC_047561.1,52562846,NC_047561.1 52561064 52565706,10,-0.20910810134227698,0.47309261159608695
NC_047560.1,31847816,NC_047560.1 31847325 31849119,3,-0.20906468027900552,0.4731866111147791
NC_047561.1,49759395,NC_047561.1 49755947 49761167,16,0.2089659892194273,0.4734002943479936
NW_022994852.1,173840,NW_022994852.1 170325 177031,10,-0.20894081476514548,0.47345480877835244
NC_047559.1,3817181,NC_047559.1 3810845 3817983,5,0.20892494380931034,0.4734891783381373
NC_047561.1,8070875,NC_047561.1 8067637 8073241,16,0.20889621999787827,0.47355138460053536
NC_047565.1,56599537,NC_047565.1 56598339 56612351,10,-0.20885056056405232,0.47365027584513386
NC_047560.1,33073626,NC_047560.1 33042787 33217066,3,-0.20878767492174383,0.4737864925255203
NC_047565.1,18689155,NC_047565.1 18688187 18690517,10,-0.20876724949914907,0.4738307400865911
NC_047566.1,9764759,NC_047566.1 9763893 9765970,3,0.20870713632680413,0.47396097460438813
NC_047562.1,16984757,NC_047562.1 16932800 17038841,5,0.20869753968208,0.4739817672097094
NC_047562.1,27694764,NC_047562.1 27692967 27695214,5,0.2086521933543489,0.47408002288545736
NC_047568.1,31813529,NC_047568.1 31812760 31819678,4,0.20863506602039544,0.4741171366395249
NC_047566.1,38613919,NC_047566.1 38585128 38620278,15,0.20855331360010604,0.47429430761226044
NC_047566.1,51198998,NC_047566.1 51195374 51206868,5,0.20847979547209441,0.47445366048836446
NC_047559.1,31737088,NC_047559.1 31731414 31757929,7,0.20842705239604373,0.4745679985116571
NC_047568.1,56461277,NC_047568.1 56452179 56464082,4,-0.2084231313274767,0.4745764992465875
NC_047562.1,22411042,NC_047562.1 22357516 22612185,3,-0.2083837927346407,0.47466178791324654
NC_047563.1,8595378,NC_047563.1 8539299 8599653,7,0.208351631860166,0.47473152024307197
NC_047566.1,47126398,NC_047566.1 47125247 47158567,14,-0.2083391328824603,0.47475862228065
NW_022994897.1,478778,NW_022994897.1 465521 523306,5,-0.20823882222039997,0.47497615665360515
NC_047568.1,36887440,NC_047568.1 36885814 36887553,4,-0.20823135570626158,0.4749923504858865
NC_047562.1,364799,NC_047562.1 353895 376512,6,0.20819745481222432,0.4750658801274408
NC_047567.1,28013375,NC_047567.1 28007867 28013436,7,0.2081340115876937,0.4752035004419587
NC_047559.1,9840529,NC_047559.1 9837203 9852186,7,-0.2081218082672849,0.47522997392306177
NC_047559.1,613882,NC_047559.1 596479 618239,8,-0.2080464309358774,0.4753935105983621
NC_047560.1,70827425,NC_047560.1 70388123 71110591,5,-0.20785067846553526,0.47581833520371764
NC_047568.1,7006981,NC_047568.1 7003684 7052183,9,-0.207799124218103,0.4759302489796655
NC_047567.1,24113404,NC_047567.1 24081705 24123476,5,0.20771305153025307,0.47611712318680754
NC_047566.1,24138850,NC_047566.1 24124417 24142507,17,-0.2076292606028052,0.4762990769600297
NC_047559.1,10113113,NC_047559.1 10106809 10121309,3,-0.20762713786587714,0.476303686957947
NC_047559.1,43493984,NC_047559.1 43492741 43499503,5,0.20762071037989457,0.4763176458105308
NW_022994867.1,110882,NW_022994867.1 105986 111390,5,-0.20762048095982813,0.47631814405572703
NC_047566.1,45870532,NC_047566.1 45829944 45885395,14,0.20761266992283225,0.47633510789707256
NC_047559.1,50271899,NC_047559.1 50265501 50288721,5,-0.2075421062500009,0.47648836958567553
NC_047568.1,27769572,NC_047568.1 27768593 27770394,7,-0.20747128524365546,0.476642213778801
NC_047559.1,5027283,NC_047559.1 5022296 5033938,3,0.20746517879770593,0.4766554798936209
NC_047564.1,25865385,NC_047564.1 25847505 25884064,6,-0.20743904016797532,0.47671226745650264
NC_047562.1,19756413,NC_047562.1 19754114 19756845,8,0.20735261008723693,0.47690006431112586
NC_047559.1,39092997,NC_047559.1 39087595 39118950,4,0.20729716746598462,0.47702054956667894
NC_047561.1,22185830,NC_047561.1 22153614 22188345,6,0.2072720101606871,0.4770752249933138
NW_022994939.1,11198,NW_022994939.1 9705 14996,10,-0.20726527854692756,0.4770898555970331
NC_047561.1,36442282,NC_047561.1 36419703 36464017,7,-0.207203027248191,0.47722516373334767
NC_047560.1,70703046,NC_047560.1 70388123 71110591,4,0.20707277121044518,0.4775083445636492
NC_047559.1,52738114,NC_047559.1 52712488 52750617,11,-0.20706002650094946,0.47753605626065665
NC_047568.1,8427477,NC_047568.1 8427244 8438204,9,0.2070092401871244,0.47764649201861686
NC_047561.1,53994025,NC_047561.1 53963762 53999400,10,0.2069895969224196,0.4776892099064942
NC_047563.1,48708144,NC_047563.1 48665644 48719501,17,-0.20698012083516212,0.4777098180480106
NC_047565.1,4321299,NC_047565.1 4315099 4321992,13,-0.20690938487883206,0.4778636645647273
NC_047565.1,30688771,NC_047565.1 30665007 30702504,15,0.20687864468368708,0.47793053000270946
NC_047566.1,28671005,NC_047566.1 28669548 28686763,10,0.2067998621985283,0.47810191631999277
NC_047561.1,32197301,NC_047561.1 32195960 32208343,7,0.20677176931259483,0.4781630376742132
NC_047562.1,42160178,NC_047562.1 42120717 42192630,4,-0.20675358728717533,0.478202598065504
NC_047559.1,46532461,NC_047559.1 46531995 46533746,10,0.206713993178166,0.4782887521732365
NC_047561.1,39635895,NC_047561.1 39635803 39639680,7,-0.20665241469816314,0.4784227574248089
NC_047562.1,36639038,NC_047562.1 36637892 36640767,3,-0.20646290804958278,0.4788352678982045
NC_047565.1,42581473,NC_047565.1 42580095 42586523,8,-0.20644353766122597,0.4788774420830949
NC_047565.1,24452295,NC_047565.1 24451837 24452809,5,-0.20632002585281434,0.47914639963475936
NC_047564.1,21986101,NC_047564.1 21968475 21988459,15,-0.20628289471087521,0.47922726987794595
NC_047562.1,26806242,NC_047562.1 26800610 26811585,8,-0.20626267108670898,0.47927131889918984
NC_047563.1,67519146,NC_047563.1 67505289 67525234,3,0.20611649035816001,0.4795897718129726
NC_047560.1,70780878,NC_047560.1 70595196 71158665,6,0.2060285851605286,0.4797813204603558
NC_047564.1,21397323,NC_047564.1 21369543 21426265,14,0.20599078415835598,0.47986370137048373
NC_047565.1,48190465,NC_047565.1 48176738 48195530,8,-0.2059468725602692,0.4799594077051581
NC_047562.1,50432171,NC_047562.1 50415953 50453033,7,-0.20593266065176458,0.4799903848217286
NC_047560.1,5838029,NC_047560.1 5837548 5838564,3,-0.20589390347261502,0.48007486707374847
NC_047559.1,35369796,NC_047559.1 35363562 35370191,13,0.2058281988895195,0.4802181049111234
NC_047561.1,12516950,NC_047561.1 12460797 12526039,16,0.20582458548262486,0.48022598282657913
NC_047563.1,69777362,NC_047563.1 69777191 69836127,8,0.20577620635875704,0.4803314644268596
NC_047565.1,48280530,NC_047565.1 48241763 48281629,16,0.20575347011295422,0.4803810403317521
NC_047564.1,4051813,NC_047564.1 4044549 4061191,9,-0.20567322773165392,0.48055602650825635
NC_047567.1,5661844,NC_047567.1 5629969 5721745,12,0.20566233000856513,0.4805797937185369
NC_047560.1,1607635,NC_047560.1 1589441 1660249,5,-0.20550532965609652,0.480922262779371
NC_047568.1,8420906,NC_047568.1 8385204 8422169,6,-0.20544108461017402,0.48106243548573424
NC_047560.1,51427015,NC_047560.1 51426322 51429714,12,-0.20541671276404275,0.48111561612085973
NC_047560.1,70766106,NC_047560.1 70595196 71158665,4,-0.20523647696528335,0.4815089862800037
NC_047565.1,48178633,NC_047565.1 48176738 48195530,5,-0.2052273694360245,0.48152886777551485
NC_047560.1,14020942,NC_047560.1 14018613 14022286,3,0.2052205430628825,0.48154376982191716
NC_047563.1,35021870,NC_047563.1 34931237 35047717,8,0.20520259401416396,0.48158295382931127
NC_047564.1,49098113,NC_047564.1 49097842 49100777,4,-0.20519345115057935,0.4816029139083239
NC_047564.1,25239059,NC_047564.1 25237198 25241312,8,0.2050539334111714,0.481907548055734
NC_047566.1,51185295,NC_047566.1 51178404 51192027,5,0.2050469643934128,0.4819227671506948
NC_047564.1,4330928,NC_047564.1 4330664 4341129,3,0.20502787524887695,0.481964455608885
NC_047562.1,19740521,NC_047562.1 19735318 19740769,13,-0.20500677571760362,0.4820105364982348
NC_047565.1,21566813,NC_047565.1 21562057 21614393,7,-0.2050012908867242,0.4820225155830453
NC_047565.1,16556510,NC_047565.1 16550495 16566455,16,0.2048596694472026,0.48233187101502284
NC_047565.1,22791973,NC_047565.1 22784539 22794654,17,0.20480381721311283,0.4824538994376685
NC_047564.1,23104585,NC_047564.1 23100681 23106214,6,-0.20480084792472258,0.48246038727773233
NC_047559.1,15498062,NC_047559.1 15482684 15515373,4,-0.20478456328529407,0.4824959696451018
NW_022994982.1,97134,NW_022994982.1 95137 99898,9,-0.20475649052739234,0.48255731227068477
NC_047568.1,53415150,NC_047568.1 53414260 53421197,4,-0.20462949038132736,0.4828348700829217
NC_047566.1,4558874,NC_047566.1 4557167 4560196,11,0.20462343951966447,0.4828480960724878
NC_047568.1,49113937,NC_047568.1 49108627 49135358,3,-0.20457979405846405,0.4829435015004766
NC_047560.1,67089094,NC_047560.1 67009164 67093916,6,-0.204555796562247,0.48299596186357985
NC_047559.1,36368335,NC_047559.1 36361049 36380092,6,0.20449660243971726,0.483125376236325
NC_047562.1,46108556,NC_047562.1 46105351 46110415,5,0.2044900864791991,0.4831396228885839
NC_047568.1,22651043,NC_047568.1 22636265 22660430,4,-0.20448274074707626,0.4831556840109329
NC_047560.1,17003520,NC_047560.1 17001621 17008177,5,-0.2044435105710768,0.48324146333950324
NC_047564.1,35058736,NC_047564.1 35058452 35059665,15,0.20440418163165455,0.4833274658280573
NC_047559.1,17654069,NC_047559.1 17652666 17660435,14,0.204403659706715,0.4833286071950085
NC_047561.1,35434475,NC_047561.1 35429440 35434908,5,-0.2042932045928542,0.4835701835743722
NC_047566.1,7709912,NC_047566.1 7674237 7715471,8,-0.20421511085706312,0.4837410167169388
NW_022994916.1,12760,NW_022994916.1 8180 17065,4,-0.20420598889157973,0.4837609732326791
NC_047568.1,5443562,NC_047568.1 5438882 5444328,7,0.2041768005673866,0.48382483238982965
NC_047563.1,14684109,NC_047563.1 14683727 14685660,4,0.20414448597828946,0.48389553592240464
NC_047563.1,15571526,NC_047563.1 15570810 15578312,9,-0.2040524535962678,0.4840969271975981
NC_047561.1,3602367,NC_047561.1 3598156 3606753,15,-0.20394480907166626,0.48433253206072624
NC_047562.1,7666999,NC_047562.1 7567583 7667859,9,-0.20382737528029,0.4845896245512261
NC_047560.1,4618892,NC_047560.1 4387457 4700231,5,-0.20380555593420002,0.48463739973382225
NC_047568.1,42379296,NC_047568.1 42366137 42402817,7,0.20374981686134688,0.48475945490238204
NW_022994951.1,167685,NW_022994951.1 167268 173649,13,-0.2036684683101241,0.4849376146275701
NC_047564.1,3994025,NC_047564.1 3978680 3994253,8,0.20366265681165413,0.4849503434450648
NC_047566.1,17142476,NC_047566.1 17130718 17145903,6,-0.2036151190336914,0.4850544704610038
NC_047559.1,31618209,NC_047559.1 31615571 31635363,16,0.20359813031012128,0.48509168520708335
NC_047561.1,44331854,NC_047561.1 44330068 44333425,4,-0.20351109751027244,0.48528235646747564
NC_047568.1,42477113,NC_047568.1 42473842 42482463,3,0.2035014485330921,0.4853034975946491
NC_047568.1,29255099,NC_047568.1 29237781 29258344,4,0.2034864386639564,0.48533638541811475
NC_047568.1,32556560,NC_047568.1 32551624 32557087,6,0.20339913848673363,0.48552768785690925
NW_022994987.1,73992,NW_022994987.1 69678 84161,3,0.20326413921925085,0.4858235839336761
NC_047565.1,48671715,NC_047565.1 48645805 48674574,4,-0.2031518313675038,0.4860698087263948
NC_047564.1,25096162,NC_047564.1 25095179 25147200,8,-0.20311850171922763,0.48614289223881946
NC_047561.1,8070858,NC_047561.1 8067637 8073241,9,0.20305828766665437,0.48627493955262857
NC_047565.1,9891612,NC_047565.1 9889780 9899755,3,-0.20297456652540757,0.48645856507589136
NC_047560.1,68443203,NC_047560.1 68440911 68443272,9,-0.20288077931800477,0.48666430714779474
NC_047564.1,38682713,NC_047564.1 38609653 38683906,12,-0.2028796813248277,0.48666671606985346
NC_047561.1,57303346,NC_047561.1 57298286 57319025,14,-0.20287210078754392,0.4866833474037461
NC_047559.1,37539646,NC_047559.1 37519271 37542681,8,0.2027584900816083,0.4869326357769751
NW_022994865.1,1943843,NW_022994865.1 1939974 1946557,3,-0.20271310173080612,0.4870322451444149
NC_047561.1,10910836,NC_047561.1 10908263 10914281,7,0.20263022412222945,0.48721415317300765
NC_047565.1,59300896,NC_047565.1 59299118 59320803,11,0.2025362713667459,0.48742040856668933
NC_047562.1,32932906,NC_047562.1 32898252 32939854,5,0.20250029521549814,0.4874993981978426
NC_047559.1,47890374,NC_047559.1 47888495 47897901,4,0.20241327483527535,0.48769048590725783
NC_047565.1,21926600,NC_047565.1 21921447 21935319,4,-0.20241214806630298,0.48769296040500043
NC_047564.1,28710320,NC_047564.1 28634556 28742989,3,0.2023571742045342,0.48781369566948496
NC_047563.1,29073841,NC_047563.1 29072338 29076327,14,-0.20235071693981047,0.4878278782295439
NC_047567.1,29600315,NC_047567.1 29556921 29605643,5,-0.202267821920981,0.4880099637480333
NC_047563.1,7646636,NC_047563.1 7634518 7664446,4,0.2022629876659038,0.4880205835572734
NC_047560.1,54353971,NC_047560.1 54124262 54502908,4,-0.20212977275230348,0.48831327040463846
NC_047564.1,13464779,NC_047564.1 13456615 13478904,9,-0.2020568315596292,0.48847356451629886
NC_047560.1,71935167,NC_047560.1 71921522 71989278,9,-0.20203718755283717,0.48851673800459805
NC_047561.1,3721241,NC_047561.1 3696117 3751773,3,-0.20201168455892038,0.4885727910071467
NC_047559.1,14782228,NC_047559.1 14781733 14783246,4,-0.20194430825217413,0.48872089180163125
NC_047568.1,2638916,NC_047568.1 2634773 2652577,9,0.2018591620631943,0.4889080828715343
NC_047568.1,48105941,NC_047568.1 48103708 48119402,5,-0.20179344706160598,0.4890525780558328
NC_047564.1,9192013,NC_047564.1 9191319 9193758,3,0.20177053559070157,0.48910296085687877
NC_047564.1,30321137,NC_047564.1 30320626 30357270,3,-0.20171129543438052,0.4892332424474293
NC_047560.1,9973090,NC_047560.1 9893931 10130683,9,0.20162259434234736,0.48942834518705236
NC_047564.1,47356098,NC_047564.1 47342738 47359448,4,-0.20155245996290536,0.48958263521216816
NC_047565.1,61113869,NC_047565.1 61112305 61118081,13,-0.2015333252686248,0.48962473395690365
NC_047564.1,55094119,NC_047564.1 55088931 55106595,4,-0.2013203079287041,0.49009351327075423
NC_047565.1,37586331,NC_047565.1 37572757 37610817,6,-0.20130710583891148,0.49012257351562427
NC_047565.1,5411518,NC_047565.1 5255329 5422969,3,0.2013068047324181,0.49012323631617505
NC_047568.1,31125542,NC_047568.1 31119197 31139849,5,-0.2012859460012612,0.49016915191640387
NC_047562.1,27974999,NC_047562.1 27955005 27999613,14,-0.20121259766638896,0.4903306270119643
NC_047567.1,22790469,NC_047567.1 22779818 22790646,3,-0.2012057770184635,0.490345643813234
NC_047559.1,54216021,NC_047559.1 54209081 54216962,9,-0.20116685930265868,0.49043133180591036
NC_047564.1,8024697,NC_047564.1 8012269 8046935,3,0.20115126982670634,0.49046565826121824
NC_047564.1,1868952,NC_047564.1 1867655 1878571,12,-0.20108208414195533,0.4906180117042672
NW_022994987.1,23426,NW_022994987.1 8603 36524,12,0.20105466501530314,0.4906783973353863
NC_047568.1,36518132,NC_047568.1 36516734 36519327,6,0.20102547625909356,0.49074268406551924
NC_047566.1,28566755,NC_047566.1 28537573 28574202,7,-0.20101683096573453,0.49076172563287734
NC_047568.1,10893771,NC_047568.1 10866110 10904984,9,-0.20093124913496713,0.49095024127354103
NC_047565.1,23977608,NC_047565.1 23972826 23982785,17,0.20088431518270566,0.49105363952583936
NC_047561.1,5023282,NC_047561.1 5008667 5025381,15,0.20084892980282626,0.4911316023123009
NC_047561.1,24041364,NC_047561.1 24040442 24041440,10,0.20083432308045385,0.4911637862357078
NC_047559.1,9290324,NC_047559.1 9289560 9302692,4,0.20082311188280474,0.4911884892501883
NC_047566.1,11384746,NC_047566.1 11378826 11389532,8,0.20073340711086635,0.4913861677067255
NC_047566.1,25227442,NC_047566.1 25223632 25233402,17,-0.2007261766237665,0.4914021028283808
NC_047565.1,9090076,NC_047565.1 9077882 9093520,15,0.2007240008709428,0.49140689797240245
NC_047559.1,6409491,NC_047559.1 6405313 6415134,4,0.20069630450682904,0.4914679399262589
NC_047567.1,1925772,NC_047567.1 1645006 2210384,3,-0.20068910030951123,0.49148381834000643
NC_047559.1,54421802,NC_047559.1 54420804 54433448,5,-0.20062125135091352,0.4916333725964046
NC_047565.1,46735079,NC_047565.1 46724952 46744846,9,-0.200609442330743,0.4916594044814129
NC_047568.1,13555073,NC_047568.1 13508162 13570381,7,0.2005434537430066,0.49180488200332195
NC_047566.1,53609421,NC_047566.1 53598488 53610503,5,-0.20053885217947603,0.49181502729446536
NC_047562.1,23458877,NC_047562.1 23457307 23464088,11,-0.20053042532247134,0.49183360664924425
NC_047561.1,2620488,NC_047561.1 2619603 2623761,4,-0.2005284883232302,0.49183787735013884
NC_047562.1,31886348,NC_047562.1 31876591 31899980,3,-0.20048808807883553,0.49192695585198387
NC_047567.1,34839972,NC_047567.1 34839566 34841272,9,0.20045229041104587,0.49200589241411785
NC_047559.1,9445429,NC_047559.1 9441756 9445880,3,-0.20035820773814034,0.4922133799518199
NC_047566.1,24303455,NC_047566.1 24297809 24404515,10,-0.2003418915472242,0.4922493674117683
NC_047561.1,34942080,NC_047561.1 34940349 34942956,4,0.20018746141198987,0.49259004364565195
NC_047567.1,11212530,NC_047567.1 11209046 11221740,13,0.2001403907799783,0.4926939043063181
NC_047565.1,28816437,NC_047565.1 28815008 28817281,3,-0.20012687703672258,0.4927237240664033
NC_047559.1,31876358,NC_047559.1 31850203 31884767,6,0.200114460733041,0.49275112292973866
NC_047561.1,35095809,NC_047561.1 35093397 35096744,15,-0.20010811344635035,0.49276512966204267
NC_047561.1,29317139,NC_047561.1 29311193 29322862,9,-0.20010117367266742,0.4927804440637903
NC_047561.1,53732727,NC_047561.1 53731498 53744761,13,-0.20002846098094285,0.4929409167047545
NC_047560.1,67089094,NC_047560.1 66884921 67480608,6,-0.2000224783994497,0.492954120993466
NC_047560.1,51433904,NC_047560.1 51429988 51443345,3,-0.2000039662495466,0.4929949806140076
NC_047562.1,9789415,NC_047562.1 9782623 9792069,3,-0.19999774951604554,0.49300870240843686
NC_047568.1,32970724,NC_047568.1 32952982 32970820,9,0.1998861817639492,0.4932549889134812
NC_047561.1,25847883,NC_047561.1 25842013 25893455,13,0.1998815492580878,0.49326521643625254
NC_047568.1,46455615,NC_047568.1 46454351 46456571,3,-0.19981917222985948,0.4934029403799015
NC_047561.1,49107649,NC_047561.1 49106052 49107919,8,0.1996820051956859,0.49370585810771506
NC_047568.1,24210464,NC_047568.1 24210063 24213143,11,-0.19968176682074493,0.49370638460678484
NC_047568.1,44887901,NC_047568.1 44885821 44910779,8,0.19966267646606262,0.4937485503476926
NC_047561.1,4523169,NC_047561.1 4521279 4558257,10,-0.19958703649641013,0.4939156362688546
NC_047561.1,54046756,NC_047561.1 54038294 54051356,5,-0.1995626676421912,0.49396947177083206
NC_047564.1,36524660,NC_047564.1 36522662 36526123,8,-0.19955160644082298,0.493993908999139
NC_047565.1,19812065,NC_047565.1 19810974 19830823,5,0.19953661253054528,0.49402703555718874
NC_047561.1,44590708,NC_047561.1 44583826 44598317,10,0.19948699499645917,0.49413666462903805
NC_047568.1,49038042,NC_047568.1 49017715 49042658,7,0.1994798685473674,0.4941524113216035
NC_047565.1,11954531,NC_047565.1 11950991 11962310,3,0.19947089999154147,0.4941722286879523
NC_047565.1,16393961,NC_047565.1 16390633 16397409,4,0.19946616002732154,0.4941827024974228
NC_047568.1,46750938,NC_047568.1 46749924 46760491,13,0.1994354493995734,0.49425056569053427
NC_047566.1,38158080,NC_047566.1 38156715 38169974,14,-0.19937499439019385,0.49438416954992115
NC_047561.1,5957799,NC_047561.1 5952973 5960090,9,0.19933205226176567,0.4944790806257364
NC_047562.1,2926816,NC_047562.1 2925615 2952797,7,0.1992811226463351,0.49459165668421246
NC_047563.1,39416605,NC_047563.1 39258392 39460768,3,-0.1991938915987198,0.49478450195189017
NC_047562.1,30745530,NC_047562.1 30744200 30750953,17,0.19916945926502422,0.4948385217739356
NC_047566.1,4564002,NC_047566.1 4559970 4583586,3,0.19916613212289985,0.4948458782877152
NC_047559.1,34171697,NC_047559.1 34171644 34176107,5,-0.19914570323684733,0.49489104891109936
NC_047566.1,23929102,NC_047566.1 23920113 23932583,3,-0.1990360547298105,0.49513352710350045
NC_047568.1,5047447,NC_047568.1 5045322 5051847,4,0.19902981640733808,0.4951473242712645
NW_022994922.1,78284,NW_022994922.1 70949 82299,4,0.19901905626621694,0.4951711226702409
NC_047568.1,10927512,NC_047568.1 10912387 10932018,9,-0.19901340151220678,0.49518362960480755
NW_022994774.1,832274,NW_022994774.1 830220 834155,3,0.1989782157469026,0.495261455215688
NC_047568.1,12812025,NC_047568.1 12799211 12824651,8,-0.19892692759053182,0.4953749070513682
NW_022994899.1,110606,NW_022994899.1 110278 135244,4,0.19892493442330392,0.49537931627516796
NC_047562.1,17272209,NC_047562.1 17249734 17272539,8,-0.19891333487895638,0.49540497679488404
NC_047562.1,6930743,NC_047562.1 6872449 6974232,11,0.1988783551279883,0.49548236275568236
NC_047565.1,19858694,NC_047565.1 19857047 19869927,12,-0.19885871374335903,0.49552581799307027
NC_047565.1,5587134,NC_047565.1 5586350 5587791,13,-0.19870872201721576,0.4958577228284169
NC_047567.1,5840121,NC_047567.1 5838039 5841072,3,-0.19867074961943273,0.4959417652876982
NC_047568.1,52982624,NC_047568.1 52976090 52997958,13,-0.19864035752438233,0.49600903538793095
NC_047561.1,16880633,NC_047561.1 16844984 16880835,8,-0.19859604859963792,0.4961071166829826
NC_047562.1,7290067,NC_047562.1 7264994 7303325,3,0.19854763405049297,0.4962142963739764
NC_047559.1,44528665,NC_047559.1 44522870 44530348,7,0.19854371852647287,0.49622296499447505
NC_047565.1,7686969,NC_047565.1 7685237 7711057,16,0.19843650415450406,0.4964603552966689
NC_047565.1,55744227,NC_047565.1 55741038 55760777,7,-0.19842513992794028,0.49648552065096674
NC_047559.1,12314130,NC_047559.1 12285619 12320498,3,-0.19840545140774724,0.49652912102039415
NC_047559.1,12054471,NC_047559.1 12051097 12060387,6,0.19833284128512987,0.49668993198422806
NC_047560.1,51215446,NC_047560.1 50935047 51246957,3,-0.1983171707642716,0.49672464093594837
NC_047559.1,8917980,NC_047559.1 8912667 8929437,4,0.19830478551718206,0.4967520740631637
NC_047565.1,24160712,NC_047565.1 24152820 24162125,9,0.19827529644361475,0.4968173947195643
NC_047560.1,44786038,NC_047560.1 44777283 44792637,4,0.19825624181023704,0.49685960437088217
NC_047559.1,48340819,NC_047559.1 48338103 48341950,4,0.19825103982464304,0.4968711280506939
NC_047560.1,19281027,NC_047560.1 19248450 19281458,3,0.1981933461371391,0.4969989420773776
NC_047560.1,6906674,NC_047560.1 6894723 6908624,3,-0.1981584310909799,0.4970762999160139
NC_047565.1,60306934,NC_047565.1 60306728 60350613,7,-0.19798069970256124,0.4974701682430367
NC_047565.1,8321809,NC_047565.1 8304881 8331386,6,0.19794707547871157,0.49754469870037565
NC_047564.1,43652037,NC_047564.1 43650865 43661789,4,-0.19778780655126754,0.4978977996204804
NC_047565.1,48237755,NC_047565.1 48235710 48240469,7,-0.19776463161144917,0.49794918836118207
NC_047564.1,56220847,NC_047564.1 56201682 56229705,14,0.19773460698839193,0.49801576942036563
NC_047563.1,15503990,NC_047563.1 15492112 15517798,5,0.1975060777781911,0.49852267882723944
NC_047565.1,8035976,NC_047565.1 8035315 8055602,14,0.19747325901872012,0.4985954949360464
NC_047561.1,9220498,NC_047561.1 9210972 9222879,6,0.19746746446174426,0.49860835202871057
NC_047564.1,40701679,NC_047564.1 40697258 40701895,6,0.19742806080719913,0.4986957857988309
NC_047561.1,39468493,NC_047561.1 39464092 39474663,13,0.19742305107381378,0.4987069025306795
NC_047559.1,44528665,NC_047559.1 44519510 44528889,7,-0.19739084664780626,0.4987783677415083
NC_047562.1,35133917,NC_047562.1 35084380 35143879,4,-0.19730317277554077,0.4989729497877854
NC_047566.1,7705542,NC_047566.1 7674237 7715471,3,-0.19727011420122756,0.4990463285741602
NC_047566.1,32933300,NC_047566.1 32931500 32934317,8,-0.19725616921678238,0.49907728318790845
NC_047565.1,19838546,NC_047565.1 19837525 19838840,11,0.19708257737398086,0.49946269074625826
NC_047564.1,36344548,NC_047564.1 36343738 36355442,3,-0.19703479838730667,0.4995687934462276
NC_047560.1,9942128,NC_047560.1 9893931 10130683,4,-0.1969659933066731,0.49972160700960444
NC_047565.1,53483992,NC_047565.1 53479018 53503434,9,-0.19690510406026795,0.4998568577666075
NC_047564.1,2040755,NC_047564.1 2016819 2060477,9,0.19688505677154658,0.49990139166924363
NC_047564.1,56207537,NC_047564.1 56201682 56229705,11,-0.19688320000509305,0.49990551646200776
NC_047562.1,27962262,NC_047562.1 27955005 27999613,5,-0.1967317968830304,0.5002419101448452
NC_047564.1,13903370,NC_047564.1 13900611 13928073,7,-0.19672725662485063,0.5002519994874117
NC_047568.1,36470788,NC_047568.1 36440064 36488468,12,-0.19664083870530075,0.5004440548952183
NC_047564.1,50370518,NC_047564.1 50369868 50373179,13,0.19663470388230142,0.5004576902325222
NC_047565.1,23510488,NC_047565.1 23509828 23512183,14,0.19659765727734818,0.5005400341342485
NC_047568.1,26214978,NC_047568.1 26208222 26229854,11,0.1964526328344935,0.5008624415857345
NC_047568.1,44665994,NC_047568.1 44640712 44674764,3,-0.1964383996353385,0.5008940889154461
NC_047561.1,3292156,NC_047561.1 3291373 3294159,3,-0.1964087592867382,0.5009599967917535
NC_047566.1,29575680,NC_047566.1 29571126 29577760,4,-0.19639927061793017,0.5009810965100849
NW_022994919.1,170441,NW_022994919.1 164601 172725,5,-0.19639810426441526,0.5009836901297982
NC_047561.1,18125401,NC_047561.1 18123367 18129816,8,-0.1963387476209535,0.5011156896262632
NC_047559.1,5347061,NC_047559.1 5320973 5359020,5,0.19628721191866785,0.5012303096023438
NW_022994856.1,139952,NW_022994856.1 138763 142167,11,0.19624482870938278,0.5013245826592145
NC_047564.1,41708139,NC_047564.1 41703817 41715426,4,0.196243798696127,0.5013268738212652
NC_047559.1,20738692,NC_047559.1 20734037 20743392,7,0.19619612394298816,0.5014329268390143
NC_047568.1,37931248,NC_047568.1 37925767 37954381,5,-0.19616115358860786,0.5015107253404011
NC_047568.1,31646723,NC_047568.1 31628610 31659772,9,0.19607060922773947,0.501712185050193
NC_047565.1,54953543,NC_047565.1 54942794 54994945,9,-0.19598613004220425,0.5019001833895871
NC_047561.1,51697822,NC_047561.1 51683213 51720877,14,-0.19592313076871865,0.5020404018225225
NC_047564.1,39241454,NC_047564.1 39235179 39246973,7,-0.19591609924047804,0.5020560531176088
NC_047562.1,7420733,NC_047562.1 7418302 7429037,4,-0.19589242853684372,0.5021087427665185
NC_047566.1,23521642,NC_047566.1 23512164 23534707,6,0.19584430581761042,0.5022158690536347
NW_022994982.1,144382,NW_022994982.1 137735 147172,8,0.1958173947843235,0.502275780451152
NC_047567.1,15688227,NC_047567.1 15673158 15697866,17,0.19580941452598125,0.5022935473428866
NC_047561.1,49430316,NC_047561.1 49427134 49443948,6,-0.19576213940797657,0.5023988044806227
NC_047567.1,10669964,NC_047567.1 10658662 10703573,5,-0.19574161416570415,0.5024445066902294
NC_047568.1,12482916,NC_047568.1 12482264 12484560,9,0.19561590612580265,0.502724454182554
NC_047568.1,42461229,NC_047568.1 42452804 42464115,3,-0.19557623721926176,0.5028128103378355
NC_047566.1,50199271,NC_047566.1 50152059 50204238,7,0.1955712109133006,0.5028240061406104
NC_047567.1,30968502,NC_047567.1 30934340 31071743,3,0.1955647513912958,0.5028383945163888
NC_047559.1,42769305,NC_047559.1 42759642 42771073,4,0.19538995170871507,0.5032278268812711
NC_047568.1,31009766,NC_047568.1 31007367 31013352,16,0.19526634812488544,0.5035032840693165
NC_047565.1,48257502,NC_047565.1 48241763 48281629,5,-0.19514665173405799,0.5037700997535687
NC_047566.1,52845795,NC_047566.1 52844175 52848956,11,-0.1951059946751643,0.503860743304128
NC_047559.1,45996380,NC_047559.1 45993543 45999282,3,-0.19507200971706187,0.5039365173652453
NC_047564.1,28850754,NC_047564.1 28840283 28852377,6,-0.19506993442617337,0.5039411446761932
NC_047562.1,34655632,NC_047562.1 34652498 34657458,3,-0.1950367883315499,0.5040150537193158
NC_047568.1,54130533,NC_047568.1 54093436 54153085,15,0.19502679314572918,0.5040373419236499
NC_047564.1,40884640,NC_047564.1 40882787 40885335,5,0.19499410474174056,0.5041102367515748
NC_047562.1,14094424,NC_047562.1 14093018 14096974,6,0.19496322276555825,0.5041791076999447
NC_047564.1,16855164,NC_047564.1 16853446 16855427,6,0.19493423767079227,0.504243752269948
NC_047559.1,21613354,NC_047559.1 21612358 21620186,6,-0.1948957340539946,0.504329631580329
NC_047562.1,50422967,NC_047562.1 50415953 50453033,7,-0.19484548245656838,0.5044417239210754
NC_047559.1,25926590,NC_047559.1 25902515 25936705,11,-0.19480892169676023,0.5045232843422759
NW_022994997.1,112652,NW_022994997.1 111375 119851,17,-0.19480648678952625,0.5045287163929776
NC_047564.1,14868252,NC_047564.1 14858325 14871378,5,-0.1948060414284649,0.5045297099548213
NC_047562.1,32918874,NC_047562.1 32898252 32939854,11,0.1947754300846772,0.5045980033511417
NC_047568.1,31181017,NC_047568.1 31173727 31189639,6,-0.1947685024623513,0.5046134593480949
NC_047561.1,12869513,NC_047561.1 12868327 12887282,5,0.19471756656048111,0.504727107468129
NW_022994997.1,154945,NW_022994997.1 151322 156367,4,-0.19469207330938654,0.5047839923774942
NC_047568.1,55396289,NC_047568.1 55395711 55397501,7,0.19468830388481612,0.5047924036124245
NC_047566.1,37437717,NC_047566.1 37430331 37440466,14,0.1945697164008959,0.5050570569138636
NC_047568.1,4345806,NC_047568.1 4344053 4368145,12,0.1945417902259236,0.5051193893734283
NC_047561.1,7693219,NC_047561.1 7684083 7720506,9,-0.19450288712159186,0.5052062286923307
NW_022994810.1,11343,NW_022994810.1 1715 23271,4,-0.19445599842095068,0.5053109024963929
NC_047565.1,26112717,NC_047565.1 26110601 26116763,8,0.19431330648778208,0.5056295073705376
NC_047563.1,47498927,NC_047563.1 47493673 47501817,5,-0.19428520254451867,0.5056922691376036
NC_047560.1,24658537,NC_047560.1 24654147 24658790,11,0.19427090177983278,0.505724206993376
NC_047566.1,33204811,NC_047566.1 33185367 33222559,7,0.1942395346644913,0.5057942623092959
NC_047567.1,17148295,NC_047567.1 17141021 17190590,3,0.19419360956867157,0.5058968394205088
NC_047561.1,34916859,NC_047561.1 34913278 34918421,3,0.19413830279012484,0.5060203838352237
NC_047567.1,32924442,NC_047567.1 32923783 32925861,3,-0.19412745977012297,0.5060446066156936
NW_022994931.1,105234,NW_022994931.1 104492 106261,10,-0.19409724186532745,0.506112114744296
NC_047561.1,56438615,NC_047561.1 56426678 56448482,5,0.19407738338428113,0.5061564817050888
NC_047568.1,56414656,NC_047568.1 56413614 56415346,16,-0.1939956080540993,0.5063391993392037
NC_047565.1,9433178,NC_047565.1 9432090 9447212,17,0.19398132923333442,0.5063711068224275
NC_047562.1,33987038,NC_047562.1 33984557 33988271,6,-0.19388426025165484,0.5065880417147591
NC_047565.1,36721334,NC_047565.1 36718840 36734256,3,-0.1938733957333545,0.5066123249549803
NC_047568.1,32562399,NC_047568.1 32558416 32597938,9,-0.19379193393550423,0.5067944168152493
NC_047564.1,37899235,NC_047564.1 37851279 37912830,4,-0.193786745119358,0.5068060164073165
NC_047565.1,11622897,NC_047565.1 11612310 11622933,13,-0.19364813588698446,0.5071159220254342
NC_047567.1,8128115,NC_047567.1 8117967 8137872,13,-0.19364220343544797,0.5071291878622974
NC_047561.1,57366589,NC_047561.1 57364433 57381079,10,-0.1935717624033205,0.5072867165030372
NC_047562.1,29627278,NC_047562.1 29625371 29627512,7,-0.19354675882910996,0.5073426378460911
NC_047559.1,32935562,NC_047559.1 32915415 32979742,4,-0.19354304198705957,0.5073509509296409
NC_047567.1,5538126,NC_047567.1 5535718 5538585,10,0.1935411608531792,0.5073551582946341
NC_047565.1,44932155,NC_047565.1 44929437 44940296,4,-0.19350470975474518,0.5074366883692201
NC_047560.1,50507595,NC_047560.1 50496462 50541845,7,-0.1934540908485122,0.5075499174507647
NC_047560.1,56344731,NC_047560.1 56319079 56367422,6,0.1933206007730802,0.5078485757190145
NC_047564.1,20337125,NC_047564.1 20333294 20362176,15,-0.19329920243939136,0.5078964578066939
NC_047564.1,4117649,NC_047564.1 4113919 4173330,4,-0.19327554081679416,0.5079494067494246
NC_047568.1,30115831,NC_047568.1 30089804 30126514,5,0.19322975503649223,0.5080518713062627
NC_047563.1,40496684,NC_047563.1 40471365 40510310,3,0.19320190376804044,0.5081142046066631
NC_047565.1,52533403,NC_047565.1 52533293 52538754,15,-0.19319024623446787,0.5081402961059928
NC_047565.1,48196778,NC_047565.1 48195762 48207869,14,0.19315477169987766,0.5082196977703342
NC_047564.1,19168843,NC_047564.1 19129765 19173401,6,0.19313783198209997,0.508257615463399
NW_022994835.1,175744,NW_022994835.1 82577 319278,10,-0.1931151606603567,0.5083083647372694
NC_047563.1,10988080,NC_047563.1 10983297 10996822,12,-0.1930975219985723,0.5083478501047208
NC_047564.1,46333942,NC_047564.1 46326227 46353502,6,0.19309388876329137,0.5083559835273364
NC_047559.1,17654069,NC_047559.1 17635596 17654528,14,-0.19302333890688636,0.5085139293907093
NC_047565.1,57453412,NC_047565.1 57451805 57454145,6,-0.19297406313250334,0.508624260440361
NC_047566.1,44847856,NC_047566.1 44845872 44851842,4,0.19294364353725243,0.5086923769539413
NC_047567.1,1460391,NC_047567.1 1294829 1462686,4,-0.19292131880450492,0.5087423698391702
NC_047562.1,51601510,NC_047562.1 51600340 51621110,10,-0.19287299755265105,0.508850585682479
NC_047561.1,38934894,NC_047561.1 38924969 38937411,14,0.19283567455580775,0.5089341780133642
NC_047559.1,6580129,NC_047559.1 6577785 6589665,12,0.19281793332316205,0.5089739152503945
NC_047564.1,31840313,NC_047564.1 31838209 31847390,10,-0.19279035403543884,0.5090356908016698
NC_047565.1,35436370,NC_047565.1 35435619 35439671,13,0.1927464199436843,0.5091341069422008
NC_047559.1,25455790,NC_047559.1 25440479 25460765,3,-0.1927403973548201,0.5091475987333927
NC_047561.1,9343373,NC_047561.1 9332326 9346072,12,0.1927124491524945,0.5092102103675149
NC_047559.1,31842703,NC_047559.1 31842268 31844184,7,0.19268582674381948,0.5092698551175812
NC_047564.1,55363741,NC_047564.1 55363053 55368428,14,0.19267902942044218,0.5092850843260504
NC_047568.1,32309508,NC_047568.1 32304765 32309909,4,-0.19258180984828915,0.5095029246614367
NC_047568.1,49147018,NC_047568.1 49135910 49152796,13,-0.1925403319437258,0.5095958772825178
NC_047562.1,1891672,NC_047562.1 1891129 1900677,4,0.19246305333595318,0.5097690803909505
NC_047563.1,67471329,NC_047563.1 67436675 67482032,3,-0.19244546774774623,0.5098084983802724
NW_022994958.1,51582,NW_022994958.1 17345 94191,3,0.19228099683712072,0.5101772259840575
NW_022994966.1,332997,NW_022994966.1 313489 353544,14,-0.19216943839245915,0.5104273979789109
NC_047561.1,52748661,NC_047561.1 52742779 52749054,15,-0.19207704272921056,0.510634639228709
NC_047559.1,18256040,NC_047559.1 18247869 18256561,4,-0.1920545721836943,0.510685045895722
NC_047562.1,36557419,NC_047562.1 36547651 36559878,10,0.1919891201243831,0.5108318829793235
NC_047566.1,39609431,NC_047566.1 39549711 39612297,17,0.19193676208536797,0.5109493583443154
NC_047561.1,7305984,NC_047561.1 7303437 7313822,8,-0.19187166002941403,0.5110954444667317
NC_047561.1,36198023,NC_047561.1 36197731 36200064,5,-0.19185467960489036,0.5111335509008429
NC_047559.1,18699080,NC_047559.1 18685841 18703247,3,-0.19181694615486147,0.5112182346245631
NC_047566.1,14942073,NC_047566.1 14940035 14946116,17,-0.191669579896651,0.5115490239730166
NC_047561.1,15847115,NC_047561.1 15836960 15849866,3,0.19162602430274225,0.5116468106995364
NC_047561.1,555491,NC_047561.1 554932 577971,17,-0.19159130894409623,0.5117247562692715
NC_047565.1,57523441,NC_047565.1 57514782 57537244,11,-0.19137128988267674,0.5122188849578602
NC_047564.1,29172991,NC_047564.1 29065644 29180332,8,0.19125438637596487,0.5124815199925697
NC_047565.1,38280854,NC_047565.1 38277728 38299061,11,-0.19125429412332373,0.5124817272711248
NC_047559.1,15032691,NC_047559.1 15031428 15035056,5,-0.1912295171560949,0.5125373989643589
NC_047568.1,32810323,NC_047568.1 32807965 32812832,3,-0.191213545516099,0.5125732873034682
NC_047566.1,24414801,NC_047566.1 24412825 24415769,5,0.19120285370819712,0.512597312474384
NC_047564.1,28699721,NC_047564.1 28634556 28742989,3,-0.1911554639859306,0.5127038063250065
NC_047560.1,18814140,NC_047560.1 18809373 18841895,3,-0.19114957813925623,0.5127170336573683
NC_047559.1,47116087,NC_047559.1 47114818 47212704,16,0.1911146971685972,0.5127954252423828
NC_047568.1,17142722,NC_047568.1 17135103 17150454,4,0.19094988526395726,0.5131658972997888
NC_047562.1,19601405,NC_047562.1 19583045 19614182,5,-0.1909107768973312,0.5132538247196259
NC_047560.1,13820441,NC_047560.1 13815149 13825426,14,-0.19086204601205453,0.5133633960018174
NC_047563.1,65417466,NC_047563.1 65415009 65428027,13,0.19079900267628488,0.5135051644881529
NC_047565.1,46116649,NC_047565.1 46111010 46117359,11,0.19067906728275585,0.5137749176534885
NC_047568.1,3828894,NC_047568.1 3816447 3833324,14,-0.19057988022889769,0.5139980529790431
NC_047568.1,23839000,NC_047568.1 23837066 23849319,9,-0.19043613451920927,0.5143215069950691
NC_047567.1,8140663,NC_047567.1 8139997 8147798,17,0.19041354294882615,0.5143723504981126
NC_047563.1,43072065,NC_047563.1 43065665 43079346,8,0.19040537029784146,0.5143907440328315
NC_047564.1,38596851,NC_047564.1 38567026 38606514,3,0.19039870548060472,0.5144057442260723
NC_047568.1,3263971,NC_047568.1 3251785 3269722,6,0.190283314961075,0.5146654795930858
NC_047561.1,52674364,NC_047561.1 52665525 52676193,5,-0.1902561972467796,0.514726528114072
NC_047564.1,27746245,NC_047564.1 27740732 27765798,6,-0.19024757591219218,0.5147459375040546
NC_047561.1,53355258,NC_047561.1 53339422 53394986,8,0.19023814911720752,0.5147671606218314
NC_047561.1,26684801,NC_047561.1 26659747 26691696,4,-0.19017644920946264,0.5149060791327846
NC_047560.1,5605570,NC_047560.1 5599458 5605612,12,-0.19016680529549693,0.5149277941162413
NC_047564.1,16701944,NC_047564.1 16684948 16736210,7,-0.1901663753061678,0.5149287623231329
NC_047568.1,47288639,NC_047568.1 47284190 47290250,4,-0.19016531522786656,0.5149311493047535
NC_047561.1,57946310,NC_047561.1 57923731 57965548,8,0.19013850216764894,0.5149915260162327
NC_047563.1,19607196,NC_047563.1 19585090 19637179,7,-0.19010472974174683,0.5150675781286033
NC_047565.1,53985766,NC_047565.1 53974838 53995877,9,-0.1900100461449868,0.5152808230912854
NC_047561.1,49761044,NC_047561.1 49734890 49767198,10,0.18997441031696197,0.5153610918741799
NW_022994778.1,706653,NW_022994778.1 697207 706830,10,-0.1898656688868603,0.5156060639854134
NC_047566.1,25232529,NC_047566.1 25223632 25233402,4,-0.18978500693962178,0.5157878126881703
NC_047559.1,21661237,NC_047559.1 21636258 21684141,7,-0.18973217668526296,0.5159068662495765
NC_047567.1,20656662,NC_047567.1 20654177 20656888,3,-0.18972298787291714,0.515927574603567
NC_047568.1,53416862,NC_047568.1 53414260 53421197,3,0.18971328138528495,0.5159494500224762
NC_047568.1,18869038,NC_047568.1 18864276 18871334,14,-0.18964335724183448,0.516107049746855
NC_047568.1,3829051,NC_047568.1 3816447 3833324,8,-0.18955352580272625,0.5163095496854581
NC_047564.1,41655184,NC_047564.1 41652027 41655782,3,-0.1895062722684523,0.5164160839637575
NC_047560.1,51050821,NC_047560.1 50992354 51073373,5,-0.18949558726462473,0.516440174944777
NC_047565.1,44246141,NC_047565.1 44244564 44256175,9,0.18929414168613967,0.5168944595844838
NC_047564.1,24485329,NC_047564.1 24462653 24499946,7,0.1892365788240618,0.5170243039597677
NC_047563.1,10731559,NC_047563.1 10720000 10772863,3,-0.1891242664561096,0.5172776888636287
NC_047563.1,46804539,NC_047563.1 46782641 46805852,15,-0.18903518195219982,0.5174787097112061
NC_047567.1,31650702,NC_047567.1 31622929 31671735,4,0.18903468162008902,0.5174798388191217
NC_047559.1,43941708,NC_047559.1 43936358 43950720,4,0.18899437819099665,0.517570795885115
NC_047566.1,48818419,NC_047566.1 48815973 48825439,4,0.1889023868078657,0.517778429608792
NC_047561.1,19797624,NC_047561.1 19796514 19800293,8,0.18888994653787267,0.5178065114111674
NC_047561.1,46694028,NC_047561.1 46693183 46699094,5,-0.1888747648326697,0.517840782466296
NC_047561.1,49405512,NC_047561.1 49402613 49414750,4,-0.18883999951102198,0.5179192652530505
NC_047567.1,14762331,NC_047567.1 14759370 14765412,5,-0.18878132612852516,0.5180517326554969
NC_047568.1,29664552,NC_047568.1 29613759 29695073,3,-0.18862569383403496,0.5184031787302529
NW_022994872.1,123394,NW_022994872.1 120645 123461,3,0.1885823244944652,0.5185011336649142
NC_047566.1,32647126,NC_047566.1 32646923 32648616,14,-0.18856825835404534,0.5185329055400831
NC_047559.1,8028253,NC_047559.1 8022698 8061191,8,-0.18854595791119724,0.5185832784252473
NC_047565.1,18909029,NC_047565.1 18904566 18951392,4,-0.18847311073272663,0.5187478430417303
NC_047560.1,51215446,NC_047560.1 51212382 51223212,3,-0.18847095940116174,0.5187527033398045
NC_047568.1,16692237,NC_047568.1 16687745 16739639,4,-0.1884272614662568,0.518851430335768
NC_047562.1,36639026,NC_047562.1 36637892 36640767,3,0.18840212974865128,0.5189082143878904
NC_047559.1,16763465,NC_047559.1 16742163 16765252,6,-0.18839538275521536,0.5189234594086287
NC_047559.1,31850272,NC_047559.1 31850203 31884767,9,-0.18838714697183664,0.5189420686642655
NC_047565.1,32000686,NC_047565.1 31986596 32002112,5,-0.18837984651015263,0.5189585647536853
NC_047565.1,23898388,NC_047565.1 23879889 23899562,15,0.1883273223324583,0.5190772550757932
NC_047561.1,5339586,NC_047561.1 5329099 5340121,16,-0.1882934485886371,0.519153806958808
NC_047559.1,4954255,NC_047559.1 4952923 4974558,9,-0.18816010594467372,0.5194551995780157
NC_047568.1,4578301,NC_047568.1 4572592 4589019,12,0.1880906625201787,0.5196121926854069
NC_047564.1,31257184,NC_047564.1 31256854 31263585,3,0.18807931693048688,0.5196378440657625
NC_047566.1,50846263,NC_047566.1 50816539 50848619,6,-0.18806062333460385,0.5196801098795054
NC_047568.1,56462930,NC_047568.1 56452179 56464082,3,-0.18801060319358479,0.5197932119054889
NW_022994774.1,833220,NW_022994774.1 830220 834155,5,0.1878834596594561,0.5200807495567268
NC_047560.1,6371910,NC_047560.1 6361780 6373693,3,-0.18780521111057288,0.5202577456189718
NC_047564.1,38612500,NC_047564.1 38609653 38683906,10,0.18775643726364002,0.5203680843592111
NC_047565.1,17931934,NC_047565.1 17931207 17934253,6,0.1877017748586524,0.5204917569497718
NC_047566.1,22051414,NC_047566.1 22037979 22057962,12,-0.18767553219577185,0.5205511351193838
NC_047563.1,20305781,NC_047563.1 20294697 20355501,4,-0.1876378260276509,0.5206364565868151
NC_047563.1,19594105,NC_047563.1 19585090 19637179,4,-0.18762778555660464,0.5206591772063864
NC_047566.1,12218147,NC_047566.1 12212288 12242071,15,0.18762153259516343,0.5206733272804565
NC_047562.1,20984990,NC_047562.1 20973791 20985887,14,0.18756931448399483,0.5207915004299473
NC_047561.1,8653140,NC_047561.1 8642713 8664023,14,-0.1875581784920342,0.5208167034919371
NC_047565.1,31986910,NC_047565.1 31986596 32002112,12,0.18752392178076768,0.5208942369629437
NC_047565.1,36525640,NC_047565.1 36519529 36529094,8,-0.18749274073031455,0.5209648137558089
NC_047565.1,3422020,NC_047565.1 3409536 3439863,11,0.18748336637777932,0.5209860329834952
NC_047561.1,29555275,NC_047561.1 29554307 29555384,17,-0.18747555858847115,0.5210037065267272
NC_047565.1,28550430,NC_047565.1 28526117 28566194,7,-0.18746611051269885,0.5210250933455047
NC_047562.1,29083760,NC_047562.1 29077349 29092121,3,-0.1874496741145325,0.5210622999806762
NC_047566.1,40114180,NC_047566.1 40101469 40121361,7,-0.18739711092637582,0.5211812938394245
NC_047568.1,1704316,NC_047568.1 1694627 1707662,6,-0.1873743427544978,0.5212328407667213
NC_047568.1,5797315,NC_047568.1 5792289 5804341,16,0.18729687364122735,0.5214082471808236
NC_047568.1,30895621,NC_047568.1 30893646 30897216,7,-0.1872850643760511,0.5214349881654806
NC_047561.1,6769072,NC_047561.1 6768890 6770960,5,0.1872607579116118,0.521490029826751
NC_047560.1,70789533,NC_047560.1 70690070 71346242,3,0.1871918181242426,0.5216461571711077
NC_047559.1,50027460,NC_047559.1 49973792 50032433,6,0.18717755537738198,0.5216784604985134
NC_047565.1,45413322,NC_047565.1 45398934 45419968,6,0.18713594236375877,0.5217727138469144
NC_047566.1,2209063,NC_047566.1 2207687 2211323,4,0.1871279939388453,0.52179071787024
NC_047561.1,32118344,NC_047561.1 32082053 32132555,3,-0.18709355151785176,0.5218687368041024
NC_047560.1,70827425,NC_047560.1 70595196 71158665,5,-0.1870824355792354,0.5218939177280553
NC_047562.1,36604323,NC_047562.1 36602799 36609901,4,0.186992389407055,0.5220979192270694
NC_047564.1,39490296,NC_047564.1 39480816 39498633,8,-0.18698594282036046,0.5221125254705737
NC_047568.1,53761274,NC_047568.1 53758422 53771109,5,0.18696765643469115,0.5221539585287909
NC_047566.1,1358959,NC_047566.1 1354633 1414618,13,-0.18691743377611172,0.5222677599364762
NC_047565.1,46350815,NC_047565.1 46342799 46352264,8,0.18688622139227462,0.5223384908269324
NC_047564.1,35486630,NC_047564.1 35451206 35497571,5,-0.18687301666228756,0.5223684155672159
NC_047568.1,52276246,NC_047568.1 52275006 52289407,7,0.1866663304533443,0.5228369103847752
NC_047559.1,54952994,NC_047559.1 54950819 54972757,3,0.18659569465409032,0.5229970632272883
NC_047565.1,28099835,NC_047565.1 28095910 28111518,3,-0.18653034051355621,0.5231452604227442
NC_047564.1,8025718,NC_047564.1 8012269 8046935,8,-0.1863701930520994,0.5235084902895304
NC_047562.1,30685207,NC_047562.1 30662986 30685984,4,0.1863442519370562,0.523567337810203
NC_047567.1,1872253,NC_047567.1 1645006 2210384,7,0.18633759585425025,0.5235824376351244
NC_047565.1,12411044,NC_047565.1 12404326 12414040,11,-0.18632949872626817,0.5236008068410827
NC_047561.1,54527022,NC_047561.1 54523042 54527813,5,0.18632884424864343,0.5236022916065279
NC_047566.1,30217317,NC_047566.1 30210212 30223913,4,-0.18630480648844885,0.5236568256118338
NC_047561.1,40223880,NC_047561.1 40219613 40225087,5,-0.1862410740937621,0.5238014263190252
NC_047561.1,2455887,NC_047561.1 2452731 2466109,5,-0.18621064579040356,0.5238704705454509
NC_047561.1,31609036,NC_047561.1 31608375 31610384,7,-0.18609320922196712,0.5241369814054466
NC_047559.1,37539691,NC_047559.1 37519271 37542681,3,-0.1860841615187157,0.5241575167910288
NC_047562.1,35260039,NC_047562.1 35254603 35261866,3,0.18603994140638383,0.5242578874210413
NC_047566.1,37219786,NC_047566.1 37145945 37220037,7,-0.1860219491307968,0.5242987286627954
NC_047563.1,43087131,NC_047563.1 43086304 43092398,11,-0.18598050625502574,0.5243928065586468
NC_047564.1,49567253,NC_047564.1 49566245 49569020,3,-0.18595381124485286,0.524453409863266
NC_047564.1,28975371,NC_047564.1 28968412 28980815,10,-0.185950075081728,0.5244618919903283
NC_047567.1,1454998,NC_047567.1 1446195 1457454,3,0.18591517921270095,0.5245411182438342
NC_047565.1,42871807,NC_047565.1 42868609 42885295,3,-0.18589107812527156,0.5245958395443104
NC_047561.1,54498750,NC_047561.1 54491204 54522223,3,-0.1857852784539662,0.5248360867774282
NC_047567.1,34356918,NC_047567.1 34343608 34368208,9,-0.18577291511494534,0.5248641643292316
NC_047565.1,56358318,NC_047565.1 56331967 56392561,15,0.1857499488367833,0.5249163232792818
NC_047564.1,1162254,NC_047564.1 1158895 1163096,4,-0.18570653216177482,0.5250149336319778
NC_047559.1,1437406,NC_047559.1 1437367 1441727,6,0.1856249176234179,0.5252003233726477
NC_047559.1,13650450,NC_047559.1 13640208 13656309,5,-0.18555698716125504,0.5253546515293311
NC_047565.1,60650262,NC_047565.1 60646590 60672137,11,-0.18546257214430073,0.525569182213957
NC_047568.1,37513175,NC_047568.1 37506479 37518641,9,-0.1854616536102407,0.5255712695067605
NC_047560.1,69052724,NC_047560.1 69052172 69054301,10,-0.18542873233731927,0.52564608281209
NC_047568.1,35912760,NC_047568.1 35906319 35913110,11,-0.18518551682029333,0.5261989344577729
NC_047563.1,18757823,NC_047563.1 18740363 18786437,11,0.18516974076743983,0.5262348038129028
NC_047564.1,58928591,NC_047564.1 58926546 58930028,3,0.18512928707323284,0.5263267866529726
NC_047566.1,30637232,NC_047566.1 30635707 30642341,8,0.1850846369769194,0.5264283194741034
NC_047568.1,44248985,NC_047568.1 44244579 44254197,3,0.18508060607221608,0.5264374860438008
NC_047568.1,56026783,NC_047568.1 56025953 56036599,4,0.1850467765856445,0.5265144195411197
NC_047562.1,35510095,NC_047562.1 35459231 35560615,5,0.18498963655267636,0.5266443761600318
NC_047565.1,28555168,NC_047565.1 28526117 28566194,4,0.18494366240180574,0.5267489479455156
NC_047566.1,40148757,NC_047566.1 40121555 40150073,4,-0.18491358961485632,0.5268173558216624
NC_047566.1,14378388,NC_047566.1 14316674 14384458,7,0.18490207101084905,0.5268435587343631
NC_047565.1,5103342,NC_047565.1 5085538 5246064,3,0.18488429478548965,0.5268839978312088
NC_047560.1,44448650,NC_047560.1 43984502 44478438,10,0.1848507520453286,0.5269603078867782
NC_047560.1,5898785,NC_047560.1 5892785 5908910,4,-0.18478481869507926,0.5271103211698034
NC_047561.1,45400578,NC_047561.1 45397780 45409143,15,-0.18475524777735172,0.5271776078425692
NC_047559.1,18100426,NC_047559.1 18096247 18105285,6,-0.18468909782066822,0.5273281414854756
NC_047566.1,17803467,NC_047566.1 17797021 17822603,11,-0.1846052919013202,0.5275188811275813
NC_047565.1,5308817,NC_047565.1 5255329 5422969,9,0.18456390204715828,0.5276130944080765
NC_047563.1,6044233,NC_047563.1 6041736 6061966,4,-0.18454713760975874,0.5276512564270579
NC_047568.1,55754459,NC_047568.1 55753765 55759899,10,0.18453819162368482,0.5276716212783967
NC_047559.1,5214681,NC_047559.1 5196401 5221950,11,-0.18448365465161431,0.5277957780415965
NC_047568.1,12545875,NC_047568.1 12542039 12549237,6,-0.18445642147431,0.5278577808821672
NC_047564.1,2020165,NC_047564.1 2016819 2060477,12,0.18439263511493276,0.5280030184030466
NC_047560.1,51207870,NC_047560.1 51190855 51210631,3,-0.18438722538814756,0.528015336823636
NC_047565.1,13562340,NC_047565.1 13552673 13565696,10,-0.18436940781774902,0.5280559098877085
NC_047563.1,40699514,NC_047563.1 40687639 40715948,8,-0.1843418903520462,0.5281185736614757
NC_047562.1,51811617,NC_047562.1 51806802 51813458,3,0.1842903595958734,0.5282359302243291
NC_047566.1,4206911,NC_047566.1 4142173 4232562,4,0.18425822395506827,0.5283091220348752
NC_047565.1,56695878,NC_047565.1 56691457 56700913,4,0.1840694273254038,0.5287392139135083
NC_047566.1,17132097,NC_047566.1 17130718 17145903,4,0.18398051529574674,0.5289418153138822
NC_047568.1,16185124,NC_047568.1 16166729 16187636,13,-0.18391833773862162,0.5290835179902895
NC_047568.1,48564269,NC_047568.1 48547617 48616882,17,0.1838976247939388,0.5291307265237253
NC_047562.1,14797550,NC_047562.1 14797039 14823773,6,0.18387251101014251,0.5291879678588745
NC_047562.1,23712447,NC_047562.1 23711677 23713743,5,-0.1838679202594117,0.5291984317591428
NC_047562.1,6810401,NC_047562.1 6766085 6810476,8,0.18378779286095875,0.5293810843874358
NC_047566.1,48169053,NC_047566.1 48168295 48177443,3,-0.18372987988753017,0.5295131159507815
NC_047565.1,44718341,NC_047565.1 44710774 44735462,3,0.18368976715070687,0.5296045745767942
NC_047566.1,2035917,NC_047566.1 2035198 2044505,4,-0.1836777132497129,0.5296320593105498
NC_047567.1,6036320,NC_047567.1 6028384 6042597,10,0.18362982463139038,0.5297412588891961
NC_047561.1,8688643,NC_047561.1 8686642 8690037,10,0.18361937410079607,0.5297650903724072
NC_047566.1,53988760,NC_047566.1 53986872 53991051,5,0.1835961384298218,0.5298180788997173
NC_047564.1,9941418,NC_047564.1 9937063 9943981,16,0.18346735242398615,0.5301118154669039
NC_047565.1,17276662,NC_047565.1 17272538 17295639,11,-0.18345770182684196,0.5301338295505964
NC_047565.1,14074099,NC_047565.1 14069378 14076426,3,0.18339211932974564,0.5302834411917019
NC_047561.1,52666645,NC_047561.1 52665525 52676193,5,0.18338415660817708,0.5303016076086864
NC_047560.1,51038974,NC_047560.1 50992354 51073373,6,0.18330095011984476,0.5304914540693847
NC_047561.1,42423989,NC_047561.1 42422431 42424298,3,0.18327981592173692,0.530539679272503
NW_022994945.1,225736,NW_022994945.1 190480 232078,4,-0.18326590787119756,0.5305714164998494
NC_047567.1,23603842,NC_047567.1 23596970 23610619,7,0.18326161676936153,0.5305812086719632
NC_047560.1,44472881,NC_047560.1 43984502 44478438,3,-0.18322468514230295,0.5306654888864052
NC_047564.1,16941150,NC_047564.1 16926856 16942107,17,0.18322298943185408,0.5306693587422749
NC_047560.1,62872994,NC_047560.1 62653127 63119960,7,0.18321627609898278,0.530684679658487
NC_047565.1,8713115,NC_047565.1 8711480 8722906,4,-0.18319223182743363,0.530739554192024
NC_047568.1,3213675,NC_047568.1 3209446 3226787,4,-0.18318079387439812,0.5307656590978954
NC_047559.1,40794276,NC_047559.1 40791230 40798004,10,-0.1831238569512451,0.5308956149845235
NC_047560.1,44264078,NC_047560.1 44263019 44274980,11,-0.18307366236395972,0.5310101934309306
NC_047561.1,38496191,NC_047561.1 38488553 38497609,4,-0.18306917850894702,0.5310204291909486
NC_047568.1,36221854,NC_047568.1 36205102 36225517,3,-0.18304644616814264,0.5310723239961997
NC_047568.1,52896773,NC_047568.1 52882153 52900022,3,-0.18302668627380778,0.5311174349304482
NC_047562.1,14664083,NC_047562.1 14643756 14697449,13,-0.18294280804306853,0.5313089438813461
NC_047562.1,38421778,NC_047562.1 38416039 38422819,11,0.1829105840268319,0.5313825251391406
NC_047565.1,59889889,NC_047565.1 59863430 59907083,12,0.18290148406646864,0.5314033050663753
NC_047564.1,4150425,NC_047564.1 4113919 4173330,4,0.18286698611384145,0.5314820850266246
NC_047563.1,46494069,NC_047563.1 46492324 46495839,12,0.182866102861601,0.5314841021001078
NC_047568.1,42684433,NC_047568.1 42683506 42684914,3,-0.18278055732397014,0.5316794774794711
NC_047564.1,19706093,NC_047564.1 19684794 19725243,4,-0.18276872638724467,0.5317065003571906
NC_047561.1,49917844,NC_047561.1 49916587 49926498,8,0.18272621686945353,0.5318036007425525
NC_047562.1,2230598,NC_047562.1 2230281 2240984,15,0.18269837912731515,0.5318671920362362
NC_047567.1,11445005,NC_047567.1 11439345 11445640,13,0.18262106607333126,0.5320438200698834
NC_047565.1,8887244,NC_047565.1 8884040 8890497,5,-0.18256642888396682,0.5321686587846145
NC_047566.1,19513043,NC_047566.1 19484801 19514804,3,0.18250522075130177,0.5323085265309079
NC_047564.1,52392633,NC_047564.1 52389067 52400214,17,0.18243765787365002,0.5324629343809881
NC_047564.1,42817071,NC_047564.1 42816719 42876772,4,0.1823641170107461,0.5326310266664183
NC_047559.1,8917820,NC_047559.1 8912667 8929437,11,-0.18234785604675918,0.5326681974860094
NC_047562.1,47474044,NC_047562.1 47473414 47491360,5,-0.18231404245859098,0.5327454953720657
NC_047560.1,62876059,NC_047560.1 62653127 63119960,6,0.18226833692471422,0.5328499860884743
NC_047566.1,25711064,NC_047566.1 25659264 25713594,3,0.18225593552296906,0.5328783393802587
NC_047566.1,47079484,NC_047566.1 47061842 47094867,8,0.182213652946705,0.5329750149044725
NC_047565.1,24296372,NC_047565.1 24263360 24314551,5,0.18211114655514465,0.5332094190512779
NC_047568.1,33395318,NC_047568.1 33376115 33406778,5,-0.18205548832349244,0.5333367132013711
NC_047563.1,33855525,NC_047563.1 33851468 33871580,9,-0.18204502716525622,0.5333606400691788
NC_047567.1,17920300,NC_047567.1 17913084 17926483,4,-0.1820425062039985,0.5333664061079492
NC_047568.1,32307735,NC_047568.1 32143813 32338882,8,0.18203245445633456,0.5333893971208264
NC_047562.1,21886931,NC_047562.1 21877523 21896740,10,-0.18201543502377188,0.5334283260690919
NC_047565.1,61994705,NC_047565.1 61988757 62005372,7,0.1819583751906808,0.5335588494670754
NC_047564.1,8837090,NC_047564.1 8825308 8840057,10,0.18193201289619015,0.5336191575014694
NC_047559.1,40534340,NC_047559.1 40531671 40571354,3,-0.18189365352500458,0.5337069161425378
NC_047561.1,49135461,NC_047561.1 49110524 49140908,9,0.18184478641963378,0.5338187235701053
NW_022994915.1,38671,NW_022994915.1 7208 40319,10,-0.18183296998468934,0.5338457609929157
NC_047568.1,55274996,NC_047568.1 55212130 55285972,11,-0.18170408500596352,0.5341407043174997
NC_047559.1,52948355,NC_047559.1 52937917 52948520,9,0.1816642064379783,0.5342319778154423
NC_047566.1,14085285,NC_047566.1 14047111 14129241,8,0.18165773560720583,0.5342467888055237
NC_047564.1,28738567,NC_047564.1 28634556 28742989,3,-0.18163442574769587,0.534300143895045
NC_047568.1,22003286,NC_047568.1 22002723 22012427,9,0.1816064050546225,0.5343642849363136
NC_047559.1,24759414,NC_047559.1 24756151 24825917,3,0.18154910539758773,0.5344954577841772
NC_047565.1,53801437,NC_047565.1 53799802 53902085,7,0.18143550459023425,0.5347555593735736
NC_047564.1,46974191,NC_047564.1 46969555 46974905,4,-0.18137997010409013,0.5348827318878568
NC_047565.1,7102368,NC_047565.1 7100055 7118263,16,-0.18129992480050733,0.5350660568355596
NC_047568.1,41679730,NC_047568.1 41669196 41684029,7,-0.18126745987229,0.5351404179626758
NC_047568.1,56370948,NC_047568.1 56369815 56380967,7,-0.181230472074995,0.5352251442648235
NC_047568.1,39893944,NC_047568.1 39854640 39895673,4,-0.18120077190751457,0.5352931813684814
NC_047561.1,49106053,NC_047561.1 49106052 49107919,4,-0.18118049744582962,0.5353396282523637
NC_047562.1,48308877,NC_047562.1 48306428 48313334,3,0.18117649884701373,0.5353487888742543
NC_047565.1,25652503,NC_047565.1 25644038 25652924,12,-0.18107742689592304,0.5355757804604488
NC_047559.1,8832187,NC_047559.1 8830281 8833960,7,0.18105956172256726,0.5356167172541615
NC_047561.1,57303409,NC_047561.1 57298286 57319025,10,-0.1809250016887747,0.5359250961319778
NC_047561.1,22541559,NC_047561.1 22515795 22547236,7,-0.18089022913148334,0.5360047990015312
NC_047562.1,33941141,NC_047562.1 33773323 33944877,6,0.18082976326751796,0.536143406352073
NC_047565.1,57873760,NC_047565.1 57862817 57875954,3,-0.1808121018717767,0.5361838949500928
NC_047567.1,19248028,NC_047567.1 19245009 19249775,3,-0.1807830309973248,0.5362505425908725
NC_047568.1,5276907,NC_047568.1 5274654 5278125,12,-0.18075330873404946,0.5363186873438932
NC_047561.1,49405993,NC_047561.1 49402613 49414750,5,-0.18067956211781544,0.5364877838456552
NC_047564.1,29433906,NC_047564.1 29431863 29440718,4,-0.18067417764181032,0.5365001310338877
NC_047562.1,52843655,NC_047562.1 52842060 52845268,4,0.1806512762627685,0.5365526477702753
NC_047566.1,30637232,NC_047566.1 30631544 30642875,8,0.18063648365225038,0.5365865709226254
NC_047568.1,37033285,NC_047568.1 37006851 37042840,7,-0.1804713312699479,0.536965370221635
NC_047568.1,9465426,NC_047568.1 9463515 9465883,4,-0.18038770771679663,0.5371572166552689
NC_047561.1,2847847,NC_047561.1 2789962 2853802,13,-0.18033310186313917,0.5372825077730663
NC_047561.1,4689220,NC_047561.1 4688648 4690248,5,-0.1803322941883698,0.5372843610487614
NC_047561.1,21154324,NC_047561.1 21149024 21158440,10,-0.18022329628327577,0.5375344912311812
NC_047561.1,25559005,NC_047561.1 25555264 25577444,3,-0.18018124283283768,0.5376310097591336
NC_047565.1,32533167,NC_047565.1 32530830 32567104,11,-0.1801631501682783,0.5376725372708522
NC_047565.1,42581569,NC_047565.1 42580095 42586523,3,-0.18007106755111146,0.5378839132221052
NC_047566.1,24126555,NC_047566.1 24124417 24142507,3,0.18003084459617108,0.5379762565168964
NC_047565.1,20353758,NC_047565.1 20349915 20359570,3,-0.1800016036579923,0.5380433917903213
NC_047567.1,8613462,NC_047567.1 8612494 8658818,3,-0.1799754396747542,0.5381034656731288
NC_047559.1,28076898,NC_047559.1 28072381 28089890,4,-0.1799072379268588,0.5382600742188368
NC_047568.1,32944255,NC_047568.1 32939166 32947306,13,0.17988780474293686,0.5383047013836433
NC_047567.1,1454998,NC_047567.1 1294829 1462686,3,0.17981038119414117,0.5384825160195924
NC_047568.1,50499920,NC_047568.1 50477425 50514558,16,0.1797732916932269,0.53856770661034
NC_047560.1,64511529,NC_047560.1 64509422 64511791,5,-0.17971876922886826,0.5386929494983997
NC_047562.1,19608896,NC_047562.1 19583045 19614182,15,0.17964740982032917,0.5388568874869923
NC_047559.1,17911059,NC_047559.1 17869013 17941775,3,0.17963671254443025,0.5388814648134983
NC_047563.1,48693698,NC_047563.1 48665644 48719501,6,-0.17960820313064582,0.5389469684683168
NC_047568.1,40506590,NC_047568.1 40502950 40520819,8,-0.17955526067778688,0.5390686190328047
NC_047565.1,12442482,NC_047565.1 12440152 12446950,4,0.17952244305050943,0.5391440330023419
NC_047568.1,20699803,NC_047568.1 20697858 20701726,5,-0.17938523094339906,0.539459392222665
NC_047563.1,10439641,NC_047563.1 10431111 10440961,6,-0.17938445317057947,0.5394611800328777
NC_047563.1,20595099,NC_047563.1 20594290 20595416,5,0.17936399968192912,0.5395081959152042
NC_047566.1,23868847,NC_047566.1 23850576 23872015,3,-0.17931977757569478,0.5396098541692369
NC_047564.1,9081910,NC_047564.1 9078894 9083356,3,-0.17931005328403715,0.5396322095928796
NC_047566.1,24540893,NC_047566.1 24531438 24552225,3,-0.17926626636768314,0.5397328774481689
NW_022994852.1,150206,NW_022994852.1 143158 156318,4,0.1792374897492086,0.5397990404801745
NC_047568.1,49702071,NC_047568.1 49689018 49702387,6,-0.17920436918808624,0.5398751954440634
NC_047560.1,55690415,NC_047560.1 55687982 55692856,3,0.17917507151605375,0.5399425642328073
NC_047565.1,4715627,NC_047565.1 4712997 4730091,4,-0.179077721557592,0.5401664426871273
NC_047564.1,14907611,NC_047564.1 14906127 14919942,5,-0.179027476610012,0.5402820081937458
NC_047563.1,25632472,NC_047563.1 25629088 25633112,7,0.17894696487631642,0.540467210982089
NC_047568.1,50292536,NC_047568.1 50256273 50292827,5,0.17894152609494077,0.5404797229163011
NC_047566.1,27659843,NC_047566.1 27651575 27662396,6,0.17877586530782022,0.5408608863526747
NC_047561.1,48524919,NC_047561.1 48514999 48528200,3,0.17876435031345747,0.5408873851592221
NC_047566.1,14319016,NC_047566.1 14316674 14384458,3,-0.17874233850057714,0.5409380412697853
NC_047568.1,14207520,NC_047568.1 14207205 14214582,3,-0.17866719482453688,0.5411109860329335
NC_047559.1,53173472,NC_047559.1 53172515 53176751,13,-0.17865052891246827,0.5411493462329455
NC_047561.1,8956634,NC_047561.1 8953262 8962473,6,0.17859665251453066,0.541273362482916
NC_047563.1,6020287,NC_047563.1 6017445 6031497,3,-0.17854256438786106,0.541397878503618
NC_047563.1,4249519,NC_047563.1 4246745 4250456,11,0.1785210299306049,0.5414474563331162
NC_047563.1,5972299,NC_047563.1 5967224 5986920,3,-0.1784056704064512,0.5417130769860625
NC_047564.1,729951,NC_047564.1 724567 735506,4,0.17836998004975094,0.5417952671264399
NC_047566.1,21457284,NC_047566.1 21446088 21457958,11,-0.17830581853776964,0.5419430361376979
NC_047563.1,14646448,NC_047563.1 14639312 14659031,12,0.17824877654072316,0.5420744230085592
NC_047562.1,27519655,NC_047562.1 27515767 27545721,16,-0.17824412663132433,0.5420851339193762
NC_047560.1,70789533,NC_047560.1 70595196 71158665,3,0.17823907812909032,0.5420967630792745
NC_047565.1,37903037,NC_047565.1 37899248 37909642,4,-0.17821898582464601,0.5421430465148611
NC_047568.1,762684,NC_047568.1 756852 776951,7,0.17821590848048371,0.5421501354527162
NC_047567.1,22158186,NC_047567.1 22100297 22170859,3,-0.17798515447274912,0.5426818123287687
NC_047559.1,50413273,NC_047559.1 50370066 50421410,10,0.17796247617684424,0.542734077229448
NC_047564.1,53473137,NC_047564.1 53472628 53481916,13,0.1778892290962408,0.5429028989452493
NC_047567.1,605478,NC_047567.1 376615 1277185,3,0.17782373019421008,0.5430538817042408
NC_047567.1,9538287,NC_047567.1 9536315 9542226,3,-0.17779029266608914,0.543130966185645
NC_047560.1,18822248,NC_047560.1 18809373 18841895,5,0.177711794515644,0.5433119487910603
NC_047565.1,21651075,NC_047565.1 21648646 21653643,3,-0.17767755137452973,0.543390906754188
NC_047561.1,27382124,NC_047561.1 27369961 27389030,7,-0.1776590289066924,0.543433617997374
NC_047565.1,48144946,NC_047565.1 48141254 48147150,9,-0.17758509701007755,0.5436041131502254
NC_047566.1,46268591,NC_047566.1 46256045 46281934,4,-0.17758045552905052,0.5436148176914442
NC_047564.1,2005688,NC_047564.1 2000967 2009425,5,-0.17757496642959458,0.5436274771931806
NC_047568.1,55437310,NC_047568.1 55412444 55445493,4,-0.17753608282253186,0.5437171580450115
NC_047565.1,53673172,NC_047565.1 53646791 53701665,4,-0.17741563613885494,0.5439949959141399
NC_047564.1,7228171,NC_047564.1 7226446 7235314,3,-0.17730262347913714,0.5442557412531854
NC_047564.1,1162307,NC_047564.1 1158895 1163096,3,-0.17721512469530432,0.5444576574615849
NC_047564.1,52822292,NC_047564.1 52802490 52843628,3,0.17719899670344905,0.5444948786844211
NC_047565.1,29961282,NC_047565.1 29959610 29962781,5,0.1771799927419183,0.5445387386655499
NC_047565.1,42986236,NC_047565.1 42986093 42989693,5,0.17713795183211356,0.5446357719318113
NC_047568.1,19229353,NC_047568.1 19216849 19247977,4,0.1770721242446996,0.5447877214463258
NC_047561.1,36485826,NC_047561.1 36485237 36488479,7,0.17704827776380552,0.5448427706797111
NC_047565.1,14991518,NC_047565.1 14962472 14995097,4,-0.1769857186123998,0.5449871989194695
NC_047565.1,41594226,NC_047565.1 41592554 41614948,8,0.17696240435416521,0.5450410279978531
NC_047559.1,39164796,NC_047559.1 39156496 39171438,4,-0.17692575835733745,0.5451256426681519
NC_047564.1,35816435,NC_047564.1 35814025 35820945,9,0.1769191630330303,0.5451408717048489
NC_047564.1,31941662,NC_047564.1 31940598 31954850,4,0.17691296172861787,0.5451551910910781
NC_047559.1,15750125,NC_047559.1 15740969 15753624,10,0.1769051405680893,0.5451732511063525
NC_047564.1,22063645,NC_047564.1 22022942 22072092,5,-0.17687111969889635,0.5452518124514085
NC_047568.1,52596336,NC_047568.1 52591094 52596713,3,0.17686662370312586,0.5452621950167047
NC_047567.1,16151998,NC_047567.1 16107132 16187917,6,-0.17684912682983367,0.5453026012105511
NC_047564.1,14915979,NC_047564.1 14906127 14919942,4,0.176810250635408,0.5453923841021147
NC_047565.1,23935996,NC_047565.1 23931398 23936172,15,0.17675375144759833,0.5455228778925922
NC_047564.1,40038964,NC_047564.1 40033975 40039605,8,-0.17672202432798204,0.5455961625806953
NC_047561.1,28147215,NC_047561.1 28145360 28159367,17,-0.17668469666281741,0.5456823890844906
NC_047568.1,44323074,NC_047568.1 44319352 44325350,6,-0.17664841327520964,0.5457662089446446
NC_047568.1,17690047,NC_047568.1 17687641 17697732,4,-0.17658580827463724,0.545910848567149
NC_047567.1,4354892,NC_047567.1 4351987 4358516,10,-0.17657314309072017,0.5459401116145479
NC_047568.1,9578298,NC_047568.1 9577106 9589727,8,-0.17656406277868045,0.5459610921916125
NC_047566.1,14321398,NC_047566.1 14316674 14384458,4,-0.17655943784292666,0.5459717785019962
NC_047568.1,42226901,NC_047568.1 42224279 42237470,10,0.17644734085556585,0.5462308157407489
NW_022994890.1,126411,NW_022994890.1 103447 131448,3,-0.17638591352161453,0.5463727863861125
NC_047560.1,62989489,NC_047560.1 62653127 63119960,3,0.1763603738310851,0.5464318183052164
NC_047566.1,23759582,NC_047566.1 23758626 23767016,8,0.176327295676127,0.546508278555929
NC_047563.1,26514352,NC_047563.1 26512609 26514594,10,-0.17631026900039962,0.5465476375605034
NC_047565.1,15200602,NC_047565.1 15199709 15201700,16,0.17616153583570718,0.5468915022183176
NC_047568.1,10092988,NC_047568.1 10088286 10121220,5,-0.17595837899484973,0.5473613423170214
NC_047562.1,44189985,NC_047562.1 44177304 44559225,3,0.17587637273154674,0.547551047027939
NC_047566.1,32472720,NC_047566.1 32470652 32473744,12,-0.17580517453553296,0.5477157723865296
NC_047566.1,28491281,NC_047566.1 28491147 28510802,7,0.17565350838316712,0.5480667407100243
NC_047561.1,44951617,NC_047561.1 44948047 44968230,6,-0.17564827911638692,0.5480788433974457
NC_047561.1,58029629,NC_047561.1 58026284 58050181,8,0.17549344318244392,0.548437249795187
NC_047560.1,70918242,NC_047560.1 70690070 71346242,3,0.17540121275393286,0.5486507878965028
NC_047564.1,31020926,NC_047564.1 31019813 31021767,4,-0.17539859090603765,0.5486568586964746
NC_047559.1,52966082,NC_047559.1 52961431 53010809,7,0.1753747499662455,0.5487120629065799
NC_047566.1,45734410,NC_047566.1 45727650 45734740,5,0.17534919944986818,0.5487712283218305
NC_047560.1,44503854,NC_047560.1 44485029 44652907,11,0.1753353790365287,0.5488032323566578
NC_047568.1,34056987,NC_047568.1 34055396 34070814,6,-0.17523316184913876,0.5490399623045052
NC_047559.1,5437001,NC_047559.1 5418592 5451582,5,-0.17520633268462613,0.5491021045712567
NC_047565.1,48317606,NC_047565.1 48314995 48321279,4,-0.17520454411915085,0.5491062473908235
NC_047563.1,20846435,NC_047563.1 20833778 20859000,4,-0.17519561882550744,0.5491269210757878
NC_047564.1,24449785,NC_047564.1 24449158 24462449,8,0.17512734764909652,0.5492850688418781
NC_047560.1,9304530,NC_047560.1 9262356 9391431,6,-0.1750625265128298,0.5494352427660885
NC_047568.1,42846280,NC_047568.1 42823203 42862069,9,-0.17505333431146208,0.5494565401592226
NC_047564.1,32550294,NC_047564.1 32545000 32556467,15,0.17500982657495795,0.5495573479441993
NC_047565.1,32886261,NC_047565.1 32881834 32894462,8,-0.17488658535693893,0.5498429418436995
NC_047568.1,33178329,NC_047568.1 33169425 33190167,10,0.17488362426647,0.5498498045287917
NC_047564.1,18063326,NC_047564.1 18056687 18066118,8,0.17488236577545707,0.5498527212449391
NC_047566.1,7887161,NC_047566.1 7884598 7894119,8,-0.17474201547726712,0.550178042804408
NC_047564.1,20504931,NC_047564.1 20478953 20552459,15,0.17470035019611047,0.5502746356758059
NC_047563.1,57844644,NC_047563.1 57815039 57899568,7,0.1746476876538275,0.5503967339400879
NC_047559.1,35069891,NC_047559.1 35060662 35071110,8,-0.1745475448539045,0.5506289472812642
NC_047565.1,56139978,NC_047565.1 56138184 56146525,3,0.17454624146978573,0.550631969873266
NC_047564.1,55097044,NC_047564.1 55088931 55106595,3,0.17452588962039278,0.5506791674226311
NC_047560.1,63745784,NC_047560.1 63742268 63746893,5,0.17452554903009931,0.5506799572931868
NC_047562.1,39868621,NC_047562.1 39867921 39875994,16,-0.1743953243108974,0.5509819998311931
NC_047561.1,6359178,NC_047561.1 6355699 6359942,15,-0.1743779768359545,0.5510222408159609
NC_047568.1,10784453,NC_047568.1 10780887 10794453,6,-0.1743697073075177,0.5510414241054508
NC_047563.1,41486585,NC_047563.1 41480873 41486777,5,-0.1742914767562628,0.5512229140220822
NC_047563.1,26268576,NC_047563.1 26201758 26268861,7,-0.1742863219530343,0.5512348737349866
NC_047568.1,1703150,NC_047568.1 1694627 1707662,6,-0.17428479373115607,0.551238419399852
NC_047568.1,4416939,NC_047568.1 4413988 4422167,9,-0.17426129404430798,0.5512929428229956
NC_047564.1,6804608,NC_047564.1 6800777 6815264,4,-0.174257252875078,0.5513023192812673
NC_047560.1,4619610,NC_047560.1 4387457 4700231,3,0.17425579223517232,0.551305708324402
NC_047561.1,45807775,NC_047561.1 45752446 45810498,3,0.17424088475119534,0.5513402978553911
NC_047561.1,32036519,NC_047561.1 32022438 32043619,10,-0.17423258348809587,0.551359559508489
NC_047565.1,5268544,NC_047565.1 5255329 5422969,3,-0.17420712519528816,0.5514186328894537
NC_047568.1,20387795,NC_047568.1 20387423 20388385,5,0.17419259194981562,0.5514523570199811
NC_047561.1,19008276,NC_047561.1 19007575 19030260,16,-0.17417335085852742,0.5514970069751886
NC_047567.1,23035604,NC_047567.1 23032549 23047893,7,-0.17414237715640712,0.5515688863068593
NC_047568.1,45776664,NC_047568.1 45773586 45779674,3,-0.1741383646146345,0.5515781983316623
NC_047564.1,43828386,NC_047564.1 43825431 43836475,4,-0.17411509532381092,0.5516322013884627
NC_047562.1,50424432,NC_047562.1 50415953 50453033,5,-0.1740709677730296,0.5517346182107457
NC_047567.1,3133462,NC_047567.1 3112592 3138540,8,-0.17406667047903515,0.551744592349769
NC_047565.1,19837830,NC_047565.1 19837525 19838840,3,0.1740533485395457,0.5517755134312521
NC_047565.1,29010320,NC_047565.1 28976220 29016373,10,-0.17398069236674923,0.5519441661097807
NC_047564.1,31311500,NC_047564.1 31308865 31312412,6,0.17395427075626282,0.5520055025566233
NC_047565.1,56357317,NC_047565.1 56331967 56392561,14,-0.17394436129269966,0.5520285076301534
NC_047559.1,24944241,NC_047559.1 24943983 24974453,17,0.1738980704135105,0.5521359785085292
NC_047566.1,21175243,NC_047566.1 21173208 21176006,10,0.17374266651098105,0.5524968360713567
NC_047560.1,70735394,NC_047560.1 70595196 71158665,7,-0.17371588959661613,0.5525590238880775
NC_047560.1,4619610,NC_047560.1 4589306 4924767,3,-0.1736633035533385,0.552681160576934
NC_047564.1,19707161,NC_047564.1 19684794 19725243,3,0.17358654969823076,0.552859450227857
NC_047568.1,35491121,NC_047568.1 35491009 35513578,11,0.17357073385753913,0.5528961915008801
NC_047565.1,52579804,NC_047565.1 52578699 52586996,9,0.17355917302246285,0.5529230487645395
NC_047563.1,18779262,NC_047563.1 18740363 18786437,15,-0.1735105800675504,0.5530359423429668
NC_047560.1,53464509,NC_047560.1 53459123 53479050,5,-0.1735073504231432,0.5530434459619126
NC_047567.1,33025848,NC_047567.1 33021286 33030017,8,0.17347484260384521,0.5531189756658141
NC_047561.1,476929,NC_047561.1 451440 479147,10,-0.17339265389903624,0.5533099551094489
NC_047562.1,11700934,NC_047562.1 11690033 11708359,8,-0.17334862919456356,0.5534122655452718
NC_047561.1,21178995,NC_047561.1 21173612 21193219,10,0.17320691533282606,0.5537416536314909
NC_047564.1,41906336,NC_047564.1 41904259 41906984,10,0.1732037213816509,0.5537490783506201
NC_047561.1,51071647,NC_047561.1 51069670 51087930,5,-0.1731926557706643,0.5537748020060612
NC_047562.1,31715739,NC_047562.1 31712207 31780006,16,0.17318464755114085,0.5537934186181758
NC_047566.1,46139965,NC_047566.1 46137978 46144273,7,0.17315120645164456,0.5538711616185126
NC_047561.1,3209984,NC_047561.1 3209665 3212088,9,-0.17310926226261583,0.5539686789416272
NC_047559.1,12316791,NC_047559.1 12285619 12320498,5,-0.1730384934530041,0.5541332280507438
NC_047561.1,5015201,NC_047561.1 5008667 5025381,3,-0.17302440038898578,0.5541659992205293
NC_047562.1,2033234,NC_047562.1 2032824 2038154,15,-0.17300969514704836,0.5542001947905343
NC_047561.1,12166435,NC_047561.1 12147621 12168152,5,-0.1729963819721889,0.5542311540212316
NC_047564.1,37376735,NC_047564.1 37358897 37405391,4,-0.1729821263804215,0.5542643056179148
NC_047562.1,38780151,NC_047562.1 38777270 38784581,9,-0.17290406801155125,0.5544458464880727
NC_047568.1,51547584,NC_047568.1 51534100 51554013,7,-0.1728917401690477,0.5544745197435633
NC_047565.1,52534429,NC_047565.1 52533293 52538754,3,0.1728098991115508,0.5546648893437778
NC_047567.1,36625995,NC_047567.1 36472648 36647305,5,-0.17273327804529925,0.5548431419346622
NC_047567.1,19097880,NC_047567.1 19066470 19140118,3,-0.1727157542774646,0.5548839129524332
NC_047567.1,10829554,NC_047567.1 10781973 10852642,8,0.17269326152960282,0.5549362467254608
NC_047562.1,32591787,NC_047562.1 32567449 32607621,8,0.17267706690537343,0.5549739279806305
NC_047567.1,17920300,NC_047567.1 17914941 17922450,4,-0.17266725808614963,0.5549967514292121
NC_047564.1,16662601,NC_047564.1 16661905 16669003,6,0.1726654506551242,0.5550009570562664
NC_047564.1,2194967,NC_047564.1 2180582 2198425,3,0.17258203352728863,0.5551950712033817
NC_047561.1,46709603,NC_047561.1 46704843 46719785,4,-0.17256219539370843,0.5552412393727285
NC_047568.1,16422595,NC_047568.1 16404736 16424725,4,0.17255976377154458,0.5552468984619161
NC_047568.1,46575896,NC_047568.1 46566847 46578110,15,0.17246958925124978,0.5554567779736839
NC_047563.1,60188707,NC_047563.1 60187475 60190867,4,-0.17243384075236193,0.5555399912507126
NC_047564.1,26691536,NC_047564.1 26598621 26793493,10,-0.17239959312606248,0.5556197158423606
NC_047565.1,32549259,NC_047565.1 32530830 32567104,4,-0.17239366703053519,0.5556335116133497
NC_047561.1,56639629,NC_047561.1 56639482 56668001,9,0.172335579469659,0.5557687453860738
NC_047562.1,35221332,NC_047562.1 35217104 35242189,10,0.17227237164150327,0.5559159155154987
NC_047559.1,52963421,NC_047559.1 52961431 53010809,6,-0.1722530796846232,0.5559608372891045
NC_047568.1,45288888,NC_047568.1 45284891 45311391,8,-0.1722336161893158,0.556006160053006
NC_047564.1,34677479,NC_047564.1 34675055 34677564,12,-0.17222049848511795,0.5560367068686007
NC_047564.1,35882868,NC_047564.1 35861265 35887615,8,-0.17214564776238742,0.5562110231718371
NC_047568.1,14967692,NC_047568.1 14964446 14968977,6,0.1720837923808041,0.5563550927098162
NC_047559.1,19598281,NC_047559.1 19597121 19603198,14,-0.1720662606449459,0.5563959293651506
NC_047568.1,8892099,NC_047568.1 8881118 8921742,14,0.17201935527452408,0.5565051922405038
NC_047561.1,9989979,NC_047561.1 9984933 10001019,6,-0.1719425840397126,0.556684045222178
NC_047566.1,44584187,NC_047566.1 44582742 44589929,10,-0.17191049292035776,0.5567588147111062
NC_047564.1,56459689,NC_047564.1 56458123 56460861,4,0.17190590273014456,0.5567695097985526
NC_047568.1,48105005,NC_047568.1 48103708 48119402,7,-0.17181783718107776,0.5569747182954388
NC_047561.1,45837015,NC_047561.1 45828856 45837348,4,-0.17176095137270678,0.5571072894246489
NC_047559.1,20127819,NC_047559.1 20127240 20134983,3,0.1717484811941314,0.5571363526862374
NC_047568.1,6118230,NC_047568.1 6117051 6123954,14,0.1717386789149099,0.5571591985354747
NC_047561.1,3706232,NC_047561.1 3696117 3751773,3,-0.17171389151861088,0.5572169714714259
NC_047568.1,40508634,NC_047568.1 40502950 40520819,4,0.17165719652645264,0.5573491221907252
NC_047568.1,24984456,NC_047568.1 24969682 25044988,10,0.17160849030452066,0.557462662417346
NC_047565.1,11072026,NC_047565.1 11026122 11074255,6,-0.1715352919230508,0.5576333152866451
NC_047565.1,54239334,NC_047565.1 54202466 54247925,11,0.17149883158460874,0.5577183262425416
NC_047565.1,25652303,NC_047565.1 25644038 25652924,3,0.17139097408068737,0.557969838951643
NC_047564.1,51627845,NC_047564.1 51626763 51629871,11,-0.17136979510082173,0.5580192318023693
NC_047564.1,9716445,NC_047564.1 9714779 9726171,4,0.17134504260340527,0.5580769610221509
NC_047564.1,56467026,NC_047564.1 56460867 56490930,3,0.17129901087893176,0.5581843256050991
NC_047561.1,49058538,NC_047561.1 49024093 49066507,5,0.17123913815216155,0.5583239860487057
NC_047568.1,39033283,NC_047568.1 39029333 39037156,7,-0.1712238214302655,0.5583597165420048
NC_047563.1,10351851,NC_047563.1 10324355 10366465,5,0.17120780789363568,0.5583970735807946
NC_047561.1,24352756,NC_047561.1 24344014 24362615,5,0.17120084145624695,0.558413325502653
NC_047566.1,54854555,NC_047566.1 54828390 54864139,4,0.17105560007756251,0.5587522029192127
NC_047564.1,53588355,NC_047564.1 53585499 53599079,7,-0.17094787529493102,0.5590036025831775
NC_047564.1,27850178,NC_047564.1 27824680 27853701,6,-0.17089983215417678,0.5591157372836458
NC_047565.1,37609657,NC_047565.1 37572757 37610817,12,0.1708754635586637,0.5591726182305545
NC_047561.1,14815283,NC_047561.1 14773851 14817015,3,-0.17084654557808315,0.5592401214749241
NC_047565.1,55201170,NC_047565.1 55198218 55201309,11,0.17084046223533292,0.5592543222597612
NC_047564.1,44143098,NC_047564.1 44142673 44147755,5,0.170744870866882,0.5594774880319273
NC_047560.1,27782675,NC_047560.1 27779829 27785852,3,0.17073877884134583,0.5594917116296817
NC_047568.1,51323681,NC_047568.1 51310810 51325837,3,0.17073748779772013,0.5594947259644583
NC_047564.1,54785121,NC_047564.1 54757522 54799325,7,0.1706677770024462,0.5596574972203898
NC_047566.1,6547364,NC_047566.1 6498737 6636556,12,0.17062495171986622,0.5597575020268943
NC_047565.1,49128465,NC_047565.1 49109536 49143893,12,-0.17048036661165009,0.5600951900876033
NC_047565.1,38712403,NC_047565.1 38710182 38719727,8,0.17044919227070734,0.5601680110559448
NC_047566.1,47418734,NC_047566.1 47417265 47419294,4,-0.1703978682346371,0.5602879089120706
NC_047568.1,9938728,NC_047568.1 9936086 9955148,8,-0.17030669187212436,0.5605009322462464
NC_047559.1,29468808,NC_047559.1 29453716 29476072,7,-0.17024822071002835,0.5606375614822975
NC_047565.1,53774387,NC_047565.1 53744052 53774389,8,0.17022567501546715,0.5606902476222229
NC_047563.1,41459732,NC_047563.1 41455117 41460196,8,-0.17018096708036454,0.5607947299823276
NC_047564.1,28761530,NC_047564.1 28756295 28780590,6,-0.17012349530527718,0.5609290534386999
NC_047559.1,9535367,NC_047559.1 9527127 9542343,10,-0.16999417233191425,0.561231357499381
NW_022994922.1,81335,NW_022994922.1 70949 82299,9,-0.16991548561162262,0.5614153282670318
NC_047565.1,7464258,NC_047565.1 7460923 7471247,16,-0.16978157113398937,0.5617284806164244
NC_047568.1,40052011,NC_047568.1 40024817 40052529,4,0.16971680183970708,0.5618799667014667
NC_047564.1,14940325,NC_047564.1 14937930 14941576,5,-0.16970312702150084,0.5619119523313952
NC_047562.1,40587333,NC_047562.1 40582062 40589875,10,0.16958679276242167,0.562184091024488
NC_047559.1,31198222,NC_047559.1 31197919 31199569,4,-0.16948817201725047,0.5624148361051462
NW_022994972.1,80999,NW_022994972.1 60642 94302,14,-0.1693334247850739,0.5627769815758232
NC_047559.1,6121629,NC_047559.1 6121202 6122630,9,-0.1692124779262484,0.5630600941342621
NC_047568.1,15135969,NC_047568.1 15135790 15140453,13,-0.16918748395479177,0.5631186074927348
NC_047565.1,24041037,NC_047565.1 24027968 24043110,16,-0.16917651529515149,0.5631442870137413
NC_047565.1,30681786,NC_047565.1 30665007 30702504,14,0.16910955108830705,0.5633010723917362
NC_047559.1,24643448,NC_047559.1 24641211 24644860,3,-0.16907204461376055,0.5633888954522102
NC_047564.1,46527378,NC_047564.1 46527100 46543004,15,0.16905769102179036,0.5634225065363004
NW_022994998.1,1293,NW_022994998.1 1077 17682,12,0.1690207722160493,0.5635089613030011
NC_047562.1,3555656,NC_047562.1 3549092 3558386,8,-0.16893478800078277,0.5637103367241914
NC_047561.1,5106917,NC_047561.1 5102073 5111314,6,0.16886970640553545,0.5638627781373925
NC_047566.1,19748553,NC_047566.1 19746133 19750108,7,0.16864420412353037,0.5643911082535897
NC_047565.1,18189119,NC_047565.1 18175623 18191696,9,-0.16859987298052545,0.5644949961849022
NC_047563.1,329514,NC_047563.1 175641 457526,5,-0.16859912510692412,0.564496748859778
NC_047562.1,35241583,NC_047562.1 35217104 35242189,4,0.16859270039102978,0.5645118055594524
NC_047565.1,11820378,NC_047565.1 11793624 11821175,5,0.16854462401031098,0.5646244807135279
NC_047568.1,46368692,NC_047568.1 46365345 46385623,4,0.16848423655229558,0.5647660222806732
NC_047564.1,6923579,NC_047564.1 6917951 6950507,4,0.16845738077778602,0.5648289740276035
NC_047561.1,45840805,NC_047561.1 45838267 45846306,12,-0.16845444025596468,0.5648358669871486
NC_047566.1,50844166,NC_047566.1 50816539 50848619,15,-0.16830927145002916,0.5651762049319742
NC_047568.1,1861064,NC_047568.1 1803363 1875944,3,-0.16830879678154698,0.5651773178989037
NC_047560.1,53254158,NC_047560.1 53252037 53254974,7,-0.1682727774937023,0.5652617758831345
NC_047563.1,51413457,NC_047563.1 51411525 51414663,8,-0.1682360312940522,0.5653479437582634
NC_047562.1,31774473,NC_047562.1 31712207 31780006,11,0.16823543380424336,0.5653493448852438
NC_047564.1,42762627,NC_047564.1 42753961 42785302,8,-0.16814639218943273,0.5655581656665407
NC_047561.1,37588154,NC_047561.1 37569574 37611430,3,-0.16810906659036212,0.5656457113953957
NC_047561.1,23136511,NC_047561.1 23127957 23140271,8,-0.1680852751708292,0.5657015161870592
NC_047568.1,2352063,NC_047568.1 2351947 2358398,11,-0.16778566546910498,0.5664044726261482
NC_047560.1,63644088,NC_047560.1 63643674 63650273,15,-0.1677804059745554,0.5664168159155241
NC_047568.1,47324895,NC_047568.1 47323889 47329096,12,-0.1677795503420475,0.5664188239745291
NC_047568.1,46352781,NC_047568.1 46340155 46358248,7,0.1676877200203494,0.566634355121262
NC_047567.1,13842225,NC_047567.1 13821783 13842226,7,0.16760565779189884,0.5668269888773247
NC_047559.1,28284229,NC_047559.1 28281163 28317304,5,-0.16757542834406275,0.5668979566794295
NC_047562.1,47033405,NC_047562.1 47032692 47048707,3,-0.16755298127058993,0.5669506566765026
NC_047565.1,48177304,NC_047565.1 48176738 48195530,7,0.16739947437935485,0.5673111063117408
NC_047561.1,47307330,NC_047561.1 47307011 47309577,8,0.1673989587414345,0.5673123172421377
NC_047564.1,37123273,NC_047564.1 37122903 37136747,9,0.16738737547961025,0.5673395197992441
NC_047568.1,36116921,NC_047568.1 36102426 36135503,3,-0.1673797558186695,0.5673574143864801
NC_047566.1,11384769,NC_047566.1 11383138 11385360,3,0.1673772579710274,0.5673632805716382
NC_047564.1,31466492,NC_047564.1 31464958 31480709,3,-0.16736314589683193,0.5673964231951908
NC_047563.1,10330444,NC_047563.1 10324355 10366465,16,0.16725185203240986,0.5676578283427455
NC_047568.1,17211288,NC_047568.1 17208288 17212050,5,0.16722632910552057,0.5677177832198881
NC_047566.1,57465491,NC_047566.1 57465376 57467831,9,0.16720873156005098,0.5677591224368367
NC_047565.1,32000050,NC_047565.1 31986596 32002112,10,-0.16719743472969484,0.5677856610088129
NC_047566.1,25234589,NC_047566.1 25234293 25240015,11,0.16704407339446975,0.568145989254845
NC_047564.1,45617911,NC_047564.1 45602201 45630715,7,0.16697843096209522,0.5683002476561212
NC_047568.1,16130840,NC_047568.1 16128552 16132731,7,-0.16697324007768882,0.5683124468727009
NC_047568.1,33214426,NC_047568.1 33211452 33229480,7,-0.16690524224183326,0.5684722601909087
NC_047562.1,45257067,NC_047562.1 45254594 45271226,6,0.1668078857256076,0.5687011068339238
NC_047561.1,53565076,NC_047561.1 53564060 53568814,3,-0.16677779565867606,0.5687718444087104
NC_047563.1,29073135,NC_047563.1 29072338 29076327,16,-0.16674685756566873,0.5688445793825379
NC_047560.1,22640126,NC_047560.1 22639483 22641648,4,-0.16658014685323727,0.5692365800862003
NC_047564.1,16717702,NC_047564.1 16684948 16736210,13,0.16657282363125042,0.5692538023527879
NC_047559.1,7680601,NC_047559.1 7678472 7723830,13,-0.16656822047812386,0.5692646278528715
NC_047560.1,4673188,NC_047560.1 4625916 4766454,5,-0.16656568027399318,0.56927060183365
NC_047566.1,4548373,NC_047566.1 4542552 4554464,6,-0.16654880833085833,0.5693102814557496
NC_047561.1,33098277,NC_047561.1 33095855 33158654,11,-0.16653869041596264,0.5693340774297737
NC_047559.1,40321597,NC_047559.1 40319120 40331941,6,-0.16651739232427878,0.569384169022543
NC_047562.1,42305652,NC_047562.1 42301980 42312003,15,-0.16649729318708095,0.5694314424356692
NC_047560.1,44786038,NC_047560.1 44785715 44788475,4,0.1664946435628251,0.56943767450527
NC_047567.1,10592866,NC_047567.1 10590686 10592976,5,-0.1663806859587923,0.5697057361414894
NC_047561.1,14026838,NC_047561.1 14025118 14027804,3,0.16635601671576447,0.5697637723052734
NC_047562.1,24478531,NC_047562.1 24476380 24478845,6,0.16634980113231296,0.5697783952975526
NC_047563.1,12227963,NC_047563.1 12226857 12232812,3,0.1663222595653174,0.5698431923924834
NC_047566.1,46232755,NC_047566.1 46217151 46248257,8,0.16625119976437874,0.570010389013857
NC_047561.1,57627044,NC_047561.1 57626827 57635522,6,0.16625061341206074,0.5700117687268715
NC_047564.1,3808731,NC_047564.1 3802156 3832279,4,-0.16623119764066288,0.5700574556794265
NC_047568.1,38776679,NC_047568.1 38775117 38791948,4,-0.1662198534701009,0.5700841501742826
NC_047564.1,43372895,NC_047564.1 43371697 43390831,11,-0.1661869704830612,0.5701615315839536
NC_047568.1,51789464,NC_047568.1 51772467 51803461,10,0.16610014198780018,0.5703658803751956
NC_047568.1,46989896,NC_047568.1 46979258 46991334,13,0.16607974764593977,0.5704138823681733
NC_047566.1,31097965,NC_047566.1 31089262 31105395,6,0.16603536474790662,0.5705183518049619
NC_047565.1,56957678,NC_047565.1 56951833 56993421,12,-0.16596152454202096,0.5706921760396017
NC_047566.1,27152967,NC_047566.1 27116040 27161692,11,0.16594458202680648,0.5707320628177832
NC_047560.1,20157528,NC_047560.1 20153354 20158190,6,-0.16591746008624828,0.5707959168256099
NC_047566.1,30443643,NC_047566.1 30426511 30486083,7,-0.16591602056073795,0.5707993060267905
NC_047565.1,17062305,NC_047565.1 17060493 17075470,15,-0.16590725368084325,0.5708199468408457
NW_022994881.1,461047,NW_022994881.1 446636 465112,3,-0.16577133752145834,0.5711399884493875
NC_047562.1,28937003,NC_047562.1 28929402 28967220,3,-0.16564549662799066,0.5714363719560492
NC_047564.1,59125584,NC_047564.1 59088095 59148189,5,-0.16560083997600467,0.5715415636542245
NC_047565.1,61688519,NC_047565.1 61670769 61721276,7,0.16553093977067074,0.57170623427082
NC_047560.1,5719848,NC_047560.1 5715897 5724575,5,-0.16544802041674472,0.5719016007483395
NC_047564.1,41216847,NC_047564.1 41214542 41218131,6,0.16544191767514016,0.5719159805205434
NC_047566.1,25232646,NC_047566.1 25223632 25233402,4,-0.1654099030557087,0.5719914183955405
NC_047566.1,53307582,NC_047566.1 53305694 53423619,7,0.16531004178348735,0.5722267535953534
NC_047564.1,38423683,NC_047564.1 38415979 38451362,7,-0.1652572887004905,0.5723510887588462
NC_047565.1,10169619,NC_047565.1 10144736 10192561,6,-0.1652572430493041,0.5723511963601846
NC_047562.1,13267527,NC_047562.1 13246768 13275546,8,-0.16524895269712045,0.5723707371296229
NC_047559.1,5989988,NC_047559.1 5965822 5995935,4,-0.1652180922396388,0.5724434791706434
NC_047561.1,22372672,NC_047561.1 22325572 22384869,9,-0.1651275937975495,0.572656817545113
NC_047560.1,4121570,NC_047560.1 4119811 4122341,8,0.1651045296254094,0.5727111935901539
NC_047561.1,27066133,NC_047561.1 27065709 27067248,4,-0.16509340498693642,0.5727374217760597
NC_047565.1,41333494,NC_047565.1 41330360 41334938,7,-0.16501551467566974,0.5729210750131631
NC_047560.1,51380199,NC_047560.1 51373426 51385674,12,0.16501257415857087,0.5729280087704691
NC_047561.1,16650766,NC_047561.1 16647371 16659157,5,-0.16495347736663102,0.5730673666989945
NC_047561.1,57193425,NC_047561.1 57189499 57193473,4,0.16494089495857323,0.5730970394585465
NC_047561.1,5390849,NC_047561.1 5382135 5397448,13,0.16491801438772868,0.573150999724774
NC_047559.1,6537838,NC_047559.1 6533064 6544639,15,0.16489384226877363,0.573208008179932
NC_047559.1,39711754,NC_047559.1 39709777 39712391,6,0.1648813500259848,0.5732374712813864
NC_047565.1,14525320,NC_047565.1 14522947 14579224,7,0.16478337288601538,0.5734685731479598
NC_047561.1,44264899,NC_047561.1 44262847 44268114,4,-0.16474332472944533,0.5735630470815627
NC_047566.1,33010418,NC_047566.1 33008927 33012238,4,-0.1646951116855426,0.5736767905517646
NC_047568.1,13455243,NC_047568.1 13449258 13457617,8,0.164675794827034,0.5737223651917873
NC_047559.1,8615529,NC_047559.1 8610186 8618358,4,-0.16462799786714538,0.5738351398940842
NC_047565.1,15514197,NC_047565.1 15513036 15517439,14,-0.16462023526336556,0.5738534562574681
NC_047564.1,38004666,NC_047564.1 38003023 38016082,5,0.1645941294877823,0.5739150562806499
NC_047564.1,16238198,NC_047564.1 16237368 16238641,4,0.16451191892083222,0.5741090607368494
NC_047559.1,20147026,NC_047559.1 20145930 20159593,4,-0.1644438664543171,0.5742696746290352
NC_047564.1,36408240,NC_047564.1 36397513 36415321,7,0.16444362062735846,0.5742702548505303
NC_047563.1,327931,NC_047563.1 175641 457526,12,-0.1643249704811332,0.5745503310528286
NC_047567.1,32326809,NC_047567.1 32326563 32327895,9,0.1642867340350493,0.5746406009598385
NC_047561.1,43736478,NC_047561.1 43733975 43762722,11,0.1642838103634406,0.5746475035034271
NC_047568.1,37035920,NC_047568.1 37006851 37042840,6,-0.164134001040345,0.5750012363505151
NC_047568.1,53437011,NC_047568.1 53428387 53445736,13,0.16410674646499082,0.5750656000263112
NC_047563.1,20969057,NC_047563.1 20934401 20969203,3,0.16404525719789786,0.5752108223001754
NC_047562.1,52843746,NC_047562.1 52842060 52845268,6,0.16401345032755413,0.5752859480828443
NC_047567.1,35347558,NC_047567.1 35346762 35349050,14,0.16394928696918942,0.5754375100664884
NC_047563.1,55334821,NC_047563.1 55334060 55335296,7,-0.16388092549098016,0.5755990065691267
NC_047561.1,38465545,NC_047561.1 38452274 38488611,4,0.16387695952238593,0.5756083763061053
NC_047564.1,15704674,NC_047564.1 15680917 15732828,10,0.16386125642828667,0.5756454760194931
NC_047568.1,39290679,NC_047568.1 39283487 39292205,3,0.16384156894274451,0.5756919905362692
NC_047568.1,53479070,NC_047568.1 53471803 53481689,8,0.16383771393129073,0.575701098735911
NC_047568.1,30892701,NC_047568.1 30891192 30893601,4,-0.1637453957380481,0.5759192357267819
NC_047563.1,28868502,NC_047563.1 28865433 28870400,5,-0.16370108753255383,0.5760239428206828
NC_047560.1,62720719,NC_047560.1 62716573 62825861,3,-0.16367520902896812,0.5760851013089815
NC_047560.1,21042829,NC_047560.1 21033054 21066957,5,-0.1636274302596566,0.5761980235373236
NC_047561.1,2407070,NC_047561.1 2399536 2420598,11,0.16356993906187905,0.5763339125269513
NC_047562.1,24269369,NC_047562.1 24255935 24275250,11,-0.16351320079703868,0.5764680347215849
NC_047563.1,25682875,NC_047563.1 25677208 25683952,9,0.163457277252455,0.5766002435304667
NC_047564.1,54476569,NC_047564.1 54457535 54481674,5,-0.16343441561643157,0.5766542942826566
NC_047561.1,13866306,NC_047561.1 13840905 13879732,3,0.16342250254551166,0.5766824606502892
NC_047566.1,21187398,NC_047566.1 21182106 21190726,17,-0.16341306872362074,0.5767047656679823
NC_047559.1,41317588,NC_047559.1 41313435 41319811,10,-0.163411219251195,0.5767091385410781
NC_047565.1,6796564,NC_047565.1 6796106 6801689,3,-0.1633278662675684,0.5769062315506688
NC_047560.1,71118018,NC_047560.1 70595196 71158665,5,-0.16323709256880536,0.5771209026354542
NC_047568.1,41072920,NC_047568.1 41069902 41076714,10,-0.16311129940795382,0.5774184454111323
NC_047568.1,49700058,NC_047568.1 49689018 49702387,3,-0.16306975559313883,0.5775167241677923
NC_047561.1,22183865,NC_047561.1 22153614 22188345,4,0.16304372799841702,0.5775783002278381
NC_047562.1,27632585,NC_047562.1 27628317 27635772,4,-0.16294290495826275,0.577816852622484
NC_047565.1,55237800,NC_047565.1 55225819 55255999,16,-0.1629269202982309,0.5778546768319376
NC_047565.1,30742472,NC_047565.1 30702867 30757908,5,0.16284763526846102,0.5780423025078272
NC_047564.1,18130941,NC_047564.1 18129899 18158058,9,-0.16279251031111103,0.5781727687548566
NC_047563.1,1486149,NC_047563.1 1459596 1488973,7,0.162747875297943,0.5782784168804875
NC_047564.1,41758781,NC_047564.1 41749123 41768840,17,-0.16273462892061674,0.5783097716970482
NC_047561.1,58018936,NC_047561.1 58014726 58026240,8,0.16269244742069094,0.5784096219753174
NC_047559.1,36618184,NC_047559.1 36610845 36618318,5,-0.16265031886629747,0.5785093539487853
NC_047567.1,19919893,NC_047567.1 19908659 19951762,3,-0.162637168890722,0.5785404856502848
NC_047562.1,31219158,NC_047562.1 31204678 31220158,7,-0.16262497276252635,0.578569359792197
NC_047565.1,56567783,NC_047565.1 56552542 56584616,14,0.16259905048189935,0.5786307323381976
NC_047561.1,49369641,NC_047561.1 49368546 49371785,12,0.16254677286841693,0.5787545107895522
NC_047568.1,12943861,NC_047568.1 12940066 12948384,5,0.16254577517581073,0.5787568731456426
NC_047560.1,4908064,NC_047560.1 4826173 5232376,7,0.16249026010003417,0.5788883290299278
NC_047563.1,31670996,NC_047563.1 31667291 31671562,15,0.16242214941235614,0.5790496270964213
NC_047561.1,45511880,NC_047561.1 45511075 45516852,6,0.162376621891619,0.5791574544793714
NC_047563.1,29008202,NC_047563.1 28954779 29008880,7,0.16228286723422186,0.5793795288041752
NC_047568.1,38864726,NC_047568.1 38858735 38878433,11,0.1622332820331595,0.5794969940685903
NW_022994991.1,130766,NW_022994991.1 127034 148758,4,0.16220716833056356,0.5795588602378596
NC_047561.1,3292486,NC_047561.1 3291373 3294159,5,-0.16214571803004543,0.5797044532250059
NC_047565.1,27117056,NC_047565.1 26961604 27161359,3,-0.1620722463497743,0.579878547786486
NC_047567.1,30081686,NC_047567.1 30081046 30108656,5,0.16204028630740497,0.5799542852380976
NW_022994921.1,247794,NW_022994921.1 243254 249504,11,0.162029197911379,0.5799805629548198
NC_047562.1,42145426,NC_047562.1 42120717 42192630,5,0.16192098190249615,0.5802370429579061
NC_047563.1,38161850,NC_047563.1 38161154 38162140,9,-0.1618592947469981,0.580383266767871
NC_047559.1,13456664,NC_047559.1 13431474 13495978,7,0.16183618049380274,0.5804380608715146
NC_047560.1,51031262,NC_047560.1 50992354 51073373,3,0.16181276493780536,0.5804935713826739
NC_047566.1,50842645,NC_047566.1 50816539 50848619,10,-0.16171454445065506,0.5807264430849124
NC_047565.1,45358585,NC_047565.1 45357693 45397421,4,-0.16159581183412192,0.581007997861837
NC_047565.1,60633181,NC_047565.1 60617328 60639590,7,-0.16144763236754817,0.581359458791799
NC_047559.1,50558135,NC_047559.1 50554898 50575893,16,0.16140816949926234,0.5814530737469854
NC_047560.1,44367225,NC_047560.1 43984502 44478438,3,0.16136308674008545,0.5815600278620834
NC_047565.1,60266839,NC_047565.1 60264031 60281200,7,-0.16133718413492293,0.581621482688351
NC_047568.1,32740955,NC_047568.1 32733194 32742617,15,-0.16129480332191484,0.5817220383190376
NC_047564.1,53442647,NC_047564.1 53400984 53447805,12,-0.16128763792122153,0.5817390401388904
NC_047559.1,53669722,NC_047559.1 53668298 53671617,7,0.16123537674259497,0.5818630497928845
NC_047565.1,52312811,NC_047565.1 52285128 52318089,4,0.16105148874556563,0.5822994797387033
NC_047568.1,13343710,NC_047568.1 13339142 13383066,6,0.16101295954709963,0.5823909396998759
NC_047568.1,42227537,NC_047568.1 42224279 42237470,8,-0.16093086696119938,0.5825858291214426
NC_047562.1,31708506,NC_047562.1 31702944 31710445,14,-0.1609187894602852,0.5826145035781262
NC_047559.1,27169245,NC_047559.1 27168478 27216487,8,0.16087445273030815,0.5827197729455387
NC_047562.1,38697329,NC_047562.1 38691153 38709734,5,0.1607689358991772,0.5829703341496417
NC_047564.1,36922214,NC_047564.1 36907674 36922798,12,-0.1607654531147284,0.5829786051445619
NC_047568.1,54310166,NC_047568.1 54290688 54329672,3,0.16068099895312568,0.5831791833402515
NC_047568.1,52008661,NC_047568.1 52004971 52009042,9,0.16067461099681604,0.5831943558401698
NC_047566.1,17803353,NC_047566.1 17797021 17822603,15,-0.16065224763594346,0.5832474739454658
NC_047565.1,19568555,NC_047565.1 19563896 19588226,4,0.16063581439418245,0.5832865079080103
NC_047559.1,46823533,NC_047559.1 46822845 46826313,4,0.160590867935372,0.5833932748621563
NC_047568.1,49699919,NC_047568.1 49689018 49702387,3,-0.1605456482248288,0.583500698888384
NC_047562.1,22411042,NC_047562.1 22409547 22412291,3,0.16053066138572522,0.5835363034168293
NC_047565.1,12342938,NC_047565.1 12340468 12347855,7,-0.16050837343064697,0.583589254976207
NC_047564.1,23288306,NC_047564.1 23267019 23301868,6,0.16047769289712752,0.5836621487420691
NC_047561.1,45073853,NC_047561.1 45065316 45102372,8,-0.16047714146719227,0.5836634589161109
NC_047561.1,50235424,NC_047561.1 50217722 50271063,8,-0.1604337889742634,0.5837664663172728
NC_047568.1,50194055,NC_047568.1 50193777 50197272,4,0.16042275718007487,0.5837926795119689
NC_047568.1,2073092,NC_047568.1 2053516 2084775,4,-0.16014618492346072,0.584450012146
NC_047564.1,38623952,NC_047564.1 38609653 38683906,4,0.16012415935620772,0.5845023734326895
NC_047564.1,41855106,NC_047564.1 41811830 41856828,3,0.16009200029407003,0.5845788284372155
NC_047560.1,70738458,NC_047560.1 70690070 71346242,7,0.16007863966330646,0.5846105932095194
NC_047564.1,37007973,NC_047564.1 36982659 37023129,4,0.16002218039828553,0.5847448322721265
NC_047560.1,62881417,NC_047560.1 62653127 63119960,4,0.15998879728088675,0.5848242107233504
NC_047564.1,50858864,NC_047564.1 50855486 50870393,10,0.1599234824053219,0.5849795291641982
NC_047562.1,17388749,NC_047562.1 17384878 17401529,4,0.15990289178925718,0.5850284969963007
NC_047561.1,26637776,NC_047561.1 26631961 26645021,10,0.15986644453836596,0.5851151785399907
NC_047568.1,28367564,NC_047568.1 28360833 28390811,3,-0.15982951099331436,0.5852030219118478
NC_047560.1,55535688,NC_047560.1 55225485 55583389,15,0.1598053049494878,0.5852605968651086
NC_047564.1,26532176,NC_047564.1 26469137 26583552,7,0.15973243595115166,0.5854339322160758
NC_047559.1,15430119,NC_047559.1 15418449 15431292,4,0.15964625223454584,0.5856389663529161
NC_047565.1,24290914,NC_047565.1 24263360 24314551,7,0.15963857024808187,0.5856572434782379
NC_047564.1,4145312,NC_047564.1 4113919 4173330,4,-0.15962602989289676,0.5856870802191295
NC_047560.1,33153946,NC_047560.1 33042787 33217066,4,0.15960151333066097,0.585745413217239
NC_047562.1,18581879,NC_047562.1 18580788 18583825,12,-0.15955914892848067,0.5858462176411514
NC_047560.1,43778542,NC_047560.1 43774715 43794197,15,0.1595503345073406,0.5858671920873737
NC_047566.1,814729,NC_047566.1 808462 820114,4,0.15951082212823908,0.5859612178936295
NC_047563.1,10342178,NC_047563.1 10324355 10366465,3,-0.15947723752534224,0.5860411424223066
NC_047563.1,5212481,NC_047563.1 5211725 5219031,17,0.15933623649050785,0.5863767441511715
NC_047563.1,67519990,NC_047563.1 67517309 67522883,5,-0.1592926451631458,0.586480513126369
NC_047568.1,48056186,NC_047568.1 48055606 48056993,14,0.1592351117735337,0.5866174824415298
NC_047559.1,55299008,NC_047559.1 55291049 55304765,7,0.15922643429639236,0.5866381419646778
NC_047566.1,44738377,NC_047566.1 44737961 44748970,12,0.15921625308306975,0.5866623819884867
NC_047561.1,55450804,NC_047561.1 55442541 55490447,4,-0.1591871265989756,0.5867317302393005
NC_047561.1,47303980,NC_047561.1 47302605 47304251,17,-0.15915965681695793,0.5867971370139085
NC_047565.1,8884438,NC_047565.1 8884040 8890497,8,-0.15914884311453226,0.5868228857259352
NC_047566.1,25234592,NC_047566.1 25234293 25240015,15,0.15911205642989565,0.5869104826026652
NC_047559.1,616129,NC_047559.1 596479 618239,6,0.15909769755131942,0.5869446755570106
NC_047568.1,21827049,NC_047568.1 21825509 21828141,3,0.15899777044622665,0.5871826552559122
NC_047561.1,3720115,NC_047561.1 3696117 3751773,16,0.15892814472669542,0.5873484941384688
NC_047565.1,32533041,NC_047565.1 32530830 32567104,15,0.15892487041247516,0.5873562935679284
NC_047567.1,11460373,NC_047567.1 11454833 11465408,3,0.15887634398159775,0.5874718885996182
NC_047563.1,4070170,NC_047563.1 4058937 4079024,11,0.1588003861811935,0.5876528463773785
NC_047566.1,52991864,NC_047566.1 52988214 52993913,3,-0.1587981017377046,0.5876582890595747
NC_047566.1,53269743,NC_047566.1 53258921 53285855,12,0.15871638503614968,0.5878529922622935
NC_047566.1,19490648,NC_047566.1 19490579 19493693,15,-0.1586391996951183,0.5880369225607447
NC_047562.1,47324191,NC_047562.1 47316568 47324411,12,0.15862051142529238,0.5880814596087097
NC_047565.1,25222413,NC_047565.1 25221159 25237004,11,0.15856802138769607,0.5882065587599139
NC_047561.1,31646709,NC_047561.1 31646307 31651585,9,0.15847934965319516,0.588417913765845
NC_047566.1,57403851,NC_047566.1 57402390 57410144,14,0.15846089963909168,0.5884618944374223
NC_047568.1,44473836,NC_047568.1 44460764 44474174,10,0.15845784129808077,0.5884691849599184
NC_047565.1,12067542,NC_047565.1 12067414 12068953,7,-0.1583952885522365,0.5886183071519147
NC_047564.1,55511726,NC_047564.1 55504297 55518524,7,-0.15827615545801202,0.5889023555954861
NW_022994983.1,24193,NW_022994983.1 20086 24977,3,-0.1582530769447727,0.5889573879333074
NC_047565.1,56002985,NC_047565.1 56000594 56008821,14,0.1582195214133068,0.5890374071357005
NC_047562.1,23691804,NC_047562.1 23677659 23704950,9,0.15819716176763485,0.5890907301532275
NC_047564.1,42019895,NC_047564.1 42013024 42020901,7,-0.15819443966657754,0.5890972219196123
NC_047568.1,5369069,NC_047568.1 5361939 5427662,13,0.1581815488109354,0.5891279648940755
NC_047564.1,8516938,NC_047564.1 8513748 8520486,4,0.1580982684794377,0.5893265928900517
NC_047559.1,8229482,NC_047559.1 8181461 8243209,8,0.15806710644518118,0.5894009228872862
NC_047559.1,20567346,NC_047559.1 20533673 20609002,3,-0.15800234236307542,0.5895554149947673
NW_022994965.1,25162,NW_022994965.1 23230 30682,17,0.15796946640730702,0.5896338454670947
NC_047561.1,32113927,NC_047561.1 32082053 32132555,9,0.1579676559423459,0.5896381647213595
NC_047563.1,7932826,NC_047563.1 7915732 7936712,3,-0.15796498528578137,0.5896445361711672
NC_047567.1,31515235,NC_047567.1 31494889 31522971,5,-0.15795100570957088,0.5896778880332667
NC_047565.1,53866647,NC_047565.1 53799802 53902085,10,-0.15792577785628797,0.5897380774546562
NC_047559.1,34180974,NC_047559.1 34176953 34183179,12,0.1579172996627731,0.5897583055527885
NC_047566.1,2037346,NC_047566.1 2035198 2044505,3,-0.15791311755842588,0.5897682837261201
NC_047560.1,18821490,NC_047560.1 18809373 18841895,10,-0.15790119280304463,0.5897967356293125
NC_047565.1,44569410,NC_047565.1 44562691 44573876,3,-0.15787739038829907,0.5898535287096749
NC_047565.1,4665692,NC_047565.1 4655980 4671381,6,0.15782928486191616,0.5899683162258259
NC_047567.1,32845682,NC_047567.1 32841893 32869362,11,0.15780209288592514,0.5900332046043577
NC_047563.1,3122959,NC_047563.1 3118401 3132567,3,0.15775668963087805,0.5901415570337429
NC_047568.1,21722060,NC_047568.1 21699251 21727819,3,-0.15770486584973706,0.5902652414308488
NC_047567.1,17991707,NC_047567.1 17990229 18033137,7,-0.1576712413570651,0.5903454963330148
NC_047559.1,54708808,NC_047559.1 54707969 54719211,4,-0.1576071692014476,0.5904984357620628
NC_047564.1,57492444,NC_047564.1 57488500 57511960,5,0.15755634503043323,0.5906197636835413
NC_047568.1,12424997,NC_047568.1 12422433 12428584,6,-0.15750801534424536,0.5907351459900443
NC_047564.1,39100722,NC_047564.1 39058985 39122177,15,-0.157498901594452,0.590756905168349
NC_047567.1,19650019,NC_047567.1 19648311 19651498,10,0.15748154349768287,0.5907983487020294
NC_047568.1,14764453,NC_047568.1 14758437 14804231,7,0.15745206864393033,0.5908687244063533
NC_047563.1,15694940,NC_047563.1 15690918 15722665,3,-0.15741299961721397,0.5909620128222057
NC_047563.1,18702068,NC_047563.1 18700247 18734234,3,-0.1573997481559868,0.5909936557919303
NC_047568.1,3872312,NC_047568.1 3859572 3883642,3,0.15728349901645206,0.5912712744106396
NC_047563.1,41555243,NC_047563.1 41552196 41576093,3,-0.1572492825970912,0.5913529977499754
NC_047565.1,28981080,NC_047565.1 28976220 29016373,6,0.15720750821943694,0.591452778815719
NC_047559.1,8229253,NC_047559.1 8181461 8243209,9,0.15716645144445945,0.5915508523835544
NC_047561.1,18210653,NC_047561.1 18210288 18215311,3,0.15703285833141364,0.5918700152194318
NC_047560.1,1062496,NC_047560.1 952228 1063793,3,-0.1570089117808567,0.5919272323796245
NC_047565.1,59513538,NC_047565.1 59508371 59522643,4,0.15697146204347148,0.5920167180659619
NC_047560.1,65904685,NC_047560.1 65903272 65905916,13,-0.15689787975117123,0.5921925577559866
NC_047566.1,4722053,NC_047566.1 4715926 4746395,3,-0.15662125051446427,0.5928538051154266
NC_047568.1,39928686,NC_047568.1 39922090 39957908,5,-0.15658494077290191,0.5929406207995307
NC_047565.1,51263743,NC_047565.1 51260079 51267754,8,0.15654000553259614,0.5930480668413727
NC_047567.1,18187488,NC_047567.1 18187230 18209754,8,-0.15652289761232324,0.5930889761548437
NC_047561.1,47129864,NC_047561.1 47117211 47186158,4,-0.1564418849018254,0.5932827130428104
NC_047568.1,18877033,NC_047568.1 18874691 18878718,15,0.15640622984932456,0.5933679878739272
NC_047563.1,63831006,NC_047563.1 63830866 63833860,9,-0.1563753744480681,0.5934417874967107
NC_047567.1,18985521,NC_047567.1 18951445 18990086,6,-0.15637492218034488,0.5934428692530187
NC_047561.1,49758750,NC_047561.1 49734890 49767198,5,0.15633152653923377,0.5935466687410547
NC_047565.1,55954472,NC_047565.1 55952766 55955568,6,-0.1563178997400425,0.5935792646279556
NC_047568.1,51406825,NC_047568.1 51406768 51423313,9,-0.15631686614330192,0.5935817370646381
NC_047564.1,4309149,NC_047564.1 4269572 4310412,10,-0.15629931746878403,0.5936237153631552
NC_047559.1,1264988,NC_047559.1 1263895 1266021,4,-0.15629796200360602,0.5936269578293321
NC_047562.1,38419229,NC_047562.1 38416039 38422819,16,-0.15620133910001605,0.5938581117441977
NC_047562.1,17903164,NC_047562.1 17474372 18067122,9,0.1561128508042115,0.5940698363625359
NC_047562.1,49759694,NC_047562.1 49741437 49759695,6,-0.15605212995454287,0.5942151395747204
NC_047568.1,38644868,NC_047568.1 38644204 38648617,8,0.15605183554533378,0.5942158441217048
NC_047564.1,38391488,NC_047564.1 38370960 38400469,4,0.15604028735418188,0.59424348021479
NC_047563.1,61502059,NC_047563.1 61501311 61505453,5,0.15598590624747782,0.5943736270522277
NC_047568.1,27283990,NC_047568.1 27245528 27291927,5,0.15597572316678165,0.5943979988283221
NC_047568.1,21651458,NC_047568.1 21644375 21667283,13,-0.15590678813071523,0.5945629956061927
NC_047559.1,29081339,NC_047559.1 29078469 29082613,3,0.15582888161530775,0.5947494875974307
NC_047561.1,34290709,NC_047561.1 34270972 34291569,10,-0.1557695149948305,0.5948916145163408
NC_047565.1,41593632,NC_047565.1 41592554 41614948,3,0.1557678050460342,0.5948957084263855
NC_047568.1,17103933,NC_047568.1 17101661 17107382,5,0.15575391817207437,0.5949289563930363
NC_047567.1,3134905,NC_047567.1 3112592 3138540,5,-0.1555515581928472,0.5954135304387635
NC_047568.1,54300456,NC_047568.1 54290688 54329672,3,0.15545325042531705,0.5956489960321862
NC_047564.1,7085569,NC_047564.1 7084002 7086153,5,-0.15524071169406314,0.5961581922965506
NC_047560.1,4673188,NC_047560.1 4649980 4687264,5,0.1551875743018772,0.5962855247667437
NC_047561.1,53672965,NC_047561.1 53668819 53676230,15,-0.15509477529077834,0.5965079236814217
NC_047568.1,25456267,NC_047568.1 25214702 25590980,8,-0.15500775588134125,0.5967165012018518
NC_047562.1,51937052,NC_047562.1 51932017 51947794,17,-0.1549541823918023,0.5968449262671827
NC_047559.1,36352861,NC_047559.1 36343544 36353973,3,-0.1549179362858986,0.5969318207458755
NC_047561.1,47595133,NC_047561.1 47588647 47599246,3,0.15483250237056695,0.5971366552299682
NC_047563.1,55435722,NC_047563.1 55427220 55445219,5,-0.1547925231031456,0.5972325181822549
NC_047566.1,4553046,NC_047566.1 4542552 4554464,4,-0.15472289631572614,0.5973994849611595
NC_047568.1,17876994,NC_047568.1 17874007 17878633,10,0.1546050365897013,0.5976821575316595
NC_047568.1,15986640,NC_047568.1 15971843 15992335,4,-0.1545763575530385,0.5977509487831609
NC_047565.1,52784771,NC_047565.1 52741742 52794894,3,-0.15455308308501164,0.5978067786099396
NC_047560.1,66670949,NC_047560.1 66594950 66708682,4,0.15452044477901847,0.597885073487697
NC_047568.1,52304748,NC_047568.1 52291357 52326068,5,0.1544782799987348,0.5979862270763272
NC_047567.1,4178220,NC_047567.1 4173849 4197506,6,-0.15445104628852185,0.5980515645163527
NC_047560.1,3363856,NC_047560.1 3218183 3644996,6,-0.15443135602004346,0.5980988059493555
NW_022994955.1,354351,NW_022994955.1 348766 364060,13,-0.15441353314628992,0.5981415683465445
NC_047561.1,9593540,NC_047561.1 9575967 9608647,7,0.1543818568456576,0.598217572227759
NC_047565.1,14317932,NC_047565.1 14313458 14321434,6,0.15430415213285165,0.5984040324657143
NC_047563.1,39525056,NC_047563.1 39486038 39676714,5,-0.15429299515526146,0.5984308066310194
NC_047560.1,70738458,NC_047560.1 70388123 71110591,7,0.15427749335121746,0.5984680081584794
NC_047567.1,6328760,NC_047567.1 6327744 6329023,3,-0.15423157433333187,0.5985782108488189
NC_047559.1,37731077,NC_047559.1 37729163 37731306,5,0.1542215132045338,0.5986023579788842
NC_047564.1,47195121,NC_047564.1 47168916 47238399,9,0.15418957556233237,0.5986790121992267
NC_047565.1,2519235,NC_047565.1 2504700 2522642,4,-0.15407552466022323,0.5989527797720546
NC_047563.1,42526491,NC_047563.1 42526242 42532521,5,0.15400067849643512,0.5991324671486628
NC_047566.1,38017862,NC_047566.1 38012773 38021478,7,0.15395287663659507,0.599247238852747
NC_047561.1,11893902,NC_047561.1 11892752 11908667,17,0.15390472034461533,0.5993628702923866
NC_047566.1,36157665,NC_047566.1 36129426 36164224,12,0.15387866760022076,0.599425431017804
NC_047561.1,24041364,NC_047561.1 24028619 24044342,10,-0.15384554323642968,0.5995049766056916
NC_047566.1,49102384,NC_047566.1 49101879 49116738,12,-0.15377116457591344,0.5996836063119854
NC_047560.1,28489541,NC_047560.1 28487578 28490340,7,0.15366386903788765,0.5999413269042204
NC_047562.1,47541742,NC_047562.1 47540673 47564186,11,0.15349926259236707,0.6003367911328444
NC_047563.1,18405330,NC_047563.1 18403130 18406256,5,-0.15344929163693558,0.6004568657716067
NC_047564.1,29321971,NC_047564.1 29321508 29332315,4,0.15337865360797856,0.600626617171159
NC_047559.1,3624348,NC_047559.1 3605784 3628135,9,-0.15330147829845606,0.600812099947044
NC_047561.1,3723952,NC_047561.1 3696117 3751773,6,0.1532919387277691,0.6008350288672428
NC_047560.1,66525301,NC_047560.1 66524951 66686620,3,-0.15324352009464517,0.6009514111985439
NC_047566.1,29575727,NC_047566.1 29571126 29577760,10,0.15320019295436987,0.6010555627675735
NC_047561.1,48938180,NC_047561.1 48933071 48939211,3,0.15316138370056478,0.60114886006542545
NC_047564.1,42358197,NC_047564.1 42355508 42360017,10,-0.1531498460529758,0.6011765976213246
NC_047568.1,51797565,NC_047568.1 51772467 51803461,9,0.15314347174527224,0.6011919222529951
NC_047568.1,42627051,NC_047568.1 42625962 42629019,4,0.15313269466100168,0.6012178320577443
NC_047563.1,8266394,NC_047563.1 8264079 8270003,3,0.15309986000591913,0.6012967744293474
NC_047568.1,56824776,NC_047568.1 56810577 56860161,9,0.1530122184898644,0.6015075055135093
NC_047564.1,56336412,NC_047564.1 56334319 56337169,5,-0.15301061071595004,0.6015113716222823
NC_047561.1,50106630,NC_047561.1 50086480 50121986,5,0.15299309027280122,0.6015535025172734
NC_047568.1,33202439,NC_047568.1 33200032 33209745,3,-0.15298108159118753,0.6015823801091479
NC_047566.1,20178847,NC_047566.1 20166450 20180938,3,-0.15296925471799538,0.601610821032494
NC_047566.1,5824987,NC_047566.1 5824674 5837568,11,0.152959654558392,0.6016339076066772
NC_047561.1,7828915,NC_047561.1 7828041 7833604,16,-0.1529552269346854,0.60164455532404
NC_047559.1,28721172,NC_047559.1 28705954 28729110,6,-0.15289226928902308,0.6017959662459802
NC_047561.1,22505676,NC_047561.1 22499249 22514856,3,-0.1528240133025534,0.6019601363517153
NC_047566.1,26485261,NC_047566.1 26482060 26488848,16,0.15276447439779695,0.6021033543487635
NC_047559.1,27181505,NC_047559.1 27168478 27216487,4,0.1527324495988061,0.6021803939929515
NC_047561.1,2449173,NC_047561.1 2442714 2451136,16,-0.15262310554477496,0.6024434638113181
NC_047559.1,30081722,NC_047559.1 30079128 30089800,11,0.15257561703207315,0.6025577299745126
NC_047559.1,10442411,NC_047559.1 10437972 10443376,3,-0.1525626323271684,0.6025889750570116
NC_047559.1,3853592,NC_047559.1 3838453 3860358,5,0.15246096910105925,0.6028336290777956
NC_047561.1,17705947,NC_047561.1 17704756 17706783,17,0.15242641371352247,0.6029167959589752
NC_047561.1,42576739,NC_047561.1 42572759 42580209,4,-0.15239595161485325,0.6029901149534433
NC_047564.1,30321137,NC_047564.1 30316734 30347307,3,-0.15238636859721838,0.6030131809665582
NW_022994934.1,102833,NW_022994934.1 94588 122209,6,-0.15236861161436088,0.6030559223607581
NC_047568.1,4561243,NC_047568.1 4552296 4561695,8,-0.15235665022586262,0.6030847143168849
NC_047565.1,49244168,NC_047565.1 49243963 49251612,10,0.15234844047431137,0.6031044761133543
NC_047562.1,42612159,NC_047562.1 42605640 42621531,4,0.15227777705848916,0.6032745813737286
NC_047563.1,20845956,NC_047563.1 20833778 20859000,5,-0.15222915948563018,0.6033916274262096
NC_047564.1,3774086,NC_047564.1 3767275 3774199,5,-0.15211419754672922,0.6036684317853924
NC_047566.1,27143850,NC_047566.1 27116040 27161692,6,-0.1520891361438849,0.6037287809939613
NC_047566.1,57588405,NC_047566.1 57587052 57588878,4,-0.15201708078890377,0.6039023072885927
NC_047565.1,38604547,NC_047565.1 38595105 38611951,5,0.15193544523291552,0.6040989284778749
NC_047568.1,28185300,NC_047568.1 28159145 28208315,4,-0.15190376857539387,0.6041752291888594
NC_047565.1,48152703,NC_047565.1 48150933 48170802,9,-0.15187877506239333,0.6042354346204034
NC_047565.1,53869895,NC_047565.1 53799802 53902085,10,-0.15185512019206576,0.6042924176276525
NC_047567.1,14607357,NC_047567.1 14607210 14614252,17,-0.15183831965429323,0.6043328902767962
NC_047565.1,49157480,NC_047565.1 49155589 49194710,3,0.1518288453637395,0.6043557143954215
NC_047564.1,19084958,NC_047564.1 19084348 19123477,12,-0.15179718459436756,0.6044319894736865
NC_047565.1,40431694,NC_047565.1 40424058 40445833,10,0.15173889181527947,0.6045724344815486
NC_047568.1,22488753,NC_047568.1 22488388 22495438,6,-0.15172086523568945,0.6046158685606918
NC_047564.1,5629537,NC_047564.1 5620052 5630214,7,0.15169004842531886,0.6046901228326773
NC_047565.1,13216300,NC_047565.1 13119330 13220090,6,-0.15168432184604286,0.6047039216338517
NW_022994922.1,81000,NW_022994922.1 70949 82299,6,0.15167792945855565,0.6047193249155577
NC_047564.1,49391262,NC_047564.1 49366001 49396142,3,-0.15164136223595254,0.6048074412905775
NC_047559.1,12883128,NC_047559.1 12867784 12891979,9,0.15157511676523336,0.6049670863514183
NC_047563.1,6098529,NC_047563.1 6081452 6120772,4,0.15149347070489705,0.6051638678891884
NC_047564.1,19258504,NC_047564.1 19258203 19260570,4,-0.151296387914796,0.6056389751202913
NC_047561.1,41594808,NC_047561.1 41586414 41606152,5,-0.15123961867994662,0.6057758555495718
NC_047565.1,36480907,NC_047565.1 36480487 36482035,7,-0.15123458923457014,0.605787982991019
NC_047563.1,189691,NC_047563.1 175641 457526,6,-0.1512045247234796,0.6058604791555556
NC_047566.1,54511707,NC_047566.1 54510097 54512095,5,0.15119650795244544,0.60587981099419
NC_047568.1,37136011,NC_047568.1 37135625 37140115,4,0.15110772229750313,0.6060939269362453
NC_047564.1,36453830,NC_047564.1 36453324 36456527,11,0.1510003414700902,0.6063529263709294
NC_047562.1,36290817,NC_047562.1 36288253 36291647,3,0.15099957057516383,0.6063547859024978
NC_047561.1,50637086,NC_047561.1 50630040 50638893,3,-0.1509634760977263,0.6064418544893413
NC_047566.1,3957953,NC_047566.1 3911431 3984108,6,-0.1508791057993745,0.606645394938526
NC_047568.1,2031362,NC_047568.1 2030417 2038572,8,0.15085734383187913,0.6066978992403702
NC_047567.1,30997355,NC_047567.1 30934340 31071743,12,-0.1508386220686381,0.6067430699642293
NC_047561.1,14529938,NC_047561.1 14525813 14537466,4,-0.15082145319772233,0.6067844951119925
NC_047564.1,32147924,NC_047564.1 32147381 32151124,9,-0.15080070405012336,0.6068345602362238
NC_047560.1,53730807,NC_047560.1 53728246 53730919,7,0.15075320374820317,0.6069491786188477
NC_047565.1,56226071,NC_047565.1 56213017 56240235,5,-0.15075286569679358,0.6069499943680973
NC_047565.1,47020100,NC_047565.1 47013506 47035252,5,0.1506550784505503,0.607185981873773
NC_047563.1,2986383,NC_047563.1 2985423 2997449,7,0.15064480647186868,0.6072107730471054
NC_047567.1,24125713,NC_047567.1 24125439 24126353,8,-0.150579584551927,0.607368193739225
NW_022994970.1,35450,NW_022994970.1 27000 35967,5,-0.15057257427306905,0.6073851148045394
NC_047564.1,6683593,NC_047564.1 6668310 6708001,5,-0.1504506038857385,0.6076795501546165
NC_047562.1,38782729,NC_047562.1 38777270 38784581,9,-0.1503782839588769,0.6078541558788255
NC_047568.1,18698638,NC_047568.1 18673990 18711170,7,0.1503613473509696,0.6078950496117743
NC_047559.1,2123479,NC_047559.1 2091473 2156950,6,-0.15029906771124765,0.6080454340420562
NC_047568.1,12840542,NC_047568.1 12833942 12842872,15,0.15028641815787278,0.6080759802284681
NC_047566.1,49690206,NC_047566.1 49688350 49710266,7,0.15016348470649327,0.6083728713009817
NC_047568.1,10025531,NC_047568.1 10006693 10031886,7,0.14999140471004674,0.6087885481694901
NC_047564.1,31840256,NC_047564.1 31838209 31847390,10,-0.1499073162939442,0.6089917122901407
NC_047563.1,6098557,NC_047563.1 6081452 6120772,6,0.14984638971070702,0.609138931999859
NC_047562.1,13840592,NC_047562.1 13839599 13844144,4,-0.14980883581281146,0.6092296820631671
NC_047568.1,4083973,NC_047568.1 4082135 4090392,5,0.14977604441316905,0.6093089276852546
NC_047566.1,40134427,NC_047566.1 40121555 40150073,13,0.14976687260510915,0.6093310935278179
NC_047559.1,49821482,NC_047559.1 49819012 49834306,11,-0.1497664736918908,0.6093320576029886
NC_047560.1,53729657,NC_047560.1 53728246 53730919,8,-0.14968518802299027,0.6095285173697967
NC_047562.1,13836096,NC_047562.1 13835334 13836699,6,-0.14967231294484945,0.609559637458468
NC_047566.1,39564595,NC_047566.1 39549711 39612297,10,0.1496317037515672,0.6096577971295616
NC_047560.1,44471101,NC_047560.1 43984502 44478438,8,0.1495521292245438,0.6098501606601745
NC_047565.1,57950253,NC_047565.1 57918754 57961599,10,-0.1494997497909534,0.6099767955293824
NC_047568.1,19504939,NC_047568.1 19478101 19505745,4,0.14949553039558314,0.6099869969704799
NC_047567.1,16703525,NC_047567.1 16701847 16704816,13,0.1494790068615577,0.6100269473703696
NW_022994960.1,59055,NW_022994960.1 46117 68503,5,-0.14942347213542048,0.6101612259529037
NC_047564.1,19603015,NC_047564.1 19602655 19617071,4,0.1493744861255391,0.6102796797176157
NC_047568.1,5405317,NC_047568.1 5361939 5427662,3,-0.14936662473036663,0.6102986902943159
NC_047563.1,67520904,NC_047563.1 67505289 67525234,6,-0.14935145971728642,0.6103353632650652
NC_047568.1,13648752,NC_047568.1 13648674 13658665,3,0.14931104770880324,0.6104330942268692
NC_047560.1,46244665,NC_047560.1 46242635 46254182,17,0.14926906884424018,0.610534620804609
NC_047562.1,41436563,NC_047562.1 41427824 41442542,6,-0.1492690201508856,0.61053473857407
NW_022994978.1,93780,NW_022994978.1 77504 105679,8,-0.1492019869686533,0.6106968729358855
NC_047559.1,35563858,NC_047559.1 35562201 35567860,8,-0.14919153062548643,0.6107221653764405
NC_047561.1,34942106,NC_047561.1 34940349 34942956,5,-0.14902841158355384,0.6111167798999657
NC_047562.1,9986769,NC_047562.1 9910420 10048132,5,0.14900504129136177,0.6111733249099784
NC_047568.1,50480828,NC_047568.1 50477425 50514558,4,-0.14900037679592215,0.6111846110151535
NC_047568.1,47509396,NC_047568.1 47504835 47510119,17,0.14898342300200093,0.6112256326980756
NC_047565.1,6153380,NC_047565.1 6151868 6160300,4,-0.14875380289189022,0.6117813296783267
NC_047565.1,8194877,NC_047565.1 8112739 8229257,7,-0.14872256617255675,0.6118569397650981
NC_047565.1,28681817,NC_047565.1 28663556 28686842,5,-0.14870994071341467,0.6118875013581146
NC_047560.1,70170071,NC_047560.1 70130124 70184488,10,0.14869766141280474,0.6119172255915142
NC_047568.1,43734110,NC_047568.1 43733411 43794746,6,-0.14867078712317638,0.6119822815309266
NC_047561.1,9220498,NC_047561.1 9219779 9221802,6,-0.1486163644018377,0.6121140334805747
NC_047567.1,34529993,NC_047567.1 34529685 34555816,6,0.14859057483538618,0.6121764712399445
NC_047562.1,45523167,NC_047562.1 45514446 45549498,3,-0.14842457032326153,0.6125784345583563
NC_047564.1,4050889,NC_047564.1 4044549 4061191,3,-0.14834359082283488,0.6127745550778196
NC_047559.1,41135245,NC_047559.1 41130725 41138012,3,-0.1483134381628652,0.6128475865709432
NC_047561.1,22996842,NC_047561.1 22995803 23005909,3,-0.14818043656660354,0.613169764004573
NC_047560.1,16707088,NC_047560.1 16699364 16708127,8,0.1481557672462322,0.6132295290611078
NC_047565.1,17203868,NC_047565.1 17193017 17205236,11,-0.14814571755812544,0.6132538765487417
NC_047559.1,963361,NC_047559.1 957260 965944,14,-0.14811804092891886,0.6133209309322376
NC_047560.1,27323512,NC_047560.1 27299948 27434017,3,-0.14807092113439854,0.613435098293166
NC_047563.1,10731559,NC_047563.1 10687222 10762113,3,-0.14799314875415834,0.6136235521453177
NC_047564.1,53131483,NC_047564.1 53128860 53140395,9,-0.14795894080905767,0.6137064500227305
NC_047568.1,47042869,NC_047568.1 47028599 47043169,10,-0.1479429664877687,0.6137451628886785
NC_047564.1,32853276,NC_047564.1 32823698 32879416,3,0.1479003141310769,0.6138485330503358
NC_047565.1,28545106,NC_047565.1 28526117 28566194,7,0.14784096149357537,0.6139923882874764
NC_047566.1,21691206,NC_047566.1 21685457 21696138,5,-0.1478279460867003,0.614023935947917
NC_047564.1,28686743,NC_047564.1 28634556 28742989,14,0.1477879153385326,0.6141209691856964
NC_047561.1,53564987,NC_047561.1 53564060 53568814,8,-0.14777231686877154,0.6141587809605552
NC_047562.1,38540581,NC_047562.1 38538714 38551464,17,-0.14776916489951336,0.6141664216613314
NC_047564.1,1652946,NC_047564.1 1645740 1657686,15,-0.1477477872003401,0.6142182443840806
NC_047561.1,51356316,NC_047561.1 51353930 51359112,8,-0.14773079449696364,0.6142594384184732
NC_047565.1,61720203,NC_047565.1 61670769 61721276,14,-0.14770764071561687,0.6143155699567776
NC_047559.1,3186569,NC_047559.1 3183918 3190790,8,0.14769757058859345,0.614339983502534
NC_047566.1,57106921,NC_047566.1 57105285 57115715,4,0.1476778221050022,0.6143878618818386
NW_022994852.1,150300,NW_022994852.1 143158 156318,3,-0.14766774355930395,0.6144122969376432
NC_047564.1,19449002,NC_047564.1 19428620 19450042,12,0.14765503532160015,0.6144431081129513
NC_047564.1,35883817,NC_047564.1 35861265 35887615,3,-0.14762772823043857,0.6145093162687887
NC_047561.1,51531777,NC_047561.1 51530242 51533692,11,0.14760697195804787,0.6145596432827893
NC_047561.1,47303314,NC_047561.1 47302605 47304251,8,0.14759278370779041,0.6145940459482684
NC_047560.1,50403004,NC_047560.1 50402679 50404628,3,0.1475848264690458,0.6146133404201879
NC_047559.1,10977011,NC_047559.1 10944328 10981619,4,0.14752257552858278,0.6147642926119867
NC_047562.1,31651473,NC_047562.1 31649110 31651774,5,0.1475038349597416,0.6148097393587233
NC_047566.1,49690206,NC_047566.1 49688414 49693896,7,-0.14748558868387504,0.6148539886560064
NC_047561.1,49760888,NC_047561.1 49734890 49767198,5,-0.14747872848384388,0.6148706257373564
NC_047561.1,57994297,NC_047561.1 57993358 57996906,12,0.14744910616982496,0.6149424665580628
NC_047566.1,51776185,NC_047566.1 51774775 51777179,4,-0.1474280738274689,0.6149934766992355
NC_047561.1,14918202,NC_047561.1 14896619 15003700,3,0.14725955154016152,0.6154022553813233
NC_047568.1,40306306,NC_047568.1 40306193 40312023,4,-0.1472417904060021,0.6154453439926397
NC_047565.1,53894939,NC_047565.1 53799802 53902085,13,0.14715580919452909,0.6156539511775674
NC_047568.1,37755694,NC_047568.1 37753354 37757610,8,-0.1471083179581279,0.6157691857452795
NC_047564.1,35785755,NC_047564.1 35779537 35801362,4,0.14710821423909687,0.6157694374221431
NC_047562.1,13142025,NC_047562.1 13137260 13177690,7,-0.1471043731416992,0.6157787579702003
NC_047560.1,9818904,NC_047560.1 9816201 9819775,16,0.1471041978513304,0.6157791833192789
NC_047562.1,48201316,NC_047562.1 48199825 48202751,3,0.14705952993509322,0.615887575455263
NC_047559.1,13311624,NC_047559.1 13308192 13313490,11,-0.1470410662726151,0.6159323819057573
NC_047561.1,46480543,NC_047561.1 46462626 46499059,3,-0.14703864713233633,0.6159382526147943
NC_047564.1,16029744,NC_047564.1 16014476 16038616,8,0.14697012161194886,0.6161045574955977
NW_022994955.1,130882,NW_022994955.1 129497 146085,17,-0.14689430023481548,0.6162885886729543
NC_047561.1,44359303,NC_047561.1 44356286 44361515,9,0.14677941351003768,0.6165674779089729
NC_047562.1,12114111,NC_047562.1 12107223 12119408,11,0.1466584756383492,0.6168611083268337
NC_047559.1,20898417,NC_047559.1 20895963 20898988,10,0.14664184693004728,0.6169014860680591
NC_047561.1,53512767,NC_047561.1 53512733 53524202,5,0.1466158696985888,0.6169645658573719
NC_047560.1,16756015,NC_047560.1 16729348 16776165,15,0.14652081151352375,0.6171954139353465
NC_047565.1,57508393,NC_047565.1 57501960 57512849,17,0.14641859437589927,0.6174436841401406
NC_047564.1,37856066,NC_047564.1 37851279 37912830,4,0.14637630566134896,0.6175464082363553
NC_047564.1,59468512,NC_047564.1 59466914 59469254,3,-0.1463044118202238,0.617721061464742
NC_047563.1,65799483,NC_047563.1 65666464 65809794,6,-0.14624549594813588,0.617864201034913
NC_047562.1,45658843,NC_047562.1 45626967 45662991,12,0.14612311404744788,0.6181615753236258
NC_047568.1,12897162,NC_047568.1 12888874 12910320,9,0.1460901858908778,0.6182415963294816
NC_047562.1,34678764,NC_047562.1 34674106 34684551,6,0.14608890928615037,0.6182446987747209
NC_047561.1,56022387,NC_047561.1 56012715 56027833,14,0.14600267800522027,0.6184542744496844
NC_047559.1,55102183,NC_047559.1 55083119 55111037,11,-0.14593852251095346,0.6186102148378754
NC_047566.1,44585409,NC_047566.1 44582742 44589929,9,-0.14590898024610502,0.618682027145824
NW_022994939.1,101187,NW_022994939.1 96668 123730,14,0.14589890557702045,0.6187065177056715
NC_047560.1,44268393,NC_047560.1 44263019 44274980,7,-0.14586669455847417,0.6187848220880318
NC_047568.1,22598104,NC_047568.1 22573519 22607147,10,-0.1458228541804673,0.618891403265182
NC_047566.1,21700095,NC_047566.1 21696220 21702498,4,0.14580579171022862,0.618932886043378
NC_047560.1,14020973,NC_047560.1 14018613 14022286,4,-0.14580298872526723,0.6189397008434872
NC_047561.1,53157722,NC_047561.1 53155028 53158215,13,-0.14579074314225013,0.6189694734384226
NC_047565.1,51707400,NC_047565.1 51697061 51710906,6,0.14578193301238881,0.6189908937775579
NC_047566.1,10093163,NC_047566.1 10084972 10094594,12,-0.14578024828920583,0.6189949899287563
NC_047566.1,1438805,NC_047566.1 1437068 1440917,5,0.14564469684542572,0.6193245965654293
NC_047564.1,3808835,NC_047564.1 3802156 3832279,7,0.1456250752071917,0.6193723140142784
NC_047561.1,2831678,NC_047561.1 2789962 2853802,3,-0.14556623738196423,0.6195154088334006
NC_047565.1,57560305,NC_047565.1 57555533 57560527,16,0.14549762501912222,0.6196822913464497
NC_047563.1,28969493,NC_047563.1 28954779 29008880,5,-0.14529817621413593,0.6201674976030738
NC_047566.1,8721376,NC_047566.1 8714770 8721924,9,-0.14528800962025692,0.620192234089957
NC_047564.1,44349482,NC_047564.1 44348338 44349619,5,-0.1450974709545626,0.6206559055062314
NC_047559.1,50459515,NC_047559.1 50431105 50464280,4,-0.1450216510110958,0.6208404480109531
NC_047565.1,11112420,NC_047565.1 11074464 11117202,4,-0.14500138965993825,0.6208897667846076
NC_047568.1,55730429,NC_047568.1 55730325 55741391,17,0.14484214279797666,0.6212774459531509
NC_047568.1,41381630,NC_047568.1 41381241 41384447,7,-0.1448126641595327,0.6213492203663791
NC_047561.1,44360334,NC_047561.1 44356286 44361515,5,0.1446922536953218,0.6216424275417697
NC_047559.1,28957664,NC_047559.1 28940269 28958208,16,0.14468294118624153,0.6216651062708591
NC_047568.1,17704506,NC_047568.1 17700239 17721270,5,-0.14457828147823074,0.6219200052449585
NC_047566.1,6434123,NC_047566.1 6432867 6435722,6,-0.14456934702000968,0.6219417669652081
NC_047568.1,4394959,NC_047568.1 4380992 4396499,3,-0.14451597651817355,0.622071767836176
NC_047566.1,5638525,NC_047566.1 5617295 5650849,3,0.14429865677467468,0.6226012250680557
NC_047563.1,4070484,NC_047563.1 4058937 4079024,4,-0.14428337037614067,0.6226384737876003
NC_047568.1,7031445,NC_047568.1 7003684 7052183,16,0.144143006646669,0.6229805405348885
NC_047560.1,71640131,NC_047560.1 71634750 71640627,5,-0.14408375097591167,0.6231249679692996
NC_047565.1,56102246,NC_047565.1 56100297 56104079,7,-0.14404756065139296,0.6232131830331297
NC_047564.1,54785555,NC_047564.1 54757522 54799325,15,0.1439266830437762,0.623507860068969
NC_047559.1,51880159,NC_047559.1 51870137 51881970,14,0.143924707808441,0.6235126757587346
NC_047563.1,9123624,NC_047563.1 9119932 9124160,3,0.14392304572599596,0.6235167279821185
NC_047564.1,15717341,NC_047564.1 15680917 15732828,8,-0.1439039277954142,0.6235633389721527
NC_047559.1,8142028,NC_047559.1 8141679 8154758,6,0.14386390791918355,0.6236609147580532
NC_047568.1,6758185,NC_047568.1 6754074 6771171,3,0.14378294517070275,0.6238583343042893
NC_047562.1,31642585,NC_047562.1 31606714 31647357,3,-0.1437804647086034,0.6238643830330398
NC_047560.1,44476792,NC_047560.1 43984502 44478438,6,-0.14376376518429868,0.6239051062172254
NC_047568.1,6758359,NC_047568.1 6754074 6771171,3,-0.14374186571201433,0.6239585114216756
NC_047564.1,42060431,NC_047564.1 42057592 42078668,17,0.1437390085498362,0.623965479174171
NC_047568.1,30003282,NC_047568.1 29969207 30013746,11,0.14372294800596422,0.6240046465161715
NC_047559.1,21294107,NC_047559.1 21251667 21313294,3,-0.14367863328580135,0.6241127229739036
NC_047563.1,15515390,NC_047563.1 15492112 15517798,5,0.14362288364179976,0.6242486973472567
NC_047561.1,12375780,NC_047561.1 12358069 12391042,4,0.14361837971053723,0.6242596830011145
NC_047565.1,20104175,NC_047565.1 20095724 20150190,4,-0.14355566228422695,0.6244126662176144
NC_047565.1,4956755,NC_047565.1 4952583 5005246,6,0.14353703705862492,0.624458100429014
NC_047559.1,53986514,NC_047559.1 53978838 53986943,15,-0.14351793565075163,0.6245046975234319
NC_047562.1,28192889,NC_047562.1 28192848 28195098,6,-0.14350175031556034,0.6245441819999815
NC_047568.1,24058906,NC_047568.1 24053258 24059980,6,0.14349598501633495,0.6245582467987734
NC_047562.1,13248056,NC_047562.1 13246768 13275546,3,0.1433036260130036,0.625027586394779
NC_047568.1,40717190,NC_047568.1 40713712 40717479,9,0.1432988035128344,0.6250393545828661
NC_047563.1,4167141,NC_047563.1 4135635 4174053,9,0.1432846412665651,0.6250739147252236
NC_047561.1,3601285,NC_047561.1 3598156 3606753,7,-0.14326308344143093,0.6251265236798398
NC_047563.1,41401331,NC_047563.1 41327485 41452447,14,-0.1432368933107618,0.6251904393810085
NC_047562.1,19559936,NC_047562.1 19532992 19575847,3,0.14317334121813113,0.6253455452542178
NC_047561.1,2797370,NC_047561.1 2789962 2853802,12,0.14316561231430996,0.6253644094770665
NC_047560.1,44458473,NC_047560.1 43984502 44478438,6,-0.1431047253600921,0.6255130259807322
NC_047561.1,26751930,NC_047561.1 26722841 26752012,12,0.14308963670332053,0.625549857316966
NC_047564.1,34615380,NC_047564.1 34608792 34626896,3,-0.1430868923465454,0.6255565563654818
NC_047560.1,44275207,NC_047560.1 43984502 44478438,4,-0.1430788063757274,0.6255762945933185
NC_047565.1,32386687,NC_047565.1 32386338 32391595,11,0.14304066152918452,0.6256694110674113
NC_047565.1,3284131,NC_047565.1 3282042 3291978,5,0.14293404560799947,0.6259297017428341
NC_047560.1,63714485,NC_047560.1 63713225 63715685,13,-0.14291781039954082,0.6259693417157941
NC_047562.1,39196038,NC_047562.1 39163129 39206208,13,-0.1429129052693857,0.6259813182928665
NC_047565.1,60270721,NC_047565.1 60264031 60281200,8,-0.14290780216011614,0.6259937783552384
NC_047561.1,28575432,NC_047561.1 28570909 28741658,5,-0.14290770391179589,0.6259940182452306
NC_047565.1,5178509,NC_047565.1 5174928 5189212,17,-0.14281376057373255,0.6262234126227618
NC_047559.1,10115583,NC_047559.1 10106809 10121309,10,0.14274873528359108,0.626382212224363
NC_047566.1,28026596,NC_047566.1 28015715 28034124,3,-0.14265681067720365,0.6266067288716214
NC_047559.1,51036377,NC_047559.1 51034263 51039585,7,0.14257020835963127,0.6268182738577206
NC_047566.1,13376011,NC_047566.1 13374347 13377276,6,0.14253527279228964,0.6269036191233328
NC_047562.1,42630557,NC_047562.1 42623755 42631750,13,-0.14250572607410752,0.6269758031751167
NC_047561.1,34917130,NC_047561.1 34913278 34918421,14,-0.1425003016082764,0.6269890557427911
NC_047565.1,57525387,NC_047565.1 57514782 57537244,4,-0.14249637627227377,0.6269986458363365
NC_047566.1,28596408,NC_047566.1 28590769 28619421,7,-0.14238203169555452,0.6272780281579008
NC_047567.1,13568699,NC_047567.1 13552033 13570005,5,-0.1423784746517701,0.6272867199589751
NW_022994948.1,438558,NW_022994948.1 435254 454105,13,-0.14235298882977138,0.6273489970584417
NC_047564.1,36350048,NC_047564.1 36343738 36355442,6,0.14224596352220448,0.6276105490413398
NC_047562.1,9293341,NC_047562.1 9261120 9307537,8,0.14221843931762557,0.6276778201733184
NC_047561.1,14794278,NC_047561.1 14773851 14817015,6,-0.14216279457805972,0.6278138281204872
NC_047568.1,37139294,NC_047568.1 37135625 37140115,12,0.14214796931072987,0.6278500661780033
NC_047568.1,42213498,NC_047568.1 42208938 42215534,13,-0.142023381215968,0.6281546331672687
NC_047568.1,16191171,NC_047568.1 16187721 16192005,6,-0.1420065333469032,0.6281958235466737
NC_047566.1,50015539,NC_047566.1 49983777 50028481,4,0.14193201101797145,0.6283780309351628
NC_047560.1,70781032,NC_047560.1 70690070 71346242,3,0.14175076829096103,0.6288212521917043
NC_047568.1,26147563,NC_047568.1 26075022 26164422,6,0.14170086380354893,0.6289433118702341
NC_047563.1,36926458,NC_047563.1 36894780 36929497,6,0.14166215185823125,0.6290380021598765
NC_047561.1,12259830,NC_047561.1 12251129 12273080,3,-0.14160958159815876,0.6291665986836359
NC_047568.1,26814569,NC_047568.1 26813737 26818451,13,0.1415479800650096,0.6293172997932504
NC_047563.1,18658020,NC_047563.1 18657833 18673928,4,-0.1415043650453967,0.6294240070619603
NC_047568.1,50670139,NC_047568.1 50579191 50674089,13,-0.1414986563159995,0.6294379743746474
NW_022994917.1,20405,NW_022994917.1 11508 21405,11,0.14146028287870518,0.6295318640682435
NC_047560.1,5614306,NC_047560.1 5609023 5627398,16,-0.14142541146861903,0.6296171897342637
NC_047562.1,20529934,NC_047562.1 20524687 20547301,7,-0.14133273305091826,0.6298439822679891
NC_047564.1,59299787,NC_047564.1 59296649 59304478,11,-0.14131111247878814,0.629896894139627
NC_047561.1,48849541,NC_047561.1 48842280 48850631,3,-0.14131083128698185,0.6298975823091915
NC_047565.1,11315755,NC_047565.1 11284951 11337318,3,-0.14125455189231165,0.6300353222602633
NC_047566.1,44594652,NC_047566.1 44591443 44601062,11,0.1412309382210121,0.6300931184258718
NC_047565.1,14705951,NC_047565.1 14700816 14710727,10,-0.14121641045967956,0.630128677147987
NC_047566.1,50003401,NC_047566.1 49983777 50028481,8,0.1410487179307513,0.6305391818698254
NC_047559.1,45137469,NC_047559.1 45129581 45139683,3,-0.14104482724712358,0.6305487072868996
NC_047563.1,27384541,NC_047563.1 27383877 27389222,4,0.14094531353196538,0.6307923611654409
NC_047564.1,7228740,NC_047564.1 7226446 7235314,5,0.14092077259407212,0.6308524536678557
NC_047566.1,53214542,NC_047566.1 53213789 53216116,7,0.140916931156956,0.6308618602471981
NC_047563.1,39915576,NC_047563.1 39899519 39927142,11,-0.14086989948990455,0.6309770315417204
NC_047564.1,55328103,NC_047564.1 55323384 55328510,3,0.14084949543775221,0.6310269994704825
NC_047563.1,8278958,NC_047563.1 8274037 8279388,6,-0.1408437842079632,0.6310409860882458
NC_047565.1,57788672,NC_047565.1 57778945 57807822,12,0.14081199229518568,0.6311188455562078
NC_047563.1,66591595,NC_047563.1 66591209 66592987,3,0.14067230808657843,0.6314609790279542
NC_047561.1,31591916,NC_047561.1 31584169 31600454,9,-0.14066415632798032,0.6314809475373839
NC_047565.1,17839807,NC_047565.1 17788562 17848716,7,-0.1406526166732321,0.6315092154206395
NC_047568.1,7074135,NC_047568.1 7072578 7082480,4,-0.14058679879154193,0.6316704538187428
NC_047565.1,59154926,NC_047565.1 59144510 59155711,5,-0.1405011576381896,0.6318802773777046
NC_047559.1,14770899,NC_047559.1 14770426 14773418,10,0.1404882917537319,0.6319118014309959
NC_047568.1,40364581,NC_047568.1 40354886 40368555,7,-0.14037565896776247,0.6321877996500985
NC_047565.1,37470408,NC_047565.1 37460628 37513316,3,-0.1402880387411566,0.632402537251344
NC_047564.1,7003403,NC_047564.1 7002838 7004591,13,0.1402804642874452,0.6324211018099741
NC_047564.1,6044604,NC_047564.1 6041551 6048423,5,0.14027246157033704,0.6324407162366281
NC_047560.1,47539965,NC_047560.1 47539520 47545563,4,0.1402617498910423,0.6324669706022529
NC_047565.1,51403433,NC_047565.1 51384882 51407354,8,0.14025965337728388,0.6324721092123244
NC_047566.1,44023945,NC_047566.1 44023171 44025373,5,-0.14024222491619037,0.6325148274230783
NC_047561.1,45924305,NC_047561.1 45922887 45925638,7,0.14016109021770834,0.6327137074877722
NC_047559.1,49492738,NC_047559.1 49472377 49504021,4,-0.1401291702545181,0.6327919570849142
NC_047560.1,63649814,NC_047560.1 63643674 63650273,5,-0.1400807140772554,0.6329107508983951
NC_047562.1,34608821,NC_047562.1 34607711 34616124,3,0.14007476213366202,0.6329253430846502
NC_047565.1,45145215,NC_047565.1 45133451 45159065,13,-0.14003909166219994,0.6330127978179758
NC_047562.1,9071641,NC_047562.1 9070587 9074659,3,-0.1400341855564018,0.6330248266640184
NC_047564.1,36866099,NC_047564.1 36865901 36872196,5,-0.13994159406907705,0.6332518593311799
NC_047563.1,10555588,NC_047563.1 10543631 10556592,10,0.1398876142869037,0.6333842306367709
NC_047560.1,70764299,NC_047560.1 70388123 71110591,4,-0.13978918151243389,0.6336256375302574
NC_047562.1,27087777,NC_047562.1 27083765 27118285,6,0.1397125494699297,0.6338136014722945
NC_047568.1,16190484,NC_047568.1 16187721 16192005,17,-0.13968676058087273,0.633876861368118
NC_047559.1,53739727,NC_047559.1 53737104 53740453,4,-0.13966571525620888,0.6339284870685967
NC_047565.1,52770690,NC_047565.1 52741742 52794894,16,0.13964707391606263,0.633974216914106
NW_022994955.1,96502,NW_022994955.1 64926 121353,3,0.13963773021344458,0.6339971387957638
NC_047567.1,10841571,NC_047567.1 10781973 10852642,3,0.13963367076466535,0.6340070974916261
NC_047564.1,39917674,NC_047564.1 39913886 39919729,6,0.13960348556655386,0.6340811500424691
NC_047561.1,3687231,NC_047561.1 3685562 3689617,4,-0.1395744729395666,0.6341523289550799
NW_022994910.1,33688,NW_022994910.1 27162 47107,5,0.13955086411473577,0.6342102524729867
NC_047559.1,50413278,NC_047559.1 50370066 50421410,4,0.13953599027598365,0.6342467459734248
NC_047559.1,15705229,NC_047559.1 15702152 15708494,14,0.1395266632383713,0.6342696305910533
NC_047564.1,50371829,NC_047564.1 50369868 50373179,9,-0.13947806647207087,0.6343888714786924
NC_047563.1,26537403,NC_047563.1 26532098 26541686,3,-0.13942362102971448,0.6345224729333501
NW_022994945.1,27277,NW_022994945.1 25522 28991,8,0.13933340533087166,0.634743872331025
NC_047559.1,6122875,NC_047559.1 6122209 6126494,16,-0.1392640077470123,0.6349142010650908
NC_047565.1,5586883,NC_047565.1 5586350 5587791,8,0.13917611351378065,0.6351299518850964
NC_047564.1,27941483,NC_047564.1 27932990 27956978,3,-0.13907497513435052,0.6353782459389706
NC_047566.1,50566012,NC_047566.1 50546695 50578009,14,0.13907015651402613,0.6353900765090952
NC_047564.1,54849378,NC_047564.1 54844901 54856049,3,0.1390639974967377,0.6354051981099256
NC_047565.1,16661562,NC_047565.1 16647669 16667148,5,0.13892724866485773,0.6357409774440396
NC_047562.1,13261847,NC_047562.1 13246768 13275546,3,0.13889940609084483,0.6358093513459793
NC_047560.1,70787381,NC_047560.1 70690070 71346242,4,0.1387451734272426,0.6361881542687648
NW_022994842.1,293702,NW_022994842.1 290379 299419,6,0.13866519224219218,0.6363846245012209
NC_047564.1,5933349,NC_047564.1 5932923 5951661,9,0.1386113747541144,0.6365168372784025
NC_047560.1,53493148,NC_047560.1 53481736 53503637,5,0.13860177336722815,0.6365404259475427
NC_047566.1,556518,NC_047566.1 548236 559326,3,-0.13858170481137272,0.6365897313712221
NW_022994990.1,14691,NW_022994990.1 8802 28423,5,0.1385440067014709,0.6366823537376866
NC_047564.1,21826961,NC_047564.1 21812670 21831281,9,0.1384325970803504,0.6369561104156227
NC_047561.1,19500916,NC_047561.1 19500706 19519718,8,-0.1383963704000281,0.6370451362019942
NC_047560.1,18809027,NC_047560.1 18807551 18945840,3,0.13838945320387278,0.6370621354844894
NC_047564.1,46252451,NC_047564.1 46252142 46264066,4,-0.1383457752928743,0.6371694795052363
NC_047564.1,2188095,NC_047564.1 2180582 2198425,5,0.13832559285747345,0.6372190826408127
NC_047568.1,56463012,NC_047568.1 56452179 56464082,6,-0.1382957964486847,0.6372923169835142
NC_047559.1,8218466,NC_047559.1 8181461 8243209,3,0.1382518417241164,0.6374003555980017
NC_047564.1,29853364,NC_047564.1 29849922 29855802,14,0.13817267034016875,0.6375949719647349
NC_047564.1,13755213,NC_047564.1 13714742 13772334,10,-0.1380637715743055,0.6378626986150089
NW_022994983.1,20313,NW_022994983.1 20086 24977,6,-0.13805638663638425,0.6378808559055662
NC_047561.1,21833929,NC_047561.1 21833687 21836640,5,0.1380510252603001,0.6378940379983008
NC_047568.1,13332318,NC_047568.1 13311416 13332809,13,-0.1380231660872202,0.637962537350266
NC_047565.1,29131278,NC_047565.1 29130724 29132249,5,-0.13802276166137925,0.6379635317609339
NC_047564.1,42017005,NC_047564.1 42013024 42020901,8,0.1379947754090672,0.6380323463144477
NC_047562.1,40496846,NC_047562.1 40490071 40523133,3,0.13796516064355568,0.6381051681203371
NC_047562.1,7735332,NC_047562.1 7734207 7737816,3,-0.1379379369807713,0.638172112953196
NC_047565.1,22677770,NC_047565.1 22676762 22678536,6,-0.13790444290966072,0.6382544806613701
NC_047563.1,24223206,NC_047563.1 24221282 24223441,5,0.13784865548741007,0.6383916801812105
NC_047564.1,58837456,NC_047564.1 58835275 58838270,6,0.13782549888685255,0.6384486329957784
NC_047559.1,17910048,NC_047559.1 17869013 17941775,3,-0.1378131689885459,0.6384789586869783
NC_047565.1,41282010,NC_047565.1 41278854 41282688,5,-0.13769569821211983,0.6387679073163781
NC_047566.1,50845320,NC_047566.1 50816539 50848619,7,-0.1376714021060899,0.6388276755871962
NC_047559.1,45584830,NC_047559.1 45582091 45585180,3,0.1375185908426681,0.6392036370545218
NC_047565.1,34581223,NC_047565.1 34569115 34783282,6,0.13745517307417038,0.6393596874071577
NC_047565.1,32698207,NC_047565.1 32693745 32751974,14,-0.1374477223772492,0.6393780220417425
NC_047565.1,53795993,NC_047565.1 53794799 53799754,9,-0.13744506109944513,0.6393845709461201
NC_047566.1,9099240,NC_047566.1 9096518 9107782,13,-0.13744180534894593,0.6393925827692504
NC_047568.1,45982750,NC_047568.1 45979369 45986239,5,-0.13730548378910273,0.6397280786789414
NC_047565.1,44879652,NC_047565.1 44866971 44879716,17,-0.13726719239599297,0.6398223277166126
NC_047565.1,33596497,NC_047565.1 33594733 33596845,9,-0.1372572512266724,0.6398467973736408
NC_047562.1,49680063,NC_047562.1 49673166 49685568,3,-0.13708689637831822,0.6402661695926524
NC_047562.1,49638908,NC_047562.1 49637922 49643786,5,0.13705845529936422,0.640336194341361
NC_047565.1,54412910,NC_047565.1 54404914 54424488,5,-0.13701017486793357,0.6404550719069992
NC_047565.1,60315830,NC_047565.1 60301595 60331352,9,-0.13698734543734073,0.6405112860252058
NC_047566.1,8241745,NC_047566.1 8240086 8247037,4,0.13698037655845646,0.6405284462223764
NC_047564.1,54400984,NC_047564.1 54363989 54410301,8,0.1369715248825018,0.6405502428677978
NC_047562.1,8688262,NC_047562.1 8681517 8692168,3,0.13686632051296646,0.6408093220365408
NC_047562.1,52165485,NC_047562.1 52163699 52170016,4,0.13684901741486108,0.6408519367624363
NC_047563.1,14693269,NC_047563.1 14689216 14694796,11,0.1368260813353431,0.6409084261934653
NC_047568.1,41172348,NC_047568.1 41166500 41181385,4,0.13675259090786118,0.641089438449482
NC_047559.1,8534072,NC_047559.1 8529541 8548063,5,-0.13659516902706173,0.6414772423451636
NC_047559.1,48182689,NC_047559.1 48178093 48182959,7,-0.13656769661139354,0.6415449284966819
NC_047563.1,7592686,NC_047563.1 7589050 7602893,14,-0.13650037762797196,0.6417107990006383
NC_047560.1,21042119,NC_047560.1 21033054 21066957,8,0.13647055051235263,0.6417842964413969
NC_047562.1,30361970,NC_047562.1 30358697 30369439,11,-0.13642961521224395,0.6418851706882269
NC_047568.1,40355843,NC_047568.1 40354886 40368555,4,0.13642900779639283,0.6418866675475592
NC_047565.1,60594669,NC_047565.1 60591812 60596843,6,-0.13634903130546824,0.6420837652376011
NC_047566.1,54847982,NC_047566.1 54828390 54864139,4,0.1363221229710456,0.6421500842814105
NC_047564.1,21960610,NC_047564.1 21954407 21960855,3,-0.13629732875373385,0.642211195006613
NC_047562.1,51333875,NC_047562.1 51333268 51339872,4,-0.13627276456613277,0.642271740848813
NC_047564.1,18494336,NC_047564.1 18490470 18512897,7,-0.13620088690208737,0.6424489168716747
NC_047561.1,45878909,NC_047561.1 45852176 45881638,9,0.1361738324691249,0.6425156097170026
NC_047565.1,9584442,NC_047565.1 9582102 9614386,5,-0.1361583570550128,0.6425537598365759
NC_047559.1,20379204,NC_047559.1 20375470 20399536,8,0.1361545044708401,0.6425632573864546
NC_047568.1,1904986,NC_047568.1 1901449 1924321,7,0.13613712727364172,0.6426060970026741
NC_047561.1,54030308,NC_047561.1 54028392 54036130,7,-0.13612018819740737,0.6426478575229408
NC_047564.1,43198813,NC_047564.1 43181328 43224256,3,0.13611375621028238,0.642663714791559
NC_047561.1,51684978,NC_047561.1 51683213 51720877,10,-0.13608749189536712,0.6427284676790783
NC_047563.1,9996122,NC_047563.1 9964510 10020501,4,-0.13605625782566697,0.6428054762296755
NC_047559.1,4187491,NC_047559.1 4185759 4209115,3,-0.13601899535158543,0.6428973523566909
NC_047559.1,44411508,NC_047559.1 44411136 44428991,7,0.13591108514785674,0.6431634476446938
NC_047559.1,21586099,NC_047559.1 21579623 21587044,7,0.1358797776517867,0.6432406561018998
NW_022994987.1,140496,NW_022994987.1 123012 150079,6,-0.13572856014495446,0.6436136257285718
NC_047564.1,19496719,NC_047564.1 19492881 19501585,7,-0.1356902903554259,0.6437080284203123
NC_047561.1,50685845,NC_047561.1 50685266 50689329,12,-0.1356312467350099,0.6438536851292518
NC_047564.1,53304846,NC_047564.1 53304650 53306695,13,0.1356126543227824,0.6438995538417003
NC_047565.1,38385791,NC_047565.1 38384809 38392514,6,0.1356077939972306,0.6439115447810267
NC_047567.1,8998077,NC_047567.1 8966856 8999331,17,-0.1355646931078737,0.6440178827750573
NC_047564.1,29784948,NC_047564.1 29777093 29786062,3,-0.13549986324505678,0.6441778421504795
NC_047561.1,12901604,NC_047561.1 12898789 12906718,6,0.13549877611609584,0.6441805246238751
NC_047568.1,39601329,NC_047568.1 39601166 39609707,9,-0.13549482057557916,0.6441902848910654
NC_047564.1,16615781,NC_047564.1 16611462 16625831,3,-0.13541731035438428,0.6443815515443019
NC_047566.1,19612849,NC_047566.1 19599118 19617007,7,-0.13529237995696017,0.6446898767554949
NC_047559.1,35665147,NC_047559.1 35663690 35666214,4,-0.13528955622406771,0.6446968462739454
NC_047561.1,55328887,NC_047561.1 55328009 55329854,4,0.13519974867857254,0.6449185227969021
NC_047561.1,16385548,NC_047561.1 16381546 16386051,9,-0.1351654794182613,0.6450031185798736
NC_047560.1,70780878,NC_047560.1 70690070 71346242,6,0.13512684673669695,0.6450984905235317
NW_022994949.1,117296,NW_022994949.1 103085 120679,15,-0.1350799260165116,0.6452143298486035
NC_047562.1,36290371,NC_047562.1 36288253 36291647,3,0.13507781361909565,0.6452195451766145
NC_047563.1,63831043,NC_047563.1 63830866 63833860,3,0.13504740536041643,0.6452946222382758
NC_047561.1,48056001,NC_047561.1 48047821 48087252,6,0.13501877309670493,0.6453653172932845
NC_047559.1,28384975,NC_047559.1 28383377 28385578,4,0.1349950545008095,0.6454238822681406
NC_047559.1,19619052,NC_047559.1 19613581 19626331,12,0.1349614379019993,0.6455068902538224
NC_047566.1,8909405,NC_047566.1 8903027 8930152,12,0.1348325393337809,0.6458252093529864
NC_047565.1,32718652,NC_047565.1 32693745 32751974,15,-0.13479820733831802,0.6459100028092566
NC_047562.1,30772975,NC_047562.1 30771634 30774153,15,-0.1347845783707005,0.6459436648584502
NC_047566.1,57595382,NC_047566.1 57594731 57610163,13,-0.1346987728322856,0.6461556095518382
NC_047568.1,27401598,NC_047568.1 27398029 27402426,3,-0.1346986436454024,0.646155928669802
NC_047560.1,16264131,NC_047560.1 16263868 16265714,16,0.13461437681991334,0.6463640969726856
NC_047563.1,38296660,NC_047563.1 38294920 38297969,7,0.13460999218619782,0.646374929197988
NC_047559.1,4786915,NC_047559.1 4700983 4796629,3,0.13454737517214832,0.6465296314595926
NC_047567.1,20290704,NC_047567.1 20255621 20294828,7,0.13454708901229775,0.646530338479641
NW_022994955.1,351126,NW_022994955.1 348766 364060,15,0.13451855021550477,0.6466008511665646
NC_047566.1,36957208,NC_047566.1 36947904 36958673,3,-0.13445051265997862,0.6467689671610504
NC_047565.1,21649894,NC_047565.1 21648646 21653643,10,0.1344406215502474,0.6467934086987877
NC_047564.1,30251944,NC_047564.1 30249352 30260642,6,0.1343090027486224,0.6471186783154066
NC_047559.1,543293,NC_047559.1 539808 544660,5,-0.13425947093267682,0.6472411014878939
NC_047566.1,5963981,NC_047566.1 5957845 5967145,5,-0.13424092565278842,0.6472869402609394
NC_047565.1,60317393,NC_047565.1 60306728 60350613,10,0.13410194553857202,0.6476304974210146
NC_047564.1,1172250,NC_047564.1 1155704 1181464,7,0.1340924165723217,0.6476540552996595
NC_047568.1,53328868,NC_047568.1 53328077 53374145,7,-0.1340535745026686,0.6477500853365334
NC_047561.1,35905332,NC_047561.1 35899963 35906555,5,0.13396074465719823,0.6479796110708362
NC_047560.1,5717512,NC_047560.1 5715897 5724575,17,0.1339477593935448,0.6480117200042387
NC_047565.1,5512603,NC_047565.1 5463391 5530511,15,-0.1339429339281655,0.6480236521784837
NC_047562.1,32284228,NC_047562.1 32281764 32295584,10,-0.13390462026030825,0.6481183951251631
NC_047565.1,55234730,NC_047565.1 55225819 55255999,17,-0.1338643849117862,0.6482178953775
NC_047565.1,61717237,NC_047565.1 61670769 61721276,7,0.13381841013534176,0.6483315956635733
NC_047565.1,36257424,NC_047565.1 36231600 36273618,3,0.13379351033557466,0.6483931783680492
NC_047559.1,31876358,NC_047559.1 31874857 31876534,6,-0.1336952180210283,0.6486362973683251
NC_047560.1,63007195,NC_047560.1 62653127 63119960,9,0.133590495224594,0.6488953574990497
NC_047560.1,52370073,NC_047560.1 52369407 52379377,6,-0.13346671215778869,0.6492016159461846
NC_047565.1,23171088,NC_047565.1 23168559 23173243,6,0.13341768183514022,0.6493229387927025
NC_047568.1,45374440,NC_047568.1 45366945 45375445,5,0.13329706397211857,0.6496214354699583
NC_047564.1,58620926,NC_047564.1 58616118 58625165,11,0.13328701634724519,0.6496463028367149
NC_047567.1,20664743,NC_047567.1 20661068 20665873,5,0.13328512052880456,0.6496509949301301
NC_047561.1,4097892,NC_047561.1 4094433 4111801,5,-0.13324190369790787,0.6497579585556534
NC_047564.1,57427565,NC_047564.1 57417761 57437483,5,-0.13323289387313492,0.649780259072473
NC_047567.1,29155932,NC_047567.1 29082988 29299162,17,0.13320824520069494,0.6498412692136808
NC_047561.1,25340966,NC_047561.1 25339788 25342273,5,-0.1331737250528996,0.6499267165575011
NC_047560.1,62881745,NC_047560.1 62653127 63119960,7,-0.13311500833474818,0.6500720665928834
NC_047559.1,9982627,NC_047559.1 9982422 9987008,4,-0.1331142988549344,0.650073822942222
NC_047564.1,23434067,NC_047564.1 23433446 23439330,8,-0.13309258374482244,0.6501275804953117
NC_047567.1,17969294,NC_047567.1 17955289 17973425,8,-0.13306284003044969,0.6502012160899648
NC_047568.1,34859853,NC_047568.1 34853080 34860370,6,0.1330578965637025,0.6502134547653959
NC_047559.1,41837413,NC_047559.1 41829812 41858928,3,-0.1329953493290004,0.6503683117373261
NC_047564.1,20956807,NC_047564.1 20944639 20963618,5,-0.1329645284418589,0.650444624159138
NC_047559.1,14542957,NC_047559.1 14540212 14554452,4,0.13291245880427377,0.650573555654108
NC_047563.1,62133826,NC_047563.1 62096434 62155776,16,-0.13289830584393067,0.6506086018764301
NC_047561.1,45250707,NC_047561.1 45217176 45268546,13,-0.13285143333648372,0.6507246745625439
NC_047563.1,5212229,NC_047563.1 5211725 5219031,7,-0.13278024436929567,0.6509009773622143
NC_047562.1,38453389,NC_047562.1 38451047 38456354,4,0.1327758103282547,0.6509119590331134
NC_047565.1,25639972,NC_047565.1 25626905 25683502,7,0.13272483384028938,0.6510382158651493
NC_047568.1,9194248,NC_047568.1 9192954 9196557,4,0.13270077007549697,0.6510978192010539
NC_047565.1,17300471,NC_047565.1 17295790 17304022,4,0.13269677290095971,0.6511077199565767
NC_047561.1,13535710,NC_047561.1 13531174 13578605,6,0.13268638461313298,0.6511334513566871
NC_047568.1,10919828,NC_047568.1 10912387 10932018,4,-0.13267371385566662,0.6511648368373979
NC_047568.1,29627743,NC_047568.1 29613759 29695073,7,0.13265136663114002,0.6512201922469547
NC_047565.1,52870226,NC_047565.1 52867192 52873869,5,0.1326333247616785,0.6512648842535982
NC_047564.1,34585577,NC_047564.1 34584540 34604464,3,0.1326329401519706,0.6512658369926407
NC_047564.1,7457767,NC_047564.1 7456805 7459592,5,-0.13247558709445298,0.6516556668796295
NC_047564.1,55096204,NC_047564.1 55088931 55106595,3,-0.1324752938633891,0.6516563934138917
NC_047565.1,4975960,NC_047565.1 4952583 5005246,14,-0.13246253954868326,0.6516879948684429
NC_047560.1,70766106,NC_047560.1 70388123 71110591,4,-0.13232158685325396,0.6520372705241182
NC_047563.1,61579772,NC_047563.1 61576798 61583642,6,0.13231016408151003,0.652065578642754
NC_047567.1,30969273,NC_047567.1 30934340 31071743,17,-0.132301802387915,0.6520863010184539
NW_022994890.1,119124,NW_022994890.1 103447 131448,13,0.13219223236384112,0.6523578645992136
NC_047560.1,70170071,NC_047560.1 70167979 70170504,10,-0.13204466275681948,0.652723671427787
NC_047563.1,62867230,NC_047563.1 62865288 62869889,7,-0.13193973115696897,0.6529838280436153
NC_047559.1,6537713,NC_047559.1 6533064 6544639,12,-0.13193259770265536,0.6530015153275703
NC_047559.1,29491537,NC_047559.1 29483056 29566974,15,0.13192450207013368,0.6530215885219711
NC_047564.1,46600428,NC_047564.1 46577131 46616684,14,0.13183395994901642,0.6532461033969588
NC_047568.1,50331639,NC_047568.1 50317358 50335766,6,-0.13178936269829647,0.6533567000331076
NC_047560.1,70166807,NC_047560.1 70130124 70184488,5,-0.13178387535564973,0.6533703085406648
NC_047565.1,54052781,NC_047565.1 54020182 54080189,9,-0.1317360580447335,0.6534888988194902
NC_047559.1,40534288,NC_047559.1 40531671 40571354,6,0.13167172668992463,0.6536484570771401
NC_047560.1,56538954,NC_047560.1 56520543 56542167,15,-0.13166328562005067,0.6536693941160504
NC_047566.1,11384769,NC_047566.1 11378826 11389532,3,-0.13162631187787938,0.6537611057404233
NC_047561.1,14800603,NC_047561.1 14773851 14817015,5,-0.13161284617261043,0.6537945079159271
NC_047565.1,32521482,NC_047565.1 32512786 32524772,8,0.13149738542865458,0.6540809372456803
NC_047564.1,3690223,NC_047564.1 3687697 3700263,4,0.13143357321431345,0.6542392584366423
NC_047562.1,6939270,NC_047562.1 6872449 6974232,4,-0.13139584775836916,0.6543328634739731
NC_047568.1,20650219,NC_047568.1 20610607 20657409,3,-0.1313258867444969,0.6545064644173062
NC_047564.1,49988529,NC_047564.1 49984569 49992179,10,0.1312168749847948,0.6547769980502933
NC_047565.1,54054453,NC_047565.1 54020182 54080189,3,0.13121133929187143,0.6547907369870458
NC_047565.1,12545151,NC_047565.1 12544932 12560246,7,-0.13120653275642502,0.6548026663233235
NC_047565.1,32252980,NC_047565.1 32233557 32270869,3,-0.1311929326552362,0.6548364208177395
NC_047565.1,21045704,NC_047565.1 21044242 21046074,4,-0.1311408611952842,0.6549656641826438
NC_047561.1,2620954,NC_047561.1 2619603 2623761,6,0.13113804629067571,0.6549726511399518
NC_047568.1,48531905,NC_047568.1 48528404 48539028,4,-0.13112550619490224,0.6550037775984128
NC_047568.1,1696050,NC_047568.1 1694627 1707662,8,-0.13104133962754771,0.6552127055201661
NC_047559.1,28079601,NC_047559.1 28065041 28195587,13,-0.1310411678888759,0.6552131318535999
NC_047563.1,26355605,NC_047563.1 26346390 26357608,9,-0.13095680804178852,0.6554225631324772
NC_047560.1,47677473,NC_047560.1 47676645 47679601,14,0.13093494761032884,0.6554768375570786
NC_047559.1,15230343,NC_047559.1 15229310 15250951,8,0.13091994000608886,0.6555140989025252
NC_047560.1,6842265,NC_047560.1 6809017 7204627,13,-0.13090822940417224,0.6555431748657061
NC_047567.1,17772151,NC_047567.1 17766198 17781658,6,-0.13087802139218704,0.655618179683473
NC_047559.1,51216910,NC_047559.1 51204892 51220090,5,-0.13078444765779626,0.6558505372198122
NC_047565.1,44568890,NC_047565.1 44562691 44573876,12,0.1306323002294717,0.6562284037317423
NC_047565.1,13152570,NC_047565.1 13119330 13220090,5,-0.13058620328888934,0.656342903107167
NW_022994991.1,206088,NW_022994991.1 204987 206458,15,-0.13056426868358284,0.6563973885476649
NC_047561.1,55980984,NC_047561.1 55980091 55987882,6,-0.13053444411105877,0.6564714751705661
NC_047566.1,700616,NC_047566.1 694442 703872,6,0.13042917598202777,0.6567329930727808
NC_047562.1,41858596,NC_047562.1 41851909 41872735,9,-0.13037787584716803,0.6568604513793017
NC_047564.1,46645811,NC_047564.1 46633689 46649169,3,-0.13037318659016658,0.6568721025563009
NC_047559.1,25464517,NC_047559.1 25463404 25465095,9,0.13036832230477838,0.6568841886946952
NC_047559.1,17861198,NC_047559.1 17832293 17867591,5,-0.13035968691101282,0.656905644980684
NC_047562.1,2711748,NC_047562.1 2708554 2768095,4,-0.13034954827963577,0.6569308366613731
NC_047565.1,28567056,NC_047565.1 28566326 28593273,4,-0.13027719691685088,0.6571106195168985
NC_047565.1,7298739,NC_047565.1 7297098 7303983,3,0.13025600432062426,0.6571632833717973
NC_047564.1,20180574,NC_047564.1 20161861 20187075,4,0.13025217689759802,0.657172794721428
NC_047564.1,42895869,NC_047564.1 42890436 42907229,16,0.13021309151672755,0.6572699267312587
NC_047568.1,13831884,NC_047568.1 13752429 13837039,10,0.13017175625693675,0.6573726554400969
NC_047568.1,20443710,NC_047568.1 20406756 20447609,11,-0.13011442523476663,0.6575151470233932
NC_047559.1,49360167,NC_047559.1 49317792 49363939,7,-0.1300999847694725,0.6575510393279358
NC_047562.1,31206952,NC_047562.1 31204678 31220158,10,0.13009314805812008,0.6575680324632556
NC_047559.1,7017957,NC_047559.1 7017056 7023693,9,0.13006728053781544,0.6576323294273756
NC_047559.1,11718638,NC_047559.1 11704534 11719614,6,0.13002830337392582,0.6577292162097564
NC_047560.1,70780878,NC_047560.1 70388123 71110591,6,0.1300268193782083,0.6577329051240705
NC_047564.1,56007866,NC_047564.1 56002194 56008565,10,0.1300102561675896,0.6577740784193955
NC_047566.1,6013750,NC_047566.1 6004120 6014788,3,-0.12999031865255817,0.657823640851819
NC_047559.1,49695792,NC_047559.1 49690109 49726768,3,0.1299861383639435,0.6578340327474661
NC_047566.1,1366847,NC_047566.1 1354633 1414618,9,-0.12988328956889136,0.6580897255123728
NW_022994918.1,18829,NW_022994918.1 4622 19175,10,-0.12985712115053175,0.6581547884585479
NC_047568.1,46113868,NC_047568.1 46078110 46154331,3,0.12983429981304803,0.6582115313412469
NC_047564.1,19743453,NC_047564.1 19741578 19747580,3,0.12983123515218825,0.6582191514320648
NC_047561.1,48654469,NC_047561.1 48632137 48658099,9,-0.12982311694974813,0.6582393369923851
NC_047565.1,41333605,NC_047565.1 41330360 41334938,9,0.12979184642516925,0.6583170918253612
NC_047565.1,29991245,NC_047565.1 29986127 30002587,3,0.12976689600683722,0.6583791338804016
NC_047560.1,47728470,NC_047560.1 47727567 47768797,3,-0.12972897974076442,0.6584734209032604
NC_047559.1,1773070,NC_047559.1 1744821 1783121,3,-0.1297224986218794,0.6584895380837956
NC_047568.1,50845482,NC_047568.1 50835467 50863071,3,0.12970143078708707,0.6585419303132686
NC_047559.1,46907031,NC_047559.1 46906818 46926197,10,0.129682908326593,0.658587993819673
NC_047560.1,14020942,NC_047560.1 14020787 14032597,3,-0.12966900901350245,0.6586225607600721
NC_047562.1,22419311,NC_047562.1 22357516 22612185,3,-0.1296060023065374,0.658779263433972
NC_047559.1,11005707,NC_047559.1 10999736 11015637,6,0.12955834168688088,0.6588978078192294
NC_047564.1,48273311,NC_047564.1 48268482 48274763,5,0.1295017121448248,0.6590386699308278
NC_047561.1,34592675,NC_047561.1 34585199 34628533,3,-0.1294035338190909,0.6592829066951255
NC_047566.1,52336377,NC_047566.1 52335475 52347840,4,-0.12931258384687083,0.6595091897520841
NC_047564.1,46563439,NC_047564.1 46552561 46570156,14,-0.12921048615770633,0.6597632405169804
NC_047564.1,34877979,NC_047564.1 34871224 34883512,8,0.12919640158820356,0.6597982899769196
NC_047560.1,6906674,NC_047560.1 6809017 7204627,3,0.12917938075466778,0.6598406471972635
NC_047561.1,10797600,NC_047561.1 10752720 10809101,5,0.12915992330080034,0.6598890692329415
NC_047564.1,50032438,NC_047564.1 50007893 50034161,17,-0.12912295944458768,0.6599810613043748
NC_047568.1,40953233,NC_047568.1 40950194 40955479,13,0.12910633356244025,0.660022439648309
NC_047561.1,48632417,NC_047561.1 48632137 48658099,7,-0.1290849096899055,0.6600757605188345
NC_047565.1,46557000,NC_047565.1 46548979 46560211,4,0.12908066448042713,0.6600863263994201
NW_022994946.1,138888,NW_022994946.1 121566 154910,6,-0.12904894100584344,0.6601652846601174
NC_047559.1,53395430,NC_047559.1 53378319 53397179,15,-0.1290477393784743,0.6601682755196718
NC_047561.1,20185642,NC_047561.1 20178932 20206294,13,-0.12903674923673428,0.6601956302839032
NC_047564.1,53658871,NC_047564.1 53658557 53662644,4,-0.12900940114970733,0.6602637021348119
NC_047559.1,37905878,NC_047559.1 37904645 37906403,12,0.12896704493759145,0.6603691353808171
NC_047562.1,40497079,NC_047562.1 40490071 40523133,3,-0.12891649738270522,0.6604949662140636
NC_047563.1,39634637,NC_047563.1 39486038 39676714,11,-0.12890554540604862,0.6605222306764367
NC_047564.1,16336037,NC_047564.1 16335780 16339887,16,0.1288691867959582,0.6606127466375925
NC_047561.1,46275376,NC_047561.1 46274731 46278424,7,-0.12882557199465605,0.6607213328162689
NC_047568.1,9784154,NC_047568.1 9778971 9795629,5,0.12878085004516998,0.6608326818638608
NC_047567.1,25801352,NC_047567.1 25773480 25801511,6,0.12876316461772955,0.6608767169741238
NC_047561.1,705197,NC_047561.1 697127 705337,17,-0.12873602129861558,0.6609443033602767
NC_047561.1,52626815,NC_047561.1 52624215 52629902,7,-0.12872379611552007,0.6609747446351213
NC_047564.1,8517311,NC_047564.1 8513748 8520486,9,0.1286798317894807,0.6610842218784868
NC_047563.1,9767023,NC_047563.1 9709756 9818305,4,-0.12861937743098098,0.661234771863868
NC_047562.1,6723479,NC_047562.1 6719162 6725807,6,-0.1285446127836681,0.6614209753420774
NC_047568.1,56395264,NC_047568.1 56380957 56405781,12,-0.12848120572722782,0.6615789066782358
NC_047565.1,26595120,NC_047565.1 26573739 26625290,8,-0.12842369385845775,0.6617221658708935
NC_047559.1,27544785,NC_047559.1 27539857 27562791,4,-0.12840858568090602,0.6617598013711427
NC_047562.1,9270775,NC_047562.1 9261120 9307537,6,0.1283930901889545,0.6617984024691415
NC_047562.1,45896909,NC_047562.1 45893210 45898805,15,-0.1283684060293831,0.6618598952345656
NC_047561.1,51269942,NC_047561.1 51266171 51272062,6,-0.12835692193355233,0.661888504897297
NC_047562.1,34696394,NC_047562.1 34687843 34704671,11,-0.12835158644144704,0.6619017970456105
NC_047561.1,44359303,NC_047561.1 44348859 44406120,9,0.12821490481471237,0.6622423393473111
NC_047568.1,44321256,NC_047568.1 44319352 44325350,4,0.12819853637405862,0.6622831253903637
NC_047566.1,22627945,NC_047566.1 22547955 22650625,3,-0.1281755663748347,0.6623403623266813
NC_047566.1,46673351,NC_047566.1 46655353 46734547,6,-0.12815185912320876,0.6623994381546212
NC_047564.1,41917958,NC_047564.1 41917665 41928873,16,-0.1281461108428215,0.6624137625033534
NW_022994939.1,109531,NW_022994939.1 96668 123730,17,-0.12811660623298488,0.6624872878008736
NC_047568.1,51516412,NC_047568.1 51503314 51518204,4,-0.12811638217531945,0.6624878461619429
NC_047563.1,67431635,NC_047563.1 67428461 67433111,8,-0.12810928515356731,0.6625055323211775
NC_047564.1,22088720,NC_047564.1 22087007 22089559,17,0.1280139430835057,0.6627431457260393
NC_047562.1,21889746,NC_047562.1 21877523 21896740,10,-0.12799470670907906,0.6627910905766392
NC_047568.1,12302271,NC_047568.1 12293672 12315640,6,0.12799200668450206,0.6627978202295246
NC_047568.1,49191134,NC_047568.1 49190847 49193642,6,-0.12795098837989227,0.6629000588555342
NC_047563.1,47703198,NC_047563.1 47702753 47704022,4,-0.12778761097553828,0.6633073331566154
NC_047563.1,6765864,NC_047563.1 6752536 6768390,9,-0.1277657598036335,0.6633618112650439
NC_047565.1,36578971,NC_047565.1 36578573 36587470,3,-0.1277613713059117,0.6633727526063167
NC_047562.1,33986984,NC_047562.1 33984557 33988271,6,-0.12772848224083153,0.6634547531492883
NW_022994922.1,72559,NW_022994922.1 70949 82299,6,0.1276025103485554,0.6637688645030159
NC_047559.1,37751298,NC_047559.1 37746666 37757159,16,-0.12755610544415485,0.6638845882340789
NC_047566.1,37939119,NC_047566.1 37937610 37945712,14,0.12753299200366794,0.6639422307218614
NC_047560.1,9943719,NC_047560.1 9941841 9951904,4,-0.12751320030220972,0.6639915905148941
NC_047565.1,53978352,NC_047565.1 53974838 53995877,7,-0.127499293023816,0.6640262755255589
NC_047564.1,39357173,NC_047564.1 39306139 39366021,4,-0.12749738204022587,0.6640310416029893
NC_047563.1,3802105,NC_047563.1 3801905 3808208,6,-0.1274448857703908,0.6641619742329148
NC_047560.1,69726363,NC_047560.1 69719110 69733090,3,-0.12738842167406839,0.6643028130858635
NC_047566.1,1839310,NC_047566.1 1810835 1846261,4,-0.12732267163901556,0.664466826908185
NC_047565.1,55274658,NC_047565.1 55270960 55278579,3,-0.12730582064750373,0.6645088640459149
NC_047566.1,8584004,NC_047566.1 8583694 8588258,3,0.12726201388401542,0.6646181503877995
NC_047565.1,43281443,NC_047565.1 43280467 43282314,3,-0.1272570844570722,0.6646304483979402
NC_047564.1,16736044,NC_047564.1 16684948 16736210,5,-0.12722406540854164,0.6647128268496538
NW_022994897.1,334811,NW_022994897.1 314050 338438,16,-0.1272111950926395,0.6647449376525116
NC_047562.1,35887611,NC_047562.1 35882792 35903798,4,0.1270629772798028,0.665114772280464
NC_047559.1,33455158,NC_047559.1 33446095 33467549,11,-0.12704727831604182,0.665153948646036
NC_047564.1,38084767,NC_047564.1 38084358 38085665,6,0.1270418821631974,0.6651674147919022
NC_047565.1,37594800,NC_047565.1 37572757 37610817,12,0.12701224831107058,0.665241367997365
NW_022994958.1,58506,NW_022994958.1 38466 86290,4,-0.1269295538965025,0.6654477522489062
NC_047564.1,25928571,NC_047564.1 25904702 25958280,3,-0.12692761896679083,0.6654525816056076
NC_047564.1,27118739,NC_047564.1 27072847 27133383,3,0.1268521958891401,0.6656408381171701
NC_047567.1,31650610,NC_047567.1 31622929 31671735,7,0.12684153635200449,0.665667445870623
NC_047560.1,4908064,NC_047560.1 4589306 4924767,7,-0.12683625397167733,0.6656806315949109
NC_047561.1,3146385,NC_047561.1 3141906 3148138,17,0.12681125958789588,0.6657430230669585
NC_047559.1,6412901,NC_047559.1 6405313 6415134,17,-0.12679227815456573,0.665790406236695
NC_047561.1,49907058,NC_047561.1 49897913 49909324,16,0.12677581283229947,0.6658315094012983
NC_047562.1,50425385,NC_047562.1 50415953 50453033,11,0.1266990319664991,0.66602319262951315
NC_047568.1,5185344,NC_047568.1 5183895 5186816,7,-0.12669278956261928,0.6660387776074674
NC_047565.1,44187696,NC_047565.1 44182841 44195526,17,0.12668588587639734,0.6660560137091773
NC_047559.1,10178246,NC_047559.1 10164125 10196884,7,0.12637600310552324,0.6668298408047053
NC_047565.1,48436193,NC_047565.1 48435212 48440867,3,-0.12632230117389304,0.6669639744946978
NC_047564.1,41968103,NC_047564.1 41967666 41969616,8,0.1261660588675631,0.6673542803916028
NC_047562.1,12457432,NC_047562.1 12452527 12458281,7,-0.12614634125988503,0.6674035421258859
NC_047560.1,44264078,NC_047560.1 43984502 44478438,11,-0.1260622080837782,0.6676137512984118
NC_047568.1,36700153,NC_047568.1 36699083 36701439,9,0.1260179834183955,0.6677242569887197
NC_047564.1,7185143,NC_047564.1 7174865 7186613,14,-0.12597171388629075,0.6678398789565976
NC_047568.1,39906366,NC_047568.1 39903459 39915026,4,-0.12594327980951198,0.6679109356748856
NC_047562.1,39061675,NC_047562.1 39053902 39064952,5,-0.12590629824213204,0.6680033564285963
NC_047559.1,22974723,NC_047559.1 22922174 22986171,3,-0.1258597918550341,0.6681195868967833
NC_047565.1,58040357,NC_047565.1 58026839 58045772,15,-0.12581490250438185,0.668231782564845
NC_047565.1,7111892,NC_047565.1 7100055 7118263,8,0.12577085633911375,0.6683418770482821
NC_047559.1,47026706,NC_047559.1 47024392 47028353,6,-0.1257551403475844,0.6683811610593959
NC_047562.1,41351423,NC_047562.1 41349381 41353812,6,0.12573516146502223,0.668431101818237
NC_047566.1,13287441,NC_047566.1 13265838 13288420,14,-0.12565073489910755,0.6686421550595774
NC_047567.1,34588795,NC_047567.1 34587143 34593446,9,-0.125608243190954,0.668748386306822
NC_047566.1,43265744,NC_047566.1 43253489 43270127,4,-0.12553511051290198,0.6689312348934933
NC_047568.1,41339133,NC_047568.1 41325699 41342867,4,0.12549277460975133,0.669037092225133
NC_047559.1,50561620,NC_047559.1 50554898 50575893,3,-0.12540196380902027,0.6692641761947492
NC_047562.1,45938369,NC_047562.1 45936664 45945489,3,0.12531045834688978,0.6694930238305219
NC_047568.1,47676471,NC_047568.1 47671567 47680444,17,0.12530273936210062,0.6695123295963081
NC_047562.1,41809588,NC_047562.1 41798011 41824395,3,0.125298139887958,0.6695238333198165
NC_047568.1,55477931,NC_047568.1 55461674 55480290,3,0.12523452250431424,0.6696829533714448
NC_047560.1,21043420,NC_047560.1 21033054 21066957,17,-0.12521304269137362,0.6697366816733451
NC_047560.1,5585732,NC_047560.1 5581081 5589967,7,-0.12518907199740475,0.6697966422473592
NC_047567.1,20526901,NC_047567.1 20523816 20533914,3,0.12511939146629625,0.6699709523214392
NC_047559.1,12877031,NC_047559.1 12867784 12891979,6,-0.12511036377204282,0.6699935367759533
NC_047568.1,55432938,NC_047568.1 55412444 55445493,5,-0.1251034026677865,0.6700109514485668
NW_022994949.1,65863,NW_022994949.1 52707 94683,9,-0.1249364878198155,0.6704285703176711
NC_047561.1,22793042,NC_047561.1 22776787 22794488,3,-0.12486138466560488,0.6706165063417041
NC_047564.1,30973519,NC_047564.1 30963324 30988513,4,-0.12485813056646612,0.6706246497127479
NC_047564.1,42932214,NC_047564.1 42922595 42960325,16,-0.12483877156638658,0.6706730962334777
NC_047568.1,5997379,NC_047568.1 5991404 5999979,7,-0.1248020502101912,0.6707649958768289
NC_047564.1,35197656,NC_047564.1 35191422 35199078,5,-0.12477507009093233,0.6708325196209923
NC_047566.1,27696925,NC_047566.1 27694145 27698044,3,-0.1246741315056434,0.6710851613381592
NW_022994991.1,27287,NW_022994991.1 25538 31500,6,-0.12461199798447666,0.671240692947832
NC_047568.1,32811293,NC_047568.1 32807965 32812832,4,0.12459553829255463,0.6712818966280049
NC_047564.1,59445069,NC_047564.1 59441608 59447737,3,-0.12449632913317434,0.6715302658954748
NC_047562.1,39196038,NC_047562.1 39193406 39197810,13,-0.12446733353667873,0.6716028620046725
NC_047564.1,45064591,NC_047564.1 45053666 45078520,16,-0.12446416592918078,0.6716107928867128
NC_047564.1,4570453,NC_047564.1 4569680 4571402,5,-0.1244536384862072,0.6716371511496054
NC_047559.1,32049184,NC_047559.1 32049069 32056462,3,0.12440933482677226,0.6717480810281293
NC_047564.1,43422363,NC_047564.1 43411098 43426546,14,-0.1243219838888128,0.6719668131831835
NC_047565.1,21650287,NC_047565.1 21648646 21653643,7,0.12426470944328466,0.672110245037151
NC_047559.1,3028001,NC_047559.1 3026659 3031222,3,-0.1242633258927749,0.6721137099779279
NC_047564.1,1874741,NC_047564.1 1867655 1878571,5,-0.1242296780723543,0.6721979788798671
NW_022994897.1,512549,NW_022994897.1 465521 523306,5,0.12414687824903749,0.6724053611903689
NC_047561.1,50534990,NC_047561.1 50526504 50545284,3,-0.12410488640321374,0.6725105431930944
NC_047564.1,10242683,NC_047564.1 10241386 10243779,7,0.12410140287082691,0.6725192690637537
NC_047568.1,22289481,NC_047568.1 22284688 22301772,8,-0.12407754880387753,0.6725790219426395
NC_047565.1,15456302,NC_047565.1 15450913 15470409,3,0.12407095742201452,0.6725955332402238
NC_047568.1,42485761,NC_047568.1 42482968 42490863,3,-0.12405308764749395,0.6726402974062538
NC_047567.1,16407447,NC_047567.1 16406333 16408965,4,-0.12398480694966799,0.6728113512913911
NC_047563.1,23808248,NC_047563.1 23792893 23820262,12,0.1239626879352534,0.6728667660549748
NC_047561.1,16632646,NC_047561.1 16627301 16640684,10,-0.12394104700453347,0.6729209845690489
NC_047566.1,31097965,NC_047566.1 31096865 31103066,6,0.12391812567517763,0.672978412564617
NC_047567.1,30969300,NC_047567.1 30934340 31071743,3,-0.12385684858369984,0.6731319467211327
NC_047561.1,46847431,NC_047561.1 46842343 46894662,9,-0.12383341548440047,0.6731906631639681
NC_047559.1,41524243,NC_047559.1 41519299 41545670,7,0.12382956201927743,0.6732003189779163
NC_047565.1,44567409,NC_047565.1 44562691 44573876,6,0.12381307126644182,0.6732416411835245
NC_047562.1,21558245,NC_047562.1 21555788 21572999,6,0.12380943152304112,0.6732507616967144
NC_047566.1,3964580,NC_047566.1 3911431 3984108,3,0.12377810755588066,0.6733292553990451
NC_047562.1,47474031,NC_047562.1 47473414 47491360,12,0.12377098500433684,0.673347103998765
NC_047565.1,35714696,NC_047565.1 35711044 35720943,5,0.12377011403742942,0.6733492865898916
NC_047565.1,17149388,NC_047565.1 17148579 17154087,3,-0.12373569737518911,0.6734355346054739
NC_047568.1,40966897,NC_047568.1 40957034 40969896,7,0.12373312460432803,0.6734419821086404
NC_047565.1,45815267,NC_047565.1 45810285 45822566,11,0.12369337808167274,0.6735415916959945
NC_047567.1,16170455,NC_047567.1 16107132 16187917,3,0.12363332486314801,0.6736921017497923
NC_047562.1,27085747,NC_047562.1 27083765 27118285,5,0.12361172629449996,0.6737462365398955
NC_047565.1,52309571,NC_047565.1 52285128 52318089,3,-0.12356982813066729,0.6738512545497763
NC_047562.1,42098805,NC_047562.1 42097985 42109188,3,-0.12351048967756861,0.6739999962010171
NC_047565.1,24072099,NC_047565.1 24068575 24074234,8,0.12348846850642818,0.6740551987270176
NC_047568.1,41074998,NC_047568.1 41069902 41076714,3,0.1234238888754834,0.6742170953078388
NC_047559.1,5366988,NC_047559.1 5360521 5395516,3,0.12341554664375265,0.6742380096503773
NC_047563.1,28513460,NC_047563.1 28511712 28515104,5,-0.1233724497442066,0.6743460589589094
NC_047564.1,32347127,NC_047564.1 32335186 32375356,3,-0.12335188808431358,0.674397611663502
NC_047568.1,15982670,NC_047568.1 15971843 15992335,5,0.12324158685525453,0.6746741843066735
NC_047565.1,52744679,NC_047565.1 52741742 52794894,14,0.12322580989928729,0.6747137470457243
NC_047563.1,20078801,NC_047563.1 20034492 20095236,5,-0.12313787647957265,0.6749342656700836
NC_047565.1,61720301,NC_047565.1 61670769 61721276,5,-0.12313005506841297,0.6749538813078012
NC_047561.1,39094251,NC_047561.1 39087437 39097542,8,0.12300264345620325,0.675273449119594
NC_047565.1,36628405,NC_047565.1 36619333 36629724,3,0.12299537083693216,0.6752916914958238
NC_047561.1,46951325,NC_047561.1 46949680 46960248,9,0.12290969867711521,0.6755066009253938
NC_047568.1,42065562,NC_047568.1 42064882 42068366,12,-0.12288800850417955,0.6755610145767157
NW_022994921.1,247546,NW_022994921.1 243254 249504,6,-0.12285658144561834,0.6756398575476212
NC_047568.1,55200696,NC_047568.1 55199488 55203352,5,0.12283078096092356,0.6757045871012342
NC_047563.1,66769353,NC_047563.1 66737942 66776831,5,0.12281818320811413,0.6757361937338711
NC_047564.1,16238198,NC_047564.1 16221509 16246227,4,-0.12281543871560661,0.6757430794854475
NC_047568.1,43474501,NC_047568.1 43467320 43492500,8,0.12276217789604675,0.6758767120516413
NC_047568.1,40822188,NC_047568.1 40819786 40823149,6,-0.12264183821081144,0.6761786796269562
NC_047566.1,10973750,NC_047566.1 10962607 10979829,13,-0.12255509411747988,0.6763963740729196
NC_047568.1,3796165,NC_047568.1 3785450 3802109,8,0.12247787141940576,0.6765901932344647
NC_047568.1,7917463,NC_047568.1 7905577 7922305,11,-0.12246602062894903,0.6766199388604581
NC_047568.1,41389508,NC_047568.1 41383696 41392873,10,-0.12240586234930777,0.6767709436215742
NC_047563.1,3756816,NC_047563.1 3756477 3777557,5,-0.12236433754670613,0.6768751826246102
NC_047559.1,30460489,NC_047559.1 30425162 30460809,14,-0.122340695387705,0.6769345335351101
NC_047563.1,67520904,NC_047563.1 67517309 67522883,6,-0.1223304357841177,0.6769602896276196
NC_047564.1,56207809,NC_047564.1 56205236 56208291,17,0.12231800378833518,0.6769914998144866
NC_047568.1,39886147,NC_047568.1 39854640 39895673,4,-0.12231375002960827,0.6770021788705683
NC_047568.1,16989212,NC_047568.1 16975093 16996711,12,0.12213986592237852,0.6774387629697027
NC_047561.1,53725065,NC_047561.1 53721423 53727098,15,-0.122120166296601,0.6774882302624312
NC_047564.1,7241538,NC_047564.1 7235317 7249831,3,0.12211912299247253,0.6774908501139406
NC_047568.1,29644098,NC_047568.1 29613759 29695073,3,-0.12209087493149975,0.6775617853922695
NC_047565.1,49010106,NC_047565.1 48860705 49011501,3,0.12201787572773665,0.6777451092566842
NC_047562.1,14775130,NC_047562.1 14748886 14775468,4,0.12201016157468188,0.6777644828796896
NC_047565.1,54178516,NC_047565.1 54171371 54196829,5,-0.12192006775421872,0.6779907616948257
NC_047559.1,9535370,NC_047559.1 9527127 9542343,10,-0.12186735324470202,0.6781231706761968
NC_047561.1,23139466,NC_047561.1 23127957 23140271,3,-0.12184846898169646,0.6781706065111783
NC_047565.1,48594727,NC_047565.1 48589128 48631568,3,0.12183038527825467,0.6782160324398268
NC_047566.1,46236199,NC_047566.1 46217151 46248257,6,0.12163972193162571,0.6786950370351852
NC_047563.1,327931,NC_047563.1 191191 650035,12,-0.12139851033065162,0.6793011958581051
NC_047560.1,44367205,NC_047560.1 43984502 44478438,11,-0.12138299385367277,0.6793401945547266
NC_047561.1,56327682,NC_047561.1 56327308 56328798,12,0.12128901546919345,0.6795764132314526
NC_047559.1,20322343,NC_047559.1 20316401 20331092,8,-0.12123992743006327,0.6796998089777253
NC_047560.1,27217165,NC_047560.1 27216409 27221733,4,-0.12122239903096838,0.6797438730426871
NC_047565.1,6189865,NC_047565.1 6186782 6191037,15,0.1211846597251158,0.6798387478655645
NC_047568.1,10883282,NC_047568.1 10866110 10904984,8,-0.1210136118094437,0.6802688093973648
NC_047561.1,6479690,NC_047561.1 6476164 6487502,4,-0.12097881137108886,0.6803563183411947
NC_047562.1,28075032,NC_047562.1 28065123 28081215,3,-0.12096879507127446,0.6803815059530751
NC_047559.1,6848943,NC_047559.1 6827016 6858683,9,-0.1208878757107957,0.6805850021774282
NC_047564.1,45953535,NC_047564.1 45943929 45965341,5,-0.1208420911382913,0.6807001502928263
NC_047565.1,36388810,NC_047565.1 36370020 36401171,14,-0.12082240611333059,0.6807496600818976
NC_047564.1,44977193,NC_047564.1 44974763 44977278,3,0.12076622862052643,0.6808909586157006
NC_047566.1,4825069,NC_047566.1 4822056 4832117,6,-0.12076150625132047,0.6809028368380308
NC_047563.1,65496013,NC_047563.1 65484772 65533285,4,0.12075830318474842,0.6809108935824288
NC_047567.1,3135101,NC_047567.1 3112592 3138540,5,0.12074947769857723,0.6809330926871687
NC_047562.1,45635409,NC_047562.1 45626967 45662991,4,-0.12073384847389075,0.6809724061014587
NC_047566.1,1364262,NC_047566.1 1354633 1414618,12,0.12068493857291002,0.6810954378739777
NC_047566.1,7713173,NC_047566.1 7674237 7715471,5,-0.12063982479661385,0.681208927112938
NC_047561.1,28575420,NC_047561.1 28570909 28741658,12,-0.12061949798907842,0.6812600637395061
NC_047568.1,7809914,NC_047568.1 7809341 7812158,8,-0.1205798786708238,0.681359738644403
NC_047562.1,27178192,NC_047562.1 27147260 27186440,7,0.12056098631093091,0.6814072700425432
NC_047561.1,24933993,NC_047561.1 24788351 24968820,12,0.12043781354541956,0.6817171880429163
NC_047563.1,25854580,NC_047563.1 25854145 25856384,4,-0.12040000099255588,0.6818123384914273
NC_047563.1,8683300,NC_047563.1 8675695 8701462,4,-0.12033738817706965,0.6819699052909278
NC_047568.1,26876783,NC_047568.1 26873896 26878792,7,0.12031698332549966,0.6820212572403928
NC_047565.1,25671984,NC_047565.1 25626905 25683502,6,0.12030231641102034,0.6820581695782929
NC_047561.1,7879262,NC_047561.1 7858244 7890966,11,0.12022652934481307,0.6822489140066496
NC_047561.1,31098459,NC_047561.1 31089120 31099581,8,0.12016310974998035,0.6824085449593349
NC_047561.1,4616207,NC_047561.1 4598604 4616289,7,-0.12013995665105862,0.6824668257845834
NC_047565.1,12341213,NC_047565.1 12340468 12347855,13,-0.12013788861229059,0.6824720315179214
NC_047564.1,39863446,NC_047564.1 39860497 39864509,9,0.12007949123908906,0.6826190366703389
NC_047564.1,42016889,NC_047564.1 42013024 42020901,14,0.12002563203586998,0.6827546270472704
NC_047564.1,57404778,NC_047564.1 57398566 57414810,3,-0.11999813973730032,0.6828238422523216
NC_047559.1,22772754,NC_047559.1 22767397 22782251,6,0.11996024399729463,0.6829192531840599
NC_047560.1,21042597,NC_047560.1 21033054 21066957,12,0.11995607231760072,0.6829297565819916
NC_047568.1,52593122,NC_047568.1 52591094 52596713,5,-0.11993875082194032,0.682973368976654
NC_047563.1,10227705,NC_047563.1 10221760 10236228,11,0.11990526593952924,0.6830576804632696
NC_047567.1,18339600,NC_047567.1 18296483 18360680,4,0.11990043642734434,0.6830698409611755
NC_047564.1,22410763,NC_047564.1 22409690 22421468,13,-0.1198601578021698,0.6831712635388596
NC_047568.1,26440462,NC_047568.1 26434167 26441746,3,-0.11982114217986915,0.6832695105807289
NC_047565.1,16463355,NC_047565.1 16453234 16544687,8,0.11978850571756725,0.6833516975443816
NC_047565.1,56133297,NC_047565.1 56123070 56134572,5,0.11978727025578748,0.6833548088173373
NC_047559.1,41480482,NC_047559.1 41478554 41481465,12,0.11971719516244914,0.6835312871124777
NC_047564.1,35562720,NC_047564.1 35559138 35564350,3,0.11971687385128346,0.6835320963425295
NC_047561.1,21177882,NC_047561.1 21173612 21193219,9,-0.11964942022578472,0.6837019869439296
NC_047563.1,9178732,NC_047563.1 9178235 9191943,4,0.11963668495939461,0.6837340639059905
NC_047565.1,61573760,NC_047565.1 61570354 61590349,4,-0.11954126521992635,0.6839744182202727
NC_047560.1,16998773,NC_047560.1 16978887 17001468,16,-0.11953597671435436,0.6839877403356112
NC_047559.1,15646695,NC_047559.1 15633977 15657108,3,-0.11952826932605287,0.6840071559386802
NC_047563.1,30120965,NC_047563.1 30073419 30628537,12,-0.11950119006175054,0.684075372475204
NC_047565.1,13490603,NC_047565.1 13473578 13503028,5,0.11947255473529825,0.6841475113908815
NC_047564.1,36344458,NC_047564.1 36343738 36355442,17,0.11942434782256994,0.6842689612495246
NC_047563.1,25636432,NC_047563.1 25634901 25642283,15,-0.1193674550832528,0.6844123028298688
NC_047564.1,52692701,NC_047564.1 52680199 52704695,12,0.11934456506476025,0.6844699771478591
NC_047560.1,4299595,NC_047560.1 4297418 4309693,3,-0.11929336514708062,0.6845989876493241
NC_047568.1,13710514,NC_047568.1 13697613 13745012,8,-0.11927065817495165,0.6846562058834519
NC_047564.1,20078052,NC_047564.1 20075200 20103807,13,0.11924984757538627,0.6847086469178651
NC_047564.1,43348828,NC_047564.1 43347282 43351201,6,-0.11920217556400631,0.6848287815218206
NC_047565.1,3528879,NC_047565.1 3527032 3537559,12,0.11907501349841026,0.685149266823034
NC_047564.1,55508563,NC_047564.1 55504297 55518524,4,-0.11898798674699046,0.6853686278644879
NC_047560.1,4486668,NC_047560.1 4387457 4700231,5,0.11896341305709622,0.6854305728784162
NC_047564.1,19432661,NC_047564.1 19428620 19450042,13,0.1189532141736773,0.6854562826205639
NC_047561.1,20209124,NC_047561.1 20207391 20238820,5,-0.1189402896122772,0.685488863812334
NC_047564.1,31295004,NC_047564.1 31276681 31296504,11,0.11890863594434366,0.6855686608689159
NC_047560.1,41210826,NC_047560.1 41210524 41212047,3,0.11888673837037302,0.6856238651626672
NC_047565.1,5223777,NC_047565.1 5085538 5246064,5,-0.11885292652537652,0.6857091084742439
NC_047563.1,1388258,NC_047563.1 1378792 1390227,7,0.11881469938376069,0.6858054874102557
NC_047566.1,46261300,NC_047566.1 46256045 46281934,6,-0.11876091473190356,0.6859410977306741
NC_047565.1,59520092,NC_047565.1 59508371 59522643,11,-0.11872888246427893,0.6860218666948917
NC_047568.1,55354871,NC_047568.1 55351672 55360506,10,-0.11871655940002525,0.6860529399779968
NC_047568.1,32307735,NC_047568.1 32304765 32309909,8,-0.11868741141257605,0.6861264400637703
NC_047560.1,18779462,NC_047560.1 18769127 18789749,3,-0.11864762098598322,0.6862267804776059
NC_047561.1,5147927,NC_047561.1 5144800 5149149,3,-0.11862737379187392,0.6862778401270622
NC_047562.1,4287135,NC_047562.1 4228460 4354540,3,-0.11861866675831309,0.6862997980251995
NC_047559.1,42411768,NC_047559.1 42411463 42412365,4,-0.11857783265975734,0.6864027788727644
NC_047564.1,51909665,NC_047564.1 51907014 51917099,4,0.11857152279395573,0.6864186923807107
NC_047564.1,34056373,NC_047564.1 34028106 34076107,5,0.11855739973627723,0.6864543112288746
NC_047566.1,32933381,NC_047566.1 32931500 32934317,8,-0.11855726297098021,0.686454656158721
NC_047561.1,56649800,NC_047561.1 56639482 56668001,6,-0.11854007510233645,0.6864980053911034
NC_047568.1,3782896,NC_047568.1 3781070 3785112,11,0.11844437445156618,0.6867393867580905
NC_047568.1,13519876,NC_047568.1 13508162 13570381,8,0.118439514573772,0.6867516453458022
NC_047564.1,52929079,NC_047564.1 52924339 52934751,6,0.11837076056859352,0.6869250785673343
NC_047565.1,8194877,NC_047565.1 8184980 8204155,7,0.11834361158829243,0.6869935663041435
NC_047568.1,54641814,NC_047568.1 54631866 54655780,5,0.11833298544759327,0.6870203730872531
NC_047564.1,41929638,NC_047564.1 41928906 41933697,3,-0.11831624014886254,0.6870626174896817
NC_047565.1,40426371,NC_047565.1 40424058 40445833,12,0.11831358329154679,0.6870693201862446
NC_047565.1,52759925,NC_047565.1 52741742 52794894,7,-0.11825221318336478,0.6872241501087495
NC_047560.1,45490041,NC_047560.1 45474588 45504619,8,0.11824515259901056,0.687241963904858
NC_047567.1,16882057,NC_047567.1 16878913 16886630,12,-0.11818574323777564,0.6873918592066359
NC_047564.1,6049092,NC_047564.1 6048422 6050476,5,-0.11811981963550934,0.6875582030335099
NC_047561.1,15846238,NC_047561.1 15836960 15849866,4,0.11805163369811547,0.6877302691901661
NC_047565.1,46355346,NC_047565.1 46352307 46356354,9,-0.11803758701028023,0.687765717534451
NC_047563.1,62629406,NC_047563.1 62624353 62635175,16,0.11800750621197575,0.6878416317050539
NC_047564.1,44881040,NC_047564.1 44875658 44882601,3,0.11798118007079653,0.6879080725823596
NC_047566.1,7712648,NC_047566.1 7674237 7715471,3,0.1179702987881183,0.6879355349459286
NC_047562.1,7961979,NC_047562.1 7958051 7966846,11,-0.11796419983405687,0.6879509277447421
NC_047568.1,34850510,NC_047568.1 34823092 34873268,4,-0.11795758821822505,0.6879676145479301
NC_047565.1,37780723,NC_047565.1 37726332 37792203,7,-0.11788384680410217,0.688153736613101
NC_047565.1,35917631,NC_047565.1 35917277 35919498,5,-0.11772974184198703,0.6885427478595416
NC_047565.1,11236796,NC_047565.1 11235772 11256558,5,0.11759055448551786,0.6888941637185949
NC_047564.1,34305183,NC_047564.1 34301189 34305975,5,0.11759026226080184,0.6888949015797451
NC_047563.1,5694452,NC_047563.1 5688535 5697148,4,-0.11756071150275747,0.6889695179384676
NC_047562.1,28194278,NC_047562.1 28192848 28195098,14,-0.11752615235914705,0.689056783922988
NC_047565.1,4717744,NC_047565.1 4712997 4730091,5,-0.1174370026755055,0.6892819141635692
NC_047561.1,18009600,NC_047561.1 17998811 18015850,8,0.11740348088550216,0.6893665731286769
NC_047568.1,53036709,NC_047568.1 53015487 53041984,16,0.11731788401890737,0.6895827625349948
NC_047568.1,4062380,NC_047568.1 4062212 4078001,4,-0.11728537904469784,0.6896648651290391
NC_047564.1,45911717,NC_047564.1 45909803 45917508,13,-0.11728516274483684,0.6896654114800412
NC_047565.1,33993716,NC_047565.1 33993233 34000347,3,-0.11727592904627895,0.6896887349754133
NC_047564.1,32594440,NC_047564.1 32590819 32594565,8,-0.11721127901619782,0.6898520423323351
NC_047565.1,12618930,NC_047565.1 12618217 12620763,9,-0.11717892845159923,0.6899337652603045
NC_047559.1,33278539,NC_047559.1 33278156 33282120,6,0.11714756211886487,0.6900130048534996
NC_047562.1,38781936,NC_047562.1 38777270 38784581,7,-0.11712397503962965,0.6900725939543177
NC_047560.1,4215494,NC_047560.1 3998385 4494423,5,-0.11711390023235463,0.6900980469025336
NC_047568.1,36692699,NC_047568.1 36692355 36694160,8,0.11705319647931714,0.6902514150375668
NC_047563.1,42385037,NC_047563.1 42369077 42388161,14,-0.1170469487115607,0.6902672006606306
NC_047561.1,52281015,NC_047561.1 52279291 52286752,8,0.11698859769651462,0.6904146361074754
NC_047568.1,49213502,NC_047568.1 49205145 49222608,5,-0.11694737758464056,0.6905187930704888
NC_047560.1,52595214,NC_047560.1 52588428 52618045,3,-0.11686487441655802,0.6907272813372929
NC_047563.1,15571987,NC_047563.1 15570810 15578312,5,-0.11684054664186343,0.690788762329646
NC_047567.1,22192460,NC_047567.1 22184061 22195622,3,-0.11676346711089527,0.6909835689122747
NC_047561.1,5980650,NC_047561.1 5977831 5984272,17,0.1167418717420972,0.6910381510521986
NC_047565.1,59508603,NC_047565.1 59508371 59522643,14,-0.11673009373747761,0.6910679204624364
NC_047565.1,60900131,NC_047565.1 60892052 60985539,3,-0.11671874017000551,0.6910966174824188
NW_022994946.1,138921,NW_022994946.1 121566 154910,5,0.11669655969429989,0.6911526814627158
NC_047562.1,45263266,NC_047562.1 45254594 45271226,9,0.1166280389876638,0.6913258855764347
NC_047562.1,44189985,NC_047562.1 44184933 44191108,3,0.11660073408625815,0.6913949098092085
NC_047561.1,51687738,NC_047561.1 51683213 51720877,7,0.11642856764402844,0.6918301817386868
NC_047559.1,37730582,NC_047559.1 37729163 37731306,6,0.11637465345012914,0.6919665060256384
NC_047565.1,13554372,NC_047565.1 13552673 13565696,4,0.11629584602059204,0.6921657894963691
NC_047564.1,7327384,NC_047564.1 7324941 7344198,4,0.11627282034144405,0.6922240189396021
NC_047565.1,53991508,NC_047565.1 53974838 53995877,3,0.11622780121387728,0.6923378719918356
NC_047568.1,39375365,NC_047568.1 39366123 39376033,3,0.11620714970025636,0.6923901015430293
NC_047568.1,52500686,NC_047568.1 52499816 52503700,4,0.11608692696499055,0.6926941809679334
NC_047560.1,27783140,NC_047560.1 27779829 27785852,3,0.11607394376708434,0.6927270219514909
NC_047559.1,30494362,NC_047559.1 30493572 30500656,14,-0.11607249340168213,0.6927306906801919
NC_047567.1,27535707,NC_047567.1 27525798 27535855,7,0.11606328612073714,0.6927539808301034
NC_047568.1,32811331,NC_047568.1 32807965 32812832,3,0.11592985847680139,0.6930915191871314
NC_047559.1,41314696,NC_047559.1 41313435 41319811,10,-0.11588659521002516,0.6932009757286889
NC_047562.1,36617359,NC_047562.1 36610836 36619421,5,0.11585760543679481,0.6932743232869455
NC_047561.1,54059665,NC_047561.1 54056901 54061922,15,-0.11581137810213153,0.6933912890817626
NC_047559.1,28473271,NC_047559.1 28437761 28493312,12,-0.11578041838909321,0.6934696278294687
NC_047566.1,50809623,NC_047566.1 50802399 50810225,8,-0.11572436958224207,0.6936114578745345
NC_047564.1,55177741,NC_047564.1 55160601 55179812,6,-0.11571189701898764,0.6936430206393243
NC_047559.1,46907322,NC_047559.1 46906818 46926197,10,-0.11564074280530766,0.6938230905883025
NC_047565.1,56943229,NC_047565.1 56941108 56947461,6,0.11561821284957985,0.6938801102719491
NC_047559.1,36372141,NC_047559.1 36361049 36380092,4,0.11548386465467789,0.6942201551265766
NC_047566.1,54425710,NC_047566.1 54421143 54427040,15,-0.115458506769553,0.6942843437416796
NC_047565.1,11812291,NC_047565.1 11793624 11821175,6,-0.11537517456679562,0.6944952966179886
NC_047568.1,47673699,NC_047568.1 47671567 47680444,14,-0.1153258342253268,0.6946202098458099
NC_047560.1,69128182,NC_047560.1 69126389 69134174,6,0.11526109284362937,0.6947841242792165
NC_047561.1,42774386,NC_047561.1 42766925 42808483,4,0.1152509607517988,0.6948097781761411
NW_022994986.1,111709,NW_022994986.1 107490 112469,14,0.11522148949779024,0.6948843994893963
NC_047559.1,36398711,NC_047559.1 36390893 36416785,9,0.1151480705372199,0.6950703077083455
NC_047562.1,51440131,NC_047562.1 51430193 51442692,7,0.11506090723274881,0.6952910394220945
NC_047559.1,9537657,NC_047559.1 9527127 9542343,16,-0.11504375630192236,0.695334474955782
NC_047559.1,31776798,NC_047559.1 31773226 31785116,15,-0.11501464379946824,0.6954082057168303
NC_047561.1,20238302,NC_047561.1 20207391 20238820,7,0.11497197636999441,0.6955162704099738
NC_047561.1,46957682,NC_047561.1 46949680 46960248,10,0.11482172118187235,0.6958968676343258
NC_047562.1,13268580,NC_047562.1 13246768 13275546,6,0.11481503911544175,0.6959137948917067
NW_022994844.1,226156,NW_022994844.1 224024 226891,17,0.11480340575993271,0.6959432652513777
NW_022994918.1,4947,NW_022994918.1 4622 19175,5,0.11474165607392257,0.69609970017887
NC_047564.1,51909665,NC_047564.1 51907919 51915823,4,0.11466961015590177,0.6962822334897136
NC_047567.1,16119179,NC_047567.1 16107132 16187917,3,-0.11466565838540818,0.6962922460154479
NC_047568.1,20896241,NC_047568.1 20874103 20897549,3,0.11454994498050589,0.6965854472450115
NC_047561.1,33664513,NC_047561.1 33663693 33673822,4,-0.11454087388140251,0.6966084337787941
NC_047560.1,38629849,NC_047560.1 38626530 38646778,3,0.11453513512397846,0.6966229761483167
NC_047562.1,40020192,NC_047562.1 40018820 40024602,10,0.11452494808641796,0.6966487909759294
NW_022994904.1,31131,NW_022994904.1 14339 68136,3,0.11449772556958716,0.6967177766676401
NC_047559.1,5365088,NC_047559.1 5360521 5395516,5,-0.11448045908848477,0.6967615334918759
NC_047559.1,8181778,NC_047559.1 8181461 8243209,8,-0.1144736531465042,0.6967787813933672
NC_047565.1,60317393,NC_047565.1 60301595 60331352,10,0.11441811574411363,0.6969195316787918
NC_047560.1,51412736,NC_047560.1 51412270 51423976,4,0.1143826524555648,0.6970094122115283
NC_047565.1,11876860,NC_047565.1 11876063 11879365,5,0.11437995291687267,0.6970162542544471
NC_047567.1,11822976,NC_047567.1 11821433 11832649,11,-0.11436366823871262,0.6970575285999159
NC_047568.1,49964799,NC_047568.1 49945579 49991936,5,0.11435610633222806,0.6970766949015191
NC_047559.1,51989273,NC_047559.1 51985420 51997043,9,0.11434849585544508,0.6970959844782754
NC_047560.1,22374016,NC_047560.1 22359364 22385065,3,-0.11432222418046854,0.6971625741877139
NC_047566.1,21190206,NC_047566.1 21182106 21190726,8,0.114269565959663,0.6972960508661463
NC_047566.1,49494555,NC_047566.1 49486499 49527750,12,-0.11417434620420629,0.6975374320681127
NC_047562.1,5048625,NC_047562.1 5030986 5049275,15,0.11417003386533954,0.6975483644369017
NC_047559.1,37021267,NC_047559.1 37017890 37023665,11,-0.11415523620513422,0.6975858789439054
NC_047561.1,19110170,NC_047561.1 19105415 19121153,12,-0.11408274359750087,0.6977696689258333
NC_047567.1,34695446,NC_047567.1 34692427 34696081,5,-0.11406694005875341,0.6978097375678719
NC_047563.1,5474864,NC_047563.1 5462013 5482720,7,-0.11400995804216653,0.697954217110202
NC_047567.1,9031186,NC_047567.1 9028080 9033944,7,-0.11398974233743477,0.6980054768967867
NC_047559.1,47861821,NC_047559.1 47858691 47862115,7,-0.11376219410029674,0.6985825402315533
NC_047564.1,40476308,NC_047564.1 40460993 40499367,3,0.11375276179658216,0.698606463864419
NC_047559.1,37875648,NC_047559.1 37874884 37876217,11,0.11371556796631203,0.6987008030070141
NC_047560.1,63095222,NC_047560.1 63059766 63303274,4,0.11370482012601096,0.6987280647876539
NC_047564.1,31020455,NC_047564.1 31019813 31021767,4,-0.11365213026105837,0.6988617169427725
NC_047562.1,29663984,NC_047562.1 29652578 29667717,7,0.11362609542743077,0.6989277594225334
NC_047564.1,1868952,NC_047564.1 1865911 1872155,12,-0.1135472714459131,0.6991277240322389
NC_047566.1,23239501,NC_047566.1 23116815 23445750,3,0.1135111623941525,0.699219333332911
NC_047568.1,40180823,NC_047568.1 40172278 40204346,3,-0.11345437645816449,0.6993634079478004
NC_047568.1,9865626,NC_047568.1 9795797 9880602,5,-0.11343350635609692,0.6994163609557617
NC_047561.1,7710113,NC_047561.1 7684083 7720506,13,-0.11341127548208964,0.6994727680014409
NC_047568.1,36610477,NC_047568.1 36610202 36621654,14,-0.11339051827161638,0.6995254371782269
NC_047565.1,48665698,NC_047565.1 48645805 48674574,3,-0.11336937642952048,0.6995790836070999
NC_047564.1,19534810,NC_047564.1 19502457 19537826,7,-0.11335718068840392,0.6996100303183905
NC_047568.1,28890490,NC_047568.1 28890344 28895234,3,-0.11334607135503647,0.6996382206456074
NC_047564.1,463969,NC_047564.1 454661 468237,5,0.11334326301475074,0.6996453469655728
NC_047559.1,19572466,NC_047559.1 19571638 19573452,6,-0.11331526757046162,0.6997163882216626
NC_047566.1,52951911,NC_047566.1 52949282 52969014,7,0.1132129188252716,0.6999761278846823
NC_047559.1,16862954,NC_047559.1 16859271 16865247,7,0.11315106399945851,0.7001331172504865
NC_047562.1,36566881,NC_047562.1 36561029 36569314,7,0.11311250774712249,0.7002309797837772
NW_022994958.1,51582,NW_022994958.1 38466 86290,3,0.11309479052161223,0.7002759506605516
NC_047565.1,61930758,NC_047565.1 61929274 61933230,5,-0.1129905563924278,0.7005405421759994
NC_047564.1,16237922,NC_047564.1 16237368 16238641,6,-0.11297741248882547,0.7005739093569228
NC_047560.1,63071989,NC_047560.1 62653127 63119960,3,-0.11290089535008124,0.7007681661206507
NC_047564.1,19616807,NC_047564.1 19602655 19617071,5,-0.11287549222309355,0.7008326616957902
NC_047565.1,19585702,NC_047565.1 19563896 19588226,9,-0.11286613983588521,0.7008564067873788
NC_047564.1,3320821,NC_047564.1 3318858 3323427,3,0.11286151502788326,0.7008681489623486
NC_047561.1,43150135,NC_047561.1 43147508 43152728,3,-0.11285472790430282,0.7008853812696005
NC_047566.1,49740710,NC_047566.1 49732734 49741560,3,-0.11279552902595473,0.7010356911493584
NC_047567.1,32320599,NC_047567.1 32318313 32320831,11,0.11278218999446511,0.7010695612389404
NC_047560.1,70764299,NC_047560.1 70690070 71346242,4,-0.11273873220106563,0.7011799116121068
NC_047562.1,42215295,NC_047562.1 42210421 42215533,16,-0.11272319673345023,0.7012193614383228
NC_047561.1,26650862,NC_047561.1 26647505 26658053,7,-0.11270818206018314,0.7012574894558438
NC_047561.1,17391352,NC_047561.1 17388821 17394489,5,0.11263906412812079,0.7014330148379191
NC_047565.1,54369711,NC_047565.1 54366653 54370193,10,0.11262435838661364,0.701470361938244
NC_047565.1,46137951,NC_047565.1 46137074 46153578,9,0.11259422362288664,0.7015468949594484
NC_047562.1,26634764,NC_047562.1 26631246 26645819,9,0.11254656313241115,0.7016679432994928
NC_047564.1,25521647,NC_047564.1 25515952 25528574,4,0.11252828964878366,0.7017143561242645
NC_047562.1,8548807,NC_047562.1 8541724 8550584,9,0.11245654043181086,0.7018966013224908
NC_047565.1,22561589,NC_047565.1 22527827 22594197,10,-0.11240421027034171,0.702029530920975
NC_047565.1,53869295,NC_047565.1 53799802 53902085,10,0.11239105171565418,0.7020629576591009
NC_047562.1,50731279,NC_047562.1 50713042 50744457,9,-0.11222362730390525,0.7024883103714201
NC_047567.1,10670340,NC_047567.1 10658662 10703573,4,0.1122052984599407,0.7025348809209551
NC_047562.1,14201860,NC_047562.1 14201686 14203803,3,0.11213296277813366,0.7027186833457622
NC_047564.1,37857806,NC_047564.1 37851279 37912830,8,-0.11210245727189118,0.7027962012918123
NC_047565.1,1463653,NC_047565.1 1456555 1473690,5,0.11207077112107389,0.70287672223199
NC_047561.1,43493719,NC_047561.1 43492157 43496786,17,0.11201576279914874,0.70301651641925
NC_047561.1,54597596,NC_047561.1 54590279 54609725,9,0.1119561916901481,0.7031679159837882
NC_047565.1,56357238,NC_047565.1 56331967 56392561,15,0.11188324503412467,0.7033533233364484
NC_047562.1,47000651,NC_047562.1 46999310 47030276,4,0.11185783513456854,0.7034179108722591
NC_047562.1,31071063,NC_047562.1 31063692 31079395,5,0.11183469539708514,0.7034767296691117
NC_047564.1,9494457,NC_047564.1 9494212 9500491,4,0.11175366031460263,0.7036827245376824
NC_047559.1,25513302,NC_047559.1 25513173 25519538,3,0.11171694956630407,0.7037760511494814
NC_047561.1,3385323,NC_047561.1 3383787 3386601,6,0.11171028154181482,0.7037930031167612
NC_047564.1,35849813,NC_047564.1 35831947 35850726,5,-0.11167370630756869,0.7038859897785579
NC_047568.1,54646512,NC_047568.1 54631866 54655780,7,0.11166815524887355,0.7039001027903866
NC_047564.1,38273407,NC_047564.1 38265491 38279136,4,-0.1116492783407275,0.703948096105167
NC_047562.1,24522746,NC_047562.1 24514721 24523439,3,-0.11159098807104524,0.7040963017998112
NC_047559.1,31734881,NC_047559.1 31731414 31757929,5,-0.1115458370172182,0.7042111071428243
NC_047559.1,50896569,NC_047559.1 50890907 50904070,7,-0.11152006828389875,0.7042766317876927
NC_047565.1,12261812,NC_047565.1 12258362 12266155,7,0.11143516396323966,0.7044925396859811
NC_047565.1,13419447,NC_047565.1 13403639 13456801,6,0.11139072900354807,0.7046055440521302
NC_047559.1,6593978,NC_047559.1 6590285 6594788,5,-0.11135339890835934,0.7047004841241504
NC_047561.1,13683693,NC_047561.1 13683690 13688349,6,-0.11128934729688597,0.7048633932225381
NC_047561.1,35775522,NC_047561.1 35774406 35775921,12,0.11124409306420018,0.7049785000893953
NC_047560.1,55813810,NC_047560.1 55812727 55820308,8,-0.11123003458315636,0.7050142598774068
NC_047568.1,563938,NC_047568.1 563207 564050,17,-0.11119093644298104,0.7051137146512608
NC_047559.1,15115064,NC_047559.1 15111858 15130114,4,-0.11114711359817164,0.7052251929604816
NC_047567.1,21339831,NC_047567.1 21338680 21341339,17,0.11113509132404696,0.7052557766644179
NC_047567.1,35345258,NC_047567.1 35344771 35346756,5,-0.11112878935723845,0.7052718085292873
NC_047561.1,16798709,NC_047561.1 16791938 16799645,9,-0.11111546715786016,0.7053056998626845
NC_047564.1,28130489,NC_047564.1 28125548 28131993,3,0.11098124634565013,0.7056471824955055
NC_047564.1,28086572,NC_047564.1 28085773 28093002,6,0.11088242354580093,0.7058986389460709
NC_047562.1,30991208,NC_047562.1 30970218 30991730,4,0.11088084821567,0.7059026476288299
NC_047559.1,47974889,NC_047559.1 47969777 48069735,4,-0.11087907083341184,0.7059071704744757
NC_047564.1,40357685,NC_047564.1 40354490 40364190,3,0.11086696578691843,0.7059379740245701
NC_047559.1,50859943,NC_047559.1 50836831 50861683,6,0.11078552823903458,0.7061452179423089
NC_047561.1,44364677,NC_047561.1 44348859 44406120,9,-0.11077548835310101,0.7061707689579947
NC_047564.1,8249062,NC_047564.1 8232230 8249279,7,0.11075900876675444,0.7062127093180441
NC_047568.1,24979463,NC_047568.1 24969682 25044988,5,-0.11075131622808336,0.7062322870069123
NC_047564.1,18633563,NC_047564.1 18621265 18651220,6,-0.11073427999619871,0.7062756452122425
NC_047565.1,21464200,NC_047565.1 21462653 21479546,6,0.11072963434641252,0.7062874688060317
NC_047568.1,39584611,NC_047568.1 39581535 39588430,11,-0.1107284676999594,0.7062904380351671
NC_047562.1,35223928,NC_047562.1 35217104 35242189,14,-0.11072262060408186,0.7063053195235922
NC_047568.1,36112375,NC_047568.1 36102426 36135503,9,-0.11069883012180004,0.7063658698677147
NC_047560.1,62879483,NC_047560.1 62653127 63119960,3,0.11060606381076021,0.7066019894552147
NC_047568.1,50500798,NC_047568.1 50494614 50503078,6,-0.11060549273268645,0.7066034431054288
NC_047568.1,7129842,NC_047568.1 7129600 7139605,5,0.11058747463272997,0.7066493077404905
NC_047561.1,8729176,NC_047561.1 8682706 8734273,3,-0.11054152902359565,0.7067662653580296
NC_047561.1,30832923,NC_047561.1 30831841 30842870,6,0.11048458610964677,0.706911225694632
NC_047559.1,52699708,NC_047559.1 52696505 52706017,11,-0.11044112848804355,0.707021862554614
NC_047568.1,37138826,NC_047568.1 37135625 37140115,9,0.11037736682594829,0.707184200313455
NC_047565.1,12517471,NC_047565.1 12516161 12538779,17,0.1103226215844619,0.7073235914141212
NC_047561.1,7792566,NC_047561.1 7788039 7798580,7,0.11032108085283046,0.7073275145136175
NC_047563.1,1296442,NC_047563.1 1295708 1315832,4,0.11030698422938287,0.707363408460427
NC_047560.1,44284573,NC_047560.1 43984502 44478438,3,-0.11030365430154748,0.7073718874707398
NC_047568.1,42368198,NC_047568.1 42366137 42402817,7,0.11028209754179408,0.7074267783082628
NC_047567.1,13446135,NC_047567.1 13432545 13463061,3,-0.11026999463751527,0.7074575969954182
NC_047567.1,34531870,NC_047567.1 34529685 34555816,5,-0.11026736159838563,0.7074643017891407
NC_047566.1,1366951,NC_047566.1 1354633 1414618,5,0.1101552705729685,0.7077497496210698
NC_047567.1,5840094,NC_047567.1 5838039 5841072,5,0.11014998112558753,0.7077632204598681
NC_047565.1,52611247,NC_047565.1 52607207 52614574,10,0.11014465634652645,0.7077767813594602
NC_047566.1,47299867,NC_047566.1 47293594 47300601,7,0.11013945309931542,0.7077900328251665
NC_047563.1,43439133,NC_047563.1 43437116 43498428,5,-0.1101213179498182,0.7078362194521652
NC_047562.1,27555865,NC_047562.1 27550144 27557888,5,0.11011451000567038,0.7078535581759862
NC_047568.1,34305926,NC_047568.1 34294735 34311174,5,-0.11009475304489448,0.7079038766789867
NC_047564.1,51464167,NC_047564.1 51460720 51465294,10,0.11008513963646191,0.7079283612261602
NC_047568.1,37039779,NC_047568.1 37006851 37042840,6,-0.11008224395543711,0.7079357363349277
NC_047566.1,56198582,NC_047566.1 56191955 56228374,17,-0.11007943682733014,0.7079428859279655
NC_047560.1,18821490,NC_047560.1 18807551 18945840,10,-0.11005705692980389,0.7079998870332567
NC_047568.1,45103597,NC_047568.1 45102413 45115151,7,-0.11004675032554298,0.7080261382049214
NC_047559.1,26503111,NC_047559.1 26498682 26506068,10,0.1100343903513265,0.7080576197572358
NC_047568.1,563263,NC_047568.1 563207 564050,3,-0.11003018094096095,0.7080683414620872
NC_047565.1,494701,NC_047565.1 486832 502405,7,-0.11002599037456703,0.7080790152197662
NC_047564.1,45067183,NC_047564.1 45053666 45078520,17,-0.11001300345923544,0.7081120944029056
NC_047561.1,38932142,NC_047561.1 38924969 38937411,7,0.10995820066272194,0.7082516887650141
NC_047565.1,6157911,NC_047565.1 6151868 6160300,12,0.10993894442600732,0.7083007405115542
NC_047566.1,50843541,NC_047566.1 50816539 50848619,7,-0.10984627236736096,0.7085368203567245
NC_047565.1,58629528,NC_047565.1 58595690 58637040,12,-0.10981480159980074,0.7086169969160382
NC_047565.1,2332030,NC_047565.1 2314413 2332844,5,-0.10969478671615966,0.7089227787932921
NC_047564.1,16855164,NC_047564.1 16852457 16883491,6,0.10963336016303041,0.7090793012059728
NC_047564.1,40012765,NC_047564.1 40011694 40026974,3,-0.10959819870938563,0.7091689017166135
NC_047561.1,4689280,NC_047561.1 4688648 4690248,6,-0.10949823070220599,0.7094236652373771
NC_047568.1,51578222,NC_047568.1 51570661 51582818,9,-0.10946996167022587,0.7094957125875367
NC_047566.1,11384673,NC_047566.1 11378826 11389532,3,-0.10945391974253448,0.7095365985561688
NC_047565.1,37932590,NC_047565.1 37925281 37938300,6,0.10943274080092173,0.7095905783154328
NC_047561.1,8957845,NC_047561.1 8953262 8962473,9,0.10935990864404757,0.7097762187040535
NC_047563.1,73354319,NC_047563.1 73351602 73355280,15,0.10934418935501963,0.7098162872408584
NC_047563.1,69284006,NC_047563.1 69283949 69295671,13,-0.10921349518692867,0.710149454230953
NC_047568.1,12303878,NC_047568.1 12293672 12315640,8,0.10919102966686392,0.7102067284276092
NC_047568.1,24275971,NC_047568.1 24271157 24283051,10,-0.10914739393605054,0.7103179785877092
NC_047561.1,8688920,NC_047561.1 8682706 8734273,15,0.1091320824133966,0.7103570168891056
NC_047560.1,43999009,NC_047560.1 43984502 44478438,6,0.10910926760395184,0.7104151868164071
NC_047559.1,54175786,NC_047559.1 54171326 54185745,4,-0.10905492122559561,0.7105537573161969
NW_022994945.1,479909,NW_022994945.1 470497 490286,5,0.10902090050061965,0.7106405064044249
NC_047564.1,46944244,NC_047564.1 46943734 46954851,9,-0.10880214037729223,0.7111983982869867
NC_047565.1,46324602,NC_047565.1 46321152 46325658,6,-0.10878193037335208,0.7112499455310778
NC_047565.1,22597989,NC_047565.1 22597758 22607045,4,0.10877426747062854,0.7112694906820165
NC_047565.1,368350,NC_047565.1 368130 370682,9,0.10869749731709431,0.711465311248691
NC_047566.1,43834681,NC_047566.1 43832746 43851783,4,-0.10866678048649175,0.7115436664758503
NC_047565.1,19261041,NC_047565.1 19257826 19261463,7,0.10865077794054831,0.7115844882438835
NC_047565.1,37509872,NC_047565.1 37460628 37513316,14,0.10862867687138297,0.7116408682486948
NC_047568.1,33063223,NC_047568.1 33048704 33066789,5,0.10862776715191029,0.7116431889797235
NC_047559.1,31928240,NC_047559.1 31916762 31953766,10,-0.10845699421379666,0.7120788787143889
NC_047564.1,23956175,NC_047564.1 23949354 23960468,5,0.10844677515478593,0.7121049529951982
NC_047565.1,53004861,NC_047565.1 53004627 53006211,4,-0.10841080603116399,0.7121967317779119
NC_047566.1,22293301,NC_047566.1 22265889 22297941,4,0.10839805881177422,0.7122292584403622
NC_047564.1,20525838,NC_047564.1 20478953 20552459,7,-0.1083862125448401,0.7122594865796363
NC_047560.1,24865078,NC_047560.1 24826378 24899695,4,-0.10830069978030323,0.7124777012921774
NC_047566.1,44804703,NC_047566.1 44794452 44813180,16,-0.10822826541468768,0.7126625580490143
NC_047568.1,3625774,NC_047568.1 3608845 3633098,16,-0.10812739512474516,0.7129200093827079
NC_047566.1,23925429,NC_047566.1 23920113 23932583,11,-0.10811196033268448,0.7129594061237675
NC_047562.1,31224997,NC_047562.1 31222343 31238557,5,0.10800560786288584,0.7132308849832512
NC_047566.1,51775977,NC_047566.1 51774775 51777179,3,0.1079296943310431,0.7134246836964303
NC_047562.1,35504035,NC_047562.1 35459231 35560615,3,-0.10791652306467359,0.7134583100947591
NC_047568.1,34862152,NC_047568.1 34823092 34873268,5,0.1078915712437787,0.7135220137134801
NC_047560.1,45412512,NC_047560.1 45398897 45421310,6,-0.10789036613689797,0.7135250904735162
NC_047559.1,20154420,NC_047559.1 20145930 20159593,3,-0.10779524959945526,0.7137679453997534
NC_047566.1,24491925,NC_047566.1 24489013 24496678,8,0.10763139427693881,0.7141863657096761
NW_022994991.1,48262,NW_022994991.1 45538 63512,17,0.10737279739417074,0.7148468695576655
NC_047568.1,37655447,NC_047568.1 37645882 37657041,6,-0.10734179513895804,0.7149260674659285
NC_047560.1,44393895,NC_047560.1 43984502 44478438,3,-0.10730467016336695,0.7150209098943825
NC_047565.1,56419228,NC_047565.1 56392641 56437538,17,0.10727402427378865,0.715099203212074
NC_047566.1,4553322,NC_047566.1 4542552 4554464,7,0.10716663347975317,0.7153735829513519
NC_047568.1,47674934,NC_047568.1 47671567 47680444,15,0.10716336431809831,0.7153819360467435
NC_047567.1,19006304,NC_047567.1 19004918 19006602,17,0.10714303259111876,0.7154338866828336
NC_047561.1,29635774,NC_047561.1 29626476 29715085,4,0.10703276674726679,0.7157156525192472
NC_047559.1,30029274,NC_047559.1 30024980 30044706,5,0.10701408585814716,0.7157633917258893
NC_047566.1,7710042,NC_047566.1 7674237 7715471,6,0.1069936188627347,0.7158156964540542
NC_047564.1,3402309,NC_047564.1 3400060 3404913,4,-0.10694120272973194,0.7159496545489312
NC_047566.1,28042878,NC_047566.1 28042649 28051338,15,0.10693172941976609,0.7159738659695409
NC_047565.1,6159054,NC_047565.1 6151868 6160300,6,0.1068609199363664,0.7161548452280266
NC_047563.1,2589506,NC_047563.1 2583009 2597715,6,0.10683273147702244,0.71622689489187
NC_047565.1,19670261,NC_047565.1 19667272 19671449,16,0.10662702205734868,0.7167527543079579
NC_047568.1,16321847,NC_047568.1 16311396 16334286,6,0.10661749286693747,0.7167771168117987
NC_047568.1,49404955,NC_047568.1 49401951 49413971,9,-0.1065845965088962,0.7168612221709705
NC_047559.1,47861336,NC_047559.1 47858691 47862115,7,0.10655893190241543,0.7169268403492661
NC_047564.1,40373806,NC_047564.1 40372035 40374744,14,-0.10642810078511541,0.7172613720091464
NC_047568.1,7621863,NC_047568.1 7580055 7645629,7,-0.1063707772701544,0.7174079615483215
NC_047565.1,25652260,NC_047565.1 25644038 25652924,6,0.10630972521216062,0.7175640957799007
NW_022994958.1,45267,NW_022994958.1 38466 86290,10,0.10624235034241257,0.7177364118360334
NC_047566.1,28084652,NC_047566.1 28082887 28094633,3,0.10619903807317517,0.7178471926558958
NC_047559.1,27718903,NC_047559.1 27663589 27722086,16,0.10614114755650642,0.7179952686530233
NC_047565.1,30182218,NC_047565.1 30181318 30187622,7,-0.1061222659856574,0.7180435671105396
NC_047560.1,24889752,NC_047560.1 24826378 24899695,16,0.10612164017459058,0.7180451679320978
NC_047564.1,7591049,NC_047564.1 7584123 7594571,10,0.10610753049621224,0.7180812607037561
NC_047567.1,11208111,NC_047567.1 11202327 11208829,5,-0.10598716808301799,0.7183891717944719
NC_047564.1,43498613,NC_047564.1 43496988 43519937,10,-0.1059831260358531,0.7183995128480846
NC_047559.1,8276391,NC_047559.1 8257684 8278064,15,-0.10594042910276988,0.7185087501515721
NC_047568.1,39856178,NC_047568.1 39854640 39895673,6,0.10593882226349166,0.7185128612420834
NC_047559.1,5354498,NC_047559.1 5320973 5359020,6,-0.1059108412817533,0.7185844515829791
NC_047562.1,13256882,NC_047562.1 13246768 13275546,8,-0.10564271707057825,0.7192705656665548
NC_047560.1,8549560,NC_047560.1 8490553 8549689,10,-0.10563772855859052,0.7192833328392794
NC_047568.1,47121655,NC_047568.1 47113298 47125137,17,0.10558787022466234,0.7194109397506918
NC_047568.1,39032255,NC_047568.1 39029333 39037156,8,-0.10556876629301046,0.7194598359589637
NC_047565.1,10122880,NC_047565.1 10119883 10126729,3,-0.10553599925702593,0.7195437049868526
NC_047568.1,37021667,NC_047568.1 37006851 37042840,3,-0.10553285039626607,0.7195517648233603
NC_047566.1,48117709,NC_047566.1 48117038 48121243,7,0.10548376287626518,0.7196774129362457
NC_047561.1,47350587,NC_047561.1 47346416 47352688,15,0.1054116030642665,0.7198621305692674
NC_047563.1,57992285,NC_047563.1 57990142 58020799,3,0.10540738822683132,0.7198729203215193
NC_047568.1,6883601,NC_047568.1 6861982 6890466,15,-0.10540152420070577,0.719887931986841
NW_022994960.1,21662,NW_022994960.1 17619 32399,9,-0.10537988342431506,0.7199433322949578
NW_022994966.1,93568,NW_022994966.1 92629 96361,5,-0.1052907357969525,0.7201715633629365
NC_047561.1,3156803,NC_047561.1 3154006 3172426,9,0.10524698795471639,0.7202835722134762
NC_047561.1,52417846,NC_047561.1 52414922 52418818,3,0.10520928179755036,0.7203801165497064
NC_047559.1,51428904,NC_047559.1 51423488 51429770,16,0.10503358961237608,0.7208300168147657
NC_047561.1,8970582,NC_047561.1 8962559 8986747,8,0.10497600490665884,0.7209774939779696
NC_047567.1,30950082,NC_047567.1 30934340 31071743,3,-0.1049081702078991,0.7211512334235985
NC_047561.1,44360334,NC_047561.1 44348859 44406120,5,0.1048599217367478,0.7212748158811733
NC_047565.1,4981480,NC_047565.1 4952583 5005246,3,-0.10484041353771144,0.7213247855015481
NC_047565.1,57636113,NC_047565.1 57630715 57647843,12,-0.10481735797843801,0.7213838429026501
NC_047567.1,18360646,NC_047567.1 18296483 18360680,5,0.10477322094678754,0.7214969050564364
NC_047565.1,9862456,NC_047565.1 9842383 9882001,16,-0.10469243149036592,0.7217038703637302
NC_047564.1,19880931,NC_047564.1 19825201 19885354,3,-0.10449397742912049,0.7222123423365032
NC_047568.1,37755608,NC_047568.1 37753354 37757610,4,-0.10440827122617403,0.7224319687128464
NC_047564.1,6703454,NC_047564.1 6668310 6708001,7,0.10436607405246102,0.7225401083546669
NC_047567.1,36940259,NC_047567.1 36938411 36941487,7,-0.10428551764615826,0.7227465654291656
NC_047566.1,41960838,NC_047566.1 41958618 41962735,6,0.10424500828759133,0.7228503930189589
NC_047562.1,41816911,NC_047562.1 41798011 41824395,3,-0.10420470180625264,0.7229537050234366
NC_047568.1,54739597,NC_047568.1 54729958 54793813,6,0.10413750522448503,0.7231259504394764
NC_047568.1,56610965,NC_047568.1 56609842 56617316,5,-0.10412463694638832,0.7231589371672327
NC_047562.1,29648470,NC_047562.1 29643817 29650498,7,0.10409931695925019,0.7232238440882222
NC_047561.1,53672965,NC_047561.1 53663306 53677755,15,-0.10409818691281011,0.7232267409639408
NC_047566.1,1606663,NC_047566.1 1603153 1607912,7,0.10403529325757314,0.7233879743726686
NC_047562.1,12355582,NC_047562.1 12353732 12356255,16,-0.10398536428655449,0.7235159792693975
NC_047562.1,16580525,NC_047562.1 16490268 16585530,3,-0.10388552521418314,0.72377196083271
NC_047564.1,48629779,NC_047564.1 48618463 48651380,3,-0.10387135052538213,0.7238083060851954
NC_047568.1,4395228,NC_047568.1 4380992 4396499,12,-0.10381398018382906,0.7239554146314406
NC_047559.1,33283325,NC_047559.1 33283099 33285553,7,0.10379605911496086,0.7240013695009239
NW_022994989.1,53683,NW_022994989.1 38643 64729,5,0.10370180537167026,0.7242430779255048
NC_047561.1,33037373,NC_047561.1 33036809 33042625,16,0.10370075552553813,0.724245770331406
NC_047561.1,3542583,NC_047561.1 3499872 3545425,4,-0.10366261110180275,0.7243435964584847
NC_047562.1,35803379,NC_047562.1 35803350 35832718,16,0.10363084253944065,0.7244250738792639
NC_047562.1,7391677,NC_047562.1 7391390 7416625,5,0.10359924332485014,0.7245061196605994
NC_047568.1,31182579,NC_047568.1 31173727 31189639,5,0.1035769245137729,0.7245633646451936
NC_047566.1,54577184,NC_047566.1 54572147 54616687,4,0.10355990673292977,0.7246070140430247
NC_047563.1,69328028,NC_047563.1 69299738 69335226,3,-0.1035563793844478,0.7246160615383692
NC_047566.1,53564547,NC_047566.1 53560164 53568258,3,0.10350025586849862,0.72476002040796494
NC_047561.1,53355365,NC_047561.1 53339422 53394986,7,-0.10347931623629167,0.7248137334953597
NC_047565.1,22908602,NC_047565.1 22894570 22910462,5,-0.10345637124579883,0.7248725919583017
NC_047561.1,2452891,NC_047561.1 2452731 2466109,4,0.10344171689422312,0.7249101840229981
NC_047565.1,6757186,NC_047565.1 6741163 6757763,11,0.10338738727924213,0.7250495580540158
NC_047564.1,52792905,NC_047564.1 52791613 52798835,6,0.10337324185845885,0.7250858471914583
NC_047568.1,17620476,NC_047568.1 17619716 17623698,14,0.10330953549639392,0.7252492882783318
NC_047562.1,7748329,NC_047562.1 7745835 7759139,7,-0.10329083932499213,0.7252972560788238
NC_047564.1,20351888,NC_047564.1 20333294 20362176,15,0.1032702711130147,0.7253500279586922
NC_047568.1,54132665,NC_047568.1 54093436 54153085,5,0.10325036982749793,0.7254010897832492
NC_047564.1,47200413,NC_047564.1 47168916 47238399,3,-0.10320626905659458,0.7255142453392693
NC_047566.1,13287459,NC_047566.1 13265838 13288420,14,0.10313615465151975,0.7256941584552279
NC_047565.1,52657585,NC_047565.1 52647418 52666601,10,0.1030392605405809,0.7259428097675777
NC_047565.1,11071084,NC_047565.1 11026122 11074255,5,0.10303709317675189,0.7259483719804285
NC_047560.1,18822248,NC_047560.1 18807551 18945840,5,0.1028361472126299,0.7264641240440061
NC_047561.1,26401796,NC_047561.1 26354518 26443353,4,0.10280590707774385,0.7265417483295504
NC_047564.1,3401199,NC_047564.1 3392916 3402255,6,0.10279486027420028,0.7265701053005116
NC_047562.1,39504106,NC_047562.1 39435833 39560224,9,0.10275849959031373,0.7266634449026041
NC_047564.1,12834439,NC_047564.1 12803925 12885663,13,-0.10274087843050025,0.7267086805246503
NC_047568.1,34252181,NC_047568.1 34242260 34254917,9,-0.10272715091364959,0.7267439212736971
NC_047567.1,8514245,NC_047567.1 8504069 8516072,13,0.10263469002192072,0.7269812963716091
NW_022994960.1,79457,NW_022994960.1 71313 117315,3,0.1026334038740268,0.7269845984631758
NC_047564.1,9697037,NC_047564.1 9696182 9697489,12,0.10261762519566568,0.727025109435596
NC_047564.1,27474345,NC_047564.1 27344094 27505718,5,-0.10251722405383593,0.7272828999026935
NC_047566.1,28670546,NC_047566.1 28669548 28686763,8,-0.10250944785665506,0.7273028672241952
NC_047565.1,47374982,NC_047565.1 47370731 47378585,4,-0.10245062903783876,0.7274539043887409
NC_047561.1,44370183,NC_047561.1 44348859 44406120,7,-0.10242114896387652,0.7275296078868463
NW_022994958.1,38597,NW_022994958.1 38466 86290,15,0.10238093571425527,0.7276328774197509
NC_047568.1,50181813,NC_047568.1 50176045 50184430,12,0.10237217165309628,0.7276553845149291
NC_047564.1,49393794,NC_047564.1 49366001 49396142,4,0.10230411787850259,0.7278301612089563
NC_047559.1,41478687,NC_047559.1 41478554 41481465,3,-0.1021569258640634,0.728208223934787
NC_047565.1,60315830,NC_047565.1 60306728 60350613,9,-0.10207961186565187,0.7284068279778414
NC_047562.1,9377307,NC_047562.1 9369971 9389079,7,-0.10203572783275885,0.7285195642407114
NC_047560.1,55652244,NC_047560.1 55648591 55654423,10,-0.10203161047680216,0.7285301418194206
NC_047565.1,14126233,NC_047565.1 14125283 14128037,3,0.10201366104404339,0.7285762548345606
NC_047559.1,40682087,NC_047559.1 40676370 40685499,3,0.10199481097825659,0.7286246825407796
NC_047566.1,37988024,NC_047566.1 37986336 37989186,9,-0.10193359809175155,0.728781951062417
NC_047568.1,48186540,NC_047568.1 48186473 48198674,10,-0.10193185918429455,0.7287864188189459
NC_047568.1,43626582,NC_047568.1 43622763 43626892,12,-0.101906928755392,0.7288504731858361
NC_047561.1,49760362,NC_047561.1 49734890 49767198,3,0.101890827011324,0.7288918446687257
NC_047559.1,25513251,NC_047559.1 25513173 25519538,13,0.10183080553281983,0.7290460686372321
NC_047566.1,7930539,NC_047566.1 7929424 7972433,10,0.10179801849677794,0.7291303182827257
NC_047560.1,47728443,NC_047560.1 47727567 47768797,3,-0.10173916401851224,0.7292815580171352
NC_047561.1,53849594,NC_047561.1 53843028 53857477,9,-0.101581054601421,0.7296879007972314
NC_047562.1,26634663,NC_047562.1 26631246 26645819,9,0.10155092707656609,0.7297653363201217
NC_047562.1,31358758,NC_047562.1 31346810 31373777,5,-0.10153165053627809,0.7298148832649911
NC_047561.1,30498459,NC_047561.1 30481172 30499308,5,0.10151816907487353,0.7298495355645827
NC_047559.1,12775632,NC_047559.1 12774443 12780925,4,0.10147625895175956,0.7299572630099382
NC_047565.1,58867130,NC_047565.1 58856519 58875341,4,0.10145002792141429,0.7300246906479275
NC_047566.1,6547364,NC_047566.1 6537629 6578431,12,-0.10137973238549987,0.7302053963369287
NC_047565.1,51764409,NC_047565.1 51760053 51766474,5,-0.10133411721686954,0.7303226642368752
NC_047561.1,45381998,NC_047561.1 45378096 45386504,11,0.10129633524598067,0.7304197986261862
NC_047562.1,26164429,NC_047562.1 26100614 26195832,11,0.10129111110222433,0.7304332297725892
NC_047568.1,47603026,NC_047568.1 47589848 47605010,6,-0.10129065756041643,0.7304343958209224
NC_047565.1,59337704,NC_047565.1 59334480 59344597,4,-0.10128767853930085,0.7304420548473837
NC_047566.1,52974363,NC_047566.1 52973939 52976665,16,0.10127662910566333,0.7304704630085845
NC_047565.1,55201164,NC_047565.1 55198218 55201309,5,0.10117975644691006,0.7307195369531303
NC_047568.1,34930257,NC_047568.1 34928715 34931041,6,0.1011639136060719,0.7307602735894421
NC_047565.1,23097485,NC_047565.1 23094969 23101928,14,-0.10114720207315155,0.7308032446052932
NC_047559.1,47317315,NC_047559.1 47313509 47322239,6,-0.10109750759054448,0.7309310303003894
NC_047568.1,7809914,NC_047568.1 7804783 7892069,8,0.10108417316144229,0.7309653199047588
NC_047564.1,57843002,NC_047564.1 57840520 57844282,15,0.10107371800216144,0.7309922057674931
NC_047559.1,46993758,NC_047559.1 46992438 46998731,6,-0.10103325443492503,0.7310962621636072
NC_047560.1,53379214,NC_047560.1 53361924 53426505,8,0.10098743080438052,0.7312141077260759
NC_047565.1,61706501,NC_047565.1 61670769 61721276,3,0.1009347927688621,0.7313494848319457
NW_022994963.1,157354,NW_022994963.1 153799 160109,5,0.10089681876871633,0.7314471527580162
NC_047563.1,9663159,NC_047563.1 9637025 9666320,10,-0.10081049169733199,0.7316691973168692
NC_047566.1,4240388,NC_047566.1 4235609 4240776,8,0.10056008712152094,0.7323133811449334
NC_047562.1,51311931,NC_047562.1 51304758 51331916,6,0.10052996177830324,0.732390891814559
NC_047562.1,15073977,NC_047562.1 15051011 15094597,5,-0.10046552727539643,0.7325566858178947
NC_047566.1,13537984,NC_047566.1 13523422 13556661,16,-0.1004430155719333,0.7326146123940213
NC_047563.1,20339027,NC_047563.1 20294697 20355501,4,0.10036308054870523,0.7328203099698567
NC_047561.1,19247083,NC_047561.1 19239121 19272407,3,0.10036102442499639,0.7328256012330479
NC_047561.1,29803175,NC_047561.1 29799321 29819244,6,0.10035706067859701,0.7328358016355491
NC_047560.1,70787899,NC_047560.1 70595196 71158665,6,-0.1002904815559759,0.7330071441130991
NC_047559.1,43698948,NC_047559.1 43693807 43701612,17,0.1002754069735327,0.7330459404062278
NC_047568.1,46813659,NC_047568.1 46803954 46815758,10,-0.10022803034037256,0.7331678738584912
NW_022994952.1,4558,NW_022994952.1 1583 27796,14,0.1001618140434191,0.7333383048370727
NC_047567.1,12855806,NC_047567.1 12851309 12862689,12,-0.10008526055459936,0.7335353564533842
NC_047568.1,19858320,NC_047568.1 19857630 19862765,3,-0.1000632665749652,0.7335919726212667
NC_047560.1,51031262,NC_047560.1 50935047 51246957,3,-0.10005324042291637,0.733617782024713
NC_047566.1,52336672,NC_047566.1 52335475 52347840,4,0.10000489942442174,0.7337422254923214
NC_047563.1,26391253,NC_047563.1 26379525 26392621,7,-0.09998045538100526,0.7338051537200583
NC_047568.1,3871148,NC_047568.1 3859572 3883642,11,0.0999801539971323,0.7338059296060142
NC_047566.1,53269259,NC_047566.1 53258921 53285855,12,0.09993325307496977,0.7339266747330985
NC_047568.1,4385988,NC_047568.1 4380992 4396499,11,-0.0999301656202054,0.7339346235005769
NC_047559.1,53163786,NC_047559.1 53162805 53167705,12,-0.099891886144113,0.7340331774972182
NC_047566.1,43155291,NC_047566.1 43150874 43159366,9,0.09987565472594528,0.7340749679105228
NC_047559.1,40680450,NC_047559.1 40676370 40685499,3,-0.09981166598301834,0.7342397239519333
NC_047562.1,1836380,NC_047562.1 1826016 1837420,8,-0.09979349747041202,0.7342865055586174
NC_047568.1,51514610,NC_047568.1 51503314 51518204,5,-0.09973406053599294,0.7344395540821442
NC_047562.1,34212489,NC_047562.1 34212244 34217877,8,-0.09969303859934649,0.734545189822007
NC_047564.1,16905644,NC_047564.1 16903426 16910361,3,0.09966952352940323,0.7346057455327455
NC_047559.1,3607071,NC_047559.1 3605784 3628135,9,-0.0995465117912226,0.7349225471620389
NW_022994910.1,24743,NW_022994910.1 23136 26240,7,-0.09947605456914874,0.7351040187394038
NC_047560.1,50482892,NC_047560.1 50408591 50490840,9,0.09947237608533706,0.735113493497372
NC_047566.1,45365201,NC_047566.1 45358166 45368138,3,-0.09946604628346667,0.7351297974000917
NC_047561.1,56355503,NC_047561.1 56329378 56361076,5,-0.09945317967428209,0.735162938716593
NC_047563.1,8543587,NC_047563.1 8539299 8599653,8,-0.0993667920171668,0.7353854638069988
NC_047563.1,5150628,NC_047563.1 5149214 5151879,8,-0.0993062375223823,0.7355414570189341
NC_047565.1,9084147,NC_047565.1 9077882 9093520,6,-0.09922545337329443,0.7357495781847538
NC_047566.1,3953469,NC_047566.1 3911431 3984108,16,0.09921492138634187,0.7357767125885335
NC_047559.1,8231411,NC_047559.1 8181461 8243209,7,0.0991971639082505,0.735822463253806
NC_047563.1,10343155,NC_047563.1 10324355 10366465,16,0.0991655959592082,0.7359037974582319
NC_047564.1,57649410,NC_047564.1 57636161 57652349,3,0.099109387857443,0.7360486229001154
NC_047561.1,6180583,NC_047561.1 6166862 6180622,8,0.09908740286645108,0.736105271506811
NC_047559.1,6033898,NC_047559.1 6032167 6037509,6,0.09901979619588207,0.7362794810550519
NC_047564.1,49197043,NC_047564.1 49189712 49212937,5,0.09889508602246543,0.7366008663799802
NC_047567.1,25229487,NC_047567.1 25220467 25231697,6,-0.09885797206785214,0.7366965189176266
NC_047566.1,8923033,NC_047566.1 8903027 8930152,3,-0.09885093774122206,0.7367146486488658
NC_047564.1,32560837,NC_047564.1 32556241 32568820,16,-0.09882156195181427,0.7367903609199902
NC_047562.1,41287188,NC_047562.1 41286401 41291840,3,-0.09879549942955516,0.7368575355348006
NC_047565.1,5103342,NC_047565.1 5101993 5105888,3,0.09875949269149542,0.7369503436531344
NC_047565.1,5298904,NC_047565.1 5255329 5422969,6,-0.09867952184374368,0.7371564821007547
NC_047568.1,10891501,NC_047568.1 10866110 10904984,7,-0.09867863526861692,0.7371587674908728
NC_047560.1,50499557,NC_047560.1 50496462 50541845,17,0.09864366503724126,0.7372489144468126
NC_047561.1,42985902,NC_047561.1 42985561 42988266,9,0.09863778341813671,0.7372640765097072
NC_047565.1,44967049,NC_047565.1 44958578 44976977,6,-0.09855252760861315,0.7374838650716369
NC_047561.1,6577180,NC_047561.1 6573518 6595181,11,-0.09854034936750374,0.7375152619690575
NC_047564.1,24816666,NC_047564.1 24813972 24829609,8,-0.0985206376055435,0.7375660819505305
NC_047568.1,46520544,NC_047568.1 46511181 46525507,3,0.09849507856485833,0.7376319786079056
NC_047566.1,1356212,NC_047566.1 1354633 1414618,5,0.0984234461812127,0.7378166710938078
NC_047559.1,29068406,NC_047559.1 29051058 29072731,6,0.09840093025754196,0.7378747274685591
NC_047565.1,54048768,NC_047565.1 54020182 54080189,6,-0.0983128109102104,0.7381019520349683
NC_047568.1,34516621,NC_047568.1 34512598 34518463,11,-0.09831021932069807,0.7381086350091799
NC_047560.1,27781942,NC_047560.1 27779829 27785852,9,0.09828426657949046,0.7381755607150109
NC_047559.1,31776519,NC_047559.1 31773226 31785116,8,-0.09826857375642627,0.7382160294638133
NC_047560.1,63071989,NC_047560.1 63059766 63303274,3,-0.09824782061707868,0.7382695487551387
NC_047565.1,19185087,NC_047565.1 19182236 19186646,6,0.0982306279196897,0.738313887025327
NC_047567.1,20413158,NC_047567.1 20411049 20420360,6,-0.09816754599037236,0.738476575572543
NC_047565.1,44901227,NC_047565.1 44896893 44906258,5,0.09814950428680871,0.7385231070690581
NC_047561.1,48849960,NC_047561.1 48842280 48850631,3,-0.0981430271619392,0.7385398124746294
NC_047562.1,15021650,NC_047562.1 15015610 15022631,4,-0.09811933012807288,0.7386009313333595
NC_047566.1,8906991,NC_047566.1 8903027 8930152,6,0.09811230877452416,0.7386190409266775
NC_047563.1,13346428,NC_047563.1 13344843 13351891,6,-0.09806911834016864,0.7387304411926346
NC_047563.1,9688890,NC_047563.1 9686781 9690153,10,0.0980289503701739,0.7388340499497752
NC_047568.1,7200338,NC_047568.1 7196069 7261030,4,-0.09791657988826977,0.7391239188354212
NC_047560.1,51037671,NC_047560.1 50935047 51246957,11,-0.09788088531270506,0.7392160026655274
NC_047563.1,18488957,NC_047563.1 18487844 18491189,3,0.09785854613299613,0.7392736342857449
NC_047563.1,18757308,NC_047563.1 18740363 18786437,9,-0.09785387613168295,0.739285682325871
NC_047564.1,40687747,NC_047564.1 40669532 40690356,8,-0.09781013394837429,0.7393985345814786
NC_047566.1,17801620,NC_047566.1 17797021 17822603,8,-0.09778364232669659,0.7394668837749216
NC_047560.1,59689042,NC_047560.1 59603941 59706112,6,0.09775740307561476,0.739534583606719
NC_047565.1,20344804,NC_047565.1 20332571 20344841,7,-0.09774267785485437,0.739572576883275
NC_047561.1,14526766,NC_047561.1 14525813 14537466,6,-0.09766235941816037,0.7397798202046821
NC_047563.1,7114475,NC_047563.1 7105704 7126966,8,0.09763770030015688,0.7398434507019632
NC_047568.1,42969776,NC_047568.1 42962964 42970186,14,0.09750128292318312,0.7401954906431599
NC_047567.1,20392261,NC_047567.1 20391268 20393514,6,0.09747807731124684,0.7402553799661263
NC_047564.1,17467210,NC_047564.1 17467102 17488256,8,-0.09740856930243887,0.7404347752557457
NC_047560.1,54251786,NC_047560.1 53957867 54344220,15,-0.09736102326402254,0.7405574953056926
NC_047565.1,60717232,NC_047565.1 60715171 60718312,6,-0.097280488508912,0.7407653749013188
NC_047565.1,59252536,NC_047565.1 59231046 59276919,10,-0.09716453092689682,0.7410647182209606
NC_047559.1,31875711,NC_047559.1 31874857 31876534,5,-0.09715764254362742,0.7410825015841902
NC_047565.1,3285700,NC_047565.1 3282042 3291978,7,-0.09708612090688487,0.741267152190054
NC_047559.1,13222628,NC_047559.1 13219836 13222841,3,-0.09708194044020746,0.7412779454881913
NC_047565.1,2334828,NC_047565.1 2332057 2345568,4,-0.09706236197170864,0.7413284945593914
NC_047561.1,50942159,NC_047561.1 50942032 50944379,5,-0.0970481504803471,0.7413651873978291
NC_047568.1,20020681,NC_047568.1 19996071 20036801,5,-0.0970424306254808,0.7413799557113268
NC_047564.1,5695721,NC_047564.1 5692949 5698178,7,0.09689677407649884,0.7417560598359954
NC_047560.1,32306956,NC_047560.1 32288608 32310531,9,-0.09689266966082966,0.7417666587469187
NC_047564.1,13464710,NC_047564.1 13456615 13478904,4,0.0967999412276463,0.7420061244863937
NC_047568.1,36513364,NC_047568.1 36504267 36516796,4,0.09679856038155103,0.7420096906044543
NC_047559.1,36837067,NC_047559.1 36835891 36837369,17,-0.09675210959489311,0.7421296553567311
NW_022994910.1,4699,NW_022994910.1 4349 8420,7,0.09671207608967029,0.7422330510733572
NC_047568.1,13759795,NC_047568.1 13752429 13837039,5,-0.09665863038929816,0.7423710931609993
NW_022994829.1,127537,NW_022994829.1 109708 243958,6,-0.09664444415941381,0.7424077352369343
NC_047561.1,54522118,NC_047561.1 54491204 54522223,6,-0.09660382495270667,0.7425126547154799
NC_047562.1,47034185,NC_047562.1 47032692 47048707,3,-0.09651415450494702,0.7427442883429562
NC_047566.1,56246949,NC_047566.1 56244202 56259342,4,0.09643938531297469,0.7429374450291797
NC_047565.1,42354545,NC_047565.1 42341192 42370603,13,0.09638510087456781,0.7430776907727956
NC_047564.1,54759581,NC_047564.1 54757522 54799325,3,-0.09637378727563119,0.7431069207838539
NC_047561.1,33039731,NC_047561.1 33036809 33042625,5,-0.09635444267062776,0.7431569005871774
NC_047567.1,30903675,NC_047567.1 30901878 30904104,10,0.09633882495395225,0.7431972520794407
NC_047563.1,10453156,NC_047563.1 10445747 10455627,3,-0.09629668378534685,0.7433061352679478
NC_047568.1,27891490,NC_047568.1 27832144 27893867,6,-0.09610564909849864,0.743799781328668
NC_047565.1,38764427,NC_047565.1 38761400 38770267,6,0.09603242433880659,0.7439890231352089
NC_047565.1,11477696,NC_047565.1 11474700 11494062,3,-0.09601335062990948,0.7440383193655506
NC_047565.1,2333888,NC_047565.1 2332057 2345568,5,0.09600208099959336,0.7440674462890614
NC_047561.1,54038956,NC_047561.1 54038294 54051356,3,-0.09597078144720031,0.7441483432167877
NC_047565.1,58973133,NC_047565.1 58971362 58974236,3,0.0958820901194544,0.7443775884380843
NC_047559.1,7548953,NC_047559.1 7537496 7565714,3,-0.09586990187142436,0.7444090935932253
NC_047565.1,23863822,NC_047565.1 23849806 23870167,4,0.09583545511713423,0.7444981363185592
NC_047560.1,44487995,NC_047560.1 44485029 44652907,4,-0.09561528309633156,0.7450673373904735
NC_047560.1,70779712,NC_047560.1 70595196 71158665,7,-0.09561458212333457,0.7450691497785085
NC_047567.1,10558213,NC_047567.1 10557943 10561823,4,0.09561161014116457,0.7450768339467914
NW_022994983.1,28106,NW_022994983.1 26960 34838,17,-0.09560973210494213,0.7450816896892952
NC_047568.1,31629515,NC_047568.1 31628610 31659772,8,-0.0955629380179983,0.7452026806313572
NC_047568.1,36318245,NC_047568.1 36313895 36324366,10,-0.09546836415429133,0.7454472277857589
NC_047567.1,33654312,NC_047567.1 33646580 33659757,7,0.09544130406341018,0.7455172033140545
NC_047565.1,1575903,NC_047565.1 1558470 1585073,4,0.09529078371362638,0.7459064718301872
NC_047565.1,3533222,NC_047565.1 3527032 3537559,4,0.0951603871589663,0.7462437427070845
NC_047563.1,21007003,NC_047563.1 20978220 21097239,6,0.095082883282515,0.7464442266110994
NC_047564.1,16493332,NC_047564.1 16491049 16494572,3,-0.09507855668622558,0.7464554189155033
NC_047559.1,21185364,NC_047559.1 21184386 21239920,6,0.09504741988054355,0.7465359668826335
NC_047563.1,22628297,NC_047563.1 22544644 22636846,7,0.09501280779474516,0.7466255078935119
NC_047559.1,30485163,NC_047559.1 30469305 30489700,4,0.095005602949535,0.7466441471070273
NC_047568.1,35986558,NC_047568.1 35964215 36001099,12,-0.09498462497558272,0.746698418671011
NC_047559.1,5132604,NC_047559.1 5129744 5134162,3,0.09496419107970597,0.7467512837141113
NC_047562.1,29658080,NC_047562.1 29652578 29667717,14,-0.09495867750888236,0.7467655481884419
NC_047561.1,23698706,NC_047561.1 23689741 23700359,3,-0.0948724138147357,0.7469887357348812
NC_047568.1,45990771,NC_047568.1 45988093 45996317,4,0.09484392231316315,0.7470624550181784
NC_047564.1,41146009,NC_047564.1 41144695 41162088,12,0.09482187252491044,0.7471195083081577
NC_047566.1,17976097,NC_047566.1 17972755 17982365,3,0.09476718677996479,0.7472610115351321
NC_047568.1,35011646,NC_047568.1 35003725 35034700,10,0.09465248125271511,0.7475578442221995
NC_047561.1,54515793,NC_047561.1 54491204 54522223,8,-0.09458620652525339,0.747729363472196
NC_047561.1,17077938,NC_047561.1 17077188 17087795,15,0.09458037618764259,0.747744452927702
NC_047564.1,21509195,NC_047564.1 21508214 21509803,5,-0.09456698698502393,0.7477791057460272
NC_047568.1,33862032,NC_047568.1 33861636 34040626,3,0.09456572676548392,0.7477823673640078
NC_047559.1,1492478,NC_047559.1 1472630 1494174,3,-0.09450089445148507,0.7479501674184864
NC_047568.1,48396003,NC_047568.1 48395557 48404223,11,-0.09448529342523698,0.7479905477982765
NC_047559.1,39585225,NC_047559.1 39584696 39588752,7,0.09442648462136445,0.7481427689417641
NC_047561.1,2665288,NC_047561.1 2637666 2685662,4,0.09442622667776998,0.7481434366236652
NW_022994935.1,18636,NW_022994935.1 16278 25700,8,-0.09439468425171907,0.748225084807446
NC_047566.1,811915,NC_047566.1 808462 820114,3,-0.09439421280008997,0.7482263051877716
NC_047568.1,14934473,NC_047568.1 14928137 14941853,11,-0.09436282340131108,0.7483075597290556
NC_047561.1,50184603,NC_047561.1 50179859 50185757,7,-0.09425530601816719,0.7485858974339941
NC_047568.1,16187595,NC_047568.1 16166729 16187636,15,0.09417755328077142,0.7487871990715892
NC_047563.1,7427950,NC_047563.1 7401632 7475962,3,-0.0941496260065492,0.7488595063438896
NC_047564.1,25237942,NC_047564.1 25237198 25241312,11,0.09414308654917353,0.748876438109687
NC_047560.1,54239300,NC_047560.1 54235202 54240504,3,0.09412667916276463,0.7489189200826565
NC_047568.1,22124843,NC_047568.1 22076687 22149649,11,-0.094102187187472,0.7489823358889658
NW_022994774.1,832682,NW_022994774.1 830220 834155,4,0.09406932009308987,0.7490674392756504
NC_047563.1,39419936,NC_047563.1 39258392 39460768,11,-0.09403193988013972,0.749164231791797
NC_047565.1,30842201,NC_047565.1 30833454 30861739,10,0.0939779695631466,0.7493039888644266
NC_047568.1,52724925,NC_047568.1 52721163 52728026,4,-0.09396204587856531,0.7493452248885629
NC_047561.1,27960000,NC_047561.1 27958084 27967402,7,0.09391100958103443,0.7494773928408996
NC_047568.1,42577830,NC_047568.1 42575057 42595142,15,0.09389764249626463,0.7495120104408872
NC_047561.1,30808163,NC_047561.1 30786167 30808217,6,0.09372615006209034,0.749956174306339
NC_047562.1,9271039,NC_047562.1 9261120 9307537,7,-0.09359337786462439,0.7503001025840118
NC_047564.1,12703774,NC_047564.1 12703567 12706371,17,0.09359044447119408,0.7503077016268608
NC_047565.1,487059,NC_047565.1 486832 502405,3,-0.09358582657919338,0.750319664455958
NC_047559.1,17585123,NC_047559.1 17569948 17601289,7,-0.09355950918376309,0.7503878416894341
NC_047562.1,32363757,NC_047562.1 32363419 32382176,6,-0.09350550183890326,0.7505277571661335
NC_047563.1,10669720,NC_047563.1 10668110 10670939,10,0.09349958832519989,0.7505430775911386
NC_047565.1,53657977,NC_047565.1 53649989 53661410,3,-0.09346475137705174,0.7506333330863837
NC_047562.1,14904681,NC_047562.1 14883845 14910291,4,0.09335975463364593,0.7509053763671554
NC_047559.1,4327631,NC_047559.1 4322931 4332038,13,-0.09334242101713455,0.7509502898138253
NC_047564.1,22115039,NC_047564.1 22110836 22117555,7,0.09326007648398228,0.7511636642313466
NC_047559.1,5412357,NC_047559.1 5400509 5418244,7,-0.09321359700162997,0.7512841110074574
NC_047568.1,39889183,NC_047568.1 39854640 39895673,4,0.09318094465233795,0.7513687293451479
NC_047559.1,55083375,NC_047559.1 55083119 55111037,3,0.09311038377428402,0.7515515962425513
NC_047566.1,45225412,NC_047566.1 45223267 45226817,17,-0.09310641781339889,0.7515618748611277
NC_047559.1,53762543,NC_047559.1 53758334 53764315,11,-0.09310450134242136,0.7515668418109231
NC_047565.1,61468421,NC_047565.1 61225939 61469303,9,-0.09299097479010304,0.751861086414554
NC_047568.1,50522555,NC_047568.1 50511096 50543063,3,0.09297512010516161,0.7519021819872228
NC_047565.1,40935079,NC_047565.1 40917508 40937094,6,0.09292216625713545,0.7520394435554281
NC_047559.1,5347329,NC_047559.1 5320973 5359020,5,0.09290407560027719,0.7520863378740157
NC_047564.1,9134366,NC_047564.1 9129505 9137878,4,-0.092902082928643,0.7520915032949615
NC_047563.1,9986680,NC_047563.1 9964510 10020501,5,0.09290151270315894,0.7520929814402544
NC_047565.1,2781636,NC_047565.1 2774372 2782025,12,-0.09288878743638955,0.7521259682338549
NC_047565.1,57525628,NC_047565.1 57514782 57537244,8,-0.09287275140314745,0.7521675378493184
NC_047568.1,47870358,NC_047568.1 47869543 47877225,3,0.09285443190876308,0.7522150275607926
NC_047564.1,53305141,NC_047564.1 53304650 53306695,3,0.09283609421820735,0.7522625652583563
NC_047562.1,1203838,NC_047562.1 1007942 1377608,7,-0.09282156373826349,0.7523002339162121
NC_047565.1,55993545,NC_047565.1 55991686 55998372,4,0.09270817056496108,0.7525942107413881
NC_047561.1,14296877,NC_047561.1 14267409 14306382,3,0.09269468848865753,0.7526291656957379
NC_047561.1,45414273,NC_047561.1 45412847 45415363,6,0.09262963855143029,0.7527978267387182
NC_047561.1,27714875,NC_047561.1 27713605 27724183,4,0.09261695780419527,0.7528307064896393
NW_022994891.1,83433,NW_022994891.1 80286 84151,6,-0.09259518484968794,0.7528871622195975
NC_047563.1,66466781,NC_047563.1 66465555 66467126,11,0.09251844702692892,0.753086147114341
NC_047565.1,35647789,NC_047565.1 35644625 35649583,9,0.09249288550159517,0.7531524325531862
NC_047565.1,8298431,NC_047565.1 8296702 8304488,3,0.09248652032294885,0.7531689388038202
NC_047565.1,27610041,NC_047565.1 27543112 27633600,4,0.09245676550828236,0.7532461006133223
NC_047559.1,32950431,NC_047559.1 32915415 32979742,7,0.09242597315279975,0.7533259552846625
NC_047559.1,2140834,NC_047559.1 2133512 2142320,8,-0.09240165813983109,0.7533890137033719
NC_047561.1,24074218,NC_047561.1 24067116 24074272,5,-0.09239529184597602,0.7534055242503336
NC_047568.1,6545117,NC_047568.1 6514219 6547105,7,0.0923401785000368,0.7535484610311328
NC_047566.1,49387293,NC_047566.1 49386836 49391273,3,-0.09231103246657214,0.7536240544034404
NC_047563.1,25330037,NC_047563.1 25329917 25333638,7,-0.09226415334719659,0.7537456447440666
NC_047562.1,40586001,NC_047562.1 40582062 40589875,16,-0.09225733296685648,0.7537633352020623
NC_047561.1,26274200,NC_047561.1 26269328 26293764,7,0.09220214326242658,0.75390648840789
NC_047564.1,31860564,NC_047564.1 31851605 31865454,8,-0.09219784060812423,0.7539176491090503
NC_047561.1,19818816,NC_047561.1 19813821 19820007,13,-0.09207807819307585,0.7542283200348995
NC_047568.1,43169918,NC_047568.1 43160210 43173334,6,-0.09194426999515547,0.7545754674369858
NC_047561.1,49226095,NC_047561.1 49222891 49227326,15,-0.09192408316757499,0.7546278431914532
NC_047561.1,30834814,NC_047561.1 30831841 30842870,8,0.0918994861223638,0.7546916628054512
NC_047564.1,23345156,NC_047564.1 23341821 23348413,5,-0.09183950728353585,0.7548472902931648
NC_047560.1,68181856,NC_047560.1 68181453 68197593,3,0.09182276065616175,0.7548907444216089
NC_047567.1,12570985,NC_047567.1 12550669 12579832,4,-0.09181365287205072,0.754914377571718
NC_047568.1,33309690,NC_047568.1 33298981 33323717,3,-0.09170007665678905,0.7552091052591886
NC_047567.1,27721658,NC_047567.1 27718074 27721819,8,-0.0916746796296424,0.7552750142017255
NC_047568.1,47032919,NC_047568.1 47028599 47043169,14,0.09166013035359831,0.7553127723653543
NC_047559.1,42352857,NC_047559.1 42343299 42355068,4,0.09162111602229733,0.7554140245490726
NC_047559.1,22550825,NC_047559.1 22537184 22555202,13,-0.09160965065377769,0.7554437808113746
NC_047564.1,21164181,NC_047564.1 21157069 21181141,9,0.09150115675807742,0.7557253724275792
NC_047568.1,51547654,NC_047568.1 51534100 51554013,5,0.09148757480448211,0.7557606258372446
NC_047564.1,35209482,NC_047564.1 35206747 35214437,7,0.09142923367262877,0.7559120614930399
NC_047568.1,52905426,NC_047568.1 52902403 52910063,3,0.09134755268516714,0.7561240939290789
NC_047561.1,8957728,NC_047561.1 8953262 8962473,16,-0.09130611964895316,0.7562316544044577
NC_047559.1,52056990,NC_047559.1 52056937 52104127,13,-0.09127942312668533,0.7563009609520389
NC_047566.1,45985954,NC_047566.1 45985102 46018522,3,-0.09125126050536227,0.7563740754691947
NC_047565.1,55275356,NC_047565.1 55270960 55278579,6,0.09118745242948331,0.7565397381038456
NC_047567.1,12315257,NC_047567.1 12314189 12367040,6,0.09117683733200324,0.7565672986465387
NC_047565.1,53949218,NC_047565.1 53946622 53950069,14,0.09110212412684549,0.756761288126015
NC_047563.1,65408478,NC_047563.1 65405189 65412037,3,-0.0910836786543967,0.756809183016057
NC_047567.1,1815380,NC_047567.1 1645006 2210384,4,0.09106549285809395,0.7568564044341572
NC_047562.1,15073977,NC_047562.1 15073048 15075045,5,-0.09106394006470513,0.7568604364693334
NC_047562.1,27456890,NC_047562.1 27447976 27460445,11,-0.09103917233198368,0.7569247499684777
NC_047568.1,40364549,NC_047568.1 40354886 40368555,14,0.09103451215598533,0.7569368510468086
NC_047564.1,6958182,NC_047564.1 6951326 6958280,13,-0.09097321202454071,0.7570960339072017
NC_047568.1,34240328,NC_047568.1 34231874 34240428,4,-0.0909559686046234,0.7571408128618581
NC_047561.1,12329154,NC_047561.1 12284199 12332459,7,-0.09093222989188054,0.757202460419218
NC_047568.1,32307586,NC_047568.1 32143813 32338882,3,-0.09090085482541607,0.7572839410412346
NC_047568.1,34707029,NC_047568.1 34702635 34718788,4,0.09089230027243836,0.7573061575058564
NC_047567.1,8542798,NC_047567.1 8539669 8545430,13,0.09087200362483103,0.7573588692858951
NC_047564.1,15770629,NC_047564.1 15760614 15805071,5,0.0907738524944299,0.757613788304125
NC_047568.1,29566890,NC_047568.1 29566553 29571318,4,-0.09076885781188984,0.7576267611520967
NC_047560.1,53352844,NC_047560.1 53352291 53358808,15,0.09075508058209335,0.7576625454970456
NC_047560.1,28566448,NC_047560.1 28565859 28566856,14,-0.09074430226156453,0.7576905409271081
NC_047562.1,29853083,NC_047562.1 29830491 29863239,4,0.09071891096302898,0.7577564929538944
NC_047562.1,3939875,NC_047562.1 3923974 3975157,6,-0.09065139547446102,0.7579318669106673
NC_047559.1,54214400,NC_047559.1 54209081 54216962,4,0.09058280611068348,0.7581100413800205
NC_047559.1,24176363,NC_047559.1 24167779 24248365,5,-0.09050661770218515,0.7583079689595068
NC_047561.1,55454950,NC_047561.1 55442541 55490447,3,0.0904520302214523,0.7584497885998289
NC_047564.1,3369090,NC_047564.1 3349816 3373732,10,-0.09041721872000273,0.7585402334385105
NC_047561.1,18225036,NC_047561.1 18220936 18225096,14,0.09037695259992712,0.7586448536706719
NC_047561.1,38931438,NC_047561.1 38924969 38937411,9,-0.09035463008749772,0.7587028541194134
NC_047563.1,6115593,NC_047563.1 6081452 6120772,5,-0.09030426852865125,0.7588337125843194
NC_047559.1,35573827,NC_047559.1 35568511 35574941,5,0.09029863355936392,0.7588483547488586
NC_047559.1,20264202,NC_047559.1 20262664 20275178,4,0.09028239459032616,0.7588905512564053
NC_047566.1,46284142,NC_047566.1 46283022 46289853,17,0.09024070877315772,0.7589988735435538
NC_047564.1,37952532,NC_047564.1 37929718 37954845,9,0.09023020627472926,0.7590261653598158
NC_047568.1,51360581,NC_047568.1 51360186 51367964,15,-0.09019719325237512,0.7591119547725521
NC_047565.1,54052781,NC_047565.1 54049465 54073057,9,-0.09018449360420654,0.7591449574462728
NC_047567.1,34593023,NC_047567.1 34587143 34593446,6,0.09008749271079089,0.7593970469847242
NC_047561.1,38820509,NC_047561.1 38818441 38843986,9,-0.08993159504997457,0.7598022461614018
NC_047565.1,490816,NC_047565.1 486832 502405,8,0.08989811446545824,0.7598892742184624
NC_047567.1,33826162,NC_047567.1 33820241 33837053,3,0.08986549464772889,0.7599740673734992
NC_047560.1,4673188,NC_047560.1 4387457 4700231,5,-0.0896698040511633,0.7604828052941063
NC_047561.1,53893147,NC_047561.1 53891589 53897314,6,0.08965840136146751,0.760512451705995
NC_047559.1,5457575,NC_047559.1 5455071 5465032,6,0.08964884872658709,0.7605372883048902
NC_047566.1,52858412,NC_047566.1 52849076 52859177,4,-0.08963650552105625,0.7605693806314442
NC_047564.1,1555613,NC_047564.1 1554675 1570419,13,0.08954788496320908,0.7607998045336286
NC_047568.1,20584970,NC_047568.1 20569886 20585815,6,-0.0895364794885743,0.7608294614521172
NC_047568.1,12752372,NC_047568.1 12748037 12752749,13,0.08950657550266257,0.7609072203033522
NC_047568.1,47247673,NC_047568.1 47218765 47278318,4,0.08946761490020197,0.7610085320756259
NC_047566.1,41344274,NC_047566.1 41343452 41344989,8,-0.08944473196981001,0.7610680376978353
NC_047568.1,16315987,NC_047568.1 16311396 16334286,16,-0.08943961524698836,0.7610813435818999
NC_047568.1,41283505,NC_047568.1 41270672 41288280,5,-0.08940328406374509,0.7611758234981819
NC_047562.1,47015772,NC_047562.1 46998687 47019971,6,-0.08939110522247204,0.7612074954933239
NC_047560.1,70703046,NC_047560.1 70595196 71158665,4,0.08936863349028307,0.7612659358398135
NC_047559.1,53185142,NC_047559.1 53184201 53186271,13,-0.08933698650312462,0.7613482395075135
NW_022994976.1,11004,NW_022994976.1 8303 25573,9,-0.08932079544936918,0.7613903481546249
NC_047566.1,37129954,NC_047566.1 37126806 37143656,4,-0.0892444733047476,0.7615888501254481
NC_047568.1,16639788,NC_047568.1 16606935 16654751,6,0.08920712328840928,0.7616859966487473
NC_047564.1,18016867,NC_047564.1 18009289 18026352,9,0.08919420567228194,0.761719595827116
NC_047568.1,25835542,NC_047568.1 25742625 26027748,16,-0.08917453544200778,0.7617707595442402
NC_047564.1,24462186,NC_047564.1 24449158 24462449,11,0.08914729117340874,0.7618416253868594
NC_047561.1,4245156,NC_047561.1 4242181 4245573,4,0.08902019297374669,0.7621722470504819
NC_047565.1,14297899,NC_047565.1 14296340 14301507,11,-0.08899798071336858,0.7622300318709249
NC_047564.1,39650863,NC_047564.1 39645017 39661538,4,-0.08897977414828559,0.7622773968013823
NC_047565.1,40627367,NC_047565.1 40625615 40628180,14,-0.08897873964330065,0.7622800881206547
NC_047561.1,50842579,NC_047561.1 50827764 50846305,3,0.08892322251753441,0.7624245225131137
NC_047561.1,13857843,NC_047561.1 13840905 13879732,11,-0.08891972001151069,0.7624336349393446
NC_047559.1,20275768,NC_047559.1 20275361 20285200,12,-0.08891091922226936,0.7624565319691737
NC_047564.1,19355748,NC_047564.1 19338153 19358838,4,0.08888958123212708,0.7625120478077413
NC_047564.1,30199647,NC_047564.1 30198777 30215940,15,0.08886782261814095,0.7625686590918959
NC_047566.1,27280167,NC_047566.1 27278571 27280706,4,-0.08886352116781139,0.7625798506810944
NC_047568.1,4345806,NC_047568.1 4341559 4381805,12,0.08873209557041828,0.7629218168904954
NC_047566.1,46824415,NC_047566.1 46822524 46825513,11,-0.08869572490690894,0.7630164595765657
NC_047568.1,39362386,NC_047568.1 39362066 39364417,15,0.08866883518908736,0.7630864331993455
NC_047564.1,30233777,NC_047564.1 30229462 30235311,5,-0.08858748692178711,0.763298131524857
NC_047565.1,3338201,NC_047565.1 3330965 3355703,5,-0.08857182342392177,0.7633388955144484
NC_047559.1,35570677,NC_047559.1 35568511 35574941,11,0.08854876689318186,0.7633989007847172
NC_047559.1,28957648,NC_047559.1 28940269 28958208,9,-0.08851846616200602,0.7634777611681527
NC_047561.1,32237850,NC_047561.1 32237752 32238635,5,-0.08848689560316908,0.7635599286602891
NC_047565.1,58015702,NC_047565.1 58009487 58026087,5,-0.08842256572235282,0.7637273647524447
NW_022994810.1,8540,NW_022994810.1 1715 23271,6,-0.08840132557830455,0.7637826501392503
NC_047568.1,42379068,NC_047568.1 42366137 42402817,3,-0.0883608013515835,0.7638881324366275
NC_047564.1,40811931,NC_047564.1 40800964 40821478,3,-0.08835400983867382,0.7639058107376775
NC_047559.1,52810626,NC_047559.1 52797803 52818008,3,-0.08830185981238207,0.7640415607638493
NC_047568.1,19221906,NC_047568.1 19216849 19247977,4,0.08819890253320128,0.7643095839813576
NC_047562.1,14708609,NC_047562.1 14699549 14714422,14,0.08819650071754298,0.7643158367934211
NC_047559.1,12847595,NC_047559.1 12832141 12852961,5,-0.0881413874562538,0.7644593206079269
NC_047566.1,26485070,NC_047566.1 26482060 26488848,6,0.08812128390632111,0.7645116606499266
NC_047565.1,52787389,NC_047565.1 52741742 52794894,5,-0.08809042283844994,0.7645920099488395
NC_047564.1,7673434,NC_047564.1 7663926 7674717,4,-0.08807985422837006,0.7646195266903901
NC_047562.1,38837829,NC_047562.1 38829869 38855054,5,0.08805814822926901,0.7646760418724694
NC_047568.1,36479358,NC_047568.1 36440064 36488468,3,-0.08799831663832242,0.7648318290153154
NC_047568.1,19523317,NC_047568.1 19508182 19523869,4,-0.08795157882972335,0.7649535288339122
NC_047564.1,50068454,NC_047564.1 50063583 50071303,14,-0.08789775755885221,0.7650936794102507
NC_047565.1,13426471,NC_047565.1 13403639 13456801,6,-0.08785536228497637,0.7652040813980965
NC_047559.1,30678012,NC_047559.1 30676723 30683403,3,0.08783826943067052,0.765248594255843
NC_047568.1,22660150,NC_047568.1 22636265 22660430,3,-0.08777634658016428,0.7654098581015262
NC_047565.1,27258321,NC_047565.1 27212923 27342150,8,-0.08773129921825785,0.7655271791629216
NC_047560.1,9938696,NC_047560.1 9893931 10130683,5,-0.08772185396221972,0.7655517789200259
NC_047564.1,54455035,NC_047564.1 54452056 54486355,6,0.08771141847446952,0.7655789579312383
NC_047565.1,26637819,NC_047565.1 26629021 26668726,5,-0.08769747050136921,0.7656152855291037
NC_047559.1,40679796,NC_047559.1 40676370 40685499,8,0.08761607701851822,0.765827284379027
NC_047565.1,46362073,NC_047565.1 46357763 46365079,15,-0.08761440414451484,0.7658316417349466
NC_047564.1,27563642,NC_047564.1 27562763 27565794,11,-0.08754779372887941,0.7660051479497204
NC_047563.1,4059273,NC_047563.1 4058937 4079024,6,-0.08750710354740834,0.7661111423877658
NC_047559.1,14933946,NC_047559.1 14931758 14936730,4,0.08745691904626011,0.7662418739533036
NC_047559.1,33489937,NC_047559.1 33487867 33501662,3,-0.08744736930295198,0.766266751868439
NC_047565.1,15539169,NC_047565.1 15537659 15549592,6,-0.08735484392135014,0.7665077994036272
NC_047559.1,43884458,NC_047559.1 43877299 43899559,9,-0.08728572165467162,0.7666878898533273
NC_047563.1,18488292,NC_047563.1 18487844 18491189,5,-0.08727166458023511,0.7667245153519512
NC_047566.1,50072367,NC_047566.1 50067896 50094239,4,-0.08725602781437418,0.7667652572450587
NC_047564.1,4157625,NC_047564.1 4113919 4173330,13,0.08725030937491289,0.7667801568885486
NC_047564.1,38107087,NC_047564.1 38106266 38111183,3,-0.08719522739662695,0.766923679221242
NC_047562.1,51974808,NC_047562.1 51970813 51999150,8,0.08716564667328651,0.7670007580131197
NC_047562.1,11549004,NC_047562.1 11542596 11573326,6,0.08714300606008667,0.7670597542423951
NC_047561.1,8127246,NC_047561.1 8125439 8127556,4,0.08711232145664369,0.7671397131315847
NC_047568.1,27009591,NC_047568.1 27002897 27015501,10,0.08705255367341999,0.7672954640529516
NC_047568.1,36039497,NC_047568.1 36037658 36047460,15,-0.08704672918431534,0.7673106427261214
NC_047563.1,9764805,NC_047563.1 9709756 9818305,5,-0.08701320695065073,0.7673980034883876
NC_047563.1,63739994,NC_047563.1 63715935 63743560,7,-0.0869665455589354,0.7675196098847483
NC_047568.1,14905228,NC_047568.1 14868410 14928265,11,0.08694760908494942,0.7675689625180558
NC_047559.1,30363033,NC_047559.1 30360266 30364903,7,-0.08678106261828464,0.7680030546407827
NC_047568.1,45874656,NC_047568.1 45825737 45876517,15,-0.08677782217395726,0.768011501267543
NC_047561.1,56447891,NC_047561.1 56426678 56448482,4,-0.08677730865825405,0.7680128398131747
NC_047559.1,3724361,NC_047559.1 3717938 3733210,8,0.08673134480837796,0.7681326530145882
NC_047560.1,63028238,NC_047560.1 62653127 63119960,9,-0.08671782647289167,0.7681678919503709
NC_047559.1,6121257,NC_047559.1 6121202 6122630,8,0.08663461758560669,0.7683848059717513
NC_047561.1,23744145,NC_047561.1 23742336 23745420,7,-0.08660320913664041,0.7684666875361299
NC_047563.1,18758723,NC_047563.1 18740363 18786437,8,-0.08655223445070423,0.7685995828932118
NC_047564.1,41216847,NC_047564.1 41210471 41227223,6,0.0864989649575224,0.7687384673212136
NC_047564.1,7936352,NC_047564.1 7923092 7946772,3,-0.08646102626450086,0.7688373851595176
NC_047562.1,19608952,NC_047562.1 19583045 19614182,5,0.08641116806059462,0.7689673857987958
NC_047563.1,69680915,NC_047563.1 69679980 69693692,5,-0.08633733527074584,0.7691599083106493
NC_047559.1,16390444,NC_047559.1 16389306 16415333,4,0.08633178992567317,0.7691743685610714
NC_047559.1,11712541,NC_047559.1 11704534 11719614,3,-0.08618779804706297,0.7695498716071589
NC_047561.1,14563104,NC_047561.1 14558228 14569256,6,-0.0861779606235085,0.7695755274246425
NC_047566.1,37381151,NC_047566.1 37378897 37384586,11,-0.08617459063176672,0.7695843163507575
NW_022994784.1,341304,NW_022994784.1 333289 343433,11,0.08615298679875368,0.769640659678874
NC_047567.1,25479110,NC_047567.1 25464660 25490633,4,0.08614673901280914,0.7696569542553269
NC_047561.1,18084110,NC_047561.1 18080574 18084967,3,-0.08606822073099195,0.7698617418725965
NC_047562.1,3555568,NC_047562.1 3549092 3558386,3,0.08603758185180418,0.7699416565105983
NC_047561.1,5124059,NC_047561.1 5111413 5142723,6,0.08603162119659466,0.7699572037881927
NW_022994829.1,108902,NW_022994829.1 56836 109595,6,0.08601925499846116,0.7699894590076872
NC_047561.1,46709603,NC_047561.1 46708829 46726475,4,-0.08601647348411356,0.7699967141837514
NC_047564.1,42540867,NC_047564.1 42533584 42542131,9,-0.08600313876554096,0.7700314961026875
NC_047564.1,17320682,NC_047564.1 17316824 17344427,15,0.08597143990264716,0.7701141801715199
NC_047566.1,11384746,NC_047566.1 11383138 11385360,8,0.08594982926128429,0.7701705511844981
NC_047561.1,33043337,NC_047561.1 33042636 33044849,6,-0.08592785608354316,0.7702278689493771
NC_047563.1,48693734,NC_047563.1 48665644 48719501,15,-0.0859223796489547,0.7702421545808654
NC_047566.1,19612866,NC_047566.1 19599118 19617007,12,0.08591195247164549,0.7702693547300489
NC_047568.1,33414083,NC_047568.1 33407421 33435913,5,0.08581827240211946,0.7705137378987916
NC_047567.1,18076173,NC_047567.1 18075975 18077482,11,0.08575509198543772,0.7706785678100198
NC_047568.1,9951377,NC_047568.1 9936086 9955148,8,-0.0857439489976194,0.7707076394237856
NC_047564.1,33016467,NC_047564.1 33011398 33037997,9,-0.08570071248810081,0.7708204444132221
NC_047566.1,13166571,NC_047566.1 13162076 13180507,3,-0.08568145684525602,0.77087068415769
NC_047566.1,29577744,NC_047566.1 29571126 29577760,6,0.0856765898784612,0.7708833826542196
NC_047563.1,20138985,NC_047563.1 20096754 20197685,5,-0.0855949616100588,0.7710963684845261
NC_047560.1,22659321,NC_047560.1 22653809 22659613,5,-0.08528647999719188,0.7719013990867463
NC_047561.1,34721109,NC_047561.1 34719582 34773310,4,0.08525343475895195,0.7719876484258276
NC_047563.1,20303977,NC_047563.1 20294697 20355501,3,-0.08525135675787734,0.7719930721701305
NC_047559.1,10728366,NC_047559.1 10727776 10729390,4,-0.08523741520475774,0.7720294609575682
NC_047559.1,25046528,NC_047559.1 25042706 25057840,6,0.08521872393303127,0.7720782476484364
NC_047566.1,701075,NC_047566.1 694442 703872,6,0.08521442723733424,0.7720894627030451
NC_047559.1,51215223,NC_047559.1 51204892 51220090,9,-0.08518960933781008,0.7721542421512018
NC_047568.1,52606613,NC_047568.1 52603032 52614637,14,-0.08513718030299518,0.7722910964605649
NC_047564.1,35818860,NC_047564.1 35814025 35820945,9,0.08513692658688911,0.7722917587448723
NC_047561.1,44139459,NC_047561.1 44120129 44146756,8,-0.08512053754852106,0.7723345399484308
NC_047564.1,44409168,NC_047564.1 44404855 44409643,17,-0.08506212629405528,0.7724870189306116
NW_022994784.1,341999,NW_022994784.1 333289 343433,3,-0.08502568591851774,0.772582148152426
NC_047565.1,27110180,NC_047565.1 26961604 27161359,3,0.08497837556666325,0.7727056583604068
NC_047563.1,19014693,NC_047563.1 19006454 19024339,17,0.08482232041694487,0.7731130973285476
NC_047565.1,49129891,NC_047565.1 49109536 49143893,8,-0.08481216660068006,0.7731396094580537
NC_047561.1,45729313,NC_047561.1 45720805 45729387,4,-0.08476151047641421,0.7732718786039356
NC_047562.1,13423804,NC_047562.1 13397598 13442696,13,-0.08470090930744346,0.7734301229555658
NC_047559.1,8228526,NC_047559.1 8181461 8243209,8,0.08467410454958765,0.7735001192901627
NC_047559.1,7119699,NC_047559.1 7119477 7122331,7,0.08463176231149581,0.7736106925275048
NC_047564.1,4259761,NC_047564.1 4244547 4269249,6,-0.08462705666249441,0.773622981185417
NC_047565.1,48197236,NC_047565.1 48195762 48207869,7,-0.08461086987735932,0.7736652528542641
NC_047566.1,21186569,NC_047566.1 21182106 21190726,10,-0.08447639532153871,0.7740164546905361
NC_047561.1,5976382,NC_047561.1 5971403 5977504,14,0.08447377552536098,0.7740232971070302
NC_047559.1,12778466,NC_047559.1 12774443 12780925,3,-0.08445195466673329,0.7740802896916136
NC_047565.1,28572029,NC_047565.1 28566326 28593273,4,0.08441405381226104,0.7741792831616885
NC_047568.1,44666053,NC_047568.1 44640712 44674764,3,0.08435650388747253,0.7743296042557138
NC_047561.1,4135528,NC_047561.1 4135164 4143184,4,-0.08433742687725766,0.7743794352575741
NC_047567.1,4533723,NC_047567.1 4504585 4985356,3,0.08431331312187489,0.7744424238819605
NC_047568.1,19968676,NC_047568.1 19952716 19984416,3,-0.08430597852799432,0.7744615831601767
NC_047559.1,2081826,NC_047559.1 2080959 2088286,6,0.08423746507093507,0.7746405583926943
NC_047559.1,22817781,NC_047559.1 22804834 22870617,3,-0.08423023928767517,0.7746594346522624
NC_047563.1,41461409,NC_047563.1 41460723 41464279,5,0.08419171698504664,0.7747600702603292
NC_047564.1,44881502,NC_047564.1 44875658 44882601,14,0.08406956038204699,0.7750792137273698
NC_047562.1,35143741,NC_047562.1 35084380 35143879,7,-0.08401724260465816,0.7752159080206256
NC_047565.1,13343344,NC_047565.1 13293470 13376285,15,-0.08399874692171774,0.7752642344249541
NC_047563.1,23445909,NC_047563.1 23431210 23473174,8,0.08393814126249931,0.7754225930852283
NC_047564.1,36900255,NC_047564.1 36895709 36901141,16,-0.08393245977668698,0.7754374388555199
NC_047559.1,17834616,NC_047559.1 17832293 17867591,11,-0.08380190245629084,0.775778605867701
NC_047568.1,51250893,NC_047568.1 51238373 51261653,15,0.08377624015049717,0.7758456699707938
NC_047559.1,37905235,NC_047559.1 37904645 37906403,12,-0.08370391770611728,0.7760346802784424
NC_047566.1,4180262,NC_047566.1 4142173 4232562,10,-0.08370300833991888,0.7760370569250432
NC_047565.1,14126407,NC_047565.1 14125283 14128037,3,0.08355784363601144,0.776416471103457
NC_047560.1,25000938,NC_047560.1 24998439 25001616,4,0.08348119589670527,0.7766168225184404
NC_047561.1,3291724,NC_047561.1 3291373 3294159,5,0.08337802496524115,0.7768865239413776
NC_047564.1,10949200,NC_047564.1 10946161 10950862,8,-0.08328925208449635,0.7771186058016052
NC_047563.1,4489209,NC_047563.1 4488007 4541057,4,0.08328785529213303,0.7771222576199275
NC_047560.1,3255186,NC_047560.1 3249734 3256418,3,-0.08323938796841497,0.7772489747797539
NC_047561.1,377406,NC_047561.1 368780 385094,4,0.08309645959146478,0.7776226890454192
NC_047561.1,36415078,NC_047561.1 36413219 36415346,13,-0.08298175484507885,0.7779226394275722
NC_047566.1,51777146,NC_047566.1 51774775 51777179,4,0.08297691180782547,0.7779353044960072
NC_047566.1,42649306,NC_047566.1 42632844 42654414,3,-0.08293913003792969,0.7780341096870554
NC_047562.1,13909925,NC_047562.1 13906985 13923606,11,-0.08289646797762201,0.77814568134247
NC_047563.1,71942241,NC_047563.1 71941914 71944114,3,0.08281423703352878,0.7783607464530046
NC_047566.1,52974719,NC_047566.1 52973939 52976665,15,-0.08280802635533413,0.7783769903314582
NC_047565.1,47302307,NC_047565.1 47299275 47319425,3,-0.08278556767149199,0.7784357311773424
NC_047560.1,4673188,NC_047560.1 4669163 4998151,5,0.08275363069762817,0.7785192644512945
NC_047560.1,44275207,NC_047560.1 44088081 44306650,4,-0.08268111717389302,0.7787089366357334
NC_047559.1,41841373,NC_047559.1 41829812 41858928,10,-0.08267979609741674,0.7787123922554781
NC_047568.1,5151378,NC_047568.1 5151307 5177962,8,-0.08265799417930624,0.7787694214018746
NC_047561.1,35177482,NC_047561.1 35176878 35203617,8,0.08265018213501717,0.7787898562877287
NC_047565.1,2608092,NC_047565.1 2602388 2637743,6,0.08259116956307484,0.7789442267253937
NC_047565.1,18895076,NC_047565.1 18892713 18896169,11,0.08250032731927012,0.7791818749105508
NC_047564.1,57271763,NC_047564.1 57253835 57280390,6,0.08249837142283833,0.7791869918378682
NC_047559.1,50056478,NC_047559.1 50054569 50062160,10,0.08247261763333631,0.7792543685063487
NC_047568.1,41503256,NC_047568.1 41501866 41504469,7,0.08235408237111806,0.7795644972098599
NC_047565.1,37396171,NC_047565.1 37373058 37412667,7,0.08232315356720872,0.7796454225334348
NC_047566.1,45975173,NC_047566.1 45949296 45984413,8,0.08226618073242835,0.7797944975847726
NC_047563.1,18406046,NC_047563.1 18403130 18406256,7,-0.08217600149246808,0.7800304748544201
NC_047566.1,24491335,NC_047566.1 24489013 24496678,15,-0.08206990286008155,0.7803081318674288
NC_047561.1,22372645,NC_047561.1 22325572 22384869,14,0.08203038257456495,0.7804115615207609
NC_047565.1,17734610,NC_047565.1 17712573 17778340,9,-0.08202932750503834,0.780414322819234
NC_047561.1,32191220,NC_047561.1 32164950 32195952,5,0.08200436240164814,0.7804796614919396
NC_047563.1,8772036,NC_047563.1 8711079 8786874,13,-0.08200420396598264,0.7804800761540903
NW_022994877.1,265693,NW_022994877.1 265403 271309,4,-0.08198911468895871,0.7805195684705692
NC_047559.1,54687281,NC_047559.1 54687185 54694451,6,-0.081936935527666,0.780656137847015
NC_047561.1,3384447,NC_047561.1 3383787 3386601,17,-0.08189381897924203,0.7807689919336642
NC_047559.1,49267094,NC_047559.1 49242128 49283398,6,-0.08189044912560653,0.780777812422714
NC_047561.1,21147364,NC_047561.1 21145053 21147921,8,0.08181282293270156,0.780981003395617
NC_047568.1,52932547,NC_047568.1 52930207 52941402,5,0.08178335808807474,0.7810581327036452
NC_047565.1,32493025,NC_047565.1 32491186 32505581,5,0.08177154371543523,0.7810890593853992
NC_047564.1,6746191,NC_047564.1 6722259 6754635,8,0.08176087631758007,0.7811169838703953
NC_047561.1,57865008,NC_047561.1 57862568 57900994,14,-0.08165791258801239,0.7813865288497666
NC_047561.1,17363817,NC_047561.1 17357938 17381145,6,-0.08164717431624428,0.781414641492735
NC_047565.1,59257082,NC_047565.1 59231046 59276919,6,0.0816450742852441,0.7814201393730749
NC_047567.1,30997426,NC_047567.1 30934340 31071743,4,0.0816094301020998,0.7815134572779476
NC_047568.1,42341695,NC_047568.1 42339558 42345604,4,0.0816044376857867,0.7815265278428312
NC_047561.1,38930199,NC_047561.1 38924969 38937411,3,-0.08159526703175217,0.7815505375243931
NC_047565.1,17931631,NC_047565.1 17927773 17937073,10,0.08150212680393888,0.781794398119306
NC_047568.1,22173810,NC_047568.1 22161099 22192496,17,0.08145510385759436,0.7819175211074768
NC_047564.1,41972558,NC_047564.1 41972199 41982879,6,0.0813540426882913,0.7821821516641776
NC_047561.1,557644,NC_047561.1 554932 577971,6,-0.08129014652285912,0.7823494762686551
NW_022994829.1,191710,NW_022994829.1 109708 243958,4,0.08124874234500024,0.782457905877145
NC_047561.1,31237989,NC_047561.1 31215353 31255335,14,0.08124328875800108,0.7824721880502664
NC_047564.1,4158125,NC_047564.1 4113919 4173330,6,0.0812276501293019,0.7825131437604871
NC_047562.1,23682729,NC_047562.1 23677659 23704950,4,-0.08120989248671905,0.7825596495512273
NC_047562.1,46618620,NC_047562.1 46609944 46635764,7,-0.08116631370093018,0.7826737816320424
NC_047564.1,32914626,NC_047564.1 32911223 32918581,12,-0.08115718650200841,0.7826976861217868
NC_047563.1,2262291,NC_047563.1 2231498 2265584,9,-0.08113824753339408,0.7827472885874429
NC_047565.1,40124678,NC_047565.1 40120337 40129046,10,0.08105005550934526,0.782978279686789
NC_047559.1,50520419,NC_047559.1 50509865 50553763,6,-0.0810089545394051,0.7830859363505062
NC_047559.1,18617280,NC_047559.1 18592234 18623423,8,-0.08097207965037842,0.783182526619487
NC_047564.1,52087717,NC_047564.1 52084760 52088283,3,-0.0809198076648964,0.783319453094196
NC_047566.1,37977420,NC_047566.1 37974378 37978531,3,-0.08088013687172892,0.783423374635017
NC_047565.1,55992840,NC_047565.1 55991686 55998372,9,0.08085464962351298,0.7834901427571398
NC_047563.1,18936207,NC_047563.1 18932088 18936903,5,-0.08084929172629848,0.7835041788438601
NC_047566.1,22308753,NC_047566.1 22308285 22309902,15,0.0808475543931071,0.7835087301498603
NC_047563.1,21832993,NC_047563.1 21831508 21833441,4,-0.08083230562921585,0.783548677737686
NC_047561.1,56062418,NC_047561.1 56061301 56065846,3,-0.08082253465082943,0.7835742752873024
NC_047565.1,48364649,NC_047565.1 48339319 48366330,9,0.08080578173374414,0.7836181642650467
NC_047561.1,6250525,NC_047561.1 6241215 6257085,16,0.08071519371332508,0.7838554954177475
NC_047565.1,6189812,NC_047565.1 6186782 6191037,6,0.08071432511918616,0.7838577711282538
NC_047561.1,4972773,NC_047561.1 4965075 5004466,7,-0.0806758792668211,0.7839585005981959
NC_047560.1,23420577,NC_047560.1 23396695 23429420,4,0.08063641512997338,0.7840619012797142
NC_047562.1,38421685,NC_047562.1 38416039 38422819,4,0.08061175925530184,0.7841265042532606
NC_047568.1,19622013,NC_047568.1 19621786 19624938,5,-0.08049505459059672,0.7844323096930819
NC_047568.1,41530292,NC_047568.1 41528753 41530754,8,0.08042358888563726,0.7846195881338883
NC_047565.1,28553205,NC_047565.1 28526117 28566194,4,0.08039569829828784,0.784692679357182
NC_047565.1,52582019,NC_047565.1 52578699 52586996,3,0.08030615207245029,0.7849273590366129
NC_047559.1,36995711,NC_047559.1 36992635 36997959,3,0.08024329083125005,0.7850921137715781
NC_047564.1,1162307,NC_047564.1 1155704 1181464,3,-0.08023035485638173,0.785126019057551
NC_047566.1,3140396,NC_047566.1 3140205 3158078,5,0.0802172282145038,0.7851604244452074
NC_047565.1,16308426,NC_047565.1 16304033 16357216,6,0.08016511226055885,0.7852970257811003
NC_047559.1,19562082,NC_047559.1 19555534 19566102,7,0.08014887108174001,0.7853395967741541
NC_047563.1,9762178,NC_047563.1 9709756 9818305,3,-0.08013968605808139,0.7853636725874216
NC_047560.1,44359584,NC_047560.1 43984502 44478438,4,-0.08008693306581295,0.7855019523521767
NC_047568.1,53008725,NC_047568.1 52999204 53008845,10,-0.08008176200807282,0.7855155074002063
NC_047562.1,47015772,NC_047562.1 46999310 47030276,6,-0.0799083510349084,0.7859701074534721
NC_047567.1,31587398,NC_047567.1 31573036 31589584,3,0.07990832984629287,0.7859701630036938
NC_047563.1,40607156,NC_047563.1 40606656 40608460,3,-0.079778788223497,0.7863098001341237
NC_047562.1,52852444,NC_047562.1 52851727 52872031,6,-0.07977852853942069,0.7863104810191635
NC_047563.1,22836309,NC_047563.1 22827729 22841050,4,-0.07968530155829325,0.7865549289616793
NC_047568.1,19987544,NC_047568.1 19984277 19996022,4,0.07968239615634931,0.7865625474312048
NC_047564.1,37912795,NC_047564.1 37851279 37912830,17,-0.07955239250637612,0.7869034577833374
NC_047559.1,607971,NC_047559.1 596479 618239,4,-0.07949971809643515,0.7870415967143917
NW_022994829.1,191758,NW_022994829.1 109708 243958,16,-0.07937639391745092,0.7873650378191195
NC_047566.1,36164103,NC_047566.1 36129426 36164224,6,0.07936898736696606,0.7873844639206096
NC_047559.1,33376829,NC_047559.1 33376653 33382124,4,0.07929405829993298,0.7875809963701992
NC_047560.1,51657677,NC_047560.1 51629755 51664241,7,0.07928897029744768,0.7875943421859843
NC_047564.1,760505,NC_047564.1 754249 764411,4,0.07926147001046258,0.7876664762968464
NC_047563.1,7123461,NC_047563.1 7105704 7126966,11,-0.07923332412312127,0.7877403054760125
NC_047565.1,40168734,NC_047565.1 40168401 40170439,11,0.0792059545576877,0.7878120998823636
NC_047565.1,51411385,NC_047565.1 51409239 51416777,10,0.07919167226479473,0.7878495650647794
NW_022994966.1,475777,NW_022994966.1 463288 477769,10,0.07917628999190758,0.7878899161817825
NC_047565.1,47038859,NC_047565.1 47037489 47050208,3,0.07915699553357022,0.7879405305290113
NC_047563.1,62914820,NC_047563.1 62903228 62919188,4,-0.07905231710611506,0.788215142632651
NC_047565.1,10169395,NC_047565.1 10144736 10192561,3,0.07903770882270492,0.788253467643321
NC_047568.1,52357235,NC_047568.1 52356100 52359794,9,0.07902825384861605,0.7882782731211662
NC_047564.1,9941646,NC_047564.1 9937063 9943981,14,-0.07890798103523652,0.7885938296108765
NW_022994923.1,7566,NW_022994923.1 4902 29989,10,-0.07888498992406145,0.7886541541926309
NC_047565.1,61720089,NC_047565.1 61670769 61721276,12,-0.07888430244862454,0.788655958022714
NC_047560.1,55756991,NC_047560.1 55754865 55762717,11,-0.07879761393808186,0.7888834232610071
NC_047564.1,39198114,NC_047564.1 39197135 39200999,3,0.07878452919303713,0.7889177581734261
NC_047565.1,5586897,NC_047565.1 5586350 5587791,10,0.07874778856088893,0.7890141690163386
NC_047561.1,45924747,NC_047561.1 45922887 45925638,7,0.07872871678862635,0.7890642162309541
NC_047559.1,39601396,NC_047559.1 39590719 39610357,17,-0.0786285484283595,0.7893270855676233
NC_047561.1,49941224,NC_047561.1 49940364 49943352,12,-0.07855623345256785,0.7895168729108568
NC_047563.1,29044447,NC_047563.1 29041181 29056216,3,-0.07852112739476756,0.789609011064578
NC_047564.1,40682320,NC_047564.1 40669532 40690356,4,0.07842115976308692,0.7898713966742834
NC_047561.1,38932280,NC_047561.1 38924969 38937411,3,0.07839943541718199,0.7899284194267445
NW_022994952.1,61086,NW_022994952.1 28444 64723,3,-0.07838464644553374,0.7899672385478633
NC_047559.1,17068257,NC_047559.1 17041574 17072661,17,0.07834936814929885,0.7900598413010186
NC_047559.1,26261417,NC_047559.1 26257118 26267434,7,-0.07832297467895741,0.7901291237691772
NC_047566.1,53214312,NC_047566.1 53213789 53216116,10,-0.0783022040401181,0.7901836474013361
NC_047564.1,32548559,NC_047564.1 32545000 32556467,10,0.07820958558275172,0.7904267848531619
NC_047566.1,13374809,NC_047566.1 13374347 13377276,13,0.07820326683265333,0.7904433731733456
NC_047568.1,44486051,NC_047568.1 44478848 44488498,11,-0.0781827777263783,0.7904971628365427
NC_047564.1,18198714,NC_047564.1 18186499 18235031,5,-0.07800692054087394,0.7909588730110524
NC_047562.1,31762603,NC_047562.1 31759075 31764569,3,-0.07795554465253351,0.791093771603527
NC_047566.1,46226098,NC_047566.1 46217151 46248257,11,-0.07794941840702752,0.7911098577591595
NC_047565.1,11678546,NC_047565.1 11661371 11681648,3,-0.07791708802267998,0.7911947514245574
NC_047563.1,9637178,NC_047563.1 9637025 9666320,8,-0.07789754675043957,0.7912460642682447
NC_047568.1,55104964,NC_047568.1 55104116 55108520,5,0.07786850121421704,0.7913223355272203
NC_047563.1,20718239,NC_047563.1 20697466 20719345,3,-0.07781348371340513,0.7914668118483246
NC_047561.1,14879029,NC_047561.1 14851758 14888611,7,0.0776694707026929,0.7918450204203165
NC_047561.1,555679,NC_047561.1 554932 577971,11,0.07765824936411786,0.7918744918130292
NC_047559.1,48626468,NC_047559.1 48588711 48627445,6,0.07763225128249224,0.7919427734006405
NC_047561.1,20220913,NC_047561.1 20207391 20238820,17,-0.07762833883956295,0.7919530491948021
NC_047564.1,32363642,NC_047564.1 32335186 32375356,6,0.07753781856278935,0.7921908039778637
NC_047565.1,21464262,NC_047565.1 21462653 21479546,17,-0.07747257272521696,0.7923621849445343
NC_047565.1,25670505,NC_047565.1 25626905 25683502,3,-0.07741069085626912,0.7925247378420877
NC_047559.1,49919201,NC_047559.1 49917294 49929131,8,0.07739333111799652,0.7925703402599481
NC_047568.1,56497599,NC_047568.1 56475389 56502107,16,-0.07729271378446219,0.7928346647723545
NC_047568.1,4343734,NC_047568.1 4341559 4381805,7,0.07725171360141621,0.7929423793168978
NC_047563.1,65521503,NC_047563.1 65484772 65533285,16,-0.07719044171728186,0.7931033575093822
NC_047566.1,9764609,NC_047566.1 9763893 9765970,9,-0.07718114617452314,0.7931277801414182
NC_047566.1,5989054,NC_047566.1 5983895 5990072,4,-0.07711612930913496,0.7932986070441527
NC_047560.1,18265020,NC_047560.1 18264314 18271985,7,-0.07708246826698169,0.793387052275526
NC_047561.1,8688920,NC_047561.1 8686642 8690037,15,-0.07705842916346654,0.7934502170352435
NC_047565.1,35829048,NC_047565.1 35818965 35831561,9,0.07702581908953997,0.7935359046195738
NC_047565.1,9683661,NC_047565.1 9682255 9684147,9,0.07701170490381201,0.7935729923114806
NC_047564.1,28653031,NC_047564.1 28634556 28742989,3,-0.07700477241946478,0.7935912088735089
NC_047566.1,10682117,NC_047566.1 10679978 10682752,5,-0.07696801314962877,0.7936878032278695
NC_047559.1,48116457,NC_047559.1 48083686 48122878,6,0.07695439150842356,0.7937235982615919
NC_047561.1,29315216,NC_047561.1 29311193 29322862,5,-0.07688805197845394,0.793897931086538
NC_047564.1,37885117,NC_047564.1 37851279 37912830,5,0.0768583555566308,0.7939759728426047
NC_047562.1,14952532,NC_047562.1 14924749 14954768,3,-0.07683544056785256,0.7940361943180421
NC_047559.1,30499123,NC_047559.1 30493572 30500656,3,-0.07682662695412903,0.7940593571193038
NC_047563.1,67519442,NC_047563.1 67505289 67525234,5,0.07678607156805879,0.794165941580022
NC_047559.1,52653294,NC_047559.1 52648255 52661159,7,-0.07676456896147583,0.7942224543859195
NC_047563.1,58234123,NC_047563.1 58233729 58311477,9,-0.07676352947038716,0.7942251863835137
NC_047563.1,11816515,NC_047563.1 11811587 11826042,3,-0.07671333529666198,0.7943571096634483
NC_047559.1,20739252,NC_047559.1 20734037 20743392,17,0.07669361938800034,0.7944089295722848
NC_047563.1,48699517,NC_047563.1 48665644 48719501,4,-0.07665314017778774,0.7945153247540151
NC_047564.1,35561231,NC_047564.1 35559138 35564350,3,-0.07656057131436557,0.794758644376199
NC_047561.1,23670922,NC_047561.1 23669445 23677455,13,0.07649219648013891,0.7949383805142098
NC_047564.1,4158161,NC_047564.1 4113919 4173330,5,-0.07649192387639842,0.7949390971234485
NC_047561.1,41413124,NC_047561.1 41404872 41420703,7,0.07647696263990791,0.7949784268226753
NC_047559.1,3307807,NC_047559.1 3298126 3322084,3,-0.07645300379863913,0.7950414101280472
NC_047560.1,16868235,NC_047560.1 16859424 16878024,5,-0.07640658507648118,0.7951634395546381
NW_022994958.1,45267,NW_022994958.1 17345 94191,10,0.07640453522092312,0.7951688284870913
NC_047566.1,38105947,NC_047566.1 38104934 38106490,11,-0.07636900129967404,0.7952622461261067
NW_022994983.1,69818,NW_022994983.1 52226 73461,10,0.07636458851461887,0.7952738473868908
NC_047559.1,7684291,NC_047559.1 7678472 7723830,6,0.0762569386743365,0.7955568721846611
NC_047563.1,26514325,NC_047563.1 26512609 26514594,8,-0.07621521130064515,0.7956665849185798
NC_047560.1,55348640,NC_047560.1 55300845 55435494,3,0.07616059805905674,0.7958101834431465
NC_047564.1,10181918,NC_047564.1 10169769 10182619,9,0.07607687626175531,0.7960303308499779
NC_047561.1,48022829,NC_047561.1 48006700 48047668,3,0.07594395998548147,0.7963798646559341
NC_047559.1,28708965,NC_047559.1 28705954 28729110,10,0.07588074953429368,0.7965461034773655
NC_047565.1,54241592,NC_047565.1 54202466 54247925,8,0.07587744354518176,0.7965547982054852
NC_047563.1,73354319,NC_047563.1 73345179 73365563,15,0.07582237055393094,0.7966996430111213
NC_047561.1,52588738,NC_047561.1 52586319 52593089,16,0.07582063980619023,0.7967041950655049
NC_047565.1,37516216,NC_047565.1 37513698 37518321,14,0.07579009691205926,0.7967845271800905
NC_047564.1,41452217,NC_047564.1 41446851 41452900,5,-0.07573889845793959,0.7969191905224702
NC_047568.1,22362772,NC_047568.1 22359155 22363456,6,-0.07568573370206783,0.7970590312350702
NC_047563.1,43891975,NC_047563.1 43890941 43902733,5,0.07567506321450707,0.7970870987926305
NC_047566.1,25229185,NC_047566.1 25223632 25233402,9,-0.07564168385397049,0.7971749010436187
NC_047568.1,34795009,NC_047568.1 34737038 34815407,12,-0.07560220425692134,0.7972787524506358
NC_047560.1,5837623,NC_047560.1 5837548 5838564,3,0.07556268046291757,0.7973827232409093
NC_047566.1,25229331,NC_047566.1 25223632 25233402,4,-0.07547944791540917,0.7976016839340311
NC_047568.1,44877999,NC_047568.1 44868007 44884906,4,-0.07547866307308643,0.797603748692427
NW_022994865.1,3464869,NW_022994865.1 3464360 3471812,8,-0.07545472931800817,0.7976667140599951
NC_047565.1,13042938,NC_047565.1 13041759 13044993,3,-0.07543637268427764,0.7977150078080486
NC_047566.1,50026139,NC_047566.1 49983777 50028481,9,-0.07534807041288415,0.7979473281887832
NC_047568.1,5098833,NC_047568.1 5096603 5132794,6,-0.07531320974994171,0.798039049731085
NC_047561.1,55257092,NC_047561.1 55246203 55258165,9,-0.07529325832020203,0.798091544828485
NC_047561.1,3158065,NC_047561.1 3154006 3172426,16,0.07517452298469089,0.7984039710674448
NC_047568.1,32309241,NC_047568.1 32304765 32309909,4,-0.07516588633645155,0.7984266976256271
NC_047566.1,29514457,NC_047566.1 29491873 29532252,3,-0.07509873656912919,0.7986034012211711
NC_047562.1,35523318,NC_047562.1 35459231 35560615,13,0.07508678808228582,0.7986348444227109
NC_047564.1,56207537,NC_047564.1 56205236 56208291,11,-0.0749792480435948,0.798917855622652
NC_047563.1,8531488,NC_047563.1 8530782 8532542,4,-0.07492584005676911,0.7990584169991479
NC_047564.1,17487019,NC_047564.1 17467102 17488256,7,0.07490883544872833,0.7991031716261618
NC_047559.1,49355383,NC_047559.1 49317792 49363939,7,-0.07485721438025283,0.7992390372320496
NC_047566.1,50004200,NC_047566.1 49983777 50028481,6,0.07481483564567835,0.7993505811490847
NC_047565.1,9584466,NC_047565.1 9582102 9614386,4,-0.07480396474841021,0.7993791947159731
NC_047559.1,17222087,NC_047559.1 17220913 17222226,11,0.0747804204033613,0.7994411671912285
NC_047566.1,51561815,NC_047566.1 51532637 51570226,7,0.07475080096846104,0.7995191318313631
NC_047561.1,47246895,NC_047561.1 47226147 47251013,5,0.07471567219190219,0.7996116004784648
NC_047565.1,51749764,NC_047565.1 51746423 51759959,6,0.0746595247898252,0.7997594010235988
NC_047567.1,3504946,NC_047567.1 3502016 3513533,15,-0.07464269064160277,0.7998037158871583
NC_047561.1,49756922,NC_047561.1 49734890 49767198,4,-0.07457813802551629,0.7999736518825518
NC_047566.1,17802553,NC_047566.1 17797021 17822603,10,0.07456385521038732,0.8000112527780795
NC_047568.1,23478803,NC_047568.1 23472228 23486301,11,-0.0745608205489026,0.8000192418705153
NC_047562.1,50733216,NC_047562.1 50713042 50744457,7,-0.07453474661484777,0.8000878852244122
NW_022994958.1,46762,NW_022994958.1 38466 86290,4,0.07448497221122531,0.8002189271724582
NC_047559.1,32213711,NC_047559.1 32202449 32214118,5,0.07447336188129779,0.8002494945951251
NC_047564.1,36302599,NC_047564.1 36174638 36304206,3,-0.07446306196775894,0.8002766122046654
NC_047561.1,53555313,NC_047561.1 53524208 53564586,7,0.07444604118346171,0.8003214249792525
NC_047561.1,46480637,NC_047561.1 46462626 46499059,4,0.07432333905567828,0.8006444952997287
NC_047565.1,12502682,NC_047565.1 12486623 12511177,4,0.07431279282956932,0.8006722645197977
NC_047566.1,8721769,NC_047566.1 8714770 8721924,8,-0.07428605869150982,0.8007426590377464
NC_047566.1,26485285,NC_047566.1 26482060 26488848,4,0.07422785386037657,0.8008959249102878
NC_047561.1,25075761,NC_047561.1 25056863 25076359,5,-0.0742065753360342,0.8009519575160392
NC_047568.1,6118958,NC_047568.1 6117051 6123954,8,0.07415718065397679,0.8010820316541803
NC_047565.1,30470254,NC_047565.1 30462768 30474990,4,0.0740881601951797,0.8012637956145098
NC_047563.1,20845887,NC_047563.1 20833778 20859000,9,0.07401152944204381,0.8014656120771069
NW_022994991.1,29007,NW_022994991.1 25538 31500,8,-0.0739072023178071,0.8017403888198906
NC_047562.1,21774598,NC_047562.1 21751223 21780030,7,0.0738820404978515,0.8018066632021188
NC_047565.1,2263144,NC_047565.1 2255407 2275591,13,-0.07387360714180627,0.8018288763185785
NC_047559.1,55124915,NC_047559.1 55120030 55125368,13,-0.0738157681018221,0.8019812257439158
NC_047563.1,22661119,NC_047563.1 22660727 22664493,13,0.07376678559934718,0.8021102519508999
NC_047561.1,23968105,NC_047561.1 23938074 23978368,16,-0.0737617450402977,0.8021235296973368
NC_047561.1,9959144,NC_047561.1 9955994 9960256,9,0.07371951704365996,0.802234767846297
NC_047561.1,11519805,NC_047561.1 11517593 11521744,3,0.07370080239702896,0.802284067596231
NC_047563.1,25854690,NC_047563.1 25854145 25856384,14,-0.0736515959587492,0.80241369473756
NC_047566.1,5878338,NC_047566.1 5873352 5878640,3,-0.07356530771724876,0.8026410198507773
NC_047559.1,19687404,NC_047559.1 19681783 19719757,3,-0.07354257503830763,0.8027009111771619
NC_047561.1,18954162,NC_047561.1 18947573 18955216,13,0.07353736280003584,0.8027146434385377
NC_047559.1,46856380,NC_047559.1 46851668 46870543,5,-0.07338942293343648,0.8031044306588739
NC_047562.1,39504106,NC_047562.1 39457951 39554698,9,0.07335112026009896,0.803205356253246
NC_047567.1,4534033,NC_047567.1 4504585 4985356,3,0.07333077098887505,0.8032589767067487
NC_047560.1,70779712,NC_047560.1 70690070 71346242,7,-0.0732949349254974,0.8033534069074911
NC_047561.1,28633935,NC_047561.1 28570909 28741658,7,-0.0732903483690655,0.8033654929419324
NC_047563.1,22905015,NC_047563.1 22904763 22907173,12,-0.07322609044040858,0.8035348232977089
NC_047566.1,4266604,NC_047566.1 4263449 4292783,3,0.07320796434335766,0.8035825900344649
NC_047563.1,2101090,NC_047563.1 2101070 2110123,14,-0.07317404159574725,0.8036719865541011
NC_047563.1,38296850,NC_047563.1 38294920 38297969,6,0.07314831006710613,0.80373979826589
NC_047563.1,61874658,NC_047563.1 61873963 61883158,10,-0.07313271612605789,0.8037808944603837
NC_047565.1,7457056,NC_047565.1 7454428 7457682,12,0.07308260288966542,0.8039129658234943
NC_047561.1,36234916,NC_047561.1 36228246 36243422,3,-0.07307836086939352,0.8039241457158726
NC_047561.1,5224484,NC_047561.1 5216349 5226054,3,-0.07306656422373814,0.8039552360920195
NC_047562.1,30642443,NC_047562.1 30613235 30659680,4,-0.07302742588539904,0.8040583881623751
NC_047568.1,51250253,NC_047568.1 51238373 51261653,5,-0.07288748387329175,0.8044272402255053
NC_047565.1,28577213,NC_047565.1 28566326 28593273,4,0.07285090552704622,0.8045236578151864
NC_047564.1,19537336,NC_047564.1 19502457 19537826,4,-0.07278591329398137,0.8046949785050386
NC_047561.1,7041996,NC_047561.1 7035757 7052589,15,-0.07278356287932719,0.8047011743928434
NC_047565.1,61257687,NC_047565.1 61244095 61397746,8,-0.0727097237839292,0.8048958257912227
NC_047559.1,26500342,NC_047559.1 26498682 26506068,12,0.07268892636000697,0.8049506529486223
NC_047562.1,6753109,NC_047562.1 6730172 6753152,7,-0.07257020653276613,0.8052636437471974
NC_047560.1,53729625,NC_047560.1 53728246 53730919,3,-0.0725584681234059,0.8052945921501065
NC_047568.1,21161971,NC_047568.1 21149053 21179316,4,-0.07251911703272651,0.8053983435240326
NC_047562.1,20953893,NC_047562.1 20952020 20958564,10,0.07251256825621925,0.8054156100322304
NC_047560.1,51305483,NC_047560.1 51299433 51306878,5,0.0724670275221142,0.8055356850392573
NC_047562.1,47000616,NC_047562.1 46999310 47030276,4,0.07245528459295207,0.8055666476874273
NC_047561.1,17730410,NC_047561.1 17727922 17734512,3,-0.07245033369645772,0.805579701823765
NC_047568.1,18117519,NC_047568.1 18114037 18117602,6,-0.07237445943091206,0.8057797670346138
NC_047560.1,18800950,NC_047560.1 18800648 18803627,16,0.07232455476683718,0.8059113616400564
NC_047564.1,6685656,NC_047564.1 6668310 6708001,7,0.07231796913520332,0.8059287277803375
NC_047561.1,8459900,NC_047561.1 8457823 8471759,16,-0.07228434105862476,0.8060174054445443
NC_047566.1,5176141,NC_047566.1 5174709 5176398,4,-0.0722247202436405,0.8061746316153791
NC_047568.1,46515266,NC_047568.1 46511181 46525507,7,-0.07220954063453304,0.8062146628802274
NC_047562.1,27488055,NC_047562.1 27472225 27513413,4,-0.07217079505084965,0.8063168437113943
NC_047565.1,11300134,NC_047565.1 11284951 11337318,10,0.072117161827809,0.8064582913402919
NC_047566.1,23644254,NC_047566.1 23569181 23647175,5,-0.072115371203776,0.8064630138723139
NC_047564.1,25987719,NC_047564.1 25985977 25995814,11,-0.07204186130281616,0.8066568917198425
NC_047563.1,40269445,NC_047563.1 40266095 40278563,7,0.0719602965226196,0.8068720258956487
NC_047565.1,45019898,NC_047565.1 44997191 45039220,12,-0.07193487418057755,0.8069390821211002
NC_047564.1,42885073,NC_047564.1 42884762 42888947,7,-0.07190444560206335,0.8070193448608067
NC_047564.1,40673138,NC_047564.1 40669532 40690356,3,0.07187631820051148,0.8070935392594495
NC_047564.1,19103729,NC_047564.1 19084348 19123477,9,-0.07185252454075691,0.8071563033006426
NC_047568.1,51588550,NC_047568.1 51585233 51605750,4,-0.07183661780767978,0.8071982634351723
NC_047568.1,45210034,NC_047568.1 45193273 45212390,3,0.07183593460157069,0.8072000656651986
NC_047566.1,53639768,NC_047566.1 53626410 53659339,11,0.07175051887922677,0.8074253908795419
NC_047561.1,55362895,NC_047561.1 55360718 55369712,11,0.07174616011298411,0.8074368896027125
NC_047561.1,9051538,NC_047561.1 9035985 9053724,8,0.07168986828617602,0.8075853945350565
NC_047568.1,4533402,NC_047568.1 4525693 4545793,14,-0.0716369628419252,0.8077249712549728
NC_047559.1,21200396,NC_047559.1 21184386 21239920,3,-0.07160946053348619,0.8077975307655989
NC_047564.1,38084794,NC_047564.1 38084358 38085665,15,-0.07153581911573079,0.8079918264448831
NC_047562.1,41857604,NC_047562.1 41851909 41872735,12,-0.07152508804683737,0.8080201401798499
NC_047563.1,6169569,NC_047563.1 6158831 6185263,4,0.07150503557684149,0.8080730488517536
NC_047561.1,2407151,NC_047561.1 2399536 2420598,10,-0.07149941653088754,0.8080878749056869
NC_047568.1,31643397,NC_047568.1 31628610 31659772,12,0.0714722575457239,0.8081595357043898
NC_047563.1,47032777,NC_047563.1 47008895 47033428,12,0.0714679297642886,0.8081709549743058
NC_047560.1,9942128,NC_047560.1 9941841 9951904,4,-0.07146292932652022,0.8081841491572248
NW_022994848.1,641604,NW_022994848.1 637661 647308,5,-0.07143044462866399,0.8082698646155492
NC_047565.1,30314422,NC_047565.1 30311805 30315543,10,-0.07140791814403244,0.8083293050972289
NW_022994997.1,211850,NW_022994997.1 166519 233361,10,0.07133831428620628,0.8085129743943282
NC_047559.1,55100600,NC_047559.1 55083119 55111037,13,-0.071308277743485,0.8085922370670547
NC_047560.1,31476244,NC_047560.1 31474589 31477638,9,0.07128801462624482,0.8086457098584388
NC_047559.1,8210079,NC_047559.1 8181461 8243209,14,0.07123548215092078,0.8087843425924947
NC_047568.1,5376006,NC_047568.1 5361939 5427662,13,0.07106560013460513,0.8092326953973135
NC_047561.1,45515493,NC_047561.1 45511075 45516852,14,-0.07100508180940365,0.8093924285774781
NC_047559.1,18553466,NC_047559.1 18548088 18558739,6,0.07097862494233187,0.8094622614864035
NC_047568.1,44858496,NC_047568.1 44853766 44864628,15,-0.07095436208418554,0.8095263044667004
NC_047564.1,36345461,NC_047564.1 36343738 36355442,7,0.07095052179602002,0.8095364411934864
NC_047565.1,54149594,NC_047565.1 54139256 54155121,6,0.07093154624807188,0.8095865289737588
NC_047568.1,36114436,NC_047568.1 36102426 36135503,5,0.07066240006078953,0.8102970390514499
NC_047560.1,72096822,NC_047560.1 72095326 72173978,4,-0.07065361236449517,0.8103202396913014
NC_047560.1,55529636,NC_047560.1 55225485 55583389,11,0.07059333929494407,0.8104793721888184
NC_047565.1,16479189,NC_047565.1 16453234 16544687,8,-0.07048572043037005,0.810763523611401
NC_047563.1,30181349,NC_047563.1 30073419 30628537,3,0.07036136810585797,0.8110918841930552
NC_047561.1,42751564,NC_047561.1 42747537 42759618,8,0.07035992796573153,0.8110956871480511
NC_047568.1,56273102,NC_047568.1 56267998 56279938,10,0.07035913477603335,0.8110977817130535
NC_047566.1,42776740,NC_047566.1 42724057 42804817,7,0.070325713180522,0.8111860387228362
NC_047563.1,31670891,NC_047563.1 31667291 31671562,10,-0.0703184258381428,0.8112052828161009
NC_047565.1,19286508,NC_047565.1 19284245 19287536,6,0.07029920755386837,0.811256034091292
NC_047559.1,35570801,NC_047559.1 35568511 35574941,8,0.07029421162767542,0.8112692273498741
NC_047559.1,55124822,NC_047559.1 55120030 55125368,9,-0.0702689625836664,0.8113359058219074
NC_047559.1,7984282,NC_047559.1 7983776 7986989,3,-0.0701022574740594,0.811776175754035
NC_047559.1,22128481,NC_047559.1 22123660 22138067,7,0.0700350887313404,0.811953583724905
NC_047559.1,10444933,NC_047559.1 10443286 10451874,16,-0.06999935995269363,0.8120479549967423
NC_047562.1,26904316,NC_047562.1 26890087 26905311,13,0.06998711240699865,0.8120803052760903
NC_047566.1,46047122,NC_047566.1 46043317 46093089,4,-0.069974555273617,0.8121134735798676
NW_022994925.1,45884,NW_022994925.1 14240 61540,9,-0.06990744694687691,0.8122907378989439
NC_047559.1,3272557,NC_047559.1 3269569 3282140,3,-0.06987980546795494,0.8123637543379418
NC_047563.1,27504426,NC_047563.1 27500582 27504887,6,0.0698626783105328,0.812408997347813
NC_047564.1,9674141,NC_047564.1 9673878 9678524,10,-0.069829947297954,0.8124954609333431
NC_047562.1,45264722,NC_047562.1 45254594 45271226,3,-0.06982984882948873,0.812495721054677
NC_047562.1,16476864,NC_047562.1 16471631 16477495,6,0.0698178265625761,0.8125274800690594
NC_047559.1,4902276,NC_047559.1 4902153 4914502,4,-0.06979914229651454,0.8125768385029265
NC_047560.1,70781032,NC_047560.1 70388123 71110591,3,-0.06972467818758948,0.8127735575937967
NC_047562.1,23091056,NC_047562.1 23091052 23093319,10,-0.0696745515688345,0.8129059877466979
NC_047568.1,13717012,NC_047568.1 13697613 13745012,9,0.0696609730244684,0.8129418618762774
NC_047561.1,53832103,NC_047561.1 53830783 53833422,8,-0.06957831920002083,0.8131602382918846
NC_047564.1,37899627,NC_047564.1 37851279 37912830,7,0.06957098960848523,0.8131796041265211
NW_022994946.1,5880,NW_022994946.1 522 11787,7,0.06956999751482684,0.8131822253882282
NC_047559.1,37905172,NC_047559.1 37904645 37906403,6,0.06955712431501103,0.813216238496739
NC_047560.1,69097975,NC_047560.1 69095770 69099366,7,-0.0695409300350535,0.8132590268791688
NW_022994829.1,113034,NW_022994829.1 109708 243958,5,0.0695114300216833,0.8133369727963891
NC_047562.1,47473687,NC_047562.1 47473414 47491360,4,-0.06950801280046279,0.8133460019958518
NC_047562.1,23190604,NC_047562.1 23168080 23205224,7,0.06950151356035526,0.8133631747613018
NC_047565.1,40168734,NC_047565.1 40166868 40168884,11,-0.06949501290505457,0.8133803513440508
NC_047560.1,60510655,NC_047560.1 60505898 60552832,11,-0.06948968161305953,0.813394438194098
NC_047563.1,4067144,NC_047563.1 4058937 4079024,11,-0.06944695146158746,0.813507345784883
NC_047564.1,54546472,NC_047564.1 54534254 54551936,4,0.06942824513736864,0.8135567753143408
NC_047568.1,39255072,NC_047568.1 39249884 39268425,5,-0.06939264683692141,0.8136508419278194
NC_047568.1,53036562,NC_047568.1 53015487 53041984,6,-0.06939080788687225,0.813655701318844
NC_047560.1,70789533,NC_047560.1 70388123 71110591,3,0.06935325322286486,0.8137549401770258
NC_047563.1,1663663,NC_047563.1 1660746 1695898,7,-0.06929014678354502,0.8139217058979539
NC_047566.1,44600547,NC_047566.1 44591443 44601062,7,0.06927143446648779,0.8139711566668635
NC_047566.1,49890135,NC_047566.1 49870040 49906377,3,0.06926992199096194,0.8139751536921372
NC_047564.1,1162254,NC_047564.1 1155704 1181464,4,0.06923241697696518,0.8140742696920462
NC_047559.1,7245167,NC_047559.1 7244568 7247189,4,-0.06912807626522989,0.8143500286631249
NW_022994904.1,137596,NW_022994904.1 109918 138411,7,-0.06903257148922728,0.8146024529218139
NC_047565.1,41397351,NC_047565.1 41384196 41415020,11,0.06901054236961222,0.81466067944381515
NC_047561.1,34722907,NC_047561.1 34719582 34773310,5,0.06899992805070528,0.8146887351209944
NC_047560.1,71937268,NC_047560.1 71921522 71989278,3,0.06898112089817975,0.8147384465330794
NC_047564.1,16037422,NC_047564.1 16014476 16038616,12,0.06894743029141455,0.8148274997856896
NC_047559.1,39674738,NC_047559.1 39659966 39700234,6,0.0689275345929877,0.8148800903952742
NC_047568.1,16007127,NC_047568.1 16000556 16013199,4,-0.06891581696781833,0.8149110641155058
NC_047564.1,52396635,NC_047564.1 52389067 52400214,17,-0.06887687586668868,0.8150140006667983
NC_047567.1,16363513,NC_047567.1 16362798 16365056,7,0.06879524830562753,0.8152297832170343
NC_047562.1,51739654,NC_047562.1 51719248 51772729,7,0.06878223939432752,0.8152641734139807
NC_047559.1,8141897,NC_047559.1 8141679 8154758,11,-0.06876813386654267,0.8153014629620704
NC_047566.1,32043387,NC_047566.1 32034714 32043727,3,0.06876345974226246,0.8153138196151251
NC_047568.1,50177949,NC_047568.1 50176045 50184430,14,-0.06870778904754785,0.815460995375851
NC_047565.1,32596891,NC_047565.1 32594631 32597373,7,0.0686757497498335,0.8155456997398713
NC_047564.1,57942343,NC_047564.1 57908577 57949914,9,0.06866211845104052,0.8155817382542038
NC_047568.1,36613852,NC_047568.1 36610202 36621654,15,-0.06856315482381356,0.8158433890780973
NC_047566.1,46050042,NC_047566.1 46043317 46093089,4,0.06852874594283795,0.8159343672084884
NC_047568.1,23876382,NC_047568.1 23863944 23887588,7,0.0685012769097441,0.8160069977167106
NC_047565.1,55254508,NC_047565.1 55225819 55255999,16,-0.06848374221894829,0.816053361679503
NW_022994955.1,141767,NW_022994955.1 129497 146085,13,0.06845713504324825,0.8161237155198866
NC_047568.1,23478790,NC_047568.1 23472228 23486301,14,-0.06843736573437403,0.8161759897259089
NC_047559.1,52831890,NC_047559.1 52830073 52839307,6,0.06841191420223942,0.8162432899702827
NC_047561.1,13947354,NC_047561.1 13911501 13948420,3,-0.06840934027544708,0.8162500961448509
NC_047568.1,27392573,NC_047568.1 27371365 27394847,11,-0.06840787269045945,0.8162539768509852
NW_022994956.1,428924,NW_022994956.1 425256 430637,7,-0.06828871596515337,0.8165690736911728
NC_047568.1,54123319,NC_047568.1 54093436 54153085,7,0.06828571147139319,0.8165770190772539
NC_047563.1,67519442,NC_047563.1 67517309 67522883,5,0.06828498504583592,0.8165789401126625
NC_047565.1,54632289,NC_047565.1 54630508 54638036,17,-0.06828061677113498,0.8165904920534723
NC_047559.1,42860050,NC_047559.1 42856936 42863846,4,0.06820348133176028,0.8167944831009835
NC_047568.1,52766429,NC_047568.1 52740846 52775156,9,0.06818868260501505,0.8168336207906223
NC_047563.1,41457438,NC_047563.1 41455117 41460196,14,-0.06817208805996583,0.8168775082918228
NC_047566.1,13548730,NC_047566.1 13523422 13556661,8,0.06811273218403467,0.8170344905296079
NC_047559.1,6657335,NC_047559.1 6653678 6658195,7,0.06799837805676821,0.8173369480911238
NC_047564.1,42100714,NC_047564.1 42079438 42101612,14,0.06798543733610467,0.8173711767558899
NC_047565.1,47302305,NC_047565.1 47299275 47319425,8,-0.06797436096888569,0.817400474380023
NC_047568.1,40570869,NC_047568.1 40569378 40591082,6,-0.06794651818946597,0.8174741211009606
NC_047561.1,48938180,NC_047561.1 48938014 48949328,3,0.06788033436888005,0.8176491890310967
NC_047560.1,4121570,NC_047560.1 3998385 4494423,8,-0.06785537610616889,0.8177152101095255
NC_047568.1,42173333,NC_047568.1 42172913 42177049,4,0.06785308928788812,0.8177212593932043
NC_047565.1,45671880,NC_047565.1 45669552 45677454,13,0.06784811507092281,0.8177344176420357
NC_047565.1,31380295,NC_047565.1 31372748 31381674,9,-0.06783800129818167,0.8177611716464503
NC_047566.1,741233,NC_047566.1 733795 742043,5,0.06776591677464869,0.8179518624710032
NC_047564.1,49358291,NC_047564.1 49356177 49362976,3,-0.06769775727943034,0.818132178719263
NC_047562.1,14569286,NC_047562.1 14563781 14569455,14,-0.06763074443021701,0.8183094696594413
NC_047568.1,53373964,NC_047568.1 53328077 53374145,7,-0.06762392957987345,0.8183274996574169
NC_047562.1,46702903,NC_047562.1 46700185 46710772,10,0.0675671619326521,0.818477692634948
NC_047563.1,15497277,NC_047563.1 15492112 15517798,9,0.06750883957941886,0.8186320050024755
NC_047561.1,9767350,NC_047561.1 9764583 9767754,10,-0.06750179972570938,0.8186506318327773
NC_047562.1,30420312,NC_047562.1 30418656 30425188,7,0.06749919820658398,0.8186575152448036
NC_047564.1,32853276,NC_047564.1 32852285 32855060,3,-0.06744340003251846,0.8188051556836167
NC_047562.1,48649575,NC_047562.1 48649022 48686020,4,-0.06742305487956798,0.8188589897893703
NC_047561.1,22888569,NC_047561.1 22886572 22902486,3,0.06741605055459651,0.8188775236910254
NC_047560.1,66671928,NC_047560.1 66524951 66686620,5,0.06738939181153454,0.8189480652715169
NC_047561.1,38496232,NC_047561.1 38488553 38497609,4,-0.06737544832429167,0.8189849615776965
NC_047565.1,48160498,NC_047565.1 48150933 48170802,7,-0.06737476297846347,0.8189867751021234
NC_047566.1,47330714,NC_047566.1 47327010 47333766,14,-0.0672074133080964,0.8194296317547106
NC_047567.1,10672151,NC_047567.1 10658662 10703573,16,-0.0671623391562476,0.8195489198311926
NW_022994925.1,2315,NW_022994925.1 398 3444,9,0.06715370874130792,0.819571760510597
NC_047568.1,44646879,NC_047568.1 44640712 44674764,7,-0.06714080803245119,0.8196059029124401
NC_047559.1,5214923,NC_047559.1 5196401 5221950,3,0.06703067358092965,0.819897391596129
NC_047561.1,53381158,NC_047561.1 53339422 53394986,8,-0.06699400168805279,0.8199944545057234
NC_047561.1,44331834,NC_047561.1 44330068 44333425,4,0.06694373745485188,0.8201274974181163
NC_047565.1,10871281,NC_047565.1 10853704 10873815,8,0.06687474000018084,0.8203101320630252
NC_047564.1,7560700,NC_047564.1 7551548 7567397,4,-0.06682973782048676,0.8204292563393174
NC_047565.1,2782347,NC_047565.1 2782018 2783941,4,-0.06681074111084581,0.8204795431903353
NC_047568.1,44829985,NC_047568.1 44826878 44838118,5,0.06681010654505419,0.8204812229825862
NC_047565.1,54054453,NC_047565.1 54049465 54073057,3,-0.06675336459206062,0.8206314304610814
NC_047565.1,14345489,NC_047565.1 14344769 14347927,7,-0.06674088170688934,0.8206644759615149
NC_047565.1,23915688,NC_047565.1 23912771 23925107,6,0.0667180266789523,0.820724979985302
NC_047568.1,35601274,NC_047568.1 35597581 35611418,3,0.06666912728823951,0.8208544342583062
NC_047567.1,13179437,NC_047567.1 13177914 13181130,3,-0.0666591236012577,0.8208809181378245
NC_047563.1,41558324,NC_047563.1 41552196 41576093,3,-0.0666129360136851,0.8210031980046382
NC_047561.1,52542915,NC_047561.1 52538251 52547726,3,0.06657987706094713,0.8210907226347701
NC_047564.1,41553828,NC_047564.1 41546569 41555635,8,0.06656283298374822,0.8211358481279865
NC_047564.1,35654826,NC_047564.1 35642336 35656831,8,0.06655048216087704,0.8211685481940595
NC_047564.1,39363052,NC_047564.1 39306139 39366021,5,-0.06647383995122177,0.8213714723124392
NC_047564.1,32609134,NC_047564.1 32607787 32609743,11,0.06637556272864754,0.8216316942361491
NC_047560.1,62720719,NC_047560.1 62653127 63119960,3,-0.06637258956031118,0.8216395669628054
NC_047565.1,19820530,NC_047565.1 19810974 19830823,3,0.0663703478650983,0.8216455028138366
NC_047565.1,52801988,NC_047565.1 52798470 52802371,5,0.066340769610199593,0.8217238247800633
NC_047561.1,51686883,NC_047561.1 51683213 51720877,6,-0.06621692541075151,0.8220517757300758
NC_047562.1,28943412,NC_047562.1 28929402 28967220,7,-0.06617544923957666,0.8221616145269125
NC_047563.1,23262398,NC_047563.1 23257161 23264796,3,-0.06598758481412202,0.822659162239456
NC_047559.1,52993199,NC_047559.1 52961431 53010809,13,-0.0659768571103898,0.8226875757936823
NC_047563.1,69732256,NC_047563.1 69731932 69764391,11,-0.06596422367484553,0.8227210371562685
NC_047561.1,39962686,NC_047561.1 39946631 39966709,8,0.06591640806918057,0.8228476857900607
NC_047562.1,50400569,NC_047562.1 50396552 50410069,3,-0.06578827419822432,0.8231870922303157
NC_047561.1,715676,NC_047561.1 711675 731701,14,-0.06571891730524614,0.8233708197050955
NC_047565.1,47038892,NC_047565.1 47037489 47050208,17,-0.06570877593989227,0.8233976850427245
NC_047559.1,41205973,NC_047559.1 41204179 41236908,5,-0.06570420495575337,0.823409794026483
NC_047566.1,19748943,NC_047566.1 19746133 19750108,10,0.06569277937021392,0.8234400616790765
NC_047565.1,58341727,NC_047565.1 58337606 58364917,6,0.06568814769381208,0.8234523315723259
NC_047565.1,51257677,NC_047565.1 51256018 51260096,12,0.06559749809165538,0.8236924813126394
NC_047560.1,55348640,NC_047560.1 55225485 55583389,3,0.06559218054795815,0.8237065690426958
NC_047563.1,25379948,NC_047563.1 25376064 25422978,10,-0.06557541902596589,0.8237509755445974
NC_047567.1,27564497,NC_047567.1 27557010 27576103,15,-0.06556478175276244,0.8237791572547599
NC_047564.1,8532699,NC_047564.1 8531874 8541965,10,0.06556265328232372,0.8237847963116846
NC_047566.1,37339297,NC_047566.1 37326913 37342867,7,0.06547220032752338,0.8240244448838433
NC_047566.1,8991408,NC_047566.1 8989720 8999074,3,0.06546720147130994,0.8240376894082246
NC_047559.1,41214466,NC_047559.1 41204179 41236908,10,-0.06545461586157031,0.8240710353120679
NC_047565.1,23316189,NC_047565.1 23284220 23332287,5,0.06539662232019347,0.8242246942881473
NC_047568.1,42379296,NC_047568.1 42377710 42380712,7,0.06535217451460329,0.8243424666109138
NC_047564.1,8205450,NC_047564.1 8199586 8215177,16,0.06534738993449563,0.8243551444070629
NC_047564.1,47211831,NC_047564.1 47168916 47238399,11,-0.0653466532716356,0.824357096360689
NC_047566.1,24302346,NC_047566.1 24297809 24404515,7,0.06530844519228104,0.8244583385380606
NC_047568.1,5455027,NC_047568.1 5453636 5458249,3,0.0652978281746257,0.8244864715197807
NC_047563.1,4249519,NC_047563.1 4244862 4256908,11,-0.06527298240907964,0.824552308614315
NC_047561.1,20226351,NC_047561.1 20207391 20238820,7,-0.06519342924470971,0.8247631183140458
NW_022994975.1,49424,NW_022994975.1 18968 71921,7,0.06518186298068028,0.824793768928933
NC_047565.1,8321747,NC_047565.1 8304881 8331386,3,0.0651351880277667,0.8249174599729256
NC_047560.1,4974413,NC_047560.1 4669163 4998151,7,0.06510072379142041,0.8250087944091581
NC_047568.1,27361919,NC_047568.1 27351301 27368899,8,-0.0650247075226443,0.8252102540810531
NC_047564.1,19706111,NC_047564.1 19684794 19725243,3,-0.0650192455034508,0.8252247300070173
NC_047559.1,3788801,NC_047559.1 3785436 3801795,8,0.06500461412439545,0.8252635076351846
NC_047564.1,19643642,NC_047564.1 19625096 19645622,4,-0.0649998031377795,0.8252762583016375
NC_047559.1,21530174,NC_047559.1 21525516 21537227,3,-0.06488037146134756,0.8255928035984135
NC_047568.1,40400623,NC_047568.1 40398377 40404436,3,-0.06483004929680002,0.8257261863510521
NC_047568.1,56813795,NC_047568.1 56810577 56860161,10,-0.06468808061798517,0.8261025087551743
NC_047568.1,33179578,NC_047568.1 33169425 33190167,5,0.06464957789367871,0.826204575546961
NC_047565.1,57277988,NC_047565.1 57273619 57283241,8,0.06454752033595328,0.8264751320547102
NC_047563.1,8761292,NC_047563.1 8711079 8786874,9,0.06451960844495949,0.8265491301214821
NC_047568.1,23361241,NC_047568.1 23360703 23374356,7,-0.06447858921029809,0.8266578798956015
NC_047565.1,37179310,NC_047565.1 37176509 37182819,3,0.06447520920484637,0.8266668410602095
NC_047561.1,1270393,NC_047561.1 1250912 1286224,15,-0.06439857923682282,0.8268700098262705
NC_047564.1,42584367,NC_047564.1 42574900 42634915,9,-0.06426753798333,0.8272174623661891
NC_047562.1,51955187,NC_047562.1 51953815 51969859,7,-0.06418326110860685,0.8274409358785053
NC_047559.1,12295135,NC_047559.1 12285619 12320498,3,0.06412097350573058,0.8276061091474682
NC_047564.1,52833845,NC_047564.1 52802490 52843628,8,0.06409667379787544,0.8276705485206348
NC_047565.1,15364833,NC_047565.1 15361707 15364948,5,-0.06405650361732802,0.8277770763426928
NC_047565.1,21007026,NC_047565.1 21005912 21010827,14,0.06404360506015719,0.8278112827773895
NC_047563.1,20683476,NC_047563.1 20680958 20683755,5,0.06392063738477519,0.8281374021531291
NC_047566.1,7909633,NC_047566.1 7897374 7984365,3,0.06389725354598595,0.828199420738421
NC_047562.1,29578294,NC_047562.1 29578069 29587610,5,-0.06389718842216578,0.8281995934610273
NC_047566.1,12667878,NC_047566.1 12664379 12668201,4,-0.06382447795893467,0.8283924420035914
NC_047562.1,9717143,NC_047562.1 9710753 9721910,8,0.06364606343205297,0.8288656854293439
NC_047564.1,55243946,NC_047564.1 55243489 55251281,3,-0.06361651440576581,0.8289440692507056
NC_047563.1,62048747,NC_047563.1 62035724 62049773,3,0.0635761802018736,0.8290510649791346
NC_047567.1,17461929,NC_047567.1 17456634 17462001,15,-0.0635270506722687,0.8291813960479293
NC_047564.1,14321660,NC_047564.1 14310781 14328737,6,0.06336041146338298,0.8296234878003392
NC_047566.1,19749075,NC_047566.1 19746133 19750108,5,-0.06333516859233933,0.829690460914361
NC_047563.1,19022575,NC_047563.1 19006454 19024339,7,0.06331586001082218,0.8297416901959991
NC_047568.1,50313203,NC_047568.1 50312267 50313861,3,0.06331086142649425,0.8297549524785086
NC_047559.1,31928422,NC_047559.1 31916762 31953766,11,-0.06317805687473688,0.8301073259624523
NC_047561.1,44332089,NC_047561.1 44330068 44333425,8,0.06302542281138541,0.8305123502231518
NC_047564.1,667125,NC_047564.1 664303 687802,5,-0.062996192840914,0.8305899182874318
NC_047566.1,47343370,NC_047566.1 47341382 47348910,11,-0.06296891696669206,0.8306623020270671
NC_047562.1,2918227,NC_047562.1 2911329 2925329,9,0.06295012073934145,0.8307121835095301
NC_047562.1,38047148,NC_047562.1 38043301 38047840,17,0.06288747654052446,0.8308784331428443
NC_047565.1,20129158,NC_047565.1 20095724 20150190,3,-0.06288353469572053,0.8308888945110995
NC_047568.1,18117519,NC_047568.1 18115760 18146871,6,0.06286658878722372,0.8309338680112837
NC_047564.1,10974839,NC_047564.1 10965728 10975795,9,0.06283340212946285,0.831021944951525
NC_047566.1,5366285,NC_047566.1 5355690 5368353,4,0.06283135302368724,0.8310273833109523
NC_047561.1,37980000,NC_047561.1 37890163 38010097,11,-0.06281041188963096,0.8310829618178752
NC_047565.1,48184062,NC_047565.1 48176738 48195530,10,-0.06280869485303225,0.8310875189260079
NC_047560.1,44284579,NC_047560.1 43984502 44478438,3,0.06276230473148073,0.8312106426882647
NC_047565.1,44968148,NC_047565.1 44958578 44976977,6,-0.06275226090800526,0.8312373004180516
NC_047565.1,5854798,NC_047565.1 5854178 5855732,11,-0.06265762267135443,0.8314884919788247
NC_047565.1,40858748,NC_047565.1 40852766 40862297,4,-0.06257035563565286,0.8317201319366518
NC_047567.1,1457989,NC_047567.1 1294829 1462686,3,0.06253373501293932,0.8318173408036735
NC_047565.1,30913743,NC_047565.1 30912328 30925020,8,-0.062497578693937565,0.8319133193763484
NC_047566.1,49422197,NC_047566.1 49412896 49443499,3,0.06245287909056277,0.8320319794908019
NC_047566.1,36573206,NC_047566.1 36562415 36592101,8,0.062328150644809725,0.8323631027293175
NC_047568.1,41991901,NC_047568.1 41978829 41997175,4,-0.06226782648587292,0.8325232577574045
NC_047568.1,50301715,NC_047568.1 50297846 50302123,7,0.06225351304517386,0.8325612594971366
NC_047559.1,17788040,NC_047559.1 17787118 17795427,6,-0.06224584678933355,0.832581613307676
NC_047560.1,5891210,NC_047560.1 5882090 5892746,7,0.062170426779144174,0.8327818576598475
NC_047559.1,2140834,NC_047559.1 2091473 2156950,8,-0.06215367720229741,0.8328263300042162
NC_047561.1,11116776,NC_047561.1 11116331 11139350,12,-0.06211762592187334,0.8329220525039652
NC_047566.1,29808852,NC_047566.1 29795998 29820180,3,-0.0620759961147729,0.8330325896517932
NC_047568.1,55010761,NC_047568.1 54983371 55023742,10,0.06202248740245271,0.8331746723607604
NC_047562.1,3555464,NC_047562.1 3549092 3558386,5,-0.061984162172523456,0.8332764409876837
NC_047565.1,27010697,NC_047565.1 26961604 27161359,8,0.06196936142264237,0.8333157434757528
NC_047559.1,18657246,NC_047559.1 18643541 18667329,5,-0.06192600082583777,0.8334308869770902
NC_047564.1,38905410,NC_047564.1 38898145 38906216,9,0.06190791596989163,0.8334789119943662
NC_047568.1,3219930,NC_047568.1 3209446 3226787,10,0.061905056065965004,0.8334865066265738
NW_022994979.1,68115,NW_022994979.1 61506 70534,6,0.061842065395418123,0.8336537852390016
NC_047566.1,23962817,NC_047566.1 23955092 23974214,7,0.06184103039561328,0.833656533848782
NC_047559.1,35141680,NC_047559.1 35136455 35147495,4,0.06181621495227655,0.8337224358104652
NC_047565.1,52405524,NC_047565.1 52382671 52412164,5,-0.06180305005935064,0.8337573980104884
NC_047560.1,52041217,NC_047560.1 51956988 52081242,3,0.061736567840927556,0.8339339601779756
NC_047564.1,59463699,NC_047564.1 59461368 59464159,14,0.0617056641736461,0.8340160360066239
NC_047562.1,21162366,NC_047562.1 21158857 21167570,6,0.06169712110387499,0.8340387254852427
NC_047564.1,24920497,NC_047564.1 24913777 24941512,3,0.06152157467593785,0.8345049845572111
NC_047566.1,51529162,NC_047566.1 51463452 51529800,3,-0.06148299529993007,0.8346074598653006
NC_047564.1,48221524,NC_047564.1 48219642 48229098,3,0.0614776529366244,0.8346216505496423
NC_047564.1,15772381,NC_047564.1 15760614 15805071,7,0.06142101258263499,0.8347721047038069
NC_047562.1,6745312,NC_047562.1 6730172 6753152,3,-0.06141251812746619,0.8347946690355227
NC_047563.1,9992274,NC_047563.1 9964510 10020501,3,-0.061399020997784895,0.8348305225151883
NC_047565.1,53835671,NC_047565.1 53799802 53902085,10,-0.061355920132622664,0.8349450167059541
NC_047564.1,36900615,NC_047564.1 36895709 36901141,11,0.06132503103757416,0.8350270731220785
NC_047564.1,3457193,NC_047564.1 3443231 3458582,8,-0.06130527323070556,0.8350795602569006
NC_047566.1,8991815,NC_047566.1 8989720 8999074,5,0.0612340423483329,0.8352687922699045
NC_047565.1,53005250,NC_047565.1 53004627 53006211,9,-0.061189137084778064,0.8353880918836342
NC_047568.1,50857363,NC_047568.1 50835467 50863071,7,0.0611568463903621,0.8354738804615682
NC_047565.1,52138508,NC_047565.1 52126011 52149817,6,0.06111121672403045,0.835595110366086
NC_047567.1,18276285,NC_047567.1 18265146 18276508,4,-0.06109156005143339,0.8356473356935148
NC_047560.1,44470975,NC_047560.1 43984502 44478438,3,0.061069949694453306,0.835704752443134
NC_047562.1,24392979,NC_047562.1 24372791 24401245,3,0.06104212918311718,0.8357786701269043
NC_047561.1,54522061,NC_047561.1 54491204 54522223,3,0.060942422189040654,0.8360435968854187
NC_047567.1,36626008,NC_047567.1 36472648 36647305,3,-0.060859529457144027,0.8362638595616835
NC_047568.1,15127611,NC_047568.1 15117486 15129318,7,0.060687638204630245,0.8367206447516496
NC_047561.1,31556702,NC_047561.1 31556576 31559534,3,0.060653883665077325,0.8368103499576203
NC_047565.1,52938801,NC_047565.1 52908994 52950531,5,0.06060712653974067,0.8369346135499853
NW_022994961.1,120292,NW_022994961.1 118235 123944,5,0.06056904619370734,0.8370358200008179
NC_047561.1,43693281,NC_047561.1 43687772 43713405,4,-0.060529621549371346,0.8371406016728217
NC_047568.1,46597439,NC_047568.1 46577321 46605051,8,0.060526409856775584,0.8371491377264793
NC_047568.1,2600097,NC_047568.1 2596527 2602859,7,-0.0605032824463507,0.8372106063725908
NC_047568.1,55100508,NC_047568.1 55099726 55100748,12,0.06042005274760153,0.8374318236193083
NC_047563.1,40603331,NC_047563.1 40602613 40604825,3,0.06038722659752784,0.8375190757210973
NC_047561.1,3544048,NC_047561.1 3499872 3545425,10,-0.06034955277538625,0.8376192151033615
NC_047560.1,21806272,NC_047560.1 21800581 21806610,9,-0.060342802639561446,0.8376371576292072
NC_047561.1,2432532,NC_047561.1 2426330 2433763,9,0.060241674648201585,0.8379059745671836
NC_047560.1,71118018,NC_047560.1 70690070 71346242,5,0.060048297845042294,0.8384200516818747
NC_047568.1,34363066,NC_047568.1 34359241 34364144,3,-0.060041019535856444,0.8384394016690201
NC_047561.1,45249933,NC_047561.1 45217176 45268546,5,-0.060014536913220826,0.8385098086284416
NC_047565.1,23977608,NC_047565.1 23962115 23991459,17,0.05998609497451336,0.8385854258954816
NC_047565.1,32653582,NC_047565.1 32648406 32657779,7,0.059945268733887495,0.8386939709963334
NC_047563.1,15571330,NC_047563.1 15570810 15578312,4,-0.05990680110033777,0.8387962476864173
NC_047561.1,3735835,NC_047561.1 3696117 3751773,8,-0.05977255992452183,0.839153182967723
NC_047559.1,15102206,NC_047559.1 15088148 15103838,4,0.05973342748171847,0.8392572380471847
NC_047565.1,22564975,NC_047565.1 22527827 22594197,7,0.059718965462166235,0.839295693882384
NC_047562.1,10706796,NC_047562.1 10696407 10721168,7,0.05971254009038558,0.8393127796416775
NC_047561.1,46219113,NC_047561.1 46218363 46254262,5,-0.05960381222310636,0.8396019087837531
NC_047564.1,4145285,NC_047564.1 4113919 4173330,9,-0.0595630415551598,0.8397103309925167
NC_047565.1,10690988,NC_047565.1 10689783 10696538,3,0.05954463810198122,0.8397592725094638
NC_047565.1,23414554,NC_047565.1 23404770 23417011,5,-0.05943775382524203,0.8400435275520678
NC_047560.1,15465215,NC_047560.1 15465099 15479442,3,0.05943423149199748,0.8400528953843203
NC_047566.1,52871997,NC_047566.1 52865192 52873607,6,0.05933195467099405,0.8403249145971482
NC_047566.1,1359071,NC_047566.1 1354633 1414618,3,0.05911423817858763,0.8409040165556847
NC_047564.1,18941307,NC_047564.1 18940101 18942918,12,-0.05910739056540822,0.8409222316693472
NC_047561.1,52444747,NC_047561.1 52439261 52449771,4,-0.059105133450505075,0.8409282357636866
NC_047565.1,460426,NC_047565.1 427870 478270,8,0.05910490557224705,0.8409288419373313
NC_047564.1,42652041,NC_047564.1 42651750 42655343,10,-0.05907398705574432,0.8410110883222516
NC_047566.1,7712506,NC_047566.1 7674237 7715471,4,-0.05900304897523887,0.841199796495945
NC_047565.1,10259215,NC_047565.1 10245088 10317111,5,-0.0589478612818234,0.8413466112626355
NC_047559.1,6040137,NC_047559.1 6039060 6049682,8,-0.05894784119464661,0.8413466647010411
NC_047559.1,12154331,NC_047559.1 12153235 12156314,5,0.05893587393360405,0.8413785016098921
NC_047564.1,41647953,NC_047564.1 41647011 41649726,16,-0.05893554723847685,0.8413793707311358
NC_047559.1,47035683,NC_047559.1 47034107 47051208,9,-0.058882372889686174,0.8415208349993117
NC_047559.1,26259795,NC_047559.1 26257118 26267434,5,-0.05885409725200494,0.8415960609071106
NC_047559.1,20766385,NC_047559.1 20747827 20791081,17,0.058844661341940864,0.8416211649494652
NC_047562.1,13252999,NC_047562.1 13246768 13275546,7,0.05879067916964436,0.8417647860838832
NC_047566.1,52312876,NC_047566.1 52311399 52333321,7,0.05875121532920021,0.8418697836698559
NC_047565.1,27298820,NC_047565.1 27212923 27342150,5,0.0587429838183916,0.841891684754688
NC_047564.1,28987903,NC_047564.1 28981632 28993768,6,0.05865642513731442,0.8421219926533047
NC_047567.1,4183921,NC_047567.1 4173849 4197506,16,0.05864707241860595,0.8421468782660727
NC_047559.1,27930614,NC_047559.1 27889324 27942416,7,0.05862282450812796,0.8422113974818126
NC_047568.1,56272836,NC_047568.1 56267998 56279938,8,-0.058591870584724225,0.8422937614978245
NC_047561.1,30660382,NC_047561.1 30655665 30663235,13,0.058574216204696716,0.842340737979607
NC_047564.1,9941784,NC_047564.1 9937063 9943981,6,0.05856497833430817,0.8423653191928333
NC_047564.1,10980898,NC_047564.1 10980377 10982358,10,0.058544482343407325,0.8424198578151452
NC_047566.1,43834672,NC_047566.1 43832746 43851783,5,-0.05853498795774773,0.8424451220376852
NC_047562.1,35398028,NC_047562.1 35391926 35402102,15,-0.05851775517004286,0.8424909782327454
NC_047561.1,55281302,NC_047561.1 55274220 55290305,16,-0.05847188620979397,0.8426130371234021
NW_022994917.1,29242,NW_022994917.1 25207 36205,14,-0.05839090527572518,0.8428285382092386
NC_047562.1,34086892,NC_047562.1 34074742 34092812,12,0.05833838372318689,0.8429683105454937
NW_022994955.1,13510,NW_022994955.1 6572 13751,3,0.05827239876465404,0.8431439182959586
NC_047565.1,22903846,NC_047565.1 22894570 22910462,13,-0.058259753579326785,0.8431775720810302
NC_047562.1,47295315,NC_047562.1 47281879 47295834,5,-0.058197913769139825,0.8433421555904025
NC_047565.1,11131948,NC_047565.1 11129479 11149506,4,-0.058183133546349575,0.843381493281839
NC_047568.1,55028623,NC_047568.1 55024841 55032433,16,0.05814701406681318,0.843477627018754
NC_047563.1,8726829,NC_047563.1 8711079 8786874,4,-0.0581356865049345,0.8435077762884113
NC_047568.1,54990127,NC_047568.1 54983371 55023742,5,-0.05807233312045154,0.8436764003829372
NC_047566.1,33385153,NC_047566.1 33363096 33386710,5,0.05805779178910603,0.8437151050948336
NC_047564.1,59266660,NC_047564.1 59265048 59275751,12,0.05804167299739516,0.8437580089215792
NC_047565.1,52939555,NC_047565.1 52908994 52950531,7,0.05800324046307954,0.843860307469295
NC_047564.1,39312404,NC_047564.1 39306139 39366021,3,0.057997018720887056,0.8438768685281465
NC_047565.1,2395652,NC_047565.1 2393581 2395762,3,0.057941166242124156,0.844025539569293
NC_047564.1,44860590,NC_047564.1 44853341 44872424,9,0.05786334973928209,0.8442326836427794
NC_047559.1,3236834,NC_047559.1 3234358 3237969,16,-0.057844080594179115,0.8442839786970997
NC_047561.1,49661756,NC_047561.1 49660187 49665675,3,-0.05779707685059298,0.844409106507894
NC_047564.1,33333522,NC_047564.1 33311795 33337887,7,-0.057726066659433,0.8445981479138228
NC_047560.1,63643880,NC_047560.1 63643674 63650273,3,0.05762608937901405,0.8448643178969825
NC_047565.1,2465746,NC_047565.1 2454647 2481736,6,0.05755985640897388,0.8450406587187429
NC_047560.1,29174403,NC_047560.1 29174010 29175422,8,-0.057514494210948355,0.8451614364080374
NC_047561.1,26441278,NC_047561.1 26354518 26443353,3,-0.05751389362689635,0.8451630354953699
NC_047568.1,51833265,NC_047568.1 51821457 51835485,15,0.05744929437215972,0.8453350377190991
NC_047561.1,52396367,NC_047561.1 52380166 52411828,7,-0.05742354392846279,0.8454036027350842
NC_047564.1,53531159,NC_047564.1 53513745 53564472,6,0.057420292122365546,0.8454122613043369
NC_047566.1,7709430,NC_047566.1 7674237 7715471,10,-0.05740430632374041,0.8454548268532255
NC_047561.1,54136237,NC_047561.1 54129895 54157830,5,0.05740124686892128,0.8454629733394295
NC_047561.1,55235364,NC_047561.1 55233590 55241308,15,0.05739083002573996,0.8454907106336786
NC_047562.1,6638006,NC_047562.1 6637741 6638787,7,-0.05737013530544596,0.8455458156858942
NC_047561.1,4267917,NC_047561.1 4253648 4367559,14,0.05735423910173631,0.8455881438907635
NC_047568.1,50566274,NC_047568.1 50546604 50567018,7,-0.05734907450227152,0.845601896202508
NC_047565.1,23331732,NC_047565.1 23284220 23332287,13,0.057332438379406575,0.845646195200764
NC_047566.1,45968910,NC_047566.1 45949296 45984413,14,0.05725311453181562,0.8458574261445349
NC_047559.1,8643392,NC_047559.1 8640587 8645263,3,0.05724093769944213,0.8458898526025831
NC_047565.1,13152974,NC_047565.1 13119330 13220090,3,-0.05721738440142569,0.8459525748148965
NC_047568.1,49009476,NC_047568.1 49003896 49014474,3,-0.05719919983287132,0.8460010007310196
NC_047561.1,22504576,NC_047561.1 22499249 22514856,9,-0.057169533242974836,0.8460800046135531
NC_047560.1,71936129,NC_047560.1 71921522 71989278,5,0.057108811763451804,0.846241713693867
NC_047568.1,37023797,NC_047568.1 37006851 37042840,10,0.057099611133783625,0.8462662166405306
NC_047565.1,14404087,NC_047565.1 14400306 14405300,6,-0.05694328593334879,0.8466825587435115
NC_047561.1,32197227,NC_047561.1 32195960 32208343,4,0.05691609557614562,0.8467549788290084
NC_047565.1,56034132,NC_047565.1 56025099 56037030,11,-0.05690842197439846,0.846775417266896
NC_047568.1,45289782,NC_047568.1 45284891 45311391,3,0.05688931987088566,0.8468262956096906
NC_047564.1,23435256,NC_047564.1 23433446 23439330,11,-0.05687305766258676,0.8468696103450573
NC_047559.1,43494299,NC_047559.1 43492741 43499503,8,0.05686638305684835,0.8468873884147909
NC_047563.1,327653,NC_047563.1 191191 650035,6,-0.056841777653603376,0.8469529264397481
NC_047561.1,57205158,NC_047561.1 57198948 57214527,3,-0.05680381358397733,0.8470540479090206
NC_047559.1,19621205,NC_047559.1 19613581 19626331,3,0.05679231171545745,0.8470846848310268
NC_047567.1,19918153,NC_047567.1 19908659 19951762,4,0.05678554668764215,0.8471027045734518
NC_047560.1,20067572,NC_047560.1 20067140 20068859,6,-0.056777001114457826,0.8471254671848447
NC_047564.1,7325547,NC_047564.1 7324941 7344198,6,-0.05677528128723125,0.8471300482553517
NC_047565.1,46898929,NC_047565.1 46896504 46904644,5,0.05674641044369681,0.8472069516325359
NC_047565.1,46557000,NC_047565.1 46554962 46574084,4,-0.0567247285382477,0.8472647066387483
NC_047564.1,4050845,NC_047564.1 4044549 4061191,10,0.05669582010391353,0.8473417123632457
NC_047564.1,46370583,NC_047564.1 46356833 46377233,9,-0.05653370367190803,0.8477735784008733
NC_047565.1,41280967,NC_047565.1 41278854 41282688,5,0.056505191021469336,0.847849538076291
NC_047565.1,52723335,NC_047565.1 52716115 52724523,16,0.05646819049993611,0.8479481118583884
NC_047561.1,56475990,NC_047561.1 56456728 56498445,3,0.0564519520030914,0.8479913737942798
NW_022994956.1,287708,NW_022994956.1 277733 293422,4,0.05639870188683565,0.8481332433562949
NC_047559.1,26962698,NC_047559.1 26946570 26963664,10,-0.05635197168519166,0.8482577460095473
NC_047559.1,45833130,NC_047559.1 45799959 45838345,3,-0.05624630835399131,0.8485392755366544
NC_047561.1,18492237,NC_047561.1 18459347 18634624,4,-0.05623659427394329,0.8485651585880679
NC_047566.1,23866564,NC_047566.1 23850576 23872015,11,0.05620263358396192,0.8486556475595369
NC_047562.1,13269302,NC_047562.1 13246768 13275546,11,-0.056168105254073716,0.8487476507957665
NC_047562.1,35881174,NC_047562.1 35878548 35881386,7,-0.05616352150361638,0.8487598646655165
NC_047564.1,39155643,NC_047564.1 39146697 39159237,4,0.05614500160465897,0.8488092131428914
NC_047559.1,26956008,NC_047559.1 26946570 26963664,12,-0.05613676342455454,0.8488311649207649
NC_047559.1,5999504,NC_047559.1 5996677 6000062,10,0.05612247757526712,0.8488692317965965
NC_047563.1,62639516,NC_047563.1 62637641 62645857,5,-0.05612236190786597,0.8488695400116952
NC_047563.1,73345817,NC_047563.1 73345436 73350691,10,-0.05606823768113239,0.8490137652501775
NC_047561.1,6087611,NC_047561.1 6086812 6088876,6,-0.056054600577556145,0.8490501048364137
NC_047559.1,12254330,NC_047559.1 12250630 12279632,9,0.0560384595748308,0.8490931170690322
NC_047559.1,44413843,NC_047559.1 44411136 44428991,12,-0.05603815612378374,0.8490939257032653
NC_047565.1,29198841,NC_047565.1 29196190 29209219,4,0.056019193603194385,0.8491444571694334
NW_022994948.1,257296,NW_022994948.1 249775 281092,3,0.05598700207059496,0.8492302426382853
NC_047565.1,34049740,NC_047565.1 34022007 34052334,6,-0.05593684262087579,0.8493639129255346
NC_047559.1,2541504,NC_047559.1 2521754 2543138,5,-0.05590606784335258,0.8494459267194641
NC_047566.1,1141071,NC_047566.1 1123256 1348320,6,0.05584787997274645,0.8496009993939534
NC_047568.1,47866898,NC_047568.1 47864483 47869377,3,0.05583986802137893,0.8496223519157008
NC_047563.1,5255982,NC_047563.1 5247362 5255984,15,0.05583135044599158,0.8496450520729183
NC_047559.1,53001460,NC_047559.1 52961431 53010809,4,-0.055786864248858814,0.849763613824195
NC_047566.1,50843886,NC_047566.1 50816539 50848619,16,0.05577515851735423,0.8497948116775058
NC_047568.1,42379068,NC_047568.1 42377710 42380712,3,-0.05574544061425111,0.8498740160846792
NC_047561.1,56400426,NC_047561.1 56399405 56403160,3,0.05569284096170939,0.8500142083504914
NC_047564.1,57449992,NC_047564.1 57448199 57465186,4,0.05551669701253808,0.8504837094757283
NC_047568.1,27116061,NC_047568.1 27105476 27130925,13,-0.05544284221335747,0.8506805787225562
NC_047563.1,20846586,NC_047563.1 20833778 20859000,5,0.05528566681361206,0.8510995764022081
NC_047561.1,52450913,NC_047561.1 52450057 52461353,15,0.055261722488224516,0.8511634103167423
NC_047568.1,45371588,NC_047568.1 45366945 45375445,6,0.055175618848788986,0.8513929636598278
NC_047568.1,49127225,NC_047568.1 49108627 49135358,14,0.05505928373315656,0.8517031318553714
NC_047559.1,49772316,NC_047559.1 49764960 49778577,12,-0.05495090476931055,0.851992105597518
NC_047565.1,14507582,NC_047565.1 14500274 14508494,13,0.054899294341148736,0.8521297219378667
NW_022994897.1,307575,NW_022994897.1 305204 314388,7,0.05489810646629079,0.8521328893862612
NC_047561.1,53274629,NC_047561.1 53273822 53275758,3,-0.05488704732410427,0.8521623785029275
NC_047564.1,8268373,NC_047564.1 8256907 8276100,10,0.05484941219988755,0.852262733613989
NW_022994784.1,342041,NW_022994784.1 333289 343433,4,-0.05484493520064583,0.8522746717959696
NC_047561.1,51473080,NC_047561.1 51420228 51491786,3,0.05482689974806758,0.8523227646895519
NC_047560.1,63007195,NC_047560.1 63005267 63011867,9,-0.05482594487982864,0.8523253109309737
NC_047565.1,43265809,NC_047565.1 43265389 43272359,3,0.05480141158972759,0.8523907315980765
NC_047566.1,27955885,NC_047566.1 27942051 27982575,5,-0.05479386040933417,0.8524108678135305
NC_047566.1,43247891,NC_047566.1 43241500 43253851,5,-0.05476378424878773,0.8524910706796242
NC_047561.1,12608683,NC_047561.1 12567980 12627376,8,0.054729852649092574,0.852581556278083
NW_022994955.1,185762,NW_022994955.1 175248 195509,4,-0.054689376922380434,0.8526894953432249
NC_047559.1,11405653,NC_047559.1 11404591 11432618,4,-0.05468398837142142,0.8527038654983343
NC_047565.1,23359494,NC_047565.1 23358336 23369215,13,0.0546447048397329,0.8528086278662262
NC_047568.1,53005770,NC_047568.1 52999204 53008845,5,0.05457505681949019,0.8529943726040936
NC_047561.1,14496391,NC_047561.1 14492865 14517609,6,-0.054536536978655493,0.853097104448775
NC_047564.1,5952838,NC_047564.1 5952135 5954438,5,-0.0545285736627245,0.8531183427644053
NC_047562.1,17903164,NC_047562.1 17793402 18097773,9,0.05440725520870055,0.8534419128286151
NC_047563.1,2253122,NC_047563.1 2231498 2265584,17,-0.054375391413965996,0.8535269007337776
NC_047559.1,53902830,NC_047559.1 53885641 53906150,4,-0.05436633728347568,0.8535510504051145
NC_047560.1,52349554,NC_047560.1 52346143 52350970,6,-0.05434979136094892,0.853595182901346
NC_047568.1,5375327,NC_047568.1 5361939 5427662,12,-0.05425629866381724,0.8538445609452416
NC_047564.1,9192079,NC_047564.1 9191319 9193758,6,0.05412741983875654,0.8541883470854159
NC_047568.1,37809158,NC_047568.1 37803994 37809996,3,-0.054119169789439654,0.8542103550317066
NC_047565.1,59725905,NC_047565.1 59720044 59726556,14,0.05410161875750788,0.8542571747363886
NC_047559.1,40678427,NC_047559.1 40676370 40685499,10,0.054090071137453934,0.8542879797871235
NC_047568.1,14882560,NC_047568.1 14868410 14928265,12,-0.05402772618100765,0.8544542978698949
NC_047566.1,30635067,NC_047566.1 30632888 30635440,4,-0.05398095411025051,0.8545790757441034
NC_047563.1,8621526,NC_047563.1 8616253 8645189,5,0.05396787816167318,0.8546139601415342
NC_047565.1,60536554,NC_047565.1 60524016 60539993,11,0.05393781035059221,0.8546941768624111
NC_047568.1,9842185,NC_047568.1 9838582 9842492,5,-0.05391747857805509,0.8547484199316029
NC_047568.1,40243962,NC_047568.1 40242938 40246179,12,0.053857223741777704,0.8549091771132112
NC_047559.1,25481983,NC_047559.1 25478591 25482690,9,0.05374517855562649,0.8552081225150693
NC_047566.1,38157755,NC_047566.1 38156715 38169974,14,-0.05373734480123786,0.8552290242659164
NC_047561.1,49743532,NC_047561.1 49742808 49745039,3,-0.05368853243399369,0.8553592657130433
NC_047566.1,49767988,NC_047566.1 49764985 49769050,6,-0.0536529241871926,0.8554542780074232
NC_047565.1,22549518,NC_047565.1 22527827 22594197,8,0.05364335682665444,0.8554798065859857
NC_047560.1,44868703,NC_047560.1 44858350 44883531,4,0.05362634338745254,0.8555252038533793
NC_047565.1,43125817,NC_047565.1 43084672 43140764,3,0.053617530569156704,0.8555487194190761
NC_047563.1,51411957,NC_047563.1 51411525 51414663,4,0.05354702441335273,0.8557368575864523
NC_047565.1,19706125,NC_047565.1 19694729 19709550,10,0.05352611986970207,0.8557926405042616
NC_047560.1,40588805,NC_047560.1 40583262 40589453,16,-0.053518908857004964,0.855811882941268
NC_047566.1,36158613,NC_047566.1 36129426 36164224,4,0.0535011799495108,0.8558591924778228
NC_047562.1,41948642,NC_047562.1 41935018 41970388,3,-0.053444342768131335,0.8560108653594372
NC_047568.1,39873177,NC_047568.1 39854640 39895673,7,0.05330394349952726,0.85638554767384
NC_047566.1,7937416,NC_047566.1 7929424 7972433,11,0.0532534576147034,0.8565202857962019
NC_047564.1,6139216,NC_047564.1 6134619 6141301,10,-0.053241310050620605,0.8565527060927307
NC_047564.1,38586245,NC_047564.1 38567026 38606514,9,0.053225932753185365,0.8565937464364995
NC_047561.1,50865766,NC_047561.1 50853990 50869239,7,0.05308880175877731,0.8569597491150818
NC_047568.1,3872047,NC_047568.1 3859572 3883642,4,-0.053082410817305345,0.8569768071926314
NC_047565.1,41394535,NC_047565.1 41384196 41415020,8,0.053056647130666386,0.8570455737002503
NC_047565.1,8094243,NC_047565.1 8083397 8095772,15,0.0530088084874784,0.8571732635325808
NC_047566.1,28043138,NC_047566.1 28042649 28051338,16,0.05298705050507973,0.857231340525175
NC_047561.1,3324433,NC_047561.1 3321482 3326801,4,-0.052985209835275535,0.8572362537213964
NC_047564.1,32550336,NC_047564.1 32545000 32556467,3,-0.052985074159343844,0.8572366158737084
NC_047566.1,19490648,NC_047566.1 19484801 19514804,15,-0.052967925757999516,0.8572823893696271
NC_047567.1,32785742,NC_047567.1 32782791 32795247,3,-0.05295067926452897,0.8573284251191958
NC_047562.1,20728510,NC_047562.1 20728357 20745120,5,0.05285453446002183,0.8575850704096947
NC_047562.1,6929501,NC_047562.1 6872449 6974232,3,-0.052830039591250065,0.8576504581737425
NC_047566.1,39193662,NC_047566.1 39188611 39194712,8,0.05282439046912694,0.8576655383286
NC_047563.1,9131714,NC_047563.1 9128868 9131923,8,-0.052767531849985436,0.8578173231465039
NC_047568.1,47492781,NC_047568.1 47492493 47499622,17,-0.052737520647421494,0.8578974402808901
NC_047564.1,7025551,NC_047564.1 7010348 7038070,4,0.052725728069748325,0.8579289217909367
NC_047563.1,13158838,NC_047563.1 13158383 13159540,17,0.052699684276846334,0.857998449094551
NC_047562.1,20743549,NC_047562.1 20728357 20745120,4,0.05266398131774613,0.858093764357766
NC_047561.1,57384648,NC_047561.1 57383384 57395500,11,-0.052625317579161765,0.8581969859639941
NC_047559.1,32016459,NC_047559.1 32006507 32036177,7,-0.0526160609096419,0.8582216990521435
NC_047559.1,26284509,NC_047559.1 26282448 26289074,6,-0.052607096383344765,0.8582456323029812
NC_047560.1,70779712,NC_047560.1 70388123 71110591,7,0.052600080312642634,0.8582643636985113
NC_047561.1,19329827,NC_047561.1 19325749 19332475,11,0.052568461716605244,0.8583487793903334
NC_047559.1,40670877,NC_047559.1 40640552 40674846,5,-0.05250713910204001,0.8585125032227638
NC_047561.1,54479266,NC_047561.1 54474380 54487341,3,-0.05249744223213541,0.8585383931559907
NC_047561.1,34621746,NC_047561.1 34585199 34628533,11,-0.052484598578356155,0.8585726849753927
NC_047568.1,45615540,NC_047568.1 45612516 45624638,6,-0.052478011318643436,0.8585902726711817
NC_047566.1,45969715,NC_047566.1 45949296 45984413,3,0.052467098020599415,0.8586194108345786
NC_047564.1,8331044,NC_047564.1 8319741 8349006,10,0.052443543945980955,0.8586823000450191
NC_047559.1,1264650,NC_047559.1 1263895 1266021,12,-0.052393045722546154,0.8588171325646153
NC_047565.1,48438404,NC_047565.1 48435212 48440867,4,-0.05226277248963316,0.8591649844439477
NC_047568.1,45202902,NC_047568.1 45193273 45212390,10,0.052250351052929966,0.8591981530518445
NC_047559.1,32805123,NC_047559.1 32780734 32806516,5,0.05223800315790205,0.8592311254974541
NC_047566.1,39194514,NC_047566.1 39188611 39194712,3,0.05221749383785816,0.8592858917760146
NC_047567.1,9538291,NC_047567.1 9536315 9542226,4,0.052209923301692863,0.8593061076164128
NC_047561.1,52580622,NC_047561.1 52579741 52585774,3,0.05215647562881032,0.8594488328942631
NC_047560.1,4949682,NC_047560.1 4669163 4998151,4,0.05207556794901696,0.8596648942509826
NC_047568.1,37543701,NC_047568.1 37539539 37561060,13,0.05195635639751469,0.8599832614948052
NC_047567.1,19718517,NC_047567.1 19716136 19718827,3,0.05179534976324995,0.860413278371716
NC_047559.1,21613565,NC_047559.1 21612358 21620186,12,-0.05178559375759742,0.8604393358898659
NW_022994944.1,253100,NW_022994944.1 251111 256842,5,0.05164326889022543,0.860819489331357
NC_047564.1,54372837,NC_047564.1 54363989 54410301,15,-0.05163769656707101,0.860834373722616
NC_047568.1,32796273,NC_047568.1 32795429 32796982,4,-0.05161761896105539,0.8608880039445903
NC_047568.1,12302271,NC_047568.1 12169358 12325905,6,0.05160792510281709,0.860913897857155
NC_047568.1,23838007,NC_047568.1 23837066 23849319,8,0.05159905244431467,0.8609375983220757
NC_047566.1,37950242,NC_047566.1 37946412 37954695,3,-0.051487024365455665,0.8612368548005562
NC_047563.1,20682597,NC_047563.1 20680958 20683755,7,0.05147135975146351,0.8612787004866935
NC_047559.1,12838800,NC_047559.1 12832141 12852961,5,-0.05145902593714101,0.8613116486750223
NC_047564.1,5737520,NC_047564.1 5734529 5740165,9,0.051429734706304964,0.8613898972465642
NW_022994982.1,106712,NW_022994982.1 105177 108641,10,-0.05142220077253757,0.8614100235825585
NC_047567.1,1458434,NC_047567.1 1294829 1462686,11,0.05138464766954756,0.8615103450314722
NC_047560.1,20158062,NC_047560.1 20153354 20158190,13,0.051333226468247256,0.8616477176381543
NC_047562.1,28047803,NC_047562.1 28040713 28047965,3,0.051308463748426174,0.8617138729590903
NC_047560.1,62829610,NC_047560.1 62826420 62831929,4,-0.051240818263624546,0.8618945968509177
NC_047565.1,7694847,NC_047565.1 7685237 7711057,6,-0.0512277234609087,0.8619295820804204
NC_047559.1,45460416,NC_047559.1 45455884 45461257,4,0.05107618110853081,0.8623344730938911
NC_047563.1,9351965,NC_047563.1 9351892 9353547,5,-0.0510520432321546,0.862398967600385
NC_047562.1,52855273,NC_047562.1 52851727 52872031,3,0.05104305624848901,0.8624229803172263
NC_047561.1,14205270,NC_047561.1 14144067 14206047,6,0.05102060909231049,0.8624829583432747
NC_047559.1,4063929,NC_047559.1 4062916 4085267,3,0.05101564194929031,0.8624962304709445
NC_047564.1,52725256,NC_047564.1 52723084 52725790,4,0.050946470322424456,0.8626810594679826
NC_047564.1,47214936,NC_047564.1 47168916 47238399,13,0.05093985747762801,0.862698729561822
NC_047566.1,30974301,NC_047566.1 30972686 30974653,6,-0.05090508738524399,0.8627916392407328
NC_047565.1,40071071,NC_047565.1 40067737 40105589,14,0.050878818017306635,0.862861835101383
NC_047565.1,1529607,NC_047565.1 1524012 1541977,5,0.050873740131250185,0.8628754041158013
NC_047560.1,70766106,NC_047560.1 70690070 71346242,4,-0.05083135611535032,0.8629886631129535
NC_047561.1,55454950,NC_047561.1 55446431 55473342,3,0.05082048439476666,0.8630177150292836
NC_047559.1,46941200,NC_047559.1 46927916 46947677,4,-0.05080319845894961,0.8630639076406073
NC_047565.1,34474755,NC_047565.1 34455157 34514590,5,0.05072405004635672,0.8632754184117672
NC_047568.1,39021576,NC_047568.1 39021249 39028637,17,0.05061837167169678,0.863557839298114
NC_047565.1,1132527,NC_047565.1 1114839 1143349,12,-0.05061465449360203,0.8635677735717665
NC_047568.1,9615562,NC_047568.1 9612735 9629542,4,0.05060629339008398,0.8635901189485028
NC_047568.1,45470404,NC_047568.1 45456177 45473323,4,0.05058873007676378,0.8636370579001498
NC_047561.1,7132815,NC_047561.1 7131530 7134774,16,-0.05049265148707066,0.8638938407802386
NC_047564.1,53149916,NC_047564.1 53149322 53158602,7,-0.05048224084553929,0.8639216653623839
NC_047563.1,18758052,NC_047563.1 18740363 18786437,9,-0.05043762867105672,0.8640409022403377
NC_047566.1,45059275,NC_047566.1 45058413 45059628,5,-0.050365089077929096,0.8642347876732132
NC_047564.1,6752431,NC_047564.1 6722259 6754635,11,0.050270411889151594,0.8644878536443594
NC_047563.1,15695176,NC_047563.1 15690918 15722665,4,-0.050259978790744245,0.8645157413772566
NC_047566.1,23822006,NC_047566.1 23820797 23829805,16,0.050253597058107925,0.8645327998580832
NC_047565.1,20327256,NC_047565.1 20318075 20328953,15,0.050210288584112125,0.8646485656008008
NC_047562.1,31496411,NC_047562.1 31490130 31499080,16,-0.05018171696654773,0.8647249403623185
NC_047564.1,41649087,NC_047564.1 41647011 41649726,7,-0.050131512941426704,0.8648591433490969
NC_047561.1,33226907,NC_047561.1 33181950 33263355,3,-0.050129731106580866,0.8648639065266019
NC_047565.1,11032227,NC_047565.1 11026122 11074255,10,-0.05011961486218084,0.864890949219099
NC_047568.1,4486128,NC_047568.1 4476608 4489192,10,-0.050088928761981615,0.864972979985074
NC_047568.1,8170355,NC_047568.1 8163871 8173081,3,-0.05008200731847052,0.8649914827166405
NC_047562.1,49651514,NC_047562.1 49643688 49655323,7,0.05002247473532419,0.8651506306997905
NC_047565.1,54972620,NC_047565.1 54942794 54994945,6,-0.05002197322877609,0.8651519713934637
NC_047564.1,44321288,NC_047564.1 44320780 44321908,3,-0.05001403474310526,0.8651731936488395
NC_047559.1,43437917,NC_047559.1 43436231 43440061,3,0.04992065160919058,0.8654228446666453
NC_047565.1,47042337,NC_047565.1 47037489 47050208,13,-0.04987666965678178,0.8655404303190918
NC_047565.1,60583261,NC_047565.1 60582146 60586105,3,-0.04985826372140583,0.8655896393142454
NC_047562.1,44783123,NC_047562.1 44725659 44816150,8,0.049830236263545165,0.8656645726992429
NC_047561.1,55768672,NC_047561.1 55767957 55770209,12,0.049806529014076666,0.8657279565215112
NC_047561.1,3726848,NC_047561.1 3696117 3751773,8,-0.04978520446463336,0.8657849705858971
NC_047565.1,46976733,NC_047565.1 46974173 46988089,7,-0.04970488627255903,0.8659997175699968
NC_047563.1,9810522,NC_047563.1 9709756 9818305,16,-0.049697900825883844,0.8660183949855638
NC_047564.1,28737698,NC_047564.1 28634556 28742989,3,0.04969754331502793,0.8660193508859307
NC_047564.1,45121098,NC_047564.1 45109806 45126964,6,-0.04969709977011501,0.8660205368214698
NC_047562.1,17107686,NC_047562.1 17103342 17110911,6,0.04966932474743634,0.866094801269176
NC_047567.1,11112010,NC_047567.1 11105460 11114609,12,0.04965550619020462,0.8661317495071881
NC_047565.1,59513439,NC_047565.1 59508371 59522643,6,0.04962395027652155,0.8662161250722831
NC_047566.1,40619352,NC_047566.1 40618021 40621873,4,-0.04961432351696004,0.8662418657815475
NC_047561.1,5882089,NC_047561.1 5879612 5887715,5,-0.0495624928453539,0.866380456407522
NC_047566.1,46452268,NC_047566.1 46445190 46469150,4,-0.04954593662001931,0.8664247270401982
NC_047566.1,4201694,NC_047566.1 4142173 4232562,3,-0.04950579749356526,0.8665320588445724
NC_047561.1,44318382,NC_047561.1 44316587 44318998,3,0.04950107479778745,0.866544687447838
NC_047565.1,26096631,NC_047565.1 26091700 26097627,8,-0.04948006511664181,0.8666008682043795
NC_047566.1,46140182,NC_047566.1 46137978 46144273,6,-0.04947680590678517,0.8666095835188302
NC_047564.1,55021356,NC_047564.1 55019575 55045040,11,0.049446419295372454,0.8666908397418116
NC_047568.1,7182785,NC_047568.1 7161417 7183516,3,-0.04944376393303758,0.8666979404506827
NC_047560.1,51046166,NC_047560.1 50992354 51073373,9,-0.04942162874557438,0.8667571325561969
NC_047563.1,2339263,NC_047563.1 2323302 2362798,10,0.049392081205361434,0.8668361471799139
NC_047559.1,11509844,NC_047559.1 11474243 11511901,14,0.049384321934571644,0.8668568968436986
NC_047561.1,20320331,NC_047561.1 20315583 20340518,5,0.04934907674367708,0.8669511497270224
NC_047559.1,36965343,NC_047559.1 36964974 36970964,7,0.04933826926724067,0.8669800514692181
NC_047567.1,5621916,NC_047567.1 5621069 5623881,8,-0.049290648731348696,0.8671074018586515
NC_047563.1,43890521,NC_047563.1 43872014 43914080,14,-0.04925102449643552,0.8672133702276613
NC_047568.1,22929024,NC_047568.1 22926622 22929844,3,-0.04924770466714634,0.8672222486483107
NC_047565.1,36661090,NC_047565.1 36658268 36665191,12,-0.04909997065598178,0.8676173573842838
NC_047561.1,4245111,NC_047561.1 4242181 4245573,15,-0.04909312080251244,0.8676356777424952
NC_047561.1,50938485,NC_047561.1 50936474 50938562,4,0.04903976444799163,0.8677783847374168
NC_047560.1,26394961,NC_047560.1 26394848 26453002,3,-0.04903717661021223,0.8677853062678708
NC_047561.1,42869512,NC_047561.1 42869381 42909705,10,-0.04902136862303361,0.8678275871095051
NC_047562.1,48524367,NC_047562.1 48519277 48535790,3,-0.04899484571268169,0.8678985273640832
NC_047564.1,56483346,NC_047564.1 56460867 56490930,7,-0.048987149520656546,0.8679191123754065
NC_047565.1,54055256,NC_047565.1 54020182 54080189,5,-0.04895393257427936,0.8680079586623134
NC_047568.1,39022474,NC_047568.1 39021249 39028637,3,-0.04894694472903808,0.8680266494300195
NC_047564.1,8837417,NC_047564.1 8825308 8840057,4,0.048863516548950665,0.8682498042439122
NC_047560.1,69008328,NC_047560.1 69005114 69008447,11,-0.04883840084112719,0.8683169858622573
NC_047560.1,51068911,NC_047560.1 50992354 51073373,5,0.04877661053386665,0.8684822713144384
NC_047562.1,21046000,NC_047562.1 21044137 21046374,4,-0.04871896182461583,0.8686364827373851
NC_047561.1,19019247,NC_047561.1 19007575 19030260,8,0.04869085880135365,0.8687116604477769
NC_047566.1,57482010,NC_047566.1 57477599 57521942,4,0.04868540793301885,0.8687262420517979
NC_047561.1,2419589,NC_047561.1 2399536 2420598,12,0.04862460862368007,0.8688888887578322
NC_047561.1,3146169,NC_047561.1 3141906 3148138,7,0.04851236820058437,0.8691891603377822
NC_047565.1,921255,NC_047565.1 914746 940861,12,-0.048491500779745345,0.8692449877853795
NC_047563.1,61717498,NC_047563.1 61713168 61718598,4,0.04849027211440345,0.869248274900683
NC_047559.1,11705875,NC_047559.1 11704534 11719614,6,-0.0484400609839397,0.8693826091513042
NC_047559.1,15055554,NC_047559.1 15036484 15058591,16,-0.048393688412105215,0.8695066766777664
NC_047560.1,47541322,NC_047560.1 47539520 47545563,3,0.04837147534102132,0.8695661076415215
NC_047561.1,52596491,NC_047561.1 52593397 52600712,3,-0.04829866046154966,0.869760927984235
NC_047560.1,28999355,NC_047560.1 28996276 29005393,10,0.048232114152310275,0.8699389824180677
NC_047562.1,35528355,NC_047562.1 35459231 35560615,9,0.04818733020801127,0.8700588116702315
NC_047561.1,56663602,NC_047561.1 56639482 56668001,9,0.048150617371382896,0.870157046839459
NC_047565.1,7091496,NC_047565.1 7089625 7096810,14,0.048144025976642364,0.8701746840913046
NC_047568.1,25903501,NC_047568.1 25742625 26027748,13,-0.04809333948634306,0.8703103128589221
NC_047568.1,21167173,NC_047568.1 21149053 21179316,3,0.048063820919267065,0.8703893012492641
NC_047560.1,51661877,NC_047560.1 51629755 51664241,10,0.04805645427621333,0.8704090137389051
NC_047564.1,17547147,NC_047564.1 17540214 17556979,5,0.04798492980120361,0.87060041058539
NC_047564.1,32424309,NC_047564.1 32423236 32428717,7,-0.04798365384389792,0.8706038250596952
NC_047568.1,31534712,NC_047568.1 31529446 31537881,4,-0.04796436467475865,0.8706554433213521
NC_047566.1,10093221,NC_047566.1 10084972 10094594,17,-0.04794699990833955,0.8707019122463567
NC_047568.1,49378816,NC_047568.1 49357031 49379664,5,-0.047888800606198025,0.8708576591209701
NC_047564.1,55513176,NC_047564.1 55504297 55518524,4,0.047865558864707704,0.8709198574503891
NC_047566.1,54593681,NC_047566.1 54572147 54616687,11,-0.04779923161883276,0.8710973627591896
NC_047559.1,51151323,NC_047559.1 51130411 51234319,12,-0.047786840871806686,0.871130523564184
NC_047567.1,20290704,NC_047567.1 20093127 20306721,7,0.04772295569715249,0.8713014997368332
NC_047561.1,23645168,NC_047561.1 23643047 23653396,16,-0.04771042111426891,0.8713350467092231
NC_047565.1,42641751,NC_047565.1 42634798 42668614,3,-0.04766016582612498,0.8714695496347142
NC_047566.1,53631568,NC_047566.1 53626410 53659339,10,-0.04756933427165175,0.8717126588045743
NC_047568.1,56030230,NC_047568.1 56025953 56036599,4,0.04750393953263852,0.871887693273617
NC_047561.1,40417174,NC_047561.1 40406054 40418704,3,-0.047464522973611686,0.8719931976117652
NC_047564.1,56392188,NC_047564.1 56378684 56394278,10,-0.047449421732390716,0.8720336188754089
NC_047568.1,7229838,NC_047568.1 7196069 7261030,5,0.047404123561808884,0.8721548695435029
NC_047565.1,13484561,NC_047565.1 13473578 13503028,5,-0.04732557901360998,0.8723651177486396
NC_047563.1,73345817,NC_047563.1 73345179 73365563,10,0.04732067019246387,0.8723782579511898
NW_022994921.1,224062,NW_022994921.1 222162 225193,13,-0.04729403779588717,0.8724495495489281
NC_047562.1,26904795,NC_047562.1 26890087 26905311,8,-0.0472659781704102,0.872524662633692
NC_047561.1,47241208,NC_047561.1 47226147 47251013,10,-0.04726128899720919,0.8725372152244946
NC_047566.1,45963154,NC_047566.1 45949296 45984413,7,0.047248011702198806,0.8725727577718089
NC_047565.1,27228907,NC_047565.1 27212923 27342150,8,0.04717360995559289,0.8727719310575753
NC_047559.1,46328932,NC_047559.1 46322694 46348928,5,-0.04716381195706806,0.8727981607969367
NC_047561.1,19528627,NC_047561.1 19527957 19544955,4,0.047065291328076235,0.8730619122691582
NC_047559.1,54214343,NC_047559.1 54209081 54216962,12,-0.04706001180802063,0.8730760465201672
NW_022994982.1,7240,NW_022994982.1 2087 19721,7,-0.04701289121967056,0.8732021986029409
NC_047565.1,48747190,NC_047565.1 48745217 48752526,10,-0.046969958523607504,0.8733171412240832
NC_047561.1,52834731,NC_047561.1 52833706 52835090,16,0.046917920930211375,0.8734564632705769
NC_047559.1,20567346,NC_047559.1 20566564 20570177,3,-0.04690462804444786,0.8734920533196457
NC_047561.1,43984556,NC_047561.1 43984078 44008384,3,0.04688767236716049,0.8735374503604103
NC_047561.1,14813437,NC_047561.1 14773851 14817015,3,-0.046887386072877534,0.8735382168863163
NC_047563.1,42565144,NC_047563.1 42563199 42565591,3,0.04686621029946515,0.8735949133057055
NC_047564.1,25987847,NC_047564.1 25985977 25995814,15,0.04684528991946241,0.8736509264836644
NC_047562.1,10848830,NC_047562.1 10721036 10861070,3,0.04681468300048905,0.8737328758332595
NC_047565.1,3500589,NC_047565.1 3500226 3502684,3,-0.04680795235338317,0.8737508971501123
NC_047565.1,58638282,NC_047565.1 58637860 58656165,8,-0.04675683689707766,0.8738877607108101
NC_047565.1,48376957,NC_047565.1 48369553 48379523,12,-0.04675604569920618,0.8738898791987029
NC_047561.1,24228363,NC_047561.1 24205140 24290503,6,0.046720495605820665,0.8739850678818729
NC_047565.1,27774033,NC_047565.1 27757355 27774995,11,0.046708787422993725,0.8740164179778106
NC_047562.1,32801193,NC_047562.1 32797488 32804667,3,0.046702759188244056,0.8740325593829371
NC_047566.1,8167908,NC_047566.1 8157925 8168032,11,-0.046670778364355014,0.8741181930795396
NC_047560.1,16976308,NC_047560.1 16961317 17035334,5,0.0466209177411466,0.8742517053119692
NC_047563.1,10343263,NC_047563.1 10324355 10366465,7,-0.04657659472545266,0.8743703920551801
NC_047560.1,70787381,NC_047560.1 70595196 71158665,4,0.04656414711639228,0.8744037243033629
NC_047568.1,41327780,NC_047568.1 41325699 41342867,10,0.04654986221496479,0.874441976697637
NC_047564.1,42707555,NC_047564.1 42694601 42715867,13,-0.04652732509158368,0.874502327574949
NC_047564.1,40892055,NC_047564.1 40891007 40892886,17,0.046491323349685434,0.8745987359018706
NC_047563.1,10454594,NC_047563.1 10445747 10455627,9,-0.046450848302108126,0.8747071251333967
NC_047565.1,60306927,NC_047565.1 60306728 60350613,17,-0.04633578851339059,0.8750152580219923
NC_047559.1,53849706,NC_047559.1 53839825 53855238,10,0.046324904461929564,0.8750444066272187
NW_022994917.1,33330,NW_022994917.1 25207 36205,3,0.04627576778387062,0.8751760015195462
NC_047567.1,24151880,NC_047567.1 24139347 24153069,4,0.04618371524717893,0.875422539148811
NC_047561.1,51326118,NC_047561.1 51295820 51346813,3,0.04617047043401744,0.8754580126356628
NC_047568.1,42513598,NC_047568.1 42513282 42521512,3,0.046043783182832865,0.8757973291553962
NC_047565.1,55691926,NC_047565.1 55688231 55698398,7,0.0460269194879488,0.8758424980249202
NC_047565.1,43268859,NC_047565.1 43265389 43272359,7,-0.04601406759952702,0.8758769216345527
NC_047559.1,39093755,NC_047559.1 39087595 39118950,3,-0.04597166500760347,0.8759904978511424
NC_047560.1,20289996,NC_047560.1 20289393 20290782,3,-0.045931123190497435,0.8760990920188148
NC_047561.1,5126801,NC_047561.1 5111413 5142723,3,-0.045914125358554624,0.8761446225349967
NC_047568.1,47357545,NC_047568.1 47355385 47389142,5,0.04583761568286878,0.8763495663151452
NC_047565.1,27386714,NC_047565.1 27383018 27395736,6,-0.04582067724757134,0.8763949396808841
NC_047565.1,42687283,NC_047565.1 42671754 42704352,3,-0.04579222890041748,0.8764711456991291
NC_047564.1,48908049,NC_047564.1 48905161 48925179,3,-0.04570610551098892,0.8767018548158734
NC_047564.1,44853640,NC_047564.1 44853341 44872424,10,-0.045692495415913754,0.876738314653203
NC_047563.1,8260221,NC_047563.1 8255494 8263130,8,-0.045659382846684644,0.876827020264232
NC_047567.1,22192460,NC_047567.1 22190391 22210466,3,0.045608286963502054,0.8769639042013816
NC_047561.1,40019202,NC_047561.1 40014188 40037848,8,-0.04555621296822062,0.8771034117527985
NC_047562.1,42098487,NC_047562.1 42097985 42109188,10,0.04549566094046093,0.8772656363378792
NC_047563.1,62920485,NC_047563.1 62918624 62921552,3,-0.04547220578672234,0.8773284761073832
NC_047562.1,51344944,NC_047562.1 51344120 51347845,6,0.045382125259228696,0.8775698211866881
NC_047563.1,8758409,NC_047563.1 8711079 8786874,5,-0.0453707601837277,0.8776002713675559
NC_047564.1,14990641,NC_047564.1 14961116 15028523,8,-0.045320103675960614,0.8777359960765436
NC_047565.1,17169275,NC_047565.1 17158820 17176288,8,-0.04528155495250004,0.8778392823173844
NC_047568.1,9422719,NC_047568.1 9401103 9429609,9,0.04518676195724515,0.8780932753767897
NC_047568.1,50180964,NC_047568.1 50176045 50184430,8,0.04517987868058627,0.8781117191949597
NC_047566.1,8775261,NC_047566.1 8773343 8776009,9,0.04516273040690843,0.8781576684394395
NC_047562.1,28962551,NC_047562.1 28929402 28967220,3,0.045153814543661006,0.878181558867368
NC_047565.1,43266152,NC_047565.1 43265389 43272359,3,-0.045106588688521715,0.8783081041253089
NC_047564.1,54976905,NC_047564.1 54975795 54977492,4,-0.04504344681109369,0.8784773017908283
NC_047559.1,50445624,NC_047559.1 50431105 50464280,3,0.045020408792817566,0.8785390366473603
NC_047559.1,33401276,NC_047559.1 33400498 33411039,3,0.044985530100975876,0.8786325021155197
NC_047560.1,55727952,NC_047560.1 55718748 55738122,10,0.04493665710152568,0.8787634710180294
NC_047566.1,4550593,NC_047566.1 4542552 4554464,5,-0.04491385950482467,0.8788245645551741
NC_047565.1,30183411,NC_047565.1 30181318 30187622,7,0.044867952548274796,0.8789475890013296
NC_047561.1,49761044,NC_047561.1 49755947 49761167,10,0.04475865284399362,0.8792405076681707
NC_047561.1,45414869,NC_047561.1 45412847 45415363,4,0.044705087157070195,0.8793840667288965
NC_047565.1,48279550,NC_047565.1 48241763 48281629,16,-0.044689947617177914,0.8794246421738546
NC_047563.1,327561,NC_047563.1 175641 457526,5,-0.044675154440223096,0.879464289598036
NW_022994955.1,354236,NW_022994955.1 348766 364060,10,0.04464296608729955,0.8795505590115669
NC_047566.1,28470036,NC_047566.1 28469446 28482512,6,0.04452556424463129,0.8798652233496864
NC_047564.1,35058892,NC_047564.1 35058452 35059665,15,0.044483397571822486,0.879978243899015
NC_047565.1,42826785,NC_047565.1 42756995 42830880,16,0.04447339010273617,0.880005067519012
NC_047563.1,7720301,NC_047563.1 7720167 7722088,15,0.044439535861887924,0.8800958099591805
NC_047563.1,49418284,NC_047563.1 49347003 49421149,11,-0.04442504802819735,0.8801346433667655
NC_047566.1,29689113,NC_047566.1 29686846 29703847,4,0.044360822895673745,0.8803067963938456
NC_047568.1,45370591,NC_047568.1 45366945 45375445,9,0.044331644936617294,0.8803850084282298
NC_047562.1,46478763,NC_047562.1 46477001 46480155,3,0.04427939123161666,0.880525077939788
NC_047568.1,19858320,NC_047568.1 19840776 19870411,3,0.044267781853094774,0.8805561980875989
NC_047559.1,1764007,NC_047559.1 1744821 1783121,3,-0.04426008259006981,0.8805768368521084
NC_047563.1,327653,NC_047563.1 175641 457526,6,0.04421284109975335,0.880703474669896
NC_047560.1,22371733,NC_047560.1 22359364 22385065,4,0.04417727367958054,0.8807988201610791
NC_047561.1,3613206,NC_047561.1 3608710 3613792,3,-0.04412674789821235,0.8809342670728857
NC_047566.1,43729069,NC_047566.1 43719818 43733595,4,-0.04393620697207965,0.8814450865644631
NC_047568.1,5132009,NC_047568.1 5096603 5132794,15,0.04392849528426068,0.8814657616638737
NC_047560.1,53373296,NC_047560.1 53361924 53426505,8,-0.0437451891276593,0.8819572276314384
NC_047564.1,53896185,NC_047564.1 53874838 53897891,3,0.04370763856520047,0.8820579101075456
NC_047568.1,3730185,NC_047568.1 3723306 3745483,3,0.04368193289508623,0.8821268344111347
NC_047559.1,49710072,NC_047559.1 49690109 49726768,12,-0.04364439036063151,0.8822274981495695
NC_047568.1,49126285,NC_047568.1 49108627 49135358,5,0.043637658691105925,0.8822455481185262
NC_047565.1,45358842,NC_047565.1 45357693 45397421,9,-0.04363090129152099,0.8822636671322324
NC_047568.1,22105319,NC_047568.1 22076687 22149649,3,-0.04356282749733396,0.8824462003921045
NC_047566.1,5814467,NC_047566.1 5814426 5819130,6,0.04355310369828124,0.8824722742566247
NC_047564.1,24964863,NC_047564.1 24955878 24976726,15,-0.043533762950686575,0.8825241358003877
NC_047564.1,19520740,NC_047564.1 19502457 19537826,12,-0.04348699070011846,0.8826495557757217
NC_047565.1,53920390,NC_047565.1 53918660 53925111,7,0.043479616944348036,0.8826693287643566
NC_047566.1,17901805,NC_047566.1 17874252 17907672,3,0.043439932830743155,0.8827757442183555
NC_047563.1,4078432,NC_047563.1 4058937 4079024,15,-0.043424783472465714,0.8828163686630661
NC_047565.1,61079363,NC_047565.1 61075907 61080021,5,-0.04340168836949845,0.8828783008929006
NC_047561.1,13747330,NC_047561.1 13746522 13747374,3,0.043374109294723434,0.8829522582343201
NC_047559.1,10975192,NC_047559.1 10944328 10981619,11,0.04337012134534281,0.8829629525799292
NC_047568.1,56580449,NC_047568.1 56560954 56584182,8,-0.04336263055868098,0.8829830404129416
NC_047561.1,27199787,NC_047561.1 27192744 27200590,4,-0.043350526158513564,0.8830155005823732
NC_047559.1,10005683,NC_047559.1 9994206 10005888,15,0.04334566745003081,0.8830285301484314
NC_047559.1,5214953,NC_047559.1 5196401 5221950,3,-0.043312359688879705,0.8831178520889273
NC_047561.1,42005364,NC_047561.1 42003557 42093238,17,-0.043296025872994255,0.8831616552085719
NC_047561.1,49621088,NC_047561.1 49619826 49633488,6,-0.043295703166877295,0.883162520627028
NC_047559.1,54215996,NC_047559.1 54209081 54216962,5,0.04321720417005127,0.8833730392311852
NC_047562.1,11050578,NC_047562.1 11048137 11051161,11,-0.04315646474964354,0.8835359351154499
NC_047566.1,7044917,NC_047566.1 7044525 7053803,10,-0.04313588479153849,0.8835911290801773
NC_047563.1,47372479,NC_047563.1 47348758 47382721,5,-0.04310904368371184,0.8836631157348991
NC_047559.1,29685871,NC_047559.1 29635800 29716850,12,0.04307852632828846,0.8837449629355566
NC_047560.1,60500542,NC_047560.1 60492097 60501252,4,-0.04307744206835499,0.8837478709282194
NC_047564.1,38905222,NC_047564.1 38898145 38906216,16,0.04300744562949911,0.8839356047407452
NC_047559.1,16870522,NC_047559.1 16868298 16876041,9,0.04293712975090098,0.8841242010068509
NC_047564.1,41705420,NC_047564.1 41703817 41715426,11,-0.04293265232899286,0.884136210223852
NC_047564.1,10338741,NC_047564.1 10327560 10341138,8,0.042915218521074584,0.8841829709207951
NC_047568.1,53074932,NC_047568.1 53072037 53077896,17,0.04291298111044022,0.8841889720952705
NC_047566.1,53270383,NC_047566.1 53258921 53285855,13,-0.04287053262479226,0.8843028283587986
NC_047565.1,19417045,NC_047565.1 19416752 19418391,9,0.042838032652135934,0.8843900019047257
NC_047561.1,12272485,NC_047561.1 12251129 12273080,5,0.04283416737564051,0.8844003696823115
NC_047565.1,18702035,NC_047565.1 18697298 18705202,5,-0.042798288079397714,0.8844966090419741
NC_047568.1,54732658,NC_047568.1 54729958 54793813,5,-0.042772772732170464,0.8845650499886795
NW_022994897.1,539301,NW_022994897.1 538730 540389,6,-0.04276281641303465,0.8845917564677539
NC_047564.1,3489667,NC_047564.1 3489434 3494005,15,-0.042761599223755914,0.8845950214211336
NC_047565.1,60306934,NC_047565.1 60301595 60331352,7,-0.04258426565953496,0.8850707140217732
NC_047562.1,17438125,NC_047562.1 17421812 17438659,17,-0.04252133837759538,0.885239523451889
NC_047565.1,12341861,NC_047565.1 12340468 12347855,13,0.04248095303693787,0.8853478640026824
NC_047563.1,18864175,NC_047563.1 18863443 18866689,5,0.04237665089064507,0.8856276808751656
NC_047568.1,34850777,NC_047568.1 34823092 34873268,9,-0.04222889245041329,0.8860241014429135
NC_047568.1,41430120,NC_047568.1 41423273 41435238,9,-0.04219952452289912,0.8861028955008214
NC_047564.1,59267595,NC_047564.1 59265048 59275751,9,-0.042059628445500714,0.8864782496575512
NC_047568.1,32309387,NC_047568.1 32143813 32338882,4,-0.04202065567452415,0.8865828211619811
NC_047568.1,22112591,NC_047568.1 22076687 22149649,3,-0.04201623722639151,0.8865946768237112
NC_047564.1,45024937,NC_047564.1 45008681 45045721,8,0.04198192597444867,0.8866867421595896
NC_047561.1,53736949,NC_047561.1 53731498 53744761,3,-0.04196151633888127,0.8867415067476225
NC_047568.1,22163763,NC_047568.1 22161099 22192496,5,-0.04194581184402193,0.8867836464868046
NC_047561.1,6470033,NC_047561.1 6464092 6475338,5,-0.04192295151452477,0.8868449879139653
NC_047563.1,63800524,NC_047563.1 63798703 63806438,10,-0.04184047477499131,0.8870663037425561
NC_047568.1,49699823,NC_047568.1 49689018 49702387,8,-0.041838282084608804,0.8870721876524681
NC_047559.1,52012810,NC_047559.1 52009166 52016391,9,0.04181486154711588,0.8871350351357841
NC_047565.1,37468606,NC_047565.1 37460628 37513316,3,-0.041778251648971414,0.8872332766423542
NC_047566.1,23866189,NC_047566.1 23850576 23872015,11,0.041734689897977434,0.8873501751877202
NC_047564.1,37877029,NC_047564.1 37851279 37912830,11,0.041701398964923704,0.8874395132901749
NC_047561.1,47120652,NC_047561.1 47117211 47186158,4,0.04168643575871977,0.8874796683054168
NC_047561.1,48732042,NC_047561.1 48730111 48738349,5,-0.041661115406138254,0.8875476181606226
NC_047559.1,26468634,NC_047559.1 26467475 26468672,17,0.041590455273265464,0.8877372459278376
NC_047560.1,44284579,NC_047560.1 44088081 44306650,3,-0.041576662400184546,0.8877742619601399
NC_047564.1,19400705,NC_047564.1 19399057 19401947,4,-0.0415632588971266,0.8878102332410439
NC_047559.1,9791711,NC_047559.1 9786679 9797400,6,-0.041538409134650955,0.8878769236353562
NC_047565.1,38969559,NC_047565.1 38963162 38970230,4,-0.04149418634100684,0.8879956079859475
NC_047563.1,46798878,NC_047563.1 46782641 46805852,6,0.04147904711805138,0.8880362388658489
NC_047560.1,53987570,NC_047560.1 53957867 54344220,13,-0.04142144933480634,0.888190823019404
NC_047561.1,56359431,NC_047561.1 56329378 56361076,3,0.04137458559709316,0.8883166012669994
NC_047563.1,40126085,NC_047563.1 40125474 40139466,7,-0.04133518346757513,0.8884223550895886
NC_047564.1,37856673,NC_047564.1 37851279 37912830,4,-0.04133356049747515,0.8884267111168475
NC_047561.1,52843012,NC_047561.1 52842801 52844281,13,0.04132674500527835,0.8884450038270179
NC_047561.1,50529763,NC_047561.1 50526504 50545284,10,0.04129976712992376,0.8885174126702821
NC_047561.1,44962943,NC_047561.1 44948047 44968230,4,-0.041283902025094535,0.8885599951218429
NC_047565.1,1084040,NC_047565.1 1062117 1090229,16,0.04126654843751827,0.8886065730288888
NC_047560.1,70913086,NC_047560.1 70690070 71346242,4,0.04125149787745271,0.888646969764135
NC_047564.1,25137874,NC_047564.1 25095179 25147200,7,0.04124199835944516,0.8886724672511932
NC_047563.1,2101090,NC_047563.1 1808080 2151853,14,0.04123176131034038,0.8886999444443495
NC_047562.1,31721543,NC_047562.1 31712207 31780006,4,0.04116769610692975,0.8888719040539936
NC_047559.1,17639480,NC_047559.1 17635596 17654528,3,-0.0411661191153009,0.8888761369686283
NC_047564.1,6719350,NC_047564.1 6709584 6719383,3,-0.04116169135907874,0.8888880218366089
NC_047561.1,8976318,NC_047561.1 8962559 8986747,9,0.041119651206398794,0.8890008660006528
NC_047563.1,9715780,NC_047563.1 9709756 9818305,3,-0.04109949339155079,0.8890549742938765
NC_047566.1,28491295,NC_047566.1 28491147 28510802,3,-0.04104668159626035,0.8891967356423915
NC_047568.1,19767477,NC_047568.1 19762159 19771144,4,0.04102003858028563,0.889268253975744
NC_047563.1,61579871,NC_047563.1 61576798 61583642,4,0.040895268443213895,0.8896031871390071
NC_047565.1,37235382,NC_047565.1 37233679 37242530,3,0.04089289705192038,0.8896095530716738
NC_047561.1,45223775,NC_047561.1 45217176 45268546,12,0.040874568201510836,0.8896587565593026
NC_047561.1,2669112,NC_047561.1 2666376 2669157,11,-0.04087279217654171,0.8896635242877937
NC_047564.1,3504563,NC_047564.1 3497773 3504760,9,-0.04087036844991354,0.8896700307731391
NC_047562.1,28240788,NC_047562.1 28234576 28247869,3,0.040869847409981695,0.8896714295037901
NC_047566.1,30635067,NC_047566.1 30631544 30642875,4,0.04083768411029866,0.8897577723947169
NC_047568.1,51317158,NC_047568.1 51310810 51325837,11,0.04079286337535638,0.8898780962668029
NC_047561.1,53061454,NC_047561.1 53059637 53067473,5,0.0406794596628939,0.8901825449703569
NC_047567.1,21228759,NC_047567.1 21219002 21230036,4,-0.04066786285727454,0.8902136790694963
NC_047567.1,5767037,NC_047567.1 5765182 5767943,14,-0.04066721748751263,0.8902154117066476
NW_022994936.1,71171,NW_022994936.1 69846 76813,14,-0.04066649199651403,0.890217359447435
NC_047561.1,37116459,NC_047561.1 37062068 37178040,4,-0.040624021355432555,0.8903313822645005
NC_047562.1,47040901,NC_047562.1 47032692 47048707,7,-0.04061844604972765,0.8903463506817983
NC_047568.1,42683991,NC_047568.1 42683506 42684914,4,-0.04059964854720092,0.8903968179156649
NC_047559.1,18549413,NC_047559.1 18548088 18558739,10,0.040582041525356397,0.8904440893159707
NC_047567.1,10102730,NC_047567.1 10085355 10104798,3,0.040522148410726176,0.8906048931136428
NC_047561.1,16643395,NC_047561.1 16641660 16647223,12,0.040505836724396255,0.8906486881592757
NC_047565.1,37590852,NC_047565.1 37572757 37610817,6,-0.04049214046946477,0.8906854612892342
NC_047565.1,60598836,NC_047565.1 60598048 60602282,11,-0.04043780608631505,0.8908313459050715
NC_047563.1,9351938,NC_047563.1 9351892 9353547,13,0.0404307474312609,0.8908502982135268
NW_022994829.1,111067,NW_022994829.1 109708 243958,10,0.040347499266243564,0.8910738214941016
NC_047560.1,14020973,NC_047560.1 14020787 14032597,4,0.040308461319360986,0.8911786418904392
NC_047564.1,56459698,NC_047564.1 56458123 56460861,4,-0.04030394400718851,0.8911907713863434
NC_047560.1,65650738,NC_047560.1 65642038 65658402,3,0.04027141661911643,0.8912781117681432
NC_047565.1,27609065,NC_047565.1 27543112 27633600,7,0.040268871764832896,0.8912849450901693
NC_047563.1,1693347,NC_047563.1 1660746 1695898,5,-0.04023610774646946,0.8913729221046707
NC_047565.1,41724585,NC_047565.1 41723430 41745046,4,-0.04015720421146609,0.891584796408633
NC_047560.1,24899407,NC_047560.1 24826378 24899695,8,-0.04007579638273444,0.8918034023701251
NC_047561.1,15466067,NC_047561.1 15463714 15474951,3,-0.039992291153138695,0.8920276479431813
NC_047568.1,33178337,NC_047568.1 33169425 33190167,3,0.03989984349300755,0.8922759163348212
NC_047563.1,14765950,NC_047563.1 14764207 14770827,6,-0.0398989394113358,0.8922783442934336
NW_022994966.1,284612,NW_022994966.1 281481 285654,6,0.039815589138220635,0.892502189576891
NC_047559.1,36184266,NC_047559.1 36177455 36184914,3,-0.03974669837461553,0.8926872080550492
NC_047565.1,37367670,NC_047565.1 37367564 37369959,3,0.03973144899108122,0.892728163690627
NC_047564.1,54055874,NC_047564.1 54053418 54058456,5,-0.039730793047396684,0.8927299253799093
NC_047559.1,52741103,NC_047559.1 52712488 52750617,8,0.03965119846333763,0.8929436985535031
NC_047559.1,8232240,NC_047559.1 8181461 8243209,7,-0.03959561267078004,0.8930929935143836
NC_047559.1,11792529,NC_047559.1 11786067 11800302,9,-0.039571339716417166,0.8931581880003235
NC_047561.1,34944669,NC_047561.1 34944046 34946859,13,-0.03956215115146792,0.893182867638912
NC_047559.1,12728935,NC_047559.1 12725784 12744257,11,-0.03950121673719414,0.8933465341324072
NC_047568.1,42092135,NC_047568.1 42085087 42095772,10,-0.03949451955619689,0.8933645226338844
NC_047564.1,48602297,NC_047564.1 48596064 48606452,3,-0.03944655734079927,0.8934933496294123
NC_047562.1,32919734,NC_047562.1 32898252 32939854,17,-0.039420728570319453,0.89356272697956185
NC_047564.1,20336472,NC_047564.1 20333294 20362176,14,-0.03932375610100567,0.8938232061209141
NC_047568.1,36641927,NC_047568.1 36641601 36643897,12,-0.03922263926272614,0.894094828106176
NC_047560.1,60511553,NC_047560.1 60505898 60552832,4,0.039203862721399856,0.894145267199267
NC_047565.1,57614627,NC_047565.1 57612081 57629507,11,0.0391491474995979,0.8942922498583348
NC_047568.1,56273350,NC_047568.1 56267998 56279938,3,-0.03912875766239531,0.8943470243165536
NC_047559.1,7543716,NC_047559.1 7537496 7565714,5,0.03911249247863624,0.8943907187815205
NC_047565.1,20954973,NC_047565.1 20916674 20966583,7,-0.039085249051750766,0.8944639056032904
NC_047560.1,22679837,NC_047560.1 22676543 22684434,6,-0.03904447526381665,0.8945734418846504
NC_047568.1,3801512,NC_047568.1 3785450 3802109,4,0.03902459238914523,0.8946268566419827
NC_047566.1,7713114,NC_047566.1 7674237 7715471,7,0.03894421132130034,0.8948428022427759
NC_047566.1,39560285,NC_047566.1 39549711 39612297,4,0.03884823356747782,0.8951006575688119
NC_047565.1,14524507,NC_047565.1 14522947 14579224,7,-0.038844326020706865,0.8951111558488886
NC_047564.1,58225153,NC_047564.1 58216041 58225394,4,0.03876682036419721,0.895319391095882
NC_047568.1,2627928,NC_047568.1 2627134 2632788,6,0.03872321400799691,0.89543655149831
NC_047566.1,50101601,NC_047566.1 50098979 50103592,13,0.03871756919973396,0.8954517179644723
NC_047562.1,49463296,NC_047562.1 49444769 49474039,12,-0.038623219765566465,0.8957052208567883
NW_022994838.1,67357,NW_022994838.1 46449 74056,3,-0.038609477096906215,0.8957421461353169
NC_047565.1,48802674,NC_047565.1 48785323 48828509,7,-0.038585418505980434,0.8958067898144195
NC_047561.1,44466915,NC_047561.1 44463524 44482381,5,0.038548716695791345,0.8959054060591513
NC_047563.1,5474864,NC_047563.1 5448070 5522889,7,-0.03847425432728324,0.8961054876529313
NC_047564.1,31861346,NC_047564.1 31851605 31865454,5,0.038436341447831555,0.8962073623821345
NC_047565.1,23081485,NC_047565.1 23081443 23082477,16,0.03842118760423131,0.8962480823038677
NC_047561.1,49645262,NC_047561.1 49642932 49654050,6,-0.03833404062913967,0.8964822597111565
NC_047561.1,57327451,NC_047561.1 57324592 57328026,4,0.03832765355585069,0.8964994230737924
NC_047566.1,23821996,NC_047566.1 23820797 23829805,16,0.03821096583353855,0.8968129940732027
NC_047559.1,35570674,NC_047559.1 35568511 35574941,5,-0.038200685966054825,0.8968406194877612
NC_047563.1,15566049,NC_047563.1 15565427 15568439,3,-0.03817933939169958,0.8968979851623731
NC_047565.1,48271101,NC_047565.1 48241763 48281629,3,-0.03813706826598677,0.897011583770265
NC_047566.1,29419871,NC_047566.1 29396943 29446288,6,-0.038049828673821784,0.8972460355635821
NC_047567.1,11212515,NC_047567.1 11209046 11221740,11,0.03804409639391099,0.8972614410359672
NC_047559.1,51134810,NC_047559.1 51130411 51234319,9,-0.03804354467971944,0.8972629237667564
NC_047564.1,50914212,NC_047564.1 50909600 50930446,9,0.03803356663688345,0.8972897397907615
NC_047565.1,37468312,NC_047565.1 37460628 37513316,8,-0.03793464820352785,0.8975555889253002
NC_047562.1,32919617,NC_047562.1 32898252 32939854,3,0.03782820802489148,0.8978416643527631
NC_047566.1,50843919,NC_047566.1 50816539 50848619,4,-0.03772685803312237,0.8981140697902452
NC_047559.1,45585064,NC_047559.1 45582091 45585180,5,0.03766599902473235,0.8982776498033741
NC_047568.1,40964798,NC_047568.1 40957034 40969896,3,0.0376523575811875,0.8983143165013696
NC_047568.1,21173317,NC_047568.1 21172456 21174006,3,0.037640545288688994,0.8983460667951508
NC_047568.1,21167173,NC_047568.1 21166650 21168585,3,-0.037587353436883235,0.8984890430722009
NC_047565.1,32731060,NC_047565.1 32693745 32751974,17,-0.037399898925388746,0.8989929315380607
NC_047568.1,34099525,NC_047568.1 34074378 34099919,8,0.037353720773749204,0.8991170664928054
NC_047559.1,28474369,NC_047559.1 28437761 28493312,9,-0.03733015746370327,0.8991804096211796
NC_047565.1,22785249,NC_047565.1 22784539 22794654,12,0.0373232162245914,0.8991990692367668
NC_047565.1,7967515,NC_047565.1 7966418 7980270,7,-0.03727869272347505,0.8993187595960189
NC_047564.1,42765122,NC_047564.1 42753961 42785302,4,-0.03725148175371197,0.8993919105001454
NC_047564.1,15854034,NC_047564.1 15851852 15856164,5,0.037172873311627365,0.8996032367447797
NC_047559.1,3714267,NC_047559.1 3713018 3725617,10,-0.03717127534720745,0.8996075326811396
NC_047564.1,23940166,NC_047564.1 23939502 23941958,8,0.03713474375146951,0.8997057442068849
NC_047568.1,37138294,NC_047568.1 37135625 37140115,3,-0.0371105906845619,0.8997706780339567
NC_047561.1,48062636,NC_047561.1 48047821 48087252,3,-0.03704791462127898,0.8999391809536361
NW_022994986.1,29435,NW_022994986.1 15995 63286,9,-0.03702819107690728,0.8999922079859212
NC_047568.1,5136396,NC_047568.1 5121974 5140066,7,-0.03702683312607155,0.8999958588705155
NC_047560.1,70913086,NC_047560.1 70595196 71158665,4,-0.03697870049558066,0.900125265831457
NC_047561.1,47303351,NC_047561.1 47302605 47304251,4,-0.036878930718330344,0.9003935091608575
NC_047568.1,34214766,NC_047568.1 34209716 34223050,9,-0.036842739825784954,0.9004908152753461
NC_047566.1,4832323,NC_047566.1 4832022 4848682,9,0.03680245758590896,0.9005991232849428
NC_047568.1,23567686,NC_047568.1 23521404 23580068,4,-0.036783424356667586,0.9006502990317962
NC_047564.1,16615781,NC_047564.1 16612921 16617928,3,0.03674158537241788,0.9007627951951162
NC_047566.1,50015201,NC_047566.1 49983777 50028481,15,-0.0366732074176377,0.9009466527536036
NC_047561.1,16957780,NC_047561.1 16953644 16958992,3,0.03665998313692978,0.9009822112961197
NW_022994945.1,226048,NW_022994945.1 190480 232078,11,0.03665848898732383,0.9009862289003289
NC_047559.1,725799,NC_047559.1 703983 736455,4,0.03660723111196704,0.9011240570320886
NC_047565.1,77733,NC_047565.1 64747 194667,4,-0.03650094160674416,0.901409868853993
NC_047559.1,15119094,NC_047559.1 15111858 15130114,4,0.03643840362990324,0.9015780382772887
NC_047568.1,26081810,NC_047568.1 26075022 26164422,5,-0.036401705758518504,0.9016767234592264
NC_047559.1,5971991,NC_047559.1 5965822 5995935,3,-0.036385725474941386,0.9017196968600251
NC_047568.1,5080732,NC_047568.1 5079470 5083881,7,-0.03638078843636991,0.9017329733544497
NC_047560.1,18865000,NC_047560.1 18807551 18945840,13,-0.036332939598189465,0.9018616478482033
NC_047561.1,11970927,NC_047561.1 11965781 11971957,4,0.03629143785578004,0.9019732556259343
NC_047563.1,13092744,NC_047563.1 13068954 13098435,13,-0.03625458879884265,0.9020723526678474
NC_047566.1,40116753,NC_047566.1 40101469 40121361,5,0.036201848860797387,0.9022141868764252
NC_047563.1,32819171,NC_047563.1 32816084 32820116,5,0.03617679457532717,0.9022815666459305
NC_047560.1,69047745,NC_047560.1 69043078 69048696,9,-0.03613606646273273,0.902391100144075
NC_047565.1,32772463,NC_047565.1 32768211 32788628,9,0.03603929325136664,0.9026513668553358
NC_047559.1,20146186,NC_047559.1 20145930 20159593,4,0.03602621621817579,0.9026865375796032
NC_047559.1,35005770,NC_047559.1 35004853 35008269,4,-0.03601757676252075,0.9027097735153429
NC_047568.1,9190097,NC_047568.1 9187761 9192808,7,0.035979983324598994,0.9028108824304288
NC_047562.1,51337915,NC_047562.1 51333268 51339872,9,-0.03597715220522575,0.9028184968841537
NC_047568.1,41388735,NC_047568.1 41383696 41392873,10,-0.03595373417163721,0.9028814812915521
NC_047565.1,37596013,NC_047565.1 37572757 37610817,10,0.03583897949883318,0.9031901295240781
NC_047568.1,29396201,NC_047568.1 29368830 29430265,6,0.035833018902615955,0.9032061617023797
NC_047561.1,5224490,NC_047561.1 5216349 5226054,8,0.03582557711113813,0.9032261778904185
NC_047562.1,29604498,NC_047562.1 29603437 29609100,4,-0.03568410011138259,0.903606718756559
NC_047563.1,20303669,NC_047563.1 20294697 20355501,3,-0.03568329346255217,0.9036088885131841
NC_047568.1,42969776,NC_047568.1 42957263 42973452,14,-0.03567900065408188,0.9036204354934226
NC_047566.1,50555741,NC_047566.1 50546695 50578009,5,0.03560502875093922,0.9038194110691833
NC_047568.1,44908210,NC_047568.1 44885821 44910779,11,-0.0355982805613738,0.9038375631536787
NC_047562.1,38519751,NC_047562.1 38501643 38524367,10,0.03554533712173299,0.9039799782414162
NC_047559.1,11111175,NC_047559.1 11073862 11129325,13,-0.03553796507273836,0.9039998088811536
NC_047559.1,15555484,NC_047559.1 15534913 15564775,4,-0.03550865837878359,0.9040786437182388
NW_022994868.1,162351,NW_022994868.1 162280 167912,3,-0.0354733158201712,0.9041737160888661
NC_047560.1,68443209,NC_047560.1 68440911 68443272,8,0.03535651603880059,0.9044879189181023
NC_047563.1,18431423,NC_047563.1 18431054 18433078,3,-0.035301128079427,0.9046369224869446
NW_022994899.1,110711,NW_022994899.1 110278 135244,4,-0.03528506589351959,0.9046801332006591
NC_047562.1,27505923,NC_047562.1 27472225 27513413,13,0.03527594653074972,0.9047046663450972
NC_047563.1,4208316,NC_047563.1 4200606 4213068,7,-0.03525507853518321,0.904760806261141
NW_022994924.1,36065,NW_022994924.1 21733 53456,16,0.035239316870480854,0.9048032091958711
NC_047568.1,23509056,NC_047568.1 23497726 23530800,8,-0.03521130719093148,0.9048785630246988
NC_047568.1,34317818,NC_047568.1 34315282 34317919,3,-0.03517509230081535,0.9049759922551384
NC_047564.1,35059468,NC_047564.1 35058452 35059665,3,0.03511765365763907,0.9051305224789679
NC_047563.1,61580970,NC_047563.1 61576798 61583642,5,-0.035098973267941085,0.9051807799935264
NC_047560.1,1146616,NC_047560.1 1146165 1149998,4,-0.03506953838513346,0.9052599719472663
NC_047561.1,13321396,NC_047561.1 13321294 13330203,4,0.035043271524055425,0.9053306413093167
NC_047568.1,28237208,NC_047568.1 28235302 28241386,3,-0.035036600221123725,0.905348590140188
NC_047565.1,1800913,NC_047565.1 1789864 1813980,16,-0.03503294073442136,0.9053584358371367
NC_047561.1,34942162,NC_047561.1 34940349 34942956,8,-0.03502723209725728,0.9053737947135099
NC_047564.1,45037168,NC_047564.1 45008681 45045721,3,0.03500890216464682,0.905423110924604
NC_047564.1,54389949,NC_047564.1 54363989 54410301,3,-0.0349630801599829,0.905546395232482
NC_047568.1,31621148,NC_047568.1 31614916 31625556,5,-0.03487363704821212,0.9057870480186543
NC_047565.1,55744985,NC_047565.1 55741038 55760777,8,0.03481244412506333,0.9059516960786377
NC_047564.1,17671766,NC_047564.1 17671480 17672291,16,-0.034810711087724266,0.905956359107498
NC_047562.1,47000651,NC_047562.1 46998687 47019971,4,0.03478376851618612,0.9060288529963985
NC_047564.1,4227915,NC_047564.1 4213592 4235834,3,0.03472073132043609,0.9061984686930684
NC_047563.1,6162867,NC_047563.1 6158831 6185263,3,0.03467924778000546,0.9063100914799432
NC_047566.1,45363256,NC_047566.1 45358166 45368138,4,-0.034675508963888914,0.9063201518640823
NC_047559.1,33455179,NC_047559.1 33446095 33467549,5,-0.03466046957588372,0.9063606198916533
NC_047559.1,7126681,NC_047559.1 7124423 7128792,10,-0.03466040352754053,0.9063607976151868
NC_047568.1,22492131,NC_047568.1 22488388 22495438,3,-0.03465414010739552,0.9063776513064279
NC_047562.1,34029828,NC_047562.1 34001013 34032996,5,-0.03462901888646103,0.9064452481778122
NC_047561.1,56763284,NC_047561.1 56709983 56806832,9,0.034626568031827655,0.9064518430363143
NC_047564.1,10369399,NC_047564.1 10368433 10370312,4,-0.03462615606189947,0.9064529515821639
NC_047564.1,46757544,NC_047564.1 46751798 46774540,3,-0.0344653052697259,0.9068857876766598
NC_047564.1,3752890,NC_047564.1 3739898 3758611,4,0.03444176633417839,0.9069491310109123
NW_022994943.1,158840,NW_022994943.1 152088 162790,5,-0.03441931546315,0.9070095468398867
NC_047568.1,41339133,NC_047568.1 41334997 41339754,4,-0.0343358202636603,0.907234238510717
NC_047562.1,27997128,NC_047562.1 27955005 27999613,5,-0.03428403809391139,0.9073735913469491
NC_047568.1,22595041,NC_047568.1 22573519 22607147,6,0.034278146727026525,0.9073894459706239
NC_047568.1,11257256,NC_047568.1 11251121 11266405,4,0.03426821011491411,0.9074161870778378
NC_047559.1,22544470,NC_047559.1 22537184 22555202,4,-0.03426761451893236,0.9074177899304602
NC_047567.1,29724364,NC_047567.1 29719544 29730668,7,0.03423979575213812,0.9074926554466064
NC_047567.1,28035907,NC_047567.1 28027536 28055386,4,0.034226246826574866,0.9075291184036522
NC_047560.1,65101441,NC_047560.1 65096899 65102195,8,-0.03419887398771624,0.907602784882946
NC_047561.1,12319525,NC_047561.1 12284199 12332459,4,0.03417003906348816,0.9076803869102363
NC_047566.1,26485409,NC_047566.1 26482060 26488848,11,-0.034105515924218,0.9078540376646462
NC_047567.1,1846877,NC_047567.1 1645006 2210384,3,0.034089771910767376,0.9078964100186193
NC_047560.1,55791071,NC_047560.1 55765429 55797939,12,-0.03408255339383348,0.9079158375143006
NC_047562.1,48528894,NC_047562.1 48519277 48535790,4,-0.03405488176458741,0.9079903117673984
NC_047563.1,18936189,NC_047563.1 18932088 18936903,15,-0.034020287085718914,0.9080834194118035
NC_047565.1,58024021,NC_047565.1 58009487 58026087,10,0.033984828520557946,0.908178853246438
NC_047565.1,56034150,NC_047565.1 56025099 56037030,8,-0.033954275127624695,0.9082610861338085
NC_047561.1,46952290,NC_047561.1 46949680 46960248,4,-0.03388248874316288,0.9084542988589284
NC_047568.1,47078169,NC_047568.1 47073329 47082550,14,-0.03385809006963903,0.9085199688488228
NC_047564.1,57704926,NC_047564.1 57688027 57717408,3,0.03384289114063822,0.9085608776388876
NC_047561.1,4515862,NC_047561.1 4511314 4521281,3,-0.03384209416588045,0.9085630227480209
NC_047568.1,45736383,NC_047568.1 45730614 45755297,8,-0.033807132895528724,0.9086571238393703
NC_047562.1,9730065,NC_047562.1 9729289 9738924,12,0.033779661689941336,0.9087310655959164
NC_047560.1,48926352,NC_047560.1 48913352 48939412,3,0.03375338906286237,0.9088017818898706
NC_047564.1,16135789,NC_047564.1 16127496 16166291,7,-0.03371402313579915,0.9089077417290208
NC_047565.1,8589909,NC_047565.1 8586649 8590367,6,-0.0336522162337879,0.9090741079670215
NC_047564.1,35785980,NC_047564.1 35779537 35801362,14,-0.03362732731194236,0.9091411026982549
NC_047564.1,15076288,NC_047564.1 15059967 15077281,8,-0.0336171721293437,0.9091684380624342
NC_047566.1,24256373,NC_047566.1 24255148 24264557,4,-0.03361579260817617,0.9091721514163147
NW_022994915.1,38671,NW_022994915.1 31830 39305,10,0.033590248470651896,0.9092409106742795
NC_047561.1,7881825,NC_047561.1 7858244 7890966,11,0.03354972136870701,0.9093500020228282
NC_047564.1,34217787,NC_047564.1 34215479 34218465,3,-0.033467017175968686,0.9095726307854464
NC_047566.1,43834672,NC_047566.1 43826397 43876386,5,-0.03340792980883186,0.9097316899520698
NC_047566.1,49890143,NC_047566.1 49870040 49906377,8,-0.0333435769261131,0.9099049271037079
NC_047560.1,32322681,NC_047560.1 32321827 32322917,4,0.03328353682188443,0.9100665576656655
NC_047565.1,48196529,NC_047565.1 48195762 48207869,9,0.03324530758527629,0.9101694741122743
NC_047564.1,35880170,NC_047564.1 35861265 35887615,15,0.033216856920855055,0.9102460666377674
NC_047565.1,37778728,NC_047565.1 37726332 37792203,13,0.03321001319221933,0.9102644908660722
NC_047564.1,33805544,NC_047564.1 33800452 33805823,8,-0.03313096127341522,0.9104773121889411
NC_047568.1,28890965,NC_047568.1 28890344 28895234,5,-0.03307252979275866,0.9106346233432676
NC_047563.1,20035770,NC_047563.1 20034492 20095236,7,0.0330215507345439,0.9107718733268162
NC_047564.1,33429404,NC_047564.1 33429007 33467067,4,0.03301051140998476,0.9108015946026722
NC_047568.1,49762945,NC_047568.1 49754122 49772422,3,-0.03299722637629613,0.9108373621657899
NC_047560.1,71640131,NC_047560.1 71459177 71712320,5,0.032989325396278045,0.9108586342074754
NC_047561.1,2669112,NC_047561.1 2637666 2685662,11,0.032951575438861895,0.9109602702978634
NC_047565.1,44207095,NC_047565.1 44197946 44215690,8,-0.03282038845302088,0.9113134813856836
NC_047561.1,3701724,NC_047561.1 3696117 3751773,8,0.03278749166981875,0.9114020558889586
NC_047564.1,40939854,NC_047564.1 40938573 40942882,11,0.03277758356264314,0.9114287336292293
NC_047566.1,44592403,NC_047566.1 44591443 44601062,3,-0.03264149761780438,0.9117951560219644
NC_047559.1,3788936,NC_047559.1 3785436 3801795,9,0.03261482598308139,0.9118669734635118
NC_047562.1,49589781,NC_047562.1 49578615 49599236,3,-0.0325825355720321,0.9119539211535383
NC_047568.1,25745712,NC_047568.1 25742625 26027748,5,-0.032544165578630664,0.9120572403937462
NW_022994955.1,354345,NW_022994955.1 348766 364060,3,0.03250813880908957,0.9121542511888125
NC_047559.1,49428636,NC_047559.1 49417922 49432014,4,-0.03248272928227299,0.9122226731726375
NC_047559.1,13552970,NC_047559.1 13546378 13569943,10,0.03244942756081314,0.9123123478687516
NC_047566.1,6768683,NC_047566.1 6766061 6771366,14,0.03243570895268176,0.9123492895449881
NC_047564.1,6366802,NC_047564.1 6366131 6384860,3,-0.03242254727983062,0.912384731652117
NC_047559.1,18622391,NC_047559.1 18592234 18623423,12,-0.032366132899446474,0.912536647529505
NC_047561.1,430195,NC_047561.1 405692 430333,4,0.0323035512333499,0.9127051742759126
NC_047562.1,23751335,NC_047562.1 23746002 23754436,9,-0.032262357338001695,0.9128161075587686
NC_047562.1,1848531,NC_047562.1 1847889 1849293,8,-0.03220910050430505,0.9129595279719998
NC_047568.1,18609761,NC_047568.1 18607615 18610138,16,0.03215642781724606,0.9131013777033558
NC_047564.1,57257175,NC_047564.1 57253835 57280390,4,-0.03214981677721704,0.9131191816783696
NC_047560.1,51068911,NC_047560.1 50935047 51246957,5,-0.032117472652765135,0.9132062871246895
NC_047560.1,24931672,NC_047560.1 24930985 24932163,5,-0.032085552437107145,0.9132922518370642
NC_047568.1,3760726,NC_047568.1 3759234 3771445,13,0.03205524310897875,0.9133738790648391
NC_047559.1,2118250,NC_047559.1 2091473 2156950,5,0.032042001636027294,0.9134095404387184
NC_047559.1,12254330,NC_047559.1 12252642 12254472,9,-0.03203236330887196,0.9134354980682643
NC_047567.1,11965023,NC_047567.1 11960710 11965224,7,0.03202358494611398,0.9134591397394423
NC_047563.1,32962544,NC_047563.1 32946296 33051258,3,0.03197425956855233,0.9135919828725956
NC_047567.1,27841222,NC_047567.1 27838440 27858608,6,0.031966269292085896,0.9136135024869089
NC_047559.1,20636966,NC_047559.1 20634011 20641533,9,0.03195249050739649,0.9136506119869553
NC_047565.1,61930758,NC_047565.1 61928048 61931875,5,-0.03194304482750264,0.9136760515136143
NC_047562.1,34232547,NC_047562.1 34218658 34232609,6,0.031942147703698985,0.9136784676914774
NC_047568.1,46004295,NC_047568.1 45996561 46008024,5,-0.031940140661634295,0.913683873158191
NC_047563.1,25630254,NC_047563.1 25629088 25633112,4,-0.031893847769306476,0.9138085524682246
NW_022994949.1,115449,NW_022994949.1 103085 120679,8,-0.03186711329299076,0.9138805565007839
NC_047568.1,34305478,NC_047568.1 34294735 34311174,5,0.03184598818150659,0.9139374532512246
NC_047561.1,10246005,NC_047561.1 10230213 10254992,10,-0.03182042874292467,0.9140062935894293
NC_047563.1,7142078,NC_047563.1 7129300 7147214,4,0.03181714238164269,0.9140151449286704
NC_047562.1,21136051,NC_047562.1 21125999 21140907,15,-0.03173597545827087,0.9142337592460393
NC_047560.1,70703046,NC_047560.1 70690070 71346242,4,-0.03169817403081772,0.9143355752216901
NC_047568.1,12303878,NC_047568.1 12169358 12325905,8,-0.03156842703823953,0.914685050581322
NC_047561.1,1192622,NC_047561.1 1192433 1223068,3,-0.03155193480370427,0.9147294736759499
NC_047563.1,15513068,NC_047563.1 15492112 15517798,13,0.03150698704011745,0.9148505450879603
NC_047565.1,5285475,NC_047565.1 5255329 5422969,5,-0.03143075855955022,0.9150558782422317
NC_047564.1,23331724,NC_047564.1 23329351 23336752,15,0.03140530979086715,0.915124429517727
NC_047563.1,8735654,NC_047563.1 8711079 8786874,6,-0.03131561078406957,0.9153660558462711
NC_047565.1,17142531,NC_047565.1 17138770 17144041,10,-0.03128512647649981,0.9154481743714855
NC_047565.1,12342449,NC_047565.1 12340468 12347855,9,0.03127677659974176,0.9154706673782192
NC_047560.1,44338429,NC_047560.1 43984502 44478438,3,0.031207084830104655,0.9156584062666995
NC_047565.1,28269158,NC_047565.1 28267778 28273288,4,-0.031201496394613698,0.9156734608279098
NC_047561.1,5979192,NC_047561.1 5977831 5984272,4,-0.03118309130490169,0.9157230420726299
NW_022994943.1,156983,NW_022994943.1 152088 162790,3,-0.03115632177000152,0.9157951567017077
NC_047564.1,8931364,NC_047564.1 8900080 8944234,3,0.031155631793095478,0.9157970154430699
NC_047562.1,14883777,NC_047562.1 14830381 14885029,5,-0.031127908699458442,0.9158716995210648
NC_047567.1,17463956,NC_047567.1 17462375 17465896,8,-0.031118274905260264,0.9158976524408529
NC_047561.1,35548222,NC_047561.1 35544833 35549020,5,-0.03109059534085312,0.9159722201214429
NC_047565.1,8458242,NC_047565.1 8456370 8467955,10,0.031064226544668023,0.9160432572403554
NC_047563.1,750585,NC_047563.1 725185 766661,8,0.031018912484167913,0.9161653339612179
NC_047561.1,52337199,NC_047561.1 52336938 52351992,8,-0.030949010973771174,0.916353652987836
NC_047561.1,12651400,NC_047561.1 12648971 12664261,4,-0.030877627220230536,0.9165459694784568
NC_047565.1,56246802,NC_047565.1 56244099 56248953,8,0.03087676155355286,0.916548301715548
NC_047564.1,15019729,NC_047564.1 14961116 15028523,5,-0.030873069145701874,0.9165582496283338
NC_047563.1,23807757,NC_047563.1 23792893 23820262,3,-0.03084858275954816,0.9166242199934913
NC_047562.1,14883066,NC_047562.1 14830381 14885029,3,-0.030828670681568866,0.9166778667853008
NC_047565.1,7515139,NC_047565.1 7509234 7516751,4,0.030827907949551696,0.9166799217318677
NC_047561.1,39076092,NC_047561.1 39074136 39081128,9,0.030805537449927773,0.9167401923700527
NC_047567.1,4534033,NC_047567.1 4527016 4840096,3,0.030748747657316874,0.916893197392658
NC_047565.1,2519235,NC_047565.1 2497725 2525969,4,0.030709923415109336,0.9169978005476724
NC_047560.1,53891634,NC_047560.1 53890845 53902331,3,0.03058982091795199,0.9173213975070735
NC_047559.1,36309385,NC_047559.1 36306990 36316849,5,-0.03047691309656423,0.9176256204168554
NC_047561.1,14560939,NC_047561.1 14558228 14569256,3,-0.030396024643770673,0.9178435756287384
NC_047563.1,28869595,NC_047563.1 28865433 28870400,4,-0.03034300902931942,0.917986429948819
NW_022994775.1,109687,NW_022994775.1 105777 109928,4,-0.03025942143648721,0.9182116672960333
NC_047564.1,49403090,NC_047564.1 49399177 49410938,12,0.030257015220178065,0.9182181512349064
NC_047560.1,51007492,NC_047560.1 50992354 51073373,4,0.030234487420364237,0.9182788562628623
NC_047568.1,36545401,NC_047568.1 36532823 36550162,10,-0.030209873038624057,0.9183451844175079
NC_047564.1,53543280,NC_047564.1 53513745 53564472,3,-0.03018515604768554,0.9184117895690012
NC_047559.1,41542487,NC_047559.1 41519299 41545670,12,0.030046116063823652,0.9187864714231069
NC_047568.1,42444631,NC_047568.1 42426420 42445046,5,0.03002912546841415,0.9188322583771652
NC_047562.1,47024643,NC_047562.1 46999310 47030276,3,-0.02996976601354814,0.9189922245077139
NC_047568.1,4116478,NC_047568.1 4112790 4156088,13,-0.02994258462562323,0.9190654758190124
NC_047566.1,33585790,NC_047566.1 33578860 33588921,5,-0.029931086852437398,0.9190964614275321
NC_047563.1,68718148,NC_047563.1 68717982 68719478,14,0.029905301256909506,0.9191659519990463
NC_047564.1,16927393,NC_047564.1 16926856 16942107,5,0.02985685619810813,0.9192965098606916
NC_047564.1,54864630,NC_047564.1 54863878 54866643,9,0.029849453147080336,0.9193164610095772
NC_047566.1,1362870,NC_047566.1 1354633 1414618,6,0.029801162427762498,0.9194466051000595
NC_047568.1,54269680,NC_047568.1 54267237 54287904,6,-0.029753972901200364,0.919573783273335
NC_047563.1,27414445,NC_047563.1 27402074 27437089,5,-0.029700185601563407,0.9197187449599
NC_047568.1,37072535,NC_047568.1 37067424 37079320,3,-0.029628024161832814,0.9199132302726748
NC_047561.1,1977924,NC_047561.1 1957435 1984796,12,0.029616257456178536,0.9199449436078738
NC_047566.1,50371206,NC_047566.1 50364393 50371931,5,0.02960509651245781,0.919975024410652
NC_047561.1,32113901,NC_047561.1 32082053 32132555,4,0.02954267453006565,0.9201432650045318
NC_047565.1,11317853,NC_047565.1 11284951 11337318,3,-0.029494998522744773,0.9202717641335333
NC_047566.1,17135680,NC_047566.1 17130718 17145903,11,-0.02938453151855495,0.9205695081295667
NC_047568.1,26096642,NC_047568.1 26075022 26164422,3,-0.02934114279343074,0.9206864573036715
NC_047562.1,36069007,NC_047562.1 36056015 36086534,4,-0.029303509800490984,0.920787893789606
NC_047567.1,8513680,NC_047567.1 8504069 8516072,9,-0.02917789191062353,0.9211264940726759
NC_047560.1,55196404,NC_047560.1 55188242 55205131,11,-0.029140072382746733,0.9212284382206388
NC_047561.1,46549951,NC_047561.1 46530488 46558386,8,0.02911206016629014,0.9213039470679695
NC_047562.1,21534262,NC_047562.1 21527425 21534422,10,-0.029095207505128715,0.9213493748669139
NC_047559.1,29068376,NC_047559.1 29051058 29072731,7,-0.02909154210301713,0.921359255303368
NC_047560.1,21045678,NC_047560.1 21033054 21066957,16,0.02907705830626334,0.9213982978441726
NC_047568.1,17301918,NC_047568.1 17294578 17302877,17,0.029049372637382314,0.9214729278260003
NC_047567.1,4534033,NC_047567.1 4501061 4774726,3,0.02902804798752307,0.9215304113413056
NC_047564.1,36900106,NC_047564.1 36895709 36901141,4,0.02898700425707305,0.9216410513421245
NC_047567.1,13226495,NC_047567.1 13224397 13227265,4,0.028949464685942707,0.9217422464694146
NC_047559.1,44983021,NC_047559.1 44977293 44985740,5,-0.028939201894821125,0.921769911986545
NC_047561.1,27199794,NC_047561.1 27192744 27200590,4,-0.02891302068811755,0.921840489321309
NC_047563.1,41416043,NC_047563.1 41327485 41452447,8,0.0289013948192624,0.9218718296386809
NC_047568.1,41566940,NC_047568.1 41565970 41577986,14,0.02883465610739096,0.922051741878176
NC_047559.1,22777265,NC_047559.1 22767397 22782251,7,0.02879093566086413,0.9221696040398805
NC_047564.1,18480507,NC_047564.1 18476309 18480944,10,0.02874269958654749,0.9222996412137907
NC_047564.1,49387522,NC_047564.1 49366001 49396142,3,0.0286553441317538,0.9225351429221453
NC_047559.1,25712955,NC_047559.1 25707903 25715868,5,0.028629927165873252,0.9226036656694165
NW_022994945.1,225643,NW_022994945.1 190480 232078,4,0.028629004943011516,0.9226061519411026
NC_047565.1,30148814,NC_047565.1 30140995 30151416,4,0.028590391866569996,0.9227102516616406
NC_047563.1,43891975,NC_047563.1 43872014 43914080,5,0.028574741217200807,0.9227524456805478
NC_047559.1,5353825,NC_047559.1 5320973 5359020,4,-0.028393864281959363,0.9232401020521328
NC_047567.1,18343204,NC_047567.1 18296483 18360680,4,0.028386827132050898,0.9232590751887542
NC_047560.1,44458173,NC_047560.1 43984502 44478438,3,0.028348734977783133,0.9233617776020798
NC_047561.1,5913463,NC_047561.1 5911892 5913533,5,-0.02831440593853294,0.9234543350189216
NC_047561.1,51621734,NC_047561.1 51587070 51622815,4,-0.0282256741378977,0.9236935764758694
NC_047565.1,59011187,NC_047565.1 59001852 59012390,8,0.028219409284181235,0.923710468197325
NC_047565.1,2603311,NC_047565.1 2577635 2605542,5,-0.028211804673439235,0.9237309723022605
NC_047561.1,14815807,NC_047561.1 14773851 14817015,7,-0.028210782902113034,0.9237337272798286
NC_047562.1,6939256,NC_047562.1 6872449 6974232,12,0.028129396723136284,0.9239531694363935
NC_047568.1,4253161,NC_047568.1 4230420 4260277,3,0.02812687198427284,0.9239599769889517
NC_047564.1,54829208,NC_047564.1 54820583 54835744,3,-0.028119754293884722,0.9239791687231412
NC_047566.1,45870225,NC_047566.1 45829944 45885395,3,-0.028111140970349422,0.9240023932486069
NC_047561.1,22308477,NC_047561.1 22305295 22321650,10,-0.0280939634278168,0.9240487100645873
NC_047565.1,51764409,NC_047565.1 51761129 51776309,5,-0.0280855002986014,0.9240715297788065
NC_047568.1,10935070,NC_047568.1 10934729 10942499,5,-0.028027410753396872,0.9242281620572689
NC_047564.1,38755096,NC_047564.1 38754533 38764195,3,-0.02802159070349332,0.9242438553433832
NC_047567.1,19013639,NC_047567.1 19007864 19019555,4,-0.027998591481309173,0.9243058711058514
NC_047565.1,58653502,NC_047565.1 58637860 58656165,10,-0.02796826666710266,0.9243876404156257
NC_047565.1,15005101,NC_047565.1 15004221 15006067,10,-0.027939258167348005,0.9244658610003684
NW_022994974.1,9573,NW_022994974.1 6317 13872,6,-0.027926887512127924,0.9244992183091607
NC_047565.1,2183341,NC_047565.1 2175657 2186074,4,0.02792276262168983,0.9245103410475153
NC_047561.1,49758750,NC_047561.1 49755947 49761167,5,-0.027868618792454877,0.9246563406941087
NC_047562.1,9377307,NC_047562.1 9372529 9381464,7,-0.027815271955765233,0.9248001933946818
NC_047565.1,60306927,NC_047565.1 60301595 60331352,17,-0.027780264601427348,0.9248945938262141
NC_047560.1,70787381,NC_047560.1 70388123 71110591,4,-0.027744099172118966,0.9249921180743244
NC_047565.1,55194571,NC_047565.1 55192733 55198122,12,0.027707738134390193,0.9250901707903354
NC_047565.1,60624973,NC_047565.1 60617328 60639590,10,-0.02753330951387851,0.9255605561279738
NC_047561.1,47063331,NC_047561.1 47043306 47103916,13,-0.02744817267363649,0.925790154658921
NC_047563.1,19052354,NC_047563.1 19052082 19059048,11,-0.027435627484139895,0.925823987201309
NC_047565.1,52662326,NC_047565.1 52647418 52666601,10,-0.027415088552168173,0.9258793779502871
NC_047559.1,8195047,NC_047559.1 8181461 8243209,13,0.027374995782366806,0.9259875036803689
NC_047561.1,23698219,NC_047561.1 23689741 23700359,5,0.027354329003310918,0.9260432401432622
NC_047568.1,30025374,NC_047568.1 30015214 30031060,7,-0.02730779119397285,0.926168749625345
NC_047565.1,57654260,NC_047565.1 57649308 57654636,5,-0.027238977740176182,0.9263543380138602
NC_047568.1,42905268,NC_047568.1 42887859 42919560,7,0.027216778182993763,0.9264142104799631
NC_047564.1,4264449,NC_047564.1 4244547 4269249,4,-0.027182512770207463,0.9265066254106843
NC_047563.1,8713084,NC_047563.1 8711079 8786874,3,0.02715259369523917,0.9265873188316874
NC_047567.1,28260536,NC_047567.1 28258343 28261464,8,0.027150127681319598,0.9265939698386276
NC_047562.1,1203905,NC_047562.1 1007942 1377608,3,0.02711000514375914,0.9267021836718448
NC_047565.1,30063176,NC_047565.1 30062469 30077513,3,-0.027001913323651143,0.9269937221906421
NC_047568.1,47870620,NC_047568.1 47869543 47877225,5,0.02697519186966251,0.9270657949446017
NC_047565.1,60697759,NC_047565.1 60681731 60701083,5,-0.02697120862156784,0.927076538553468
NC_047562.1,47513553,NC_047562.1 47506854 47524615,7,0.026910199802845498,0.927241092860686
NC_047565.1,36789962,NC_047565.1 36786081 36792731,15,-0.0268986723341,0.9272721853029156
NC_047568.1,43087405,NC_047568.1 43074472 43090658,12,-0.02682464397471397,0.9274718604460362
NC_047565.1,53997554,NC_047565.1 53996589 54006621,3,0.026783744057897973,0.9275821806373927
NC_047565.1,56103476,NC_047565.1 56100297 56104079,12,0.026755963682959183,0.9276571139069667
NC_047568.1,46587749,NC_047568.1 46577321 46605051,16,-0.02671456355880924,0.9277687853799808
NC_047565.1,44838495,NC_047565.1 44834742 44839695,3,0.0266650858271846,0.9279022467740442
NC_047565.1,36480789,NC_047565.1 36480487 36482035,5,-0.026637490375663563,0.9279766836002978
NC_047565.1,57803575,NC_047565.1 57778945 57807822,4,-0.026633953936545805,0.9279862229403796
NC_047564.1,34173613,NC_047564.1 34154638 34189254,5,-0.02658766858957609,0.9281110758166259
NC_047566.1,32585493,NC_047566.1 32584353 32588747,9,0.026447769202573006,0.9284884581659646
NC_047568.1,46719986,NC_047568.1 46700300 46721106,10,0.02643938692628989,0.9285110700255267
NC_047564.1,48108913,NC_047564.1 48089469 48112564,16,0.026429783322892815,0.9285369765741358
NC_047566.1,24340124,NC_047566.1 24297809 24404515,5,0.026409623985084923,0.92859135834091
NC_047560.1,44264078,NC_047560.1 44088081 44306650,11,-0.0263936356846875,0.9286344885362037
NC_047560.1,65629924,NC_047560.1 65626445 65637023,14,0.026386427833001373,0.928653932566873
NC_047562.1,23712751,NC_047562.1 23711677 23713743,7,-0.026363669557009577,0.9287153259453702
NC_047561.1,7652859,NC_047561.1 7650555 7657594,8,0.026337779637862855,0.9287851677824916
NC_047564.1,5921322,NC_047564.1 5920763 5925576,5,0.02633051806448138,0.9288047570225604
NC_047562.1,51751693,NC_047562.1 51719248 51772729,12,-0.026306164469999904,0.9288704549602369
NC_047561.1,715676,NC_047561.1 705305 748557,14,-0.026282192873445607,0.928935122805265
NC_047561.1,52562856,NC_047561.1 52561064 52565706,4,-0.026126286646006865,0.9293557188144227
NC_047559.1,33281147,NC_047559.1 33278156 33282120,4,0.02612103569310684,0.9293698848710733
NC_047562.1,42624360,NC_047562.1 42623755 42631750,4,0.02611100096520875,0.9293969566827144
NC_047559.1,7360694,NC_047559.1 7359003 7360788,3,0.026057513689875845,0.9295412565050615
NC_047564.1,3510278,NC_047564.1 3504747 3511286,5,-0.025904462550478714,0.9299541742699466
NC_047561.1,51298503,NC_047561.1 51295820 51346813,16,-0.02589105611468786,0.9299903443708053
NC_047564.1,14990631,NC_047564.1 14961116 15028523,3,0.025880730478602343,0.9300182026660826
NC_047560.1,51563411,NC_047560.1 51556988 51604444,11,0.02586732061974173,0.9300543822246901
NC_047560.1,56540567,NC_047560.1 56520543 56542167,3,-0.025825135222295185,0.9301681984887518
NC_047566.1,33583853,NC_047566.1 33578860 33588921,3,-0.02579749177616854,0.9302427812199278
NC_047560.1,20289996,NC_047560.1 20253508 20302512,3,-0.025780839274683942,0.9302877103556786
NC_047565.1,13571473,NC_047565.1 13567021 13582574,3,-0.02577993696853166,0.930290144820402
NC_047568.1,34942749,NC_047568.1 34934123 34943785,16,0.02568357907286441,0.9305501262429623
NC_047562.1,18234501,NC_047562.1 18217108 18236871,13,-0.025570983023508076,0.9308539276775905
NC_047560.1,4673188,NC_047560.1 4670883 4675544,5,-0.025510066761237217,0.9310182927603816
NC_047561.1,10781533,NC_047561.1 10752720 10809101,3,-0.025468762205814253,0.9311297427249221
NC_047565.1,55743750,NC_047565.1 55741038 55760777,13,0.025463452155403812,0.931144070646887
NC_047560.1,23420371,NC_047560.1 23396695 23429420,6,-0.02545700565981002,0.9311614650249093
NC_047564.1,35486806,NC_047564.1 35485384 35488435,3,0.025388331607777932,0.9313467678493689
NC_047560.1,70781032,NC_047560.1 70595196 71158665,3,0.025304070752465786,0.9315741328770317
NC_047565.1,60534474,NC_047565.1 60524016 60539993,3,-0.025270642724637,0.9316643346410979
NC_047561.1,53356012,NC_047561.1 53339422 53394986,5,-0.025146148111536502,0.9320002760172562
NC_047564.1,20165910,NC_047564.1 20161861 20187075,13,0.025069822011477724,0.9322062427069302
NC_047559.1,7543149,NC_047559.1 7537496 7565714,6,0.025034231334038703,0.9323022858293734
NC_047560.1,62962344,NC_047560.1 62938772 62979083,3,-0.025032894849281697,0.9323058924132417
NC_047563.1,50409981,NC_047563.1 50392436 50411666,7,0.02495539769211818,0.9325150251790427
NC_047561.1,43550406,NC_047561.1 43544241 43553189,11,-0.024885271492559105,0.9327042702680891
NC_047565.1,51652851,NC_047565.1 51644353 51674901,3,0.024876165035858065,0.9327288455229086
NC_047567.1,10931057,NC_047567.1 10869286 10952099,5,-0.024875849127256846,0.9327296980546599
NW_022994985.1,182574,NW_022994985.1 170131 187067,9,0.024862949144519017,0.9327645108546889
NC_047564.1,56207809,NC_047564.1 56201682 56229705,17,-0.024705578567208442,0.933189211132386
NC_047564.1,26006751,NC_047564.1 26001903 26020832,9,-0.02470159744183271,0.9331999553189548
NC_047559.1,37018637,NC_047559.1 37017890 37023665,8,-0.024670371046059538,0.9332842288973164
NC_047568.1,54165541,NC_047568.1 54160580 54172321,11,-0.024647766588693092,0.9333452340540254
NC_047567.1,19946157,NC_047567.1 19908659 19951762,5,-0.024581033030112106,0.9335253372945533
NC_047565.1,16685352,NC_047565.1 16673399 16687037,14,-0.024500373927690337,0.933743027303981
NC_047562.1,17056696,NC_047562.1 17054166 17098627,3,0.02445924229271228,0.9338540387023182
NC_047561.1,43553160,NC_047561.1 43544241 43553189,7,-0.024365818614018948,0.934106186808262
NC_047559.1,45119795,NC_047559.1 45119307 45126056,4,-0.024253276717687615,0.9344099421163399
NC_047565.1,46994752,NC_047565.1 46989095 47000517,5,-0.02424670074631752,0.9344276911963488
NC_047559.1,52563077,NC_047559.1 52559700 52574588,9,0.02422498353956631,0.9344863078996719
NC_047560.1,65098040,NC_047560.1 65096899 65102195,4,0.024202894754263297,0.9345459278436075
NC_047565.1,484957,NC_047565.1 461929 486788,17,0.024163760438312525,0.9346515562420626
NC_047562.1,35778378,NC_047562.1 35775802 35782864,9,-0.024064164900051106,0.9349203815231785
NC_047559.1,8231404,NC_047559.1 8181461 8243209,3,0.02400528743456933,0.9350793048407398
NC_047560.1,20156969,NC_047560.1 20153354 20158190,8,-0.023967056086139013,0.935182500920209
NC_047567.1,24098747,NC_047567.1 24081705 24123476,3,-0.023915996010174773,0.9353203264554758
NC_047566.1,23907265,NC_047566.1 23891473 23919220,10,0.023894337499707884,0.9353787893881071
NC_047559.1,14770627,NC_047559.1 14770426 14773418,13,0.02388428956773301,0.9354059119272065
NC_047561.1,55477669,NC_047561.1 55442541 55490447,4,0.023853496310818418,0.9354890330501793
NC_047561.1,53507805,NC_047561.1 53498024 53508765,5,-0.023771655522715502,0.9357099512077804
NC_047565.1,22496582,NC_047565.1 22495370 22497883,4,0.023768961763590054,0.9357172227200203
NC_047566.1,52222713,NC_047566.1 52206506 52227709,4,0.023748060817970155,0.9357736427268316
NC_047561.1,46844800,NC_047561.1 46842343 46894662,7,-0.02370774359597583,0.9358824758160469
NC_047561.1,46375773,NC_047561.1 46373638 46413648,16,-0.02367962862023484,0.935958370541702
NC_047560.1,44474467,NC_047560.1 43984502 44478438,5,0.02366312404391652,0.9360029239116021
NC_047565.1,5494858,NC_047565.1 5491879 5495414,13,-0.0236162557719521,0.9361294436765533
NW_022994815.1,386301,NW_022994815.1 378285 405797,3,-0.02356390430032237,0.9362707668627175
NC_047565.1,11707359,NC_047565.1 11705523 11710600,13,0.02348611092365092,0.9364807738811154
NC_047561.1,38947240,NC_047561.1 38946526 38959766,8,0.02347698798491102,0.9365054019514014
NC_047567.1,12859210,NC_047567.1 12851309 12862689,6,-0.02344221732234329,0.9365992684958424
NC_047564.1,30265884,NC_047564.1 30263562 30267463,3,-0.02343923586022114,0.9366073172578082
NC_047564.1,44775327,NC_047564.1 44774622 44775710,13,0.02339561486318684,0.9367250772443374
NC_047561.1,5356059,NC_047561.1 5354341 5361896,6,0.02336015707182047,0.9368208005878842
NC_047559.1,34113615,NC_047559.1 34095858 34144922,15,0.023354696053120082,0.9368355434539755
NC_047565.1,47667684,NC_047565.1 47663151 47695398,8,0.023349104372041265,0.9368506390828955
NC_047564.1,26331899,NC_047564.1 26318584 26333091,10,0.023246403732228676,0.9371278992324854
NC_047564.1,42541038,NC_047564.1 42533584 42542131,6,-0.023220288853229392,0.9371984024334354
NC_047564.1,42539476,NC_047564.1 42533584 42542131,4,-0.02320663214390328,0.9372352720728132
NC_047563.1,18405816,NC_047563.1 18403130 18406256,14,0.023153796248161884,0.9373779166444427
NC_047562.1,37630476,NC_047562.1 37599615 37639967,4,0.02312743457512338,0.937449087654497
NC_047564.1,43278769,NC_047564.1 43245817 43283980,4,-0.023052560944770976,0.9376512331808167
NC_047559.1,52547319,NC_047559.1 52535253 52547676,13,0.02304904984307353,0.9376607126186352
NC_047565.1,28559657,NC_047565.1 28526117 28566194,7,-0.023034595076318307,0.937699738359913
NC_047562.1,27304269,NC_047562.1 27303039 27308598,6,0.022996445345179268,0.9378027376392781
NC_047564.1,18062950,NC_047564.1 18056687 18066118,5,-0.022995872965876466,0.9378042829953454
NC_047560.1,54251786,NC_047560.1 54124262 54502908,15,-0.022979699460923347,0.9378479496199507
NC_047564.1,25347281,NC_047564.1 25347079 25359945,9,0.022921451111583363,0.9380052148855581
NC_047566.1,24303467,NC_047566.1 24297809 24404515,9,-0.022909065038610333,0.9380386564313795
NC_047562.1,33329182,NC_047562.1 33325224 33330087,16,-0.02288117546982733,0.9381139566979365
NC_047565.1,37461831,NC_047565.1 37460628 37513316,5,-0.022622443574167917,0.9388125411011023
NC_047568.1,12587733,NC_047568.1 12578905 12589401,15,0.022622415210981052,0.9388126176848663
NC_047566.1,24126288,NC_047566.1 24124417 24142507,5,-0.02259240263794295,0.9388936552505887
NC_047559.1,11748534,NC_047559.1 11746651 11756077,7,0.02257045204375865,0.9389529248495212
NC_047564.1,12631247,NC_047564.1 12630237 12632267,11,0.022531563195603795,0.9390579307661366
NC_047563.1,327561,NC_047563.1 191191 650035,5,-0.022495269683973657,0.9391559297024257
NC_047567.1,16172093,NC_047567.1 16107132 16187917,10,0.022487807456997307,0.9391760791416941
NW_022994904.1,116216,NW_022994904.1 109918 138411,4,0.022480838416275666,0.9391948969143507
NC_047567.1,9246909,NC_047567.1 9233512 9248398,5,-0.022458609637825436,0.939254919159769
NC_047562.1,29881753,NC_047562.1 29881584 29896247,3,-0.022451718628620394,0.9392735263540464
NW_022994933.1,5163,NW_022994933.1 1113 5607,4,0.022420140337997278,0.9393587948406975
NC_047565.1,3445949,NC_047565.1 3440226 3470210,8,0.02241468429581245,0.9393735274428803
NC_047559.1,7174576,NC_047559.1 7170613 7177246,3,0.0223780307609162,0.9394725011088629
NC_047561.1,43357577,NC_047561.1 43350653 43385739,4,-0.02236980117386054,0.9394947231536666
NW_022994997.1,159494,NW_022994997.1 158794 164701,7,0.022333150630180258,0.9395936897369149
NC_047566.1,4303892,NC_047566.1 4298327 4306070,8,0.0221644001474931,0.9400493730503601
NC_047568.1,5132009,NC_047568.1 5121974 5140066,15,-0.022140527083731362,0.9401138397675528
NC_047559.1,9329522,NC_047559.1 9323520 9339413,17,0.022130467325662824,0.9401410051964538
NC_047561.1,17760001,NC_047561.1 17752726 17773708,13,0.02208299195541822,0.9402692087771203
NC_047565.1,46886544,NC_047565.1 46882241 46891442,7,0.0220430806650661,0.9403769871831953
NC_047560.1,51046158,NC_047560.1 50935047 51246957,3,0.022016052701480243,0.9404499753606089
NC_047566.1,24632254,NC_047566.1 24631187 24634390,10,-0.021925867938692764,0.9406935196564139
NC_047559.1,21580997,NC_047559.1 21579623 21587044,6,0.021904975034383652,0.9407499417122931
NC_047563.1,44275240,NC_047563.1 44273514 44275966,16,-0.02183955423394788,0.9409266146578554
NC_047559.1,19792661,NC_047559.1 19790486 19805754,14,-0.021803165448131195,0.9410248859335308
NC_047565.1,2248120,NC_047565.1 2234653 2255023,5,-0.021794360383783747,0.941048664939985
NC_047559.1,725838,NC_047559.1 717881 725870,6,-0.021739849385517474,0.9411958786649429
NW_022994958.1,58506,NW_022994958.1 17345 94191,4,-0.021738671959198822,0.9411990584703095
NC_047559.1,46374802,NC_047559.1 46371577 46375198,7,0.021559065546534032,0.9416841203573316
NC_047562.1,35287103,NC_047562.1 35286906 35296849,12,-0.02148278916224955,0.9418901251931426
NC_047560.1,19333268,NC_047560.1 19331792 19334906,5,-0.02139938183739682,0.9421153929119044
NC_047564.1,25002952,NC_047564.1 24992060 25007611,12,0.021334437506804565,0.9422907982929324
NC_047560.1,70843934,NC_047560.1 70831766 70847437,11,0.021328947824971203,0.9423056252527258
NC_047567.1,14612848,NC_047567.1 14607210 14614252,9,-0.02131092976015368,0.9423542899660252
NC_047561.1,51970924,NC_047561.1 51964797 51972546,4,0.021294355083035003,0.9423990564208444
NC_047566.1,53640517,NC_047566.1 53626410 53659339,4,0.02123633836045391,0.942555754713928
NC_047566.1,26764170,NC_047566.1 26760261 26767924,6,-0.021180726166875725,0.9427059603893586
NC_047561.1,381363,NC_047561.1 368780 385094,4,-0.021155203047808643,0.9427748976145196
NC_047568.1,46583505,NC_047568.1 46577321 46605051,7,-0.021061106352420048,0.9430290533501438
NC_047564.1,27938738,NC_047564.1 27932990 27956978,6,-0.021059620616380476,0.94303306637252
NC_047561.1,34134604,NC_047561.1 34133231 34157897,7,-0.021007057164095462,0.9431750428102224
NC_047566.1,37939759,NC_047566.1 37937610 37945712,13,-0.020996240296774837,0.943204259888963
NC_047563.1,11627192,NC_047563.1 11621605 11631554,17,-0.02093740636510077,0.9433631754167621
NC_047564.1,38385387,NC_047564.1 38370960 38400469,14,-0.020894595483845254,0.9434788125336541
NC_047562.1,40720921,NC_047562.1 40720733 40724297,12,0.020888097641317993,0.9434963640445906
NC_047566.1,4599975,NC_047566.1 4599022 4608726,9,-0.0208418345515439,0.9436213273068116
NC_047566.1,48866592,NC_047566.1 48842698 48879900,3,-0.020825775206469273,0.9436647061906032
NC_047564.1,48474934,NC_047564.1 48470385 48483500,3,0.020748051648944398,0.9438746521168548
NC_047560.1,63095222,NC_047560.1 62653127 63119960,4,0.020746816757008558,0.943877987819269
NC_047562.1,11158333,NC_047562.1 11154417 11162684,7,0.02074318676767779,0.9438877931876057
NC_047564.1,57488621,NC_047564.1 57488500 57511960,16,-0.02069425952701601,0.9440199567250236
NC_047567.1,10874306,NC_047567.1 10869286 10952099,8,0.02068510763847175,0.9440446781935613
NC_047565.1,54369775,NC_047565.1 54366653 54370193,6,-0.02067760962985964,0.9440649321665469
NC_047561.1,19929858,NC_047561.1 19913689 19933109,5,-0.020634445055585857,0.9441815309523176
NC_047564.1,6582240,NC_047564.1 6581710 6613760,8,0.02059690497245255,0.9442829373637041
NC_047564.1,56305564,NC_047564.1 56295745 56309157,5,-0.020547606789208618,0.9444161069294441
NC_047565.1,17931631,NC_047565.1 17931207 17934253,10,-0.02052757006298942,0.9444702326796861
NC_047564.1,59552841,NC_047564.1 59550052 59556049,9,0.020450874181624796,0.9446774153935025
NC_047564.1,42013877,NC_047564.1 42013024 42020901,6,0.020429300458987675,0.944735694238425
NC_047567.1,16135554,NC_047567.1 16133652 16136006,6,-0.020291181177345234,0.9451088131219945
NC_047564.1,10369096,NC_047564.1 10368433 10370312,16,-0.02025301241491672,0.9452119250198867
NC_047564.1,24925041,NC_047564.1 24913777 24941512,3,0.020215588826632856,0.9453130246238476
NC_047564.1,17467723,NC_047564.1 17467102 17488256,6,-0.02018441973382655,0.945397228329107
NC_047559.1,5027229,NC_047559.1 5022296 5033938,3,-0.02017602272326526,0.945419913051833
NC_047568.1,15137102,NC_047568.1 15135790 15140453,6,-0.02006181586971965,0.9457284493800392
NC_047568.1,34264825,NC_047568.1 34254915 34279413,3,0.020051068901150004,0.9457574832932236
NC_047559.1,30746641,NC_047559.1 30745894 30748127,6,-0.02004743490596122,0.9457673008759531
NC_047565.1,53598830,NC_047565.1 53593961 53604830,6,0.01998727554507335,0.945929828134922
NC_047563.1,2092810,NC_047563.1 1808080 2151853,5,0.019950622516449426,0.9460288513603807
NC_047561.1,54050270,NC_047561.1 54038294 54051356,7,0.019924033734606196,0.9461006850848317
NC_047561.1,45805347,NC_047561.1 45752446 45810498,4,-0.01990423005123455,0.94615418805916085
NC_047565.1,52750270,NC_047565.1 52741742 52794894,3,0.019903835255329693,0.9461552546687029
NC_047559.1,46812632,NC_047559.1 46808865 46814128,13,-0.019880722207758647,0.9462176987175379
NC_047561.1,18527819,NC_047561.1 18459347 18634624,8,0.01982592924281526,0.9463657328987186
NC_047564.1,1625393,NC_047564.1 1622703 1625886,17,-0.019812624714884614,0.9464016779914879
NC_047568.1,45948475,NC_047568.1 45894380 45978066,5,-0.0198054940325192,0.9464209431288608
NC_047559.1,54888391,NC_047559.1 54884847 54890203,9,0.01975041049666922,0.946569764569219
NC_047561.1,46480606,NC_047561.1 46462626 46499059,7,-0.019722575141333794,0.946644969102832
NC_047563.1,37103159,NC_047563.1 37089728 37105995,15,0.01969002360049667,0.9467329161758941
NC_047563.1,9737475,NC_047563.1 9709756 9818305,4,-0.01950387339652802,0.9472358637134601
NC_047563.1,3130351,NC_047563.1 3118401 3132567,3,-0.019429528195130958,0.9474367374554142
NC_047564.1,46163493,NC_047564.1 46162229 46173140,4,0.019353350049519612,0.9476425666511035
NC_047565.1,59272287,NC_047565.1 59231046 59276919,4,0.019337489683943315,0.9476854208762844
NC_047566.1,19613871,NC_047566.1 19599118 19617007,6,0.019317406546982222,0.9477396850898947
NC_047568.1,21712072,NC_047568.1 21699251 21727819,5,-0.019306779981984358,0.9477683979301963
NC_047563.1,28866186,NC_047563.1 28865433 28870400,3,0.019289080487009707,0.9478162218660329
NC_047561.1,30429337,NC_047561.1 30326738 30433280,11,0.019196229344973052,0.948067107801873
NC_047561.1,49316511,NC_047561.1 49300216 49331305,3,-0.019188862148693784,0.9480870143286504
NC_047566.1,44050008,NC_047566.1 44026541 44055181,8,-0.019183146789038787,0.9481024575309984
NC_047562.1,35532420,NC_047562.1 35459231 35560615,6,-0.019172763865775214,0.9481305127790073
NC_047561.1,36198453,NC_047561.1 36197731 36200064,4,-0.019026076046618566,0.9485268775488224
NC_047564.1,761195,NC_047564.1 754249 764411,5,0.01896040378050332,0.9487043339974408
NC_047568.1,45552434,NC_047568.1 45543164 45558338,4,0.01880987019798452,0.949111106954279
NC_047561.1,44316860,NC_047561.1 44316587 44318998,4,-0.018720911740042815,0.9493514965776979
NC_047559.1,5378060,NC_047559.1 5360521 5395516,15,0.01871976261352217,0.9493546018521412
NC_047561.1,49758513,NC_047561.1 49755947 49761167,3,0.01868952151306571,0.9494363223507597
NC_047564.1,49266176,NC_047564.1 49264106 49272881,14,0.01863234032962132,0.9495908442736357
NC_047568.1,49420849,NC_047568.1 49419280 49421951,4,-0.018626291870020885,0.9496071892504974
NC_047559.1,26468611,NC_047559.1 26467475 26468672,9,-0.018618012497262987,0.9496295629366467
NW_022994958.1,46762,NW_022994958.1 17345 94191,4,-0.01861552812613697,0.949636276560637
NC_047567.1,11188274,NC_047567.1 11147328 11189304,5,-0.01859871984974127,0.9496816983774985
NC_047565.1,46735155,NC_047565.1 46724952 46744846,3,0.018529934221026657,0.9498675825818715
NC_047568.1,53450574,NC_047568.1 53447717 53461845,9,0.01849273547854415,0.9499681083274294
NC_047562.1,46718473,NC_047562.1 46716806 46723072,5,-0.018452751453490752,0.950076161781771
NC_047562.1,50425792,NC_047562.1 50415953 50453033,6,-0.018434517887772818,0.950125436719665
NW_022994829.1,117005,NW_022994829.1 109708 243958,13,-0.018335819885709943,0.9503921640485633
NC_047564.1,19435504,NC_047564.1 19428620 19450042,14,-0.018289122084332993,0.9505183646383435
NC_047559.1,39332528,NC_047559.1 39331972 39335565,8,-0.01826372535824847,0.9505869996246046
NW_022994958.1,38597,NW_022994958.1 17345 94191,15,0.018249653724927,0.9506250285358635
NC_047560.1,51007492,NC_047560.1 50935047 51246957,4,0.018216916579607625,0.9507135017985784
NC_047565.1,23501305,NC_047565.1 23499254 23502935,4,0.018204124681566344,0.9507480724870605
NC_047562.1,45635375,NC_047562.1 45626967 45662991,3,0.018166110032886748,0.9508508092857476
NC_047561.1,57897628,NC_047561.1 57862568 57900994,3,0.018132982584112525,0.9509403387212587
NC_047559.1,36575806,NC_047559.1 36575581 36593153,17,0.018118663341852873,0.9509790377229157
NC_047559.1,53684207,NC_047559.1 53683723 53704001,17,0.01802071693357088,0.9512437491267605
NC_047562.1,30425015,NC_047562.1 30418656 30425188,5,-0.018000517564584373,0.951298340820692
NW_022994881.1,52057,NW_022994881.1 50656 52149,5,0.01793237254048532,0.9514825139928471
NC_047563.1,4068202,NC_047563.1 4058937 4079024,7,-0.01793130854583184,0.9514853896318392
NC_047566.1,5807134,NC_047566.1 5703482 5813652,4,-0.01791515245716372,0.9515290544661597
NC_047568.1,7165901,NC_047568.1 7161417 7183516,9,-0.01791496785519904,0.9515295533880321
NC_047561.1,11970927,NC_047561.1 11962566 11973720,4,0.01790461627980044,0.9515575305131074
NC_047561.1,31617663,NC_047561.1 31611956 31618003,7,0.0178707545645269,0.9516490486788256
NC_047565.1,16650365,NC_047565.1 16647669 16667148,10,-0.017845494646663736,0.9517173191001131
NC_047564.1,51605872,NC_047564.1 51600037 51610730,3,-0.01780040798717859,0.951839176367184
NC_047562.1,36664043,NC_047562.1 36661192 36665198,3,0.017716378895592452,0.9520662872951774
NC_047561.1,46480639,NC_047561.1 46462626 46499059,5,-0.017713615502543203,0.9520737561560446
NC_047559.1,12997704,NC_047559.1 12996777 13039155,3,0.017711633565978192,0.9520791129092865
NC_047566.1,50002589,NC_047566.1 49983777 50028481,4,-0.017673686002980964,0.952181677468231
NW_022994939.1,108179,NW_022994939.1 96668 123730,5,0.01766024274951752,0.9522180120183261
NC_047564.1,18232623,NC_047564.1 18186499 18235031,4,-0.01755320091098038,0.9525073287654631
NC_047565.1,35405258,NC_047565.1 35396115 35420870,7,-0.01754860743208384,0.9525197443166245
NC_047568.1,4090052,NC_047568.1 4082135 4090392,3,-0.017509276552579885,0.952626050765187
NW_022994965.1,28736,NW_022994965.1 23230 30682,4,0.017441538965321003,0.952809138708013
NC_047568.1,25950308,NC_047568.1 25742625 26027748,5,0.017227641378811612,0.9533872967166084
NW_022994971.1,8660,NW_022994971.1 2066 21613,7,-0.01720778321319626,0.9534409737579883
NC_047563.1,19040785,NC_047563.1 19039632 19042426,10,0.017192922065255807,0.9534811438750199
NC_047567.1,17485494,NC_047567.1 17479972 17502971,14,0.017177956209647915,0.9535215971236906
NC_047563.1,8005795,NC_047563.1 7999205 8014629,3,0.017087593046539704,0.9537658542270055
NC_047561.1,49520955,NC_047561.1 49514230 49525896,3,0.01700715401582851,0.9539832889738731
NC_047565.1,37492497,NC_047565.1 37460628 37513316,9,-0.01695387914551925,0.9541272979165462
NC_047564.1,32541620,NC_047564.1 32532849 32543091,4,-0.016947853548546214,0.9541435859752754
NC_047565.1,60593526,NC_047565.1 60591812 60596843,4,-0.01694045315268496,0.954163590336689
NC_047568.1,31898470,NC_047568.1 31883052 31898614,3,0.01693309583389368,0.9541834782792966
NC_047568.1,35942624,NC_047568.1 35936149 35943642,3,-0.016916595064582846,0.9542280824381351
NC_047559.1,541608,NC_047559.1 539808 544660,5,0.016799932170290563,0.9545434440241085
NW_022994810.1,6620,NW_022994810.1 1715 23271,6,-0.01679335654673281,0.954561219346815
NW_022994952.1,49042,NW_022994952.1 28444 64723,10,0.016665290852053784,0.9549074123293682
NC_047562.1,39856360,NC_047562.1 39848850 39856765,8,0.01662000192452019,0.9550298411801055
NC_047568.1,47495419,NC_047568.1 47492493 47499622,8,-0.016522963073665978,0.9552921678908919
NC_047562.1,22288295,NC_047562.1 22259983 22289724,3,0.016488326272893723,0.9553858031404154
NC_047566.1,48877286,NC_047566.1 48842698 48879900,4,0.01647736875385566,0.9554154252147975
NC_047559.1,52418512,NC_047559.1 52417761 52422577,6,0.016463934313924976,0.9554517433610334
NC_047565.1,33294783,NC_047565.1 33276970 33298229,4,0.016443846503337405,0.9555060481225085
NC_047562.1,29890275,NC_047562.1 29881584 29896247,6,0.016346993055467773,0.9557678812310508
NW_022994848.1,638429,NW_022994848.1 637661 647308,15,-0.016302214938389906,0.9558889355636822
NC_047566.1,22529645,NC_047566.1 22514628 22538912,5,0.01625947660549876,0.9560044763148713
NC_047562.1,33555456,NC_047562.1 33506154 33566571,3,0.016145342733912597,0.9563130349400131
NC_047559.1,17332957,NC_047559.1 17321232 17333207,15,0.016125042486796384,0.956367916846502
NC_047561.1,1949246,NC_047561.1 1948623 1949906,6,0.01610662486865544,0.9564177092035633
NC_047568.1,54142485,NC_047568.1 54093436 54153085,5,-0.016044684012786435,0.9565851684882059
NC_047565.1,1530409,NC_047565.1 1524012 1541977,15,-0.016034542762344527,0.9566125858745834
NC_047564.1,53586526,NC_047564.1 53585499 53599079,3,0.01600876859043852,0.9566822678598972
NC_047559.1,3724361,NC_047559.1 3713018 3725617,8,-0.01594641726335633,0.9568508395178364
NC_047561.1,49645262,NC_047561.1 49637625 49647209,6,-0.015934776702099633,0.9568823108656637
NC_047564.1,16124176,NC_047564.1 16123144 16125450,8,-0.01592776199357071,0.9569012758154969
NC_047564.1,59671466,NC_047564.1 59670505 59680984,4,0.0159248038503115,0.9569092734511578
NC_047568.1,55106169,NC_047568.1 55104116 55108520,13,-0.015908125155200778,0.9569543660391987
NC_047565.1,12530039,NC_047565.1 12516161 12538779,11,0.015853887655860877,0.9571010035900438
NC_047564.1,6981474,NC_047564.1 6974949 6981813,5,-0.015783903539237896,0.957290215862542
NC_047564.1,46698630,NC_047564.1 46697446 46699401,7,-0.01576775739900622,0.9573338696061033
NC_047564.1,39917674,NC_047564.1 39917201 39918633,6,-0.015683292192502796,0.9575622369820904
NC_047565.1,57572183,NC_047565.1 57569997 57579140,15,-0.01565686591926689,0.9576336859429287
NC_047564.1,20180616,NC_047564.1 20161861 20187075,6,-0.015652758955931764,0.9576447900044731
NC_047560.1,19073205,NC_047560.1 19019340 19084838,11,-0.015644138184449898,0.9576680981435168
NC_047562.1,48684431,NC_047562.1 48649022 48686020,7,0.015558560442707878,0.9578994779665998
NC_047562.1,1826464,NC_047562.1 1826016 1837420,7,0.01554150924371613,0.9579455803160921
NC_047560.1,70845806,NC_047560.1 70831766 70847437,7,0.015473970338954424,0.9581281905034031
NW_022994920.1,8888,NW_022994920.1 5359 9472,5,-0.015462310928033155,0.9581597151525665
NC_047559.1,50523545,NC_047559.1 50509865 50553763,8,-0.015432775439149195,0.9582395732943021
NC_047564.1,32549872,NC_047564.1 32545000 32556467,3,0.015404768753766113,0.9583152981889567
NC_047568.1,32888470,NC_047568.1 32881530 32888697,10,0.015318644530647452,0.958548164196012
NC_047564.1,19107918,NC_047564.1 19084348 19123477,14,0.015308893583525756,0.9585745293781299
NC_047562.1,46718530,NC_047562.1 46716806 46723072,7,0.01528182350470401,0.9586477232494983
NC_047568.1,4385278,NC_047568.1 4380992 4396499,10,0.015280928884495948,0.9586501421880206
NC_047565.1,51851166,NC_047565.1 51849180 51862179,12,0.015279701954865261,0.9586534596492204
NC_047564.1,21822505,NC_047564.1 21812670 21831281,9,0.015278591522734124,0.9586564621165797
NC_047568.1,9948037,NC_047568.1 9936086 9955148,6,0.015266044935592969,0.9586903865290726
NW_022994939.1,14575,NW_022994939.1 9705 14996,12,-0.01521429476990887,0.9588303132325037
NC_047563.1,13467778,NC_047563.1 13437241 13474437,3,-0.015188019954953941,0.9589013578374951
NC_047565.1,61688145,NC_047565.1 61670769 61721276,17,0.015158586129484139,0.9589809444437346
NC_047562.1,22082617,NC_047562.1 22081595 22085513,14,0.015137652046479138,0.9590375486722866
NC_047568.1,51242447,NC_047568.1 51238373 51261653,10,-0.015100688965406759,0.95913749457658
NC_047567.1,8513569,NC_047567.1 8504069 8516072,4,0.015096406757032244,0.9591490734414918
NC_047561.1,3687076,NC_047561.1 3685562 3689617,8,0.015071861855624695,0.9592154417008296
NC_047568.1,6758185,NC_047568.1 6756750 6764539,3,0.015061007990228444,0.9592447901208591
NC_047565.1,25639883,NC_047565.1 25626905 25683502,3,0.014873324301210052,0.9597522869053281
NC_047561.1,18169508,NC_047561.1 18167130 18170991,6,-0.014723972010642312,0.9601561457033536
NC_047559.1,1761515,NC_047559.1 1744821 1783121,6,-0.014710279666840829,0.9601931711823946
NC_047565.1,32097303,NC_047565.1 32070829 32106949,11,-0.014702717275934005,0.9602136206823462
NC_047568.1,17934758,NC_047568.1 17932952 17954696,4,-0.014702142632285434,0.9602151745801069
NC_047559.1,51867929,NC_047559.1 51862080 51870136,9,0.014692574232435989,0.9602410485738817
NC_047564.1,37382091,NC_047564.1 37358897 37405391,5,-0.01468794002680763,0.9602535799829586
NC_047566.1,3957917,NC_047566.1 3911431 3984108,10,0.014590127429515548,0.9605180781456087
NC_047559.1,52428894,NC_047559.1 52428057 52429223,5,-0.014584815695396913,0.9605324418834889
NC_047561.1,41922883,NC_047561.1 41908643 41925264,8,-0.01457706783027505,0.9605533933105102
NC_047563.1,1387280,NC_047563.1 1378792 1390227,8,-0.01457081392562595,0.960570304854341
NC_047565.1,23939179,NC_047565.1 23938620 23948696,7,0.014566957224268975,0.9605807339903379
NC_047565.1,46353264,NC_047565.1 46352307 46356354,5,-0.014527428560151857,0.9606876261444368
NC_047559.1,53759988,NC_047559.1 53755998 53781200,6,-0.014507010741592656,0.9607428395994346
NC_047568.1,43498437,NC_047568.1 43492747 43549328,9,0.014458219563149821,0.9608747803866071
NC_047565.1,43134166,NC_047565.1 43084672 43140764,10,0.014456790021498574,0.9608786461578888
NC_047568.1,6883627,NC_047568.1 6861982 6890466,14,-0.014432869263079203,0.9609433328707577
NW_022994922.1,56414,NW_022994922.1 54479 65717,5,-0.01439628847579596,0.9610422553703094
NC_047565.1,30674670,NC_047565.1 30665007 30702504,13,0.014375342363325574,0.9610988985029565
NC_047568.1,1975330,NC_047568.1 1972287 1976776,15,-0.014350878035099018,0.961165055920681
NC_047568.1,1507553,NC_047568.1 1500146 1517097,9,0.014342010265881553,0.9611890365552982
NC_047565.1,36594357,NC_047565.1 36593193 36604090,6,0.014336887008193777,0.9612028911213054
NC_047559.1,22277957,NC_047559.1 22267553 22279149,3,0.014243185073631088,0.9614562863038711
NC_047562.1,38821215,NC_047562.1 38808926 38826437,7,-0.01420652870630298,0.9615554158821313
NC_047563.1,41416133,NC_047563.1 41327485 41452447,4,0.014182484871838446,0.9616204377494312
NC_047565.1,5233521,NC_047565.1 5085538 5246064,6,0.014172953182943877,0.9616462144069682
NC_047563.1,62860171,NC_047563.1 62856711 62862740,16,0.014148438581549662,0.9617125096895921
NC_047563.1,20181224,NC_047563.1 20096754 20197685,5,0.01401718985426311,0.9620674519130743
NC_047560.1,18800268,NC_047560.1 18792647 18800649,14,-0.013996770801744513,0.9621226727240568
NC_047564.1,57942339,NC_047564.1 57908577 57949914,9,-0.013996743473179437,0.9621227466308988
NC_047563.1,66821424,NC_047563.1 66820792 66823638,4,-0.013965399160705275,0.9622075137683245
NC_047565.1,44290609,NC_047565.1 44284948 44301663,6,-0.0139545565500107,0.9622368364654127
NC_047559.1,11707389,NC_047559.1 11704534 11719614,17,0.013921153996578835,0.9623271704270838
NC_047564.1,54807907,NC_047564.1 54803471 54808353,16,-0.013893344747403181,0.9624023781611621
NC_047562.1,52879174,NC_047562.1 52878908 52882952,12,-0.013846042547374152,0.9625303035796324
NC_047564.1,15701702,NC_047564.1 15680917 15732828,15,-0.013786456217691877,0.9626914517409446
NC_047564.1,19088533,NC_047564.1 19084348 19123477,3,-0.013785860829434128,0.9626930619445297
NC_047565.1,25599751,NC_047565.1 25595137 25611992,3,0.013774674442820111,0.9627233151015618
NC_047562.1,27690030,NC_047562.1 27688457 27690406,3,-0.013756655639467704,0.9627720463677595
NC_047564.1,57549329,NC_047564.1 57547104 57559712,5,-0.013754820170500373,0.9627770103405227
NW_022994829.1,111954,NW_022994829.1 109708 243958,17,-0.013691954280041703,0.9629470300795372
NC_047563.1,43609871,NC_047563.1 43575889 43663500,3,0.013691871107953089,0.9629472550180171
NW_022994946.1,10020,NW_022994946.1 522 11787,10,-0.013625087098397139,0.9631278728492789
NC_047561.1,52448097,NC_047561.1 52439261 52449771,3,0.013531697897958349,0.9633804473642382
NC_047564.1,22049778,NC_047564.1 22022942 22072092,16,-0.013448230673714194,0.9636061902333164
NC_047566.1,5685834,NC_047566.1 5676533 5686292,15,0.013446717322698379,0.9636102832190336
NC_047565.1,24421259,NC_047565.1 24420057 24424568,5,-0.013348473896587595,0.9638759926457661
NC_047564.1,31889873,NC_047564.1 31889323 31892555,6,0.013181285977995586,0.9643281775251018
NC_047559.1,54214083,NC_047559.1 54209081 54216962,11,0.013179424660067569,0.9643332117958072
NW_022994829.1,134591,NW_022994829.1 109708 243958,14,-0.013174878342333309,0.9643455081389025
NC_047565.1,13422204,NC_047565.1 13403639 13456801,7,0.013125664382149817,0.9644786167150998
NC_047567.1,19918186,NC_047567.1 19908659 19951762,4,-0.013086435129233194,0.9645847203552775
NC_047565.1,19603090,NC_047565.1 19601185 19603980,8,0.012934801621773405,0.9649948496925813
NC_047568.1,46591976,NC_047568.1 46577321 46605051,7,0.012899767897108639,0.9650896079853516
NC_047564.1,35058596,NC_047564.1 35058452 35059665,9,0.012868675679573314,0.9651737057525617
NC_047562.1,21769888,NC_047562.1 21751223 21780030,6,0.012852908572804309,0.9652163525169273
NC_047560.1,70913086,NC_047560.1 70388123 71110591,4,-0.012769092304393213,0.9654430596446449
NC_047566.1,37268100,NC_047566.1 37264819 37268650,7,0.012735367718068933,0.9655342789473489
NW_022994935.1,36271,NW_022994935.1 36266 43220,9,0.01272287360638088,0.9655680735060652
NC_047568.1,28943841,NC_047568.1 28916900 28968881,8,-0.01271665824801761,0.9655848850688613
NC_047568.1,56286202,NC_047568.1 56280275 56288911,7,0.012573016396710919,0.9659734172809775
NC_047565.1,26573868,NC_047565.1 26573739 26625290,4,-0.012357889471689124,0.9665553202653819
NC_047565.1,28561616,NC_047565.1 28526117 28566194,10,-0.01231653154977541,0.9666671922750856
NC_047566.1,852161,NC_047566.1 851610 859416,3,-0.012209559809312641,0.9669565504480923
NC_047564.1,23652541,NC_047564.1 23650371 23679505,7,-0.012145844084461687,0.9671289030528385
NC_047564.1,38107087,NC_047564.1 38104216 38109243,3,-0.012136886139549009,0.9671531346215403
NC_047564.1,34219877,NC_047564.1 34218505 34235685,3,0.01210690435821056,0.967234236628464
NC_047567.1,23025502,NC_047567.1 23019949 23032458,12,0.012099029534374679,0.9672555384141965
NC_047565.1,49113693,NC_047565.1 49109536 49143893,6,-0.012019659763706288,0.9674702386780754
NC_047559.1,52637034,NC_047559.1 52636187 52640540,12,0.012017234888258127,0.9674767981522843
NC_047562.1,45668664,NC_047562.1 45667191 45669088,9,-0.012015527560523296,0.967481416606
NC_047568.1,4083997,NC_047568.1 4082135 4090392,3,-0.012005121814601144,0.9675095649748857
NC_047564.1,5480942,NC_047564.1 5475823 5487699,5,0.011897444267777042,0.9678008433474272
NC_047568.1,42970706,NC_047568.1 42957263 42973452,16,-0.011863667170844621,0.9678922144929085
NC_047562.1,30645407,NC_047562.1 30613235 30659680,10,-0.011827114189980038,0.9679910951537744
NC_047563.1,25196738,NC_047563.1 25178055 25222052,4,-0.01174407920646832,0.9682157173828488
NC_047565.1,7470917,NC_047565.1 7460923 7471247,14,-0.011618566437393752,0.9685552526203967
NC_047562.1,50432378,NC_047562.1 50415953 50453033,10,-0.011570336676335042,0.9686857243578264
NC_047562.1,27303555,NC_047562.1 27303039 27308598,3,-0.011530893718959621,0.9687924264682433
NC_047559.1,21164927,NC_047559.1 21150477 21170096,5,-0.011458224181027345,0.9689890152550682
NC_047564.1,16716451,NC_047564.1 16684948 16736210,16,0.011436777330880313,0.9690470345179184
NC_047565.1,46919205,NC_047565.1 46902068 46923282,5,-0.011372267076904403,0.9692215522551646
NC_047568.1,22491861,NC_047568.1 22488388 22495438,15,0.011359823336351148,0.9692552160966263
NC_047563.1,22601633,NC_047563.1 22544644 22636846,6,-0.011355032069793589,0.9692681778419356
NC_047564.1,39590754,NC_047564.1 39586863 39605347,3,-0.011314117756468694,0.9693788630391208
NC_047567.1,3134943,NC_047567.1 3112592 3138540,3,0.011298897981035259,0.969420037118858
NC_047559.1,33014573,NC_047559.1 33012224 33018126,5,-0.011293459391639336,0.9694347501595253
NC_047567.1,22908564,NC_047567.1 22900629 22916167,4,-0.011262068842129151,0.9695196713326014
NC_047561.1,27892348,NC_047561.1 27890535 27894998,3,-0.011247918111746354,0.9695579535457641
NC_047561.1,6702419,NC_047561.1 6673076 6713129,12,0.011202415618170428,0.96968105263328
NC_047564.1,36445788,NC_047564.1 36442351 36447220,6,-0.011127954941969609,0.9698824944031881
NC_047568.1,42352174,NC_047568.1 42346582 42356731,3,0.011082032066533538,0.9700067324279116
NC_047563.1,72617762,NC_047563.1 72613574 72617793,3,0.011030545779289283,0.9701460222500433
NC_047561.1,52606305,NC_047561.1 52605881 52609423,4,-0.010923975282903042,0.9704343381392287
NC_047562.1,47557739,NC_047562.1 47540673 47564186,3,-0.010839749028110851,0.9706622062794648
NC_047559.1,31875836,NC_047559.1 31850203 31884767,12,0.010810171860365897,0.9707422256970376
NC_047561.1,16322982,NC_047561.1 16297433 16329746,8,0.010798576029457812,0.9707735976563101
NC_047561.1,7555086,NC_047561.1 7550460 7557743,5,-0.010795406488297367,0.9707821727033497
NC_047566.1,47302349,NC_047566.1 47302045 47313937,3,0.010751868193130147,0.9708999638442039
NC_047565.1,12741691,NC_047565.1 12737629 12743821,15,0.010751079494533071,0.9709020976422519
NC_047566.1,6010280,NC_047566.1 6004120 6014788,12,-0.01074393394351195,0.9709214297031685
NC_047562.1,41821718,NC_047562.1 41798011 41824395,11,-0.010705394051054154,0.9710256984115531
NC_047561.1,3119283,NC_047561.1 2995314 3121409,6,0.010665287154959145,0.9711342070656324
NC_047562.1,29979144,NC_047562.1 29978894 29985962,3,-0.01066197806951567,0.971143159771402
NC_047561.1,54503582,NC_047561.1 54491204 54522223,15,0.010584330396487828,0.9713532358711927
NC_047563.1,67946449,NC_047563.1 67925096 67971549,3,0.010536047415807449,0.9714838665461463
NC_047559.1,43741286,NC_047559.1 43740848 43742347,16,0.010528771720706251,0.9715035511582831
NC_047568.1,13454195,NC_047568.1 13449258 13457617,5,-0.010456432786691857,0.9716992671407685
NC_047565.1,47002701,NC_047565.1 47000088 47007290,10,0.010440621182206324,0.9717420462892039
NC_047568.1,45014380,NC_047568.1 45014142 45020928,8,-0.010377091380223753,0.9719139303046582
NC_047568.1,32309508,NC_047568.1 32143813 32338882,4,0.010373088381867034,0.9719247607153587
NC_047563.1,63021189,NC_047563.1 63018276 63030466,4,0.01036467840285803,0.9719475145556484
NC_047566.1,42757073,NC_047566.1 42724057 42804817,3,-0.010289464794883251,0.9721510115944789
NC_047559.1,40921086,NC_047559.1 40914691 40921337,6,-0.010267640541414767,0.97221005932916
NC_047561.1,3598466,NC_047561.1 3598156 3606753,5,0.01024219765354289,0.9722788978138448
NC_047562.1,35871340,NC_047562.1 35871167 35873087,4,0.010196172348598204,0.9724034247093315
NC_047568.1,35750917,NC_047568.1 35741289 35755535,4,-0.010120005056755978,0.972609505591058
NC_047564.1,37368948,NC_047564.1 37358897 37405391,8,-0.009993522325082207,0.9729517251856072
NC_047561.1,44336331,NC_047561.1 44334693 44337303,5,0.009932783432366678,0.9731160656759172
NC_047561.1,50798443,NC_047561.1 50791181 50815953,3,-0.0099272104218929,0.9731311445529753
NC_047561.1,39094481,NC_047561.1 39087437 39097542,3,0.009895533944286295,0.973216851657986
NC_047563.1,23808426,NC_047563.1 23792893 23820262,3,0.009877829141325,0.9732647556937517
NC_047561.1,23003435,NC_047561.1 22995803 23005909,7,-0.009866078696583163,0.9732965490181695
NC_047561.1,19889762,NC_047561.1 19876347 19909363,13,0.009860377676768412,0.97331197435164
NC_047559.1,54952724,NC_047559.1 54950819 54972757,4,-0.009845048885467838,0.9733534497315357
NC_047559.1,44528665,NC_047559.1 44504460 44539645,7,0.009788085348236174,0.9735075775226351
NC_047564.1,18689259,NC_047564.1 18688184 18690631,4,-0.009701186039663084,0.9737427049979113
NC_047561.1,31646670,NC_047561.1 31646307 31651585,3,-0.009693427294918318,0.9737636982888005
NC_047560.1,26759944,NC_047560.1 26748030 26762265,3,-0.009663657422837616,0.9738442485248098
NC_047563.1,30141582,NC_047563.1 30073419 30628537,8,0.009630566142638856,0.9739337859779282
NC_047566.1,41341870,NC_047566.1 41338177 41342448,3,-0.009618073678975242,0.9739675878082008
NC_047563.1,22562528,NC_047563.1 22544644 22636846,16,0.00961553307761915,0.9739744621158036
NC_047560.1,19073205,NC_047560.1 19051199 19077259,11,0.009438641349229077,0.9744530962699428
NC_047566.1,1146918,NC_047566.1 1123256 1348320,3,0.009424878391549858,0.9744903364579677
NC_047568.1,30316865,NC_047568.1 30316106 30319811,7,-0.00941172991276736,0.9745259140172796
NC_047565.1,61257687,NC_047565.1 61225939 61469303,8,-0.009399574171803374,0.9745588054351633
NC_047564.1,55177741,NC_047564.1 55148943 55228579,6,-0.009395538561375974,0.9745697251356096
NC_047562.1,23273448,NC_047562.1 23227607 23285097,3,0.009307524838087803,0.9748078768736747
NC_047559.1,5999504,NC_047559.1 5996194 6005415,10,-0.009287159159365808,0.9748629835789409
NC_047561.1,24349464,NC_047561.1 24344014 24362615,4,-0.009286002695045415,0.974866112814311
NC_047567.1,11444990,NC_047567.1 11439345 11445640,11,0.009174964955502287,0.975166567414506
NC_047562.1,44783123,NC_047562.1 44732605 44827570,8,-0.00914751111676487,0.9752408546320338
NC_047568.1,52882360,NC_047568.1 52882153 52900022,4,0.009132586396468866,0.9752812394432055
NC_047563.1,5725373,NC_047563.1 5715837 5729969,9,-0.009091176684937642,0.975393290298818
NC_047561.1,54758239,NC_047561.1 54756738 54759220,6,-0.009063605751023428,0.975467894934144
NC_047566.1,8557065,NC_047566.1 8554680 8583737,3,-0.009038595852498244,0.9755355697837401
NC_047564.1,46637649,NC_047564.1 46633689 46649169,6,0.009024766377546784,0.9755729913382487
NC_047559.1,46532461,NC_047559.1 46518589 46537114,10,0.00900747129495872,0.9756197906409704
NC_047566.1,37314394,NC_047566.1 37306870 37316631,3,0.0089874726065418,0.9756739058058133
NC_047565.1,31011877,NC_047565.1 31007622 31025408,7,0.008948337964852218,0.9757798019108966
NC_047565.1,20939250,NC_047565.1 20916674 20966583,8,0.00889951338351965,0.9759119189589672
NC_047565.1,17708107,NC_047565.1 17705984 17710437,9,-0.008835542852200538,0.9760850211122187
NC_047562.1,45226217,NC_047562.1 45225703 45232427,4,0.00871737685027316,0.9764047769938232
NC_047565.1,18745380,NC_047565.1 18744541 18748176,3,0.008715749806586395,0.9764091797789626
NC_047560.1,51037611,NC_047560.1 50935047 51246957,8,-0.008685667314141648,0.9764905832069132
NC_047562.1,37495862,NC_047562.1 37490860 37509454,14,0.00868070847065241,0.9765040018913647
NC_047567.1,31654568,NC_047567.1 31622929 31671735,4,-0.00860874198578691,0.9766987446312457
NC_047564.1,7020628,NC_047564.1 7010348 7038070,5,0.008590393640538303,0.9767483958119775
NC_047563.1,25636274,NC_047563.1 25634901 25642283,11,0.008546635419720698,0.9768668072050132
NC_047559.1,10271606,NC_047559.1 10260048 10283834,7,0.008492977847261905,0.9770120072205626
NC_047568.1,40508645,NC_047568.1 40502950 40520819,5,0.00843583452074468,0.9771666405846119
NC_047563.1,15425205,NC_047563.1 15422655 15427344,7,0.00835079274509853,0.9773967702504696
NC_047559.1,40680677,NC_047559.1 40676370 40685499,5,0.00834396574585817,0.9774152447130247
NC_047566.1,37320050,NC_047566.1 37318771 37324314,3,-0.008256616468402152,0.9776516204938304
NC_047559.1,36424778,NC_047559.1 36421980 36436549,15,0.008121060421663422,0.9780184519277089
NC_047565.1,28582030,NC_047565.1 28566326 28593273,4,0.008102781400887318,0.9780679175299593
NC_047564.1,35487706,NC_047564.1 35451206 35497571,5,0.008058498255209013,0.9781877542566576
NC_047568.1,22505170,NC_047568.1 22503928 22508767,6,-0.007989290944329756,0.9783750403078347
NW_022994923.1,5762,NW_022994923.1 4902 29989,4,-0.007945629519917284,0.9784931956381504
NC_047566.1,23964551,NC_047566.1 23955092 23974214,14,-0.007867673279929389,0.9787041596608037
NC_047563.1,64768226,NC_047563.1 64767274 64768856,17,0.007836131583246227,0.978789517701872
NC_047562.1,19686239,NC_047562.1 19685787 19688753,6,-0.00782501823177436,0.9788195926692308
NC_047568.1,14433529,NC_047568.1 14432457 14447797,16,0.007793164047350206,0.9789057966526491
NC_047559.1,49858353,NC_047559.1 49855603 49865696,14,0.00772891417438576,0.9790796706914018
NC_047565.1,2493944,NC_047565.1 2482279 2502414,3,-0.0077171291104725474,0.979111563714687
NC_047565.1,37609637,NC_047565.1 37572757 37610817,16,-0.007717091469474757,0.9791116655797067
NC_047564.1,18803946,NC_047564.1 18776232 18807010,6,0.00769430673361227,0.9791733262620568
NC_047560.1,70787899,NC_047560.1 70388123 71110591,6,-0.007692727479834574,0.9791776000863174
NC_047559.1,1766253,NC_047559.1 1744821 1783121,7,0.007686735423925169,0.9791938159736782
NC_047563.1,46334052,NC_047563.1 46333811 46339285,14,0.007670102704426984,0.9792388279936596
NC_047559.1,10036396,NC_047559.1 10034115 10040977,8,-0.007615973878868783,0.9793853136227458
NC_047564.1,42273014,NC_047564.1 42272168 42279580,12,0.007508089018609806,0.9796772778162612
NC_047568.1,17060372,NC_047568.1 17059420 17060706,11,0.007451859315744393,0.9798294508013463
NC_047564.1,18809551,NC_047564.1 18807310 18809810,7,0.007445468919149281,0.9798467450061933
NC_047562.1,47294664,NC_047562.1 47281879 47295834,3,0.00742713404134717,0.9798963643716831
NW_022994922.1,76673,NW_022994922.1 70949 82299,12,0.007410230969732564,0.9799421089245002
NC_047568.1,3870667,NC_047568.1 3859572 3883642,4,0.007383531574146895,0.9800143652523299
NC_047565.1,58043126,NC_047565.1 58026839 58045772,8,0.0073270477790342665,0.9801672272945021
NC_047567.1,10477812,NC_047567.1 10458000 10547738,3,0.007305523592385799,0.9802254783475528
NC_047564.1,24871982,NC_047564.1 24859906 24874607,13,0.0072808850471102315,0.9802921579230117
NC_047564.1,15786682,NC_047564.1 15760614 15805071,7,-0.007266377105163504,0.9803314209873814
NC_047564.1,58184663,NC_047564.1 58183443 58185230,17,0.007242209784490613,0.9803968254674588
NC_047561.1,46207979,NC_047561.1 46204656 46209396,4,0.007236091997399196,0.9804133821693186
NC_047559.1,28404941,NC_047559.1 28391209 28406098,3,0.007194416595002734,0.9805261694228321
NC_047561.1,10992975,NC_047561.1 10990739 10993553,7,0.007155330252849833,0.9806319501408888
NC_047561.1,9045962,NC_047561.1 9035985 9053724,6,-0.007066599987933688,0.980872085017748
NC_047564.1,28463220,NC_047564.1 28461054 28463593,11,0.006993495982762198,0.9810699309472706
NC_047561.1,27582521,NC_047561.1 27580149 27582554,9,-0.00699304604788765,0.9810711486372321
NC_047568.1,21173317,NC_047568.1 21149053 21179316,3,0.006904969728639998,0.9813095164243462
NC_047563.1,15539663,NC_047563.1 15519854 15556272,4,0.0069030289610860825,0.9813147688907851
NC_047564.1,6683591,NC_047564.1 6668310 6708001,8,-0.006894329737155911,0.9813383123586368
NC_047567.1,30200394,NC_047567.1 30199793 30231788,15,-0.006890614384374247,0.9813483675459638
NW_022994904.1,25238,NW_022994904.1 14339 68136,6,-0.006871811906854449,0.9813992543907293
NC_047562.1,38697329,NC_047562.1 38693393 38708149,5,-0.006859976022301432,0.981431286948862
NC_047564.1,40939529,NC_047564.1 40938573 40942882,6,-0.0068256150493151745,0.9815242814016198
NC_047561.1,34608665,NC_047561.1 34585199 34628533,6,-0.006808985496273077,0.9815692876614539
NC_047560.1,18810135,NC_047560.1 18809373 18841895,4,0.006755136487546326,0.9817150250891077
NC_047563.1,69284006,NC_047563.1 69282561 69284143,13,-0.006701490513033779,0.9818602135503569
NC_047565.1,22998025,NC_047565.1 22993329 23012287,3,0.006636588863218131,0.9820358652775532
NC_047565.1,36257569,NC_047565.1 36231600 36273618,10,-0.006583286151834308,0.982180125864033
NC_047561.1,2534793,NC_047561.1 2530038 2536318,6,-0.006573510986267284,0.9822065818175023
NC_047564.1,29853364,NC_047564.1 29840947 29866721,14,-0.006572863571997556,0.9822083340095802
NC_047564.1,18311013,NC_047564.1 18300057 18311402,6,0.006559759685635689,0.9822437989928459
NC_047568.1,51643186,NC_047568.1 51630747 51649951,8,-0.006495851053695736,0.9824167647993414
NC_047561.1,5920546,NC_047561.1 5920112 5921397,4,0.00642841114214648,0.9825992886320919
NC_047560.1,26271619,NC_047560.1 26270545 26278280,6,-0.006427362740606088,0.9826021261015627
NC_047561.1,18211158,NC_047561.1 18210288 18215311,3,-0.006425042262065029,0.9826084064125664
NC_047561.1,44404314,NC_047561.1 44348859 44406120,9,0.006392318162594842,0.9826969733824289
NC_047559.1,45435778,NC_047559.1 45426719 45440172,11,0.006362210023733142,0.9827784604829571
NC_047566.1,24017639,NC_047566.1 24017216 24018566,6,-0.006350256396681889,0.9828108127887007
NC_047568.1,52282562,NC_047568.1 52275006 52289407,11,0.006336092657731659,0.9828491467597196
NC_047565.1,32300604,NC_047565.1 32296627 32340454,3,-0.006246186282062195,0.9830924779683505
NC_047560.1,31660024,NC_047560.1 31659700 31666565,5,0.006201394275547468,0.9832137078473664
NC_047564.1,7613045,NC_047564.1 7600458 7614067,9,-0.006155754156344566,0.9833372334956729
NC_047559.1,7400838,NC_047559.1 7366327 7408045,9,0.00614432773168656,0.9833681593350918
NC_047568.1,43985756,NC_047568.1 43960353 43986236,4,0.006123831365847341,0.9834236332001854
NC_047565.1,19086542,NC_047565.1 19083695 19090333,11,0.006117519038047378,0.9834407176682917
NC_047568.1,32394687,NC_047568.1 32350835 32419596,3,0.006099860004075808,0.9834885123065484
NC_047565.1,41155701,NC_047565.1 41110551 41157061,6,-0.0060965149502390245,0.9834975657882301
NC_047565.1,21078781,NC_047565.1 21075103 21080933,7,0.0060746251026280685,0.9835568113179971
NC_047559.1,37080313,NC_047559.1 37079366 37082146,7,-0.006019983525828655,0.9837047007292943
NC_047560.1,63115802,NC_047560.1 62653127 63119960,6,0.005868344946706877,0.9841151185834127
NC_047561.1,50880415,NC_047561.1 50880303 50898315,3,-0.005843680034881351,0.9841818758228175
NC_047568.1,52999744,NC_047568.1 52999204 53008845,3,-0.00580059008745855,0.9842985018884329
NC_047568.1,49362948,NC_047568.1 49357031 49379664,17,-0.005784434992399876,0.9843422268992899
NC_047560.1,63733166,NC_047560.1 63727859 63733762,13,-0.005731076938075439,0.9844866448786864
NC_047568.1,20650219,NC_047568.1 20638524 20652007,3,-0.00570034826497316,0.984569814770141
NC_047562.1,29306642,NC_047562.1 29301991 29307814,5,0.005669188496530087,0.984654151608308
NC_047562.1,35133917,NC_047562.1 35130622 35134623,4,-0.005658226883511465,0.9846838202783441
NC_047559.1,51926040,NC_047559.1 51914019 51928773,11,0.0056537130775210255,0.9846960373379106
NC_047561.1,41417263,NC_047561.1 41404872 41420703,6,0.005623836561736187,0.9847769011428854
NC_047564.1,54788938,NC_047564.1 54757522 54799325,6,0.005611279991060736,0.984810886809165
NC_047565.1,6692757,NC_047565.1 6682701 6695323,4,0.005533185745678262,0.985022257553192
NC_047565.1,36285247,NC_047565.1 36275508 36326082,3,0.005531835594470606,0.985025911895379
NC_047559.1,37540090,NC_047559.1 37519271 37542681,8,0.005464383493961094,0.9852084792421557
NC_047561.1,51970924,NC_047561.1 51964148 51972678,4,0.0053892425473577605,0.9854118581817874
NC_047564.1,54281293,NC_047564.1 54232921 54281927,9,0.005326038657087438,0.9855829285331873
NC_047565.1,54055256,NC_047565.1 54049465 54073057,5,0.005322630424409051,0.9855921534178838
NC_047568.1,53085585,NC_047568.1 53084075 53086148,7,0.0052838388377747895,0.9856971486892369
NC_047565.1,44201534,NC_047565.1 44197946 44215690,4,0.005220291118816226,0.9858691506254038
NC_047566.1,37985237,NC_047566.1 37980702 37986337,5,0.005193905590446575,0.985940567392514
NC_047563.1,41555553,NC_047563.1 41552196 41576093,17,0.005166308737267315,0.9860152629139263
NC_047562.1,17081383,NC_047562.1 17054166 17098627,5,-0.00511507166832094,0.9861539449345802
NC_047565.1,60907438,NC_047565.1 60892052 60985539,14,-0.005104644616853716,0.9861821676038961
NC_047562.1,32590625,NC_047562.1 32567449 32607621,6,0.005089730310156877,0.9862225358536819
NC_047568.1,2001378,NC_047568.1 1982237 2027958,3,-0.005083620900848446,0.9862390720761193
NC_047565.1,61726261,NC_047565.1 61725239 61733575,10,-0.005077298723167105,0.9862561842000881
NC_047565.1,27127172,NC_047565.1 26961604 27161359,5,-0.005073694011987895,0.9862659410090908
NC_047559.1,43862374,NC_047559.1 43860021 43874284,3,-0.0050707548853300985,0.9862738962933759
NC_047559.1,17654060,NC_047559.1 17652666 17660435,3,0.005064351949623825,0.9862912270149797
NC_047563.1,7011482,NC_047563.1 6975224 7040283,8,-0.005014918336229012,0.9864250283584282
NC_047561.1,32024692,NC_047561.1 32022438 32043619,3,-0.00496976669765025,0.9865472400241047
NC_047561.1,3598500,NC_047561.1 3598156 3606753,8,0.00495944332312209,0.9865751822777961
NC_047563.1,9348556,NC_047563.1 9321122 9348827,13,-0.004928037104159935,0.98666018950505
NC_047559.1,10044968,NC_047559.1 10043017 10047742,5,0.004922532541016301,0.9866750887222075
NW_022994945.1,87212,NW_022994945.1 83110 87668,5,0.004847448256575707,0.9868783199756884
NC_047565.1,37507982,NC_047565.1 37460628 37513316,14,-0.004824678970230504,0.986939949937989
NC_047560.1,44476777,NC_047560.1 43984502 44478438,11,0.0048004305897612065,0.9870055834605507
NC_047559.1,52612943,NC_047559.1 52604476 52624639,14,0.0047867395881364535,0.987042641171851
NC_047565.1,22318355,NC_047565.1 22317616 22352556,9,-0.0047629225555026276,0.987107107274138
NC_047561.1,9485856,NC_047561.1 9477308 9503622,10,-0.00475522062376685,0.9871279542830764
NC_047563.1,10454691,NC_047563.1 10445747 10455627,8,-0.004710605840803271,0.9872487143683497
NC_047559.1,21164936,NC_047559.1 21150477 21170096,5,-0.00464534554396204,0.9874253567019767
NC_047560.1,51050278,NC_047560.1 50935047 51246957,3,-0.004564010291151124,0.9876455104313087
NC_047560.1,51013077,NC_047560.1 50992354 51073373,7,0.004527783502446004,0.9877435673479205
NC_047565.1,32778879,NC_047565.1 32768211 32788628,16,0.00452703783575052,0.9877455856841008
NC_047561.1,45781097,NC_047561.1 45752446 45810498,4,0.004500216162154144,0.9878181853969221
NC_047562.1,21293144,NC_047562.1 21287254 21293475,6,0.004454984382253218,0.9879406169646705
NW_022994922.1,55078,NW_022994922.1 54479 65717,6,-0.0044507827236508766,0.9879519898582234
NC_047565.1,5410506,NC_047565.1 5255329 5422969,7,-0.004398203983807303,0.9880943082188617
NC_047560.1,27216665,NC_047560.1 27216409 27221733,3,0.004339001576357652,0.9882545556934266
NC_047561.1,6609406,NC_047561.1 6605642 6610661,4,-0.0043363045301293215,0.988261855995026
NC_047568.1,27464289,NC_047568.1 27463607 27475578,12,-0.004260933467602,0.9884658689662191
NW_022994985.1,119381,NW_022994985.1 117099 120923,5,-0.0042273062942268435,0.9885568905772508
NC_047564.1,19304955,NC_047564.1 19302206 19305457,4,-0.004190537876027947,0.9886564150184138
NC_047562.1,13388043,NC_047562.1 13387942 13388960,3,0.004168160275994658,0.9887169865907084
NC_047561.1,46375864,NC_047561.1 46373638 46413648,6,-0.00410630509539628,0.9888844161673555
NC_047566.1,51182342,NC_047566.1 51178404 51192027,9,0.004084087712767034,0.9889445542733892
NC_047566.1,29671978,NC_047566.1 29671150 29685200,6,-0.004066164838420831,0.9889930680258714
NC_047568.1,48229270,NC_047568.1 48224653 48230240,8,-0.004059735267942439,0.989010471637553
NC_047568.1,22395046,NC_047568.1 22390291 22397069,7,0.004040588878359668,0.9890622972615719
NC_047566.1,17806335,NC_047566.1 17797021 17822603,7,0.004007593098945782,0.9891516106357766
NC_047568.1,51253556,NC_047568.1 51238373 51261653,8,0.00400535501611756,0.9891576687096932
NC_047559.1,3277116,NC_047559.1 3269569 3282140,6,0.003990590395373274,0.9891976338053181
NC_047567.1,23127547,NC_047567.1 23123855 23128274,3,0.0039855470629334006,0.9892112851781806
NC_047560.1,51643551,NC_047560.1 51629755 51664241,3,-0.0039826651085712525,0.9892190860995465
NC_047559.1,14531915,NC_047559.1 14530898 14532943,8,0.003934305545608355,0.98934998669131
NC_047567.1,17702801,NC_047567.1 17687590 17705161,17,-0.003885565595302088,0.9894819171748197
NC_047564.1,33805416,NC_047564.1 33800452 33805823,10,-0.003878698781121336,0.9895005044546914
NC_047561.1,32205652,NC_047561.1 32195960 32208343,4,-0.0038775181171343573,0.9895037003086652
NC_047563.1,42855820,NC_047563.1 42851307 42940885,11,0.003876109544154338,0.9895075130732038
NC_047565.1,8175555,NC_047565.1 8112739 8229257,7,-0.003858359364526593,0.9895555597711693
NC_047560.1,27785770,NC_047560.1 27779829 27785852,5,-0.0038100113133701253,0.9896864298363854
NC_047568.1,51563596,NC_047568.1 51562772 51564781,9,-0.0037525306886523305,0.9898420205598858
NC_047561.1,36584525,NC_047561.1 36582044 36586031,4,0.003726091594012968,0.9899135870116946
NC_047561.1,10993002,NC_047561.1 10980091 11000754,7,-0.0036901369947757302,0.9900109105440356
NC_047559.1,52650825,NC_047559.1 52648255 52661159,6,0.0036638500661902267,0.9900820652708078
NC_047560.1,66671928,NC_047560.1 66594950 66708682,5,-0.0036584889668686586,0.990096576961581
NC_047565.1,22905773,NC_047565.1 22894570 22910462,9,-0.0036003898571874728,0.9902538427082794
NC_047566.1,8774176,NC_047566.1 8773343 8776009,4,0.0035750154085903013,0.9903225277129615
NC_047567.1,1842267,NC_047567.1 1645006 2210384,4,0.003537509118328553,0.99042405199258
NC_047566.1,50121577,NC_047566.1 50110198 50261197,13,0.003526079838051374,0.9904549894818764
NC_047565.1,7112941,NC_047565.1 7100055 7118263,9,-0.0035003276191216716,0.9905246972412223
NC_047561.1,53512337,NC_047561.1 53508564 53512640,6,-0.0034433153893819535,0.9906790218274231
NC_047568.1,39843661,NC_047568.1 39842290 39850993,3,-0.003418009839247458,0.9907475207113055
NC_047568.1,4626623,NC_047568.1 4616147 4629810,4,-0.003401509133069916,0.9907921860419813
NC_047561.1,38424962,NC_047561.1 38418460 38425854,8,-0.0033837385743564078,0.9908402887313618
NW_022994944.1,4968,NW_022994944.1 2516 9152,5,0.0033760677728947967,0.9908610526445815
NC_047568.1,7159232,NC_047568.1 7152590 7166056,11,0.0033575659228397016,0.9909111348922343
NC_047566.1,40116847,NC_047566.1 40101469 40121361,6,0.0033124130033355694,0.9910333584590829
NC_047561.1,47254628,NC_047561.1 47253178 47255313,8,-0.0032899894206197947,0.9910940564906963
NC_047561.1,10838090,NC_047561.1 10836820 10854718,9,0.0032567063955443723,0.9911841498528086
NC_047564.1,534272,NC_047564.1 533742 537398,8,-0.00325669731837972,0.9911841744236739
NC_047559.1,19995590,NC_047559.1 19991237 19998820,3,-0.0032546438516468006,0.9911897329276975
NC_047565.1,22123321,NC_047565.1 22119124 22125637,6,-0.0032152600094117914,0.9912963406409261
NC_047564.1,53202192,NC_047564.1 53200979 53218994,3,-0.0030521547174489298,0.991737850079395
NC_047564.1,44409178,NC_047564.1 44404855 44409643,8,-0.003008065525557166,0.9918571954204991
NC_047559.1,35303244,NC_047559.1 35296900 35311135,6,0.0029734648516452768,0.9919508563370576
NC_047565.1,37477506,NC_047565.1 37460628 37513316,7,0.0029021468210676635,0.9921439081430308
NC_047564.1,14104991,NC_047564.1 14096906 14107534,7,-0.002896281626539993,0.9921597847406383
NC_047563.1,7173223,NC_047563.1 7172645 7177536,10,-0.002870100447106895,0.9922306550657809
NC_047564.1,49178406,NC_047564.1 49169705 49182752,9,-0.0028548388052860767,0.9922719671145712
NC_047568.1,42485797,NC_047568.1 42482968 42490863,15,0.002854564325594542,0.9922727101093984
NC_047561.1,29435205,NC_047561.1 29428027 29454883,8,0.0028427767132182726,0.9923046182497699
NC_047559.1,51412410,NC_047559.1 51409122 51423223,7,0.0028273843702793524,0.9923462841285864
NC_047568.1,22839586,NC_047568.1 22839443 22846374,3,-0.0027508413595136194,0.9925534803909498
NC_047564.1,52150365,NC_047564.1 52137894 52160244,15,-0.0026971568779603225,0.9926988005683571
NW_022994975.1,49219,NW_022994975.1 18968 71921,4,0.002654314130402332,0.9928147730730938
NC_047565.1,12862583,NC_047565.1 12858959 12862692,7,0.0026494771078495022,0.9928278665838876
NC_047568.1,53831028,NC_047568.1 53829865 53849748,3,-0.002506695663485984,0.9932143675677099
NW_022994962.1,167015,NW_022994962.1 126631 171037,8,-0.002369406478334278,0.9935860026339199
NC_047565.1,18883789,NC_047565.1 18879548 18887085,11,-0.002188314256639344,0.9940762122014906
NC_047560.1,51016047,NC_047560.1 50935047 51246957,17,-0.0021091712271519973,0.9942904499091252
NC_047562.1,24522746,NC_047562.1 24505604 24525332,3,-0.0019694594732755093,0.9946686461254617
NC_047568.1,15985858,NC_047568.1 15971843 15992335,4,-0.0019679221062154748,0.994672807745488
NC_047565.1,53883276,NC_047565.1 53799802 53902085,15,0.001954798430034622,0.9947083332636925
NC_047559.1,12311538,NC_047559.1 12285619 12320498,8,0.0018713982207747158,0.9949340961043178
NW_022994835.1,174559,NW_022994835.1 82577 319278,6,-0.0018495151183231782,0.9949933333212899
NC_047568.1,26088602,NC_047568.1 26075022 26164422,13,0.0018433480440743972,0.9950100274994211
NC_047563.1,10217574,NC_047563.1 10211620 10221557,3,-0.0017700786496189958,0.9952083668022964
NC_047564.1,20493526,NC_047564.1 20478953 20552459,6,-0.0017428040615282987,0.9952821988256646
NC_047562.1,35569983,NC_047562.1 35563106 35577078,3,0.001734987666002361,0.995303357732715
NC_047568.1,1809581,NC_047568.1 1803363 1875944,4,0.0016743872236895563,0.9954674026400088
NC_047565.1,48186291,NC_047565.1 48176738 48195530,7,0.0016735707603720564,0.9954696128007567
NC_047562.1,50728572,NC_047562.1 50713042 50744457,4,0.0016438096672628897,0.9955501759015511
NC_047565.1,33606961,NC_047565.1 33603644 33607019,7,-0.0016260191232694808,0.9955983348164537
NC_047566.1,48788456,NC_047566.1 48776895 48805326,6,0.0015717856301798868,0.9957451447002603
NC_047561.1,48748945,NC_047561.1 48743837 48771240,11,0.0015591868910819176,0.9957792494627931
NC_047568.1,10894653,NC_047568.1 10866110 10904984,5,0.0014961729821406223,0.9959498280926986
NC_047562.1,8734257,NC_047562.1 8716441 8755759,3,-0.0014625305576540476,0.9960408981905338
NC_047559.1,3128939,NC_047559.1 3115885 3130879,6,0.0014504602578977088,0.9960735725225938
NC_047562.1,47060091,NC_047562.1 47058761 47063613,17,-0.0014448428340344108,0.9960887789051952
NC_047566.1,10417663,NC_047566.1 10415747 10420195,3,0.0014376210624147668,0.9961083282636136
NC_047566.1,1356617,NC_047566.1 1354633 1414618,13,-0.0014222492729534417,0.996149939752629
NC_047568.1,4573721,NC_047568.1 4572592 4589019,8,0.0013956454977183089,0.9962219562887211
NC_047565.1,35013249,NC_047565.1 34935400 35147420,7,0.0013587638689745143,0.996321795063402
NC_047566.1,33587834,NC_047566.1 33578860 33588921,17,0.0013081720943835804,0.9964587473604605
NC_047563.1,8276347,NC_047563.1 8274037 8279388,5,0.0013078630153859413,0.9964595840398083
NC_047568.1,56048079,NC_047568.1 56044413 56048722,4,-0.0012525768332327515,0.996609244235956
NC_047568.1,51894648,NC_047568.1 51890159 51908696,7,-0.0012372318143022238,0.9966507833598433
NC_047568.1,51249962,NC_047568.1 51238373 51261653,16,0.0012092410238532935,0.9967265547373871
NC_047568.1,31035973,NC_047568.1 31035309 31038653,6,0.0012077486865447172,0.9967305945116172
NC_047560.1,70845733,NC_047560.1 70831766 70847437,3,0.0011247846533056253,0.9969551792141953
NC_047563.1,45642982,NC_047563.1 45633037 45652853,9,0.0010498621777256436,0.9971579954975187
NC_047565.1,51495887,NC_047565.1 51489249 51497554,8,-9.382411266770092e-4,0.9974601556764113
NC_047563.1,1387280,NC_047563.1 1382782 1387330,8,-9.114888917340536e-4,0.9975325745026606
NC_047560.1,33122922,NC_047560.1 33042787 33217066,8,-8.89162078556565e-4,0.9975930136386761
NC_047565.1,59521819,NC_047565.1 59508371 59522643,7,-7.649818024994077e-4,0.9979291723746908
NC_047568.1,35469443,NC_047568.1 35463009 35470049,3,7.003602751706585e-4,0.9981041043987637
NC_047565.1,36660805,NC_047565.1 36658268 36665191,12,-6.919131314323431e-4,0.9981269710254292
NC_047568.1,18876829,NC_047568.1 18874691 18878718,3,-6.174433354731201e-4,0.9983285626577911
NC_047566.1,33473565,NC_047566.1 33471426 33482524,7,-6.03696835988842e-4,0.9983657747921075
NC_047568.1,37755919,NC_047568.1 37753354 37757610,11,-5.930671774863039e-4,0.9983945495583337
NC_047562.1,36127325,NC_047562.1 36089865 36127542,7,-5.534931906005902e-4,0.9985016774014124
NC_047562.1,15092592,NC_047562.1 15051011 15094597,13,5.456930901380869e-4,0.9985227924852277
NC_047559.1,35303315,NC_047559.1 35296900 35311135,7,-4.865464400865781e-4,0.998682904101764
NC_047562.1,49107039,NC_047562.1 49102638 49118104,5,-4.7565780568455584e-4,0.9987123799412463
NC_047565.1,2517309,NC_047565.1 2497725 2525969,15,-4.4279686783128504e-4,0.9988013354330804
NC_047561.1,50184603,NC_047561.1 50181020 50245978,7,-4.129759166897911e-4,0.9988820616057956
NC_047564.1,28086609,NC_047564.1 28085773 28093002,5,-2.902667130401662e-4,0.9992142390473057
NC_047567.1,32326809,NC_047567.1 32316710 32327994,9,2.306275046803942e-4,0.9993756841930652
NC_047565.1,27706877,NC_047565.1 27704078 27707454,3,2.2837355589027107e-4,0.9993817857012692
NC_047562.1,39936578,NC_047562.1 39928211 39947167,8,1.8682037397250263e-4,0.9994942714389379
NC_047565.1,5854798,NC_047565.1 5814753 5975394,11,1.5886658866180435e-4,0.9995699431980016
NC_047560.1,16705369,NC_047560.1 16699364 16708127,9,1.0942647279016957e-4,0.9997037791244914
NC_047566.1,48537118,NC_047566.1 48535701 48538289,7,-6.414756721130704e-5,0.9998263505321384
NC_047565.1,30197063,NC_047565.1 30191142 30200575,4,-2.685839514503199e-5,0.9999272934851049
