snpChr,snpPos,gene,carriers,r,p
NC_047568.1,21781193,NC_047568.1 21759736 21802126,4,-0.8369779230771408,1.4837722145947645e-5
NC_047562.1,26904846,NC_047562.1 26890087 26905311,7,0.8249902355033452,2.5147832741293424e-5
NC_047568.1,13788501,NC_047568.1 13752429 13837039,3,0.8173559962200668,3.4492260177606545e-5
NC_047567.1,27136143,NC_047567.1 27133298 27137371,7,0.8137193153486101,3.989411684446816e-5
NC_047568.1,19960821,NC_047568.1 19952716 19984416,8,-0.811329882779302,4.3822426882064624e-5
NC_047563.1,71170204,NC_047563.1 71168331 71171504,5,0.8094206272922292,4.7193646205432745e-5
NC_047563.1,9314942,NC_047563.1 9313744 9316890,3,0.8045356952222187,5.684000620764006e-5
NW_022994937.1,135108,NW_022994937.1 130401 135454,3,0.8016325549462906,6.333066394361686e-5
NC_047560.1,5896118,NC_047560.1 5892785 5908910,3,0.7985367901120959,7.0935625097308e-5
NC_047562.1,35108169,NC_047562.1 35084380 35143879,7,0.7952840269498717,7.974846117635066e-5
NC_047565.1,6741426,NC_047565.1 6741163 6757763,10,-0.7924836764823758,8.806379857580057e-5
NC_047566.1,41923369,NC_047566.1 41922538 41951445,9,0.7911878609107738,9.215370922166459e-5
NC_047559.1,30003471,NC_047559.1 29981337 30020965,13,-0.788404621006097,1.0148574268429311e-4
NC_047568.1,27551197,NC_047568.1 27550616 27564875,8,0.7875971273721887,1.0433858925281094e-4
NC_047562.1,35140346,NC_047562.1 35084380 35143879,7,0.7793416144833972,1.3762485470082727e-4
NC_047560.1,27783257,NC_047560.1 27779829 27785852,7,0.7727220633810504,1.7043326961963413e-4
NC_047564.1,46613345,NC_047564.1 46577131 46616684,12,0.757802210762436,2.692651377825639e-4
NC_047565.1,61413566,NC_047565.1 61410558 61417407,5,-0.7561687558745237,2.825437408862421e-4
NC_047561.1,34707785,NC_047561.1 34705293 34709381,4,0.7531627364252034,3.084233430776716e-4
NC_047561.1,49367898,NC_047561.1 49359363 49368040,3,-0.749537510499474,3.4226047397685087e-4
NC_047564.1,7228488,NC_047564.1 7226446 7235314,7,0.747800482875978,3.5954772457775803e-4
NC_047561.1,3567958,NC_047561.1 3555090 3574725,16,0.7425733176762871,4.160607200332532e-4
NC_047567.1,17735265,NC_047567.1 17722277 17744936,20,-0.7409063520316572,4.355794526823431e-4
NC_047563.1,45752860,NC_047563.1 45751508 45770346,7,0.7406149304080503,4.390694171168279e-4
NC_047564.1,34336293,NC_047564.1 34324321 34340376,4,0.739087782765932,4.5774410037893e-4
NC_047562.1,33046701,NC_047562.1 33040301 33061830,4,0.7355572688770861,5.034815018864508e-4
NC_047560.1,62962459,NC_047560.1 62653127 63119960,3,0.7341788804582051,5.223485204155622e-4
NC_047566.1,5637966,NC_047566.1 5637206 5650881,5,0.7321893239685688,5.506232037483252e-4
NC_047561.1,53270691,NC_047561.1 53270071 53272854,5,0.7314545873436183,5.613838732459205e-4
NC_047563.1,26537041,NC_047563.1 26532098 26541686,18,0.7307129635009527,5.724234328010183e-4
NC_047564.1,26058120,NC_047564.1 26037060 26072162,6,0.7293049273422141,5.938834527438065e-4
NC_047559.1,53163789,NC_047559.1 53162805 53167705,4,0.727061489528519,6.294653521163648e-4
NC_047564.1,1109766,NC_047564.1 1093827 1119467,3,-0.7186845516657425,7.784975148853006e-4
NC_047561.1,54639405,NC_047561.1 54630077 54659712,5,-0.716333449364477,8.252548172976482e-4
NC_047565.1,61930733,NC_047565.1 61928048 61931875,6,0.7087455440432653,9.924442787045099e-4
NC_047568.1,40261564,NC_047568.1 40249598 40261960,5,0.7059290819306022,0.001061273621830478
NC_047566.1,23442653,NC_047566.1 23116815 23445750,12,-0.7054073622344211,0.0010744494922144585
NC_047565.1,61930733,NC_047565.1 61929274 61933230,6,0.7050849384217516,0.001082660041720684
NC_047566.1,24304538,NC_047566.1 24297809 24404515,3,-0.7046773641067661,0.0010931135896631566
NC_047564.1,43349299,NC_047564.1 43347282 43351201,3,0.7034304786302286,0.0011256167100349964
NC_047568.1,54132649,NC_047568.1 54093436 54153085,4,-0.7030438310712442,0.0011358573527838467
NC_047566.1,45987075,NC_047566.1 45985102 46018522,6,0.7018808219909706,0.0011671286032002971
NC_047559.1,17469996,NC_047559.1 17466528 17473757,4,-0.700669831555209,0.0012004472195636987
NC_047560.1,70780679,NC_047560.1 70388123 71110591,3,0.6989238056581457,0.001249875023257693
NC_047566.1,44615870,NC_047566.1 44610086 44616603,5,-0.698275974233945,0.0012686389731509655
NC_047559.1,54107020,NC_047559.1 54096132 54115591,9,-0.6982308424066449,0.0012699548510850488
NC_047568.1,32309241,NC_047568.1 32143813 32338882,5,-0.6953636285367064,0.0013559080838312502
NC_047560.1,44284579,NC_047560.1 43984502 44478438,5,0.6943288898301735,0.0013880889475699732
NC_047561.1,3683890,NC_047561.1 3680223 3684459,5,-0.6918589413095857,0.0014674746613356224
NC_047568.1,49752010,NC_047568.1 49749992 49752228,4,-0.6904975794766602,0.001512814701896295
NC_047568.1,4327956,NC_047568.1 4307261 4330818,4,-0.6899189011156839,0.0015324360111323109
NC_047559.1,25816670,NC_047559.1 25815096 25820573,7,0.6890710204790181,0.0015615656847756405
NC_047560.1,70780679,NC_047560.1 70595196 71158665,3,0.6880396636165341,0.0015976157362202754
NC_047565.1,59160645,NC_047565.1 59158271 59202607,7,-0.6880131081863033,0.0015985529779332117
NC_047562.1,42047606,NC_047562.1 42036616 42076081,9,0.6871183794303256,0.001630398558519034
NC_047565.1,61688274,NC_047565.1 61670769 61721276,6,0.6869717818609797,0.001635666061159755
NC_047560.1,70780128,NC_047560.1 70388123 71110591,16,-0.686783941243519,0.001642436084424179
NC_047563.1,40359547,NC_047563.1 40350734 40365000,6,0.6858307183832244,0.0016771501079756277
NC_047561.1,19003844,NC_047561.1 18997453 19007221,16,-0.6847351973065449,0.0017177941118152824
NC_047563.1,36600759,NC_047563.1 36596842 36602202,13,-0.6845282287360042,0.0017255634519078421
NC_047566.1,37950249,NC_047566.1 37946412 37954695,19,0.6844681667874116,0.0017278235370426828
NC_047565.1,59539413,NC_047565.1 59535757 59546066,16,-0.6839076031927017,0.0017490354675379239
NC_047563.1,8811266,NC_047563.1 8796381 8813780,3,-0.6788404044527463,0.0019507417350946388
NC_047566.1,44856641,NC_047566.1 44853543 44912855,4,-0.6777502809076857,0.001996553774589045
NC_047559.1,32008566,NC_047559.1 32006507 32036177,10,-0.6776927758154798,0.0019989948608524115
NC_047564.1,27602368,NC_047564.1 27588448 27618845,4,-0.6775166352383866,0.002006487355780553
NC_047562.1,48095525,NC_047562.1 48091293 48098320,15,-0.6732550157575665,0.002194959062883736
NC_047564.1,50533216,NC_047564.1 50525403 50549871,3,-0.6720187102315885,0.0022522875891445803
NC_047562.1,7001351,NC_047562.1 7000942 7022108,8,-0.6697377696603682,0.0023612968792372045
NC_047561.1,57902013,NC_047561.1 57901215 57907013,7,-0.6690930780323386,0.00239288336858312
NC_047562.1,48610838,NC_047562.1 48603005 48630168,4,-0.6671323514667985,0.002491095004493508
NC_047568.1,52968596,NC_047568.1 52966076 52973420,4,0.6648045375874713,0.0026119787329311646
NC_047561.1,49026185,NC_047561.1 49024093 49066507,5,0.663109833887533,0.002702986971841718
NC_047564.1,35390893,NC_047564.1 35388522 35391183,4,-0.6621198872946688,0.0027573442035973153
NW_022994923.1,9949,NW_022994923.1 4902 29989,5,-0.6620794589139062,0.0027595830519841747
NC_047560.1,70780128,NC_047560.1 70595196 71158665,16,-0.661718879454855,0.0027796174562224867
NC_047566.1,36324606,NC_047566.1 36322433 36329408,3,0.6610839284718192,0.002815187008165011
NC_047561.1,12397862,NC_047561.1 12390927 12399675,11,-0.6561232027671757,0.0031061682760436526
NC_047560.1,62962459,NC_047560.1 62938772 62979083,3,0.6557696572558147,0.0031278139362822307
NC_047568.1,51039113,NC_047568.1 51027467 51039225,7,-0.655407465578082,0.0031501171488027713
NC_047568.1,30001192,NC_047568.1 29969207 30013746,7,-0.6550623369032896,0.003171490891490397
NC_047560.1,52641613,NC_047560.1 52633351 52642891,4,0.6549560267426349,0.003178098571795967
NC_047565.1,52770703,NC_047565.1 52741742 52794894,17,0.6539846953629225,0.00323899606894005
NC_047560.1,62661094,NC_047560.1 62653127 63119960,3,0.6524997136848005,0.003333944204670783
NC_047565.1,9241498,NC_047565.1 9225104 9252293,6,-0.6511910305806571,0.003419500106309055
NC_047566.1,27955885,NC_047566.1 27942051 27982575,6,0.6491064259476879,0.003559492025394618
NC_047568.1,16978060,NC_047568.1 16975093 16996711,21,-0.6487496103937157,0.0035839177741612094
NC_047568.1,23242267,NC_047568.1 23233978 23245361,3,-0.6475074544818548,0.003670022265679502
NC_047560.1,52641613,NC_047560.1 52639913 52643254,4,0.647341454554017,0.0036816563030504213
NC_047562.1,23091104,NC_047562.1 23091052 23093319,18,-0.6445009586716616,0.0038854553215508006
NC_047561.1,22100296,NC_047561.1 22097752 22105522,8,-0.6439990371721425,0.00392240788289559
NC_047565.1,57948340,NC_047565.1 57918754 57961599,9,0.6430319535744049,0.003994416896631697
NC_047568.1,47247349,NC_047568.1 47218765 47278318,4,-0.6417940220874927,0.004088166377531884
NC_047568.1,56466626,NC_047568.1 56466065 56470504,9,0.6387859395535136,0.004323481058186809
NW_022994945.1,166224,NW_022994945.1 102909 172306,5,0.63826938039737,0.004364980420674224
NC_047568.1,23536502,NC_047568.1 23521404 23580068,20,-0.6365334815948,0.004506827708029853
NC_047563.1,42853189,NC_047563.1 42851307 42940885,3,0.6353385431677319,0.004606638317807583
NC_047566.1,40114139,NC_047566.1 40101469 40121361,4,0.6344903741959581,0.004678571757385699
NC_047568.1,46070727,NC_047568.1 46057175 46076658,5,0.6341610444225371,0.004706747878235677
NC_047568.1,31711183,NC_047568.1 31710311 31718078,6,0.6341411673886227,0.004708452892003055
NC_047561.1,37116994,NC_047561.1 37062068 37178040,5,-0.6330753081928566,0.004800620248715321
NC_047563.1,48696351,NC_047563.1 48665644 48719501,21,0.6324973791006078,0.004851206375499866
NC_047565.1,59349740,NC_047565.1 59345642 59350729,3,-0.6320450458212648,0.00489110127739104
NC_047561.1,52439661,NC_047561.1 52439261 52449771,11,0.6316013995170442,0.004930489152758136
NC_047565.1,7469214,NC_047565.1 7460923 7471247,4,0.6311725147920978,0.004968811623716504
NC_047562.1,40661909,NC_047562.1 40661529 40663080,7,-0.629434921394229,0.005126562121557751
NW_022994960.1,107164,NW_022994960.1 71313 117315,4,-0.6291204907286423,0.005155538927329748
NC_047564.1,29172991,NC_047564.1 29065644 29180332,9,0.6277451779527204,0.005283853431002654
NC_047563.1,15426510,NC_047563.1 15422655 15427344,14,0.6269167046219464,0.005362393921031853
NC_047561.1,18146540,NC_047561.1 18137526 18148420,11,-0.6248044775622037,0.005566938993522816
NC_047564.1,46246034,NC_047564.1 46241229 46248305,4,-0.624588544329664,0.005588201877167293
NC_047566.1,23885128,NC_047566.1 23884273 23891408,9,-0.6245720159260785,0.00558983213884018
NC_047562.1,50881398,NC_047562.1 50872190 50883045,14,0.6229443790226533,0.005752275603959434
NC_047565.1,52988983,NC_047565.1 52988274 52989389,9,0.6225509486966884,0.005792110837479896
NC_047566.1,23522199,NC_047566.1 23512164 23534707,21,-0.6218184377185154,0.005866874941393004
NC_047561.1,15433075,NC_047561.1 15408533 15456039,10,-0.6202717884956064,0.006027308481077629
NC_047568.1,10025531,NC_047568.1 10006693 10031886,9,-0.6200074433434627,0.006055081638025272
NC_047564.1,59478697,NC_047564.1 59477751 59493112,5,0.6186870332105499,0.006195367812279407
NW_022994829.1,120184,NW_022994829.1 109708 243958,3,0.6179936702734141,0.006270082029472461
NC_047563.1,15696993,NC_047563.1 15690918 15722665,15,-0.617643468365269,0.006308095122952071
NC_047561.1,26841069,NC_047561.1 26839926 26843011,5,0.6171955985672195,0.006356981655452271
NC_047565.1,53897575,NC_047565.1 53799802 53902085,6,0.6170254621737207,0.006375632898863751
NC_047560.1,27785524,NC_047560.1 27779829 27785852,7,-0.6168677159499197,0.006392965458161938
NC_047564.1,33032735,NC_047564.1 33011398 33037997,4,-0.6151404427935316,0.006585261695463636
NC_047568.1,41316342,NC_047568.1 41305987 41323357,7,-0.6146928863148217,0.00663584426039327
NC_047568.1,29746759,NC_047568.1 29745303 29748889,4,-0.614389283550206,0.0066703359862561274
NC_047559.1,5934593,NC_047559.1 5928056 5940618,7,-0.6136791177480867,0.006751583584652379
NC_047563.1,8595348,NC_047563.1 8539299 8599653,19,0.6123931043222489,0.0069007496326117645
NC_047565.1,1425585,NC_047565.1 1419919 1432892,8,-0.6123923143428737,0.0069008420755398555
NC_047563.1,46809858,NC_047563.1 46809244 46826947,12,-0.6119337300887012,0.006954674687494208
NC_047568.1,40353069,NC_047568.1 40345106 40353143,17,0.6114397825115098,0.007013038001981245
NC_047566.1,55220778,NC_047566.1 55219697 55241613,4,0.610631734024084,0.007109368021325941
NC_047559.1,52366273,NC_047559.1 52350942 52370922,19,0.6102051503362819,0.007160652172315391
NC_047563.1,48708144,NC_047563.1 48665644 48719501,20,-0.6101529103327952,0.007166952996336162
NC_047565.1,3284921,NC_047565.1 3282042 3291978,3,0.6100891472537189,0.007174649725844666
NC_047565.1,38605749,NC_047565.1 38595105 38611951,5,0.6095275972495057,0.0072427223838166625
NC_047559.1,19618549,NC_047559.1 19613581 19626331,4,-0.6092459944353196,0.00727705502863921
NC_047561.1,6359199,NC_047561.1 6355699 6359942,9,0.6090663929127058,0.007299020409564771
NC_047563.1,46344206,NC_047563.1 46343688 46344818,3,0.609001353462202,0.007306987976198769
NC_047561.1,34749968,NC_047561.1 34719582 34773310,5,0.6073536852566336,0.007511189187442309
NC_047564.1,4131342,NC_047564.1 4113919 4173330,4,-0.6069639088118258,0.007560163157319816
NC_047564.1,57441945,NC_047564.1 57437238 57443346,15,0.6068370793956048,0.007576154281899879
NC_047568.1,35601356,NC_047568.1 35597581 35611418,8,0.6067879185699612,0.007582360000918993
NC_047564.1,51117706,NC_047564.1 51113881 51117841,13,0.606085737301831,0.007671447291157081
NW_022994985.1,172421,NW_022994985.1 170131 187067,13,-0.6051956724145896,0.007785583991283302
NC_047559.1,21495867,NC_047559.1 21480470 21502861,21,-0.604437373577073,0.007883901192156501
NC_047561.1,1957635,NC_047561.1 1957435 1984796,5,0.6031150298999371,0.008057744227029748
NC_047562.1,51696851,NC_047562.1 51688711 51702475,7,0.6030903161772823,0.008061022411245839
NC_047559.1,41295106,NC_047559.1 41288918 41299417,8,-0.601864211198863,0.0082250159327136
NC_047565.1,25652260,NC_047565.1 25626905 25683502,7,0.6016704682529359,0.008251173584133263
NC_047559.1,14782228,NC_047559.1 14775668 14794331,4,0.6002263969059901,0.008448259950351361
NC_047564.1,1559550,NC_047564.1 1554675 1570419,9,-0.6001303471248169,0.00846150207755394
NC_047565.1,8094171,NC_047565.1 8083397 8095772,9,0.599903318095587,0.008492868426932464
NC_047564.1,36944666,NC_047564.1 36941506 36946026,8,0.5990630159414795,0.008609780350903498
NC_047559.1,7841410,NC_047559.1 7838884 7856334,4,0.5975320881859184,0.008826108655345624
NC_047562.1,51808838,NC_047562.1 51806802 51813458,10,0.5974072361029487,0.00884394201155897
NC_047566.1,38157713,NC_047566.1 38156715 38169974,9,-0.5970993190310471,0.0088880475570517
NC_047561.1,30437680,NC_047561.1 30434185 30463886,11,-0.596590725480389,0.008961285070087333
NC_047568.1,22259557,NC_047568.1 22237480 22281431,8,-0.596549194848302,0.008967286855328311
NC_047565.1,5622158,NC_047565.1 5603145 5635882,6,-0.5964822692724441,0.00897696538497662
NC_047567.1,17315081,NC_047567.1 17314472 17335222,16,-0.5963926544291875,0.008989938308331844
NC_047564.1,36717911,NC_047564.1 36678620 36718086,9,-0.593591509572007,0.009403105323872911
NC_047564.1,44321705,NC_047564.1 44320780 44321908,14,-0.5930072575447111,0.009491174735499677
NC_047563.1,37044143,NC_047563.1 37012588 37045416,6,0.5926926837244052,0.009538866872672422
NC_047560.1,304298,NC_047560.1 280854 614839,6,-0.5920099175606864,0.009643042523711206
NC_047564.1,762765,NC_047564.1 754249 764411,8,-0.5914875119449853,0.00972336581524573
NC_047567.1,1871922,NC_047567.1 1645006 2210384,6,0.5913892129225203,0.009738539801159995
NC_047564.1,54208291,NC_047564.1 54202375 54221434,3,-0.5904903463528466,0.009878177428593028
NC_047567.1,10931057,NC_047567.1 10869286 10952099,7,0.5903085468652102,0.009906614088116997
NC_047560.1,4121693,NC_047560.1 3998385 4494423,6,0.589853739569715,0.009978041801239342
NC_047568.1,28908617,NC_047568.1 28906636 28916274,3,-0.5891646922127918,0.01008704365771332
NC_047561.1,44395374,NC_047561.1 44348859 44406120,3,0.5885522525924725,0.010184726564324191
NC_047567.1,30214846,NC_047567.1 30199793 30231788,13,0.5881380942810517,0.01025121284399109
NC_047562.1,27977194,NC_047562.1 27955005 27999613,3,0.5876479916211538,0.010330339807457057
NC_047563.1,56244802,NC_047563.1 56225183 56258621,3,0.5872931613024343,0.010387932035494962
NC_047561.1,18144026,NC_047561.1 18137526 18148420,12,-0.5868720597293828,0.010456614325971813
NC_047563.1,25682449,NC_047563.1 25677208 25683952,5,0.5858052936396613,0.010632235118532372
NC_047565.1,30182770,NC_047565.1 30181318 30187622,21,-0.585716404442739,0.010646974845448416
NC_047562.1,48296421,NC_047562.1 48274311 48304737,10,0.5854497719009575,0.0106912864239986
NC_047568.1,20897175,NC_047568.1 20874103 20897549,4,0.583140981836902,0.011081193227264485
NC_047568.1,40377208,NC_047568.1 40368012 40378423,5,0.5827381445806091,0.011150375024990332
NC_047561.1,55475654,NC_047561.1 55442541 55490447,14,-0.5824701383270104,0.011196592551997961
NC_047566.1,1347256,NC_047566.1 1123256 1348320,7,-0.5821482498729097,0.011252304465419406
NC_047561.1,2696216,NC_047561.1 2695918 2715956,5,0.5817069306596472,0.011329047430709888
NC_047563.1,8531909,NC_047563.1 8530782 8532542,17,-0.5808489016135118,0.011479451829719019
NC_047566.1,33587792,NC_047566.1 33578860 33588921,4,-0.5798061765349082,0.011664375963096602
NC_047561.1,50120322,NC_047561.1 50086480 50121986,8,-0.5782566767500239,0.011943564695628739
NC_047559.1,21834173,NC_047559.1 21832735 21835199,5,0.5777508260931504,0.012035855356713534
NC_047561.1,14638059,NC_047561.1 14629133 14644359,5,0.575081805267771,0.012532281915723486
NC_047565.1,49453202,NC_047565.1 49448907 49476838,3,-0.5750572013672178,0.01253693291132311
NC_047561.1,24685193,NC_047561.1 24678407 24685596,21,-0.5739908648736699,0.012739834421168742
NC_047567.1,20095579,NC_047567.1 20093127 20306721,7,0.5739664974779325,0.01274450143366819
NW_022994789.1,501082,NW_022994789.1 500649 513233,3,0.5731576188703805,0.012900198759035149
NC_047566.1,1364342,NC_047566.1 1354633 1414618,11,-0.5730843336871999,0.012914379644311446
NC_047561.1,52629057,NC_047561.1 52624215 52629902,21,0.5717478688992855,0.013175175783917588
NC_047567.1,6662427,NC_047567.1 6660354 6669139,9,0.5713634612613536,0.013250960231307254
NC_047559.1,17068371,NC_047559.1 17041574 17072661,3,-0.5707955637800063,0.013363553860487555
NC_047561.1,9993868,NC_047561.1 9984933 10001019,8,-0.5705624579083741,0.013409990292262345
NC_047567.1,27111925,NC_047567.1 27102986 27123443,3,0.5700554292406266,0.013511437828944334
NC_047562.1,46451130,NC_047562.1 46420933 46453510,7,-0.5699776532668677,0.013527053329311457
NC_047565.1,26595216,NC_047565.1 26573739 26625290,12,-0.5698806029813992,0.01354655877912218
NC_047564.1,37900467,NC_047564.1 37851279 37912830,4,0.5695843248812626,0.013606244142804164
NC_047568.1,51099074,NC_047568.1 51097839 51101522,14,-0.5691727776978127,0.01368949757144887
NC_047562.1,35223616,NC_047562.1 35217104 35242189,4,0.5690385975517547,0.01371672882280587
NC_047561.1,46552603,NC_047561.1 46530488 46558386,4,-0.5684358244865657,0.013839591048751987
NC_047566.1,32616655,NC_047566.1 32613084 32618940,13,0.5682510680024973,0.013877424410776138
NC_047563.1,4111027,NC_047563.1 4109573 4112336,14,-0.5669605209178729,0.014143995139767395
NC_047564.1,41756057,NC_047564.1 41749123 41768840,4,-0.5667782212006602,0.0141819761456369
NC_047565.1,28527855,NC_047565.1 28526117 28566194,5,0.5663935315027556,0.01426238988862
NC_047565.1,49097301,NC_047565.1 49092763 49097892,21,-0.5657373682266731,0.01440038707688504
NC_047561.1,3292156,NC_047561.1 3291373 3294159,4,0.5656354058328947,0.014421925611997373
NC_047561.1,715753,NC_047561.1 705305 748557,12,0.5652620869620609,0.014501003999559435
NC_047564.1,39856512,NC_047564.1 39849817 39860467,5,0.5641568173634763,0.014737149416689245
NC_047562.1,42214078,NC_047562.1 42210421 42215533,3,0.5638693040466684,0.014799075510902794
NC_047568.1,55293738,NC_047568.1 55291402 55294699,3,0.5635727362230817,0.014863168085978016
NC_047563.1,1180159,NC_047563.1 1178218 1183945,7,0.5635216074077601,0.014874239993150684
NC_047566.1,5637966,NC_047566.1 5617295 5650849,5,0.56350771143957,0.01487725028602285
NC_047562.1,27641035,NC_047562.1 27640819 27648146,3,0.5623601585175666,0.015127519548831164
NC_047560.1,70780679,NC_047560.1 70690070 71346242,3,0.562048221417691,0.015196123888179156
NC_047564.1,8239093,NC_047564.1 8232230 8249279,9,-0.5619032016371974,0.015228102025430096
NC_047568.1,42142941,NC_047568.1 42134474 42143136,11,0.5615773094319774,0.015300158905207549
NC_047565.1,59760639,NC_047565.1 59749566 59761339,4,0.5615436181305928,0.015307623667609786
NC_047561.1,51336459,NC_047561.1 51295820 51346813,17,-0.5612511610802728,0.015372542913286083
NC_047559.1,16390791,NC_047559.1 16389306 16415333,17,-0.5604068059904164,0.01556119771081096
NW_022994937.1,321300,NW_022994937.1 316176 337179,3,0.5602778743776796,0.01559016579689201
NC_047565.1,46991929,NC_047565.1 46989095 47000517,16,-0.5597559202703931,0.015707874472119087
NC_047568.1,42326718,NC_047568.1 42320503 42330041,3,-0.5595006327884308,0.01576570163742572
NC_047566.1,43745039,NC_047566.1 43743309 43746011,3,0.5588898597302356,0.015904737387356538
NC_047565.1,53991280,NC_047565.1 53974838 53995877,8,0.5585878483880024,0.01597384491378255
NC_047564.1,37442587,NC_047564.1 37431267 37462795,3,0.5583138350213078,0.016036751432817672
NW_022994927.1,107764,NW_022994927.1 106708 116001,4,0.5579255070121879,0.01612623760167479
NW_022994945.1,446613,NW_022994945.1 445061 446997,8,0.557696299967435,0.016179241282193512
NC_047568.1,32109753,NC_047568.1 32107084 32115014,8,0.5570918716810984,0.016319675877974515
NC_047568.1,9512544,NC_047568.1 9511990 9515873,9,0.5570605132834936,0.016326988021144292
NC_047560.1,70845543,NC_047560.1 70388123 71110591,8,-0.5567825230285252,0.01639192318724735
NC_047559.1,33376157,NC_047559.1 33373866 33376721,5,-0.5566175728666136,0.016430550077954055
NC_047565.1,12287722,NC_047565.1 12284484 12288826,19,-0.5560153378054438,0.016572189399034907
NC_047564.1,27772515,NC_047564.1 27768060 27784819,8,0.5557404748138147,0.01663715451755661
NC_047559.1,11527882,NC_047559.1 11527270 11532728,4,-0.5556503605810026,0.016658497227166735
NC_047564.1,28850754,NC_047564.1 28840283 28852377,8,-0.5541987374228725,0.017005295207796676
NC_047563.1,63165270,NC_047563.1 63158956 63165349,13,-0.5533053787244051,0.017221542823099036
NC_047562.1,13258204,NC_047562.1 13246768 13275546,10,-0.5528393356928126,0.017335213201294046
NC_047562.1,27688755,NC_047562.1 27688457 27690406,6,0.5527957383641369,0.017345877070683323
NC_047565.1,3699890,NC_047565.1 3697204 3710676,7,-0.5527187164096734,0.017364729241954972
NC_047567.1,29155932,NC_047567.1 29082988 29299162,19,0.5523668955982309,0.017451048135333585
NC_047559.1,22327426,NC_047559.1 22316779 22329682,10,-0.5521413259665489,0.017506569520151616
NC_047565.1,33604075,NC_047565.1 33603644 33607019,6,0.5520008032580226,0.01754122805379322
NC_047559.1,47901497,NC_047559.1 47897340 47919307,6,-0.5517994208463609,0.017590991494211835
NC_047568.1,1897411,NC_047568.1 1896494 1901244,3,0.5517036118909473,0.017614705874006268
NC_047559.1,5347329,NC_047559.1 5320973 5359020,7,0.5512049648972938,0.017738537632315688
NC_047561.1,50810530,NC_047561.1 50791181 50815953,10,-0.5507643561058528,0.017848527535354777
NC_047566.1,50843679,NC_047566.1 50816539 50848619,18,-0.5503518499775959,0.017951989438633718
NC_047566.1,52974377,NC_047566.1 52973939 52976665,5,-0.5500017569503899,0.018040168163989852
NC_047565.1,9257114,NC_047565.1 9255170 9277517,4,0.5499975692310795,0.018041224999171736
NC_047566.1,7711962,NC_047566.1 7674237 7715471,11,-0.549779808974709,0.01809624750156392
NC_047563.1,41463735,NC_047563.1 41460723 41464279,10,0.549565844951547,0.01815043968168128
NC_047561.1,57960374,NC_047561.1 57923731 57965548,3,-0.5489181914640175,0.018315256222675224
NC_047565.1,43016088,NC_047565.1 43015542 43018690,19,0.5489001104005714,0.01831987441810907
NC_047560.1,56575751,NC_047560.1 56572758 56578822,18,0.5487916014030659,0.018347608667164093
NC_047563.1,18934116,NC_047563.1 18932088 18936903,6,-0.548569148640588,0.018404569793981744
NC_047562.1,23678481,NC_047562.1 23677659 23704950,9,-0.5478418041654702,0.018591787306753083
NC_047565.1,26601174,NC_047565.1 26573739 26625290,3,-0.5474922430134893,0.018682296438648337
NC_047559.1,15102206,NC_047559.1 15102095 15103790,6,0.5465753680255016,0.018921346656511583
NC_047559.1,3839979,NC_047559.1 3838453 3860358,8,-0.5461432096115486,0.019034852667003395
NW_022994922.1,81335,NW_022994922.1 70949 82299,12,0.5455663726217163,0.01918719346439581
NC_047565.1,55575128,NC_047565.1 55574675 55581002,6,-0.5455630841611188,0.01918806468041952
NC_047559.1,48047173,NC_047559.1 47969777 48069735,3,-0.5445707677652438,0.019452387016815637
NC_047568.1,11257256,NC_047568.1 11251121 11266405,7,0.5419728319919342,0.020157986911189897
NC_047565.1,6478813,NC_047565.1 6474605 6481403,6,0.5416603891680207,0.02024418422229981
NC_047559.1,44876481,NC_047559.1 44873357 44880007,8,-0.5414343351539593,0.0203067288963437
NC_047567.1,4533834,NC_047567.1 4527016 4840096,14,0.5411782087581646,0.02037777745354413
NC_047561.1,10230785,NC_047561.1 10230213 10254992,8,0.5410365924492235,0.0204171451149822
NC_047561.1,11905939,NC_047561.1 11892752 11908667,9,-0.5408116085079866,0.02047981088523062
NC_047568.1,33393046,NC_047568.1 33376115 33406778,3,-0.5403939777381614,0.020596536065548822
NC_047564.1,38273407,NC_047564.1 38263411 38302155,4,0.5399013913045457,0.020734882064005592
NC_047568.1,53754634,NC_047568.1 53754283 53758291,6,0.5397468607554291,0.020778433024766254
NC_047565.1,38804304,NC_047565.1 38804182 38814665,3,0.5389781624350496,0.020996142162427078
NC_047565.1,31011890,NC_047565.1 31007622 31025408,14,0.538863037636626,0.021028901191960776
NC_047565.1,6343339,NC_047565.1 6340442 6352698,21,0.5386507763347766,0.0210894058378086
NC_047565.1,42413738,NC_047565.1 42392531 42428574,3,0.5381214265368649,0.021240891422669887
NC_047563.1,37407867,NC_047563.1 37400459 37412612,9,-0.537929124801705,0.021296133966205732
NC_047562.1,28960140,NC_047562.1 28929402 28967220,19,-0.5379223952900875,0.021298069193811834
NC_047564.1,6146754,NC_047564.1 6142847 6148373,14,-0.53774424516743,0.02134935061527399
NC_047563.1,26091646,NC_047563.1 26086274 26092686,8,0.5371950720865944,0.021508042867382105
NC_047566.1,55220778,NC_047566.1 55208923 55254999,4,0.5371346707980319,0.021525553109944747
NC_047561.1,705170,NC_047561.1 697127 705337,9,0.5369957709552345,0.02156586239703328
NC_047568.1,47064177,NC_047568.1 47063431 47068892,5,-0.5368395281298286,0.021611275429680877
NC_047565.1,48202507,NC_047565.1 48195762 48207869,3,0.536675392603959,0.021659063288821855
NC_047568.1,50047880,NC_047568.1 50046886 50048498,11,0.5364664755268473,0.021720009088362868
NC_047561.1,49316511,NC_047561.1 49300216 49331305,4,-0.5361925283703775,0.021800129346221952
NC_047566.1,27057614,NC_047566.1 27051771 27070177,7,-0.5357853692440594,0.02191963760116062
NC_047563.1,66023871,NC_047563.1 66023764 66027580,7,0.5357059308899403,0.021943013901239917
NC_047563.1,48702262,NC_047563.1 48665644 48719501,7,-0.5351764396210038,0.022099326871813662
NC_047559.1,36362419,NC_047559.1 36361049 36380092,4,-0.5347941590733384,0.022212722762936548
NC_047562.1,17396194,NC_047562.1 17384878 17401529,8,0.5345310672260152,0.02229102823309675
NC_047561.1,18169487,NC_047561.1 18167130 18170991,13,-0.5339232211583597,0.02247277201841052
NC_047568.1,54739599,NC_047568.1 54729958 54793813,7,0.5335886923876842,0.022573288929561876
NC_047568.1,2352063,NC_047568.1 2351947 2358398,13,-0.5328616888609359,0.02279294808803483
NC_047562.1,47836275,NC_047562.1 47832156 47836743,7,-0.5327300286905827,0.022832906668257685
NC_047561.1,555491,NC_047561.1 554932 577971,18,-0.5327241327454079,0.022834697357137234
NC_047568.1,48128875,NC_047568.1 48127854 48129808,3,0.5320345018401026,0.023044908579392703
NC_047565.1,57873760,NC_047565.1 57839567 57918668,3,0.5318374557988333,0.023105248883177852
NW_022994923.1,10964,NW_022994923.1 4902 29989,21,0.5317149735236018,0.023142818210273287
NC_047562.1,52856068,NC_047562.1 52851727 52872031,11,0.5317047034759751,0.023145970541219644
NC_047565.1,44198216,NC_047565.1 44197946 44215690,17,-0.5314205074724122,0.023233336218412084
NW_022994998.1,1308,NW_022994998.1 1077 17682,12,0.531351195436325,0.023254682756462308
NC_047563.1,6040673,NC_047563.1 6039735 6041423,7,0.5313274155286312,0.0232620099640495
NC_047560.1,62877789,NC_047560.1 62653127 63119960,13,0.5312259540799429,0.023293293170327835
NC_047568.1,47095840,NC_047568.1 47095406 47109813,20,-0.5311699109770267,0.023310586823390676
NC_047561.1,7347172,NC_047561.1 7344588 7350746,17,0.5310492492890857,0.023347854425352168
NC_047565.1,18165272,NC_047565.1 18159549 18167642,6,0.5306540669914716,0.023470236932983796
NC_047561.1,6393812,NC_047561.1 6391955 6410898,3,-0.5305221698847679,0.023511195127202764
NC_047559.1,42352857,NC_047559.1 42343299 42355068,5,0.5303418111042183,0.023567292650877116
NW_022994961.1,119992,NW_022994961.1 118235 123944,8,-0.5301587544287955,0.023624336284733035
NC_047564.1,32965676,NC_047564.1 32957077 32966920,5,0.5294383182680424,0.023849886008460143
NC_047562.1,50062927,NC_047562.1 50062149 50063951,4,-0.5290020144207556,0.023987297470681828
NC_047568.1,867323,NC_047568.1 866915 878639,11,-0.5283903947188526,0.024180964378256523
NC_047561.1,5230521,NC_047561.1 5226437 5250171,14,-0.5279960075186635,0.024306491859970854
NC_047559.1,41192045,NC_047559.1 41187162 41194880,8,0.5276922662464024,0.02440351461375651
NC_047566.1,52872299,NC_047566.1 52865192 52873607,15,-0.5276112691504252,0.024429438176343115
NC_047568.1,46368692,NC_047568.1 46365345 46385623,5,0.5274919828181097,0.02446765557221534
NC_047562.1,16428051,NC_047562.1 16427843 16436751,9,-0.5273449311523762,0.024514832766182833
NC_047566.1,7020673,NC_047566.1 7019622 7026560,11,0.527018089515786,0.024619944662792135
NC_047561.1,13723627,NC_047561.1 13722460 13724610,6,-0.5269649077520087,0.02463708109068896
NC_047563.1,6141288,NC_047563.1 6138624 6144324,10,-0.5268775829398061,0.02466523941769209
NC_047561.1,11005527,NC_047561.1 11001125 11012246,3,0.526180514899306,0.024890914322206307
NC_047561.1,12398103,NC_047561.1 12390927 12399675,6,-0.5259530409447317,0.02496490639269948
NC_047564.1,5794497,NC_047564.1 5787869 5802114,5,-0.5258596365218279,0.024995338374285702
NC_047565.1,32362750,NC_047565.1 32359161 32364196,6,0.5257818119173162,0.025020716414275952
NC_047565.1,12465890,NC_047565.1 12460472 12467986,6,-0.5256707257455782,0.025056975635845448
NW_022994951.1,30987,NW_022994951.1 22546 50391,8,-0.5251928600755039,0.025213421739890184
NC_047564.1,54265648,NC_047564.1 54232921 54281927,3,-0.5251222175201327,0.02523661355701458
NC_047567.1,13568578,NC_047567.1 13552033 13570005,8,0.5245167315642222,0.025436076661374103
NC_047559.1,9976471,NC_047559.1 9973952 9982028,18,0.5244337074271512,0.02546352257164079
NC_047561.1,36106101,NC_047561.1 36103726 36110486,6,0.5241650191948486,0.02555250317391922
NC_047568.1,56813824,NC_047568.1 56810577 56860161,4,-0.5232497172045739,0.025857441530002204
NC_047561.1,41401574,NC_047561.1 41384676 41401886,8,-0.5228452947214266,0.025993077259767277
NC_047562.1,35125760,NC_047562.1 35084380 35143879,7,0.5224457821990508,0.02612760993944748
NC_047566.1,28091263,NC_047566.1 28082887 28094633,3,-0.5224418628633422,0.026128932426012167
NC_047565.1,30434488,NC_047565.1 30419705 30441488,5,-0.5222585971762856,0.026190829319096633
NC_047565.1,61969014,NC_047565.1 61966563 61969122,10,-0.5219175935463981,0.026306305180018606
NW_022994829.1,191526,NW_022994829.1 109708 243958,3,0.5218389484324448,0.02633299337096931
NC_047560.1,3944848,NC_047560.1 3843693 3946131,3,0.5208417802243647,0.02667321395414566
NC_047568.1,45885164,NC_047568.1 45878306 45886256,21,-0.5205480912514087,0.02677406610499336
NC_047561.1,52439661,NC_047561.1 52437527 52440773,11,0.520375461977327,0.02683348495414044
NC_047559.1,47096752,NC_047559.1 47095848 47100435,4,-0.5201223589457609,0.026920788265511274
NC_047563.1,65528496,NC_047563.1 65484772 65533285,16,0.5200488905399815,0.02694617120400504
NC_047561.1,24503254,NC_047561.1 24503071 24505298,3,-0.5199017006508895,0.02699708053973029
NC_047563.1,67521972,NC_047563.1 67517309 67522883,6,0.5198249627465295,0.027023651938911625
NC_047562.1,27577506,NC_047562.1 27571517 27583644,10,-0.519640052782974,0.027087762764193668
NW_022994976.1,12908,NW_022994976.1 8303 25573,4,0.5195097907548235,0.02713299738611388
NC_047563.1,39634637,NC_047563.1 39630104 39639606,12,-0.5194820013807145,0.027142655087976367
NC_047565.1,3557296,NC_047565.1 3546608 3562244,3,-0.5193462538332574,0.027189870168332343
NC_047565.1,3699890,NC_047565.1 3687847 3716202,7,-0.5193096656956301,0.027202607006796765
NC_047568.1,55445204,NC_047568.1 55427966 55452087,3,0.5193036413394239,0.02720470461366425
NC_047559.1,39199084,NC_047559.1 39188667 39203055,21,0.5188988168574244,0.02734594803794961
NC_047559.1,31776798,NC_047559.1 31773226 31785116,16,-0.5185110496384808,0.027481774242793064
NC_047566.1,19517613,NC_047566.1 19517594 19520879,5,0.518375179461295,0.027529490418265926
NC_047560.1,52785752,NC_047560.1 52774760 52788113,10,0.5178215424557131,0.02772458817451964
NC_047559.1,34060050,NC_047559.1 34041181 34086104,3,-0.5177108258772634,0.027763732517309882
NC_047566.1,47193224,NC_047566.1 47188718 47199127,7,-0.5175122284194762,0.027834055145908528
NC_047564.1,5736921,NC_047564.1 5734529 5740165,5,-0.5174058836645243,0.027871768290471832
NC_047561.1,13281624,NC_047561.1 13273092 13282089,5,-0.5168041285358885,0.028085917874248578
NC_047560.1,70779712,NC_047560.1 70388123 71110591,10,0.516779630234299,0.02809466320240375
NC_047561.1,49123012,NC_047561.1 49110524 49140908,20,0.5164100885064034,0.02822683784701472
NC_047566.1,44777852,NC_047566.1 44771077 44794380,4,0.5162653786196726,0.028278727870829024
NC_047565.1,15497925,NC_047565.1 15490776 15503496,8,-0.5160310682943066,0.028362903834914327
NC_047561.1,57556805,NC_047561.1 57556277 57573919,12,0.5159403143399035,0.028395559406229023
NC_047566.1,57602374,NC_047566.1 57594731 57610163,7,0.5157859780684919,0.028451160533512602
NC_047561.1,47713719,NC_047561.1 47707125 47713904,3,-0.5157676289558767,0.02845777659592823
NC_047561.1,30867046,NC_047561.1 30864115 30910882,3,-0.5155349715568014,0.028541768528185053
NC_047563.1,67521972,NC_047563.1 67505289 67525234,6,0.5153940041934295,0.028592752871913686
NC_047559.1,29617700,NC_047559.1 29616427 29621171,11,-0.5151880265782685,0.02866737686772124
NC_047559.1,42860552,NC_047559.1 42856936 42863846,21,0.5148296650939708,0.028797568471204547
NC_047564.1,5736921,NC_047564.1 5734244 5745286,5,-0.5147071281944096,0.028842190848670797
NC_047566.1,43857068,NC_047566.1 43826397 43876386,5,0.5144451301200471,0.028937778641682864
NC_047568.1,36431012,NC_047568.1 36413594 36432276,13,-0.5142406518996265,0.02901255141988571
NC_047559.1,9683970,NC_047559.1 9675518 9690474,13,-0.514204615785144,0.02902574448250769
NC_047561.1,33044766,NC_047561.1 33042636 33044849,5,-0.5141131165763068,0.029059263866308666
NW_022994865.1,218432,NW_022994865.1 211653 220102,5,-0.5135850479347702,0.02925330112815493
NC_047565.1,48286261,NC_047565.1 48285319 48288058,15,0.5134381561775021,0.029307454280525037
NC_047559.1,32679918,NC_047559.1 32678064 32683061,14,-0.5128062825977643,0.029541287923334384
NC_047564.1,4453645,NC_047564.1 4450966 4460080,7,0.5127116489922129,0.029576432566617423
NC_047561.1,43691868,NC_047561.1 43687772 43713405,7,-0.5126548726503886,0.02959753348334584
NC_047564.1,41177546,NC_047564.1 41161925 41193495,4,0.5125980989899491,0.029618645069878387
NC_047567.1,27562650,NC_047567.1 27557010 27576103,5,-0.512455184476366,0.029671840262548394
NC_047568.1,5227517,NC_047568.1 5219934 5252478,8,-0.511879002037868,0.02988705654023088
NC_047561.1,6180583,NC_047561.1 6176849 6181398,8,-0.5118555272870153,0.029895850425011233
NC_047562.1,35884773,NC_047562.1 35882792 35903798,5,0.5118306785338066,0.029905161209443018
NC_047559.1,21057437,NC_047559.1 21054381 21069030,5,0.5117744936156423,0.029926221883373582
NC_047565.1,53464583,NC_047565.1 53450748 53469242,13,-0.5115644210851357,0.030005068488870055
NC_047563.1,369299,NC_047563.1 175641 457526,11,-0.5113187979945975,0.03009746228469169
NC_047561.1,30345058,NC_047561.1 30326738 30433280,9,-0.5112251523425049,0.03013274608308364
NC_047561.1,34213876,NC_047561.1 34198460 34215889,10,-0.5104179157791368,0.030438226676904316
NW_022994958.1,58506,NW_022994958.1 38466 86290,6,-0.5101868398400795,0.030526112068908574
NC_047559.1,43947371,NC_047559.1 43936358 43950720,3,0.5101279129730396,0.030548555198654348
NC_047564.1,29081889,NC_047564.1 29065644 29180332,8,-0.5100868415950207,0.03056420536565085
NC_047562.1,13264147,NC_047562.1 13246768 13275546,4,0.5099048167365146,0.030633640296664072
NC_047566.1,56219989,NC_047566.1 56191955 56228374,10,0.5093904390786019,0.030830514164097794
NC_047561.1,47372204,NC_047561.1 47361628 47376161,5,-0.509207091534218,0.030900925130656856
NC_047568.1,52165449,NC_047568.1 52164817 52167330,4,-0.5091484121728392,0.03092348603081053
NC_047560.1,51379860,NC_047560.1 51373426 51385674,7,-0.5091140023598814,0.03093672175988969
NC_047564.1,29337153,NC_047564.1 29333088 29337904,4,0.5090543085877345,0.030959693356799625
NC_047561.1,7319687,NC_047561.1 7314753 7322070,8,-0.5089233847753748,0.031010122195828573
NC_047567.1,8997687,NC_047567.1 8966856 8999331,6,0.5085021662189255,0.03117279709970468
NC_047562.1,47025621,NC_047562.1 46999310 47030276,7,0.5081617221778214,0.031304758499047056
NC_047561.1,58130635,NC_047561.1 58128598 58131194,17,-0.5080598813043388,0.03134431742388554
NC_047564.1,543601,NC_047564.1 541982 548605,10,-0.5079319033978867,0.03139408377833038
NC_047564.1,43973990,NC_047564.1 43969011 43980614,5,0.507649315035384,0.031504189392562144
NC_047564.1,24006968,NC_047564.1 24005559 24013217,11,-0.5074329676011539,0.03158868697612968
NC_047562.1,32079497,NC_047562.1 32079199 32082864,18,-0.5073112854858864,0.0316362885810155
NC_047561.1,43150135,NC_047561.1 43147508 43152728,4,0.5071259958571832,0.03170887969180264
NC_047562.1,35570004,NC_047562.1 35563106 35577078,21,-0.5070702644900235,0.03173073879175732
NC_047566.1,6511229,NC_047566.1 6498737 6636556,11,0.5069729217367676,0.03176894675079323
NC_047566.1,43834681,NC_047566.1 43826397 43876386,5,-0.5067754865152033,0.03184655114462478
NC_047563.1,9653821,NC_047563.1 9640167 9658537,3,-0.5065885339286909,0.03192017016025002
NC_047565.1,59341405,NC_047565.1 59340841 59343200,3,-0.5064483873418733,0.03197544388423849
NC_047562.1,2676993,NC_047562.1 2655047 2692963,16,-0.5059138250927425,0.03218695416094115
NC_047565.1,58750902,NC_047565.1 58728957 58752433,10,-0.5057109913891433,0.03226749158249788
NC_047561.1,31741062,NC_047561.1 31740835 31751288,6,-0.5054465957862017,0.032372706411629974
NC_047564.1,35213901,NC_047564.1 35206747 35214437,12,0.5052240241504586,0.032461482823190245
NC_047563.1,18755326,NC_047563.1 18740363 18786437,16,0.5050223648646552,0.03254208019875103
NC_047568.1,13783493,NC_047568.1 13752429 13837039,16,-0.5036752813254316,0.03308444048588175
NC_047567.1,3447987,NC_047567.1 3430339 3448163,8,-0.5034730874603222,0.033166445639286564
NC_047562.1,42611895,NC_047562.1 42605640 42621531,17,0.5032269206339595,0.03326649676152276
NC_047561.1,13400048,NC_047561.1 13396529 13400526,4,0.5029352144987201,0.03338535790049492
NC_047559.1,1440714,NC_047559.1 1437367 1441727,4,0.5026776800021088,0.03349056713102431
NC_047567.1,16119179,NC_047567.1 16080443 16131932,3,0.5025749669906402,0.03353259918341996
NC_047567.1,28322230,NC_047567.1 28316714 28323113,4,0.5022856810942244,0.033651198903240455
NC_047559.1,37539958,NC_047559.1 37519271 37542681,7,0.5022485537560895,0.0336664435327782
NC_047567.1,23991929,NC_047567.1 23981415 24023655,8,0.502146301473399,0.03370845624070115
NC_047564.1,56022467,NC_047564.1 56019910 56022478,8,-0.501752268543674,0.033870731806219315
NC_047566.1,44056091,NC_047566.1 44055189 44056607,14,0.5014000259681438,0.034016305809562955
NC_047564.1,5794503,NC_047564.1 5787869 5802114,5,-0.5009379713423237,0.034207993092816746
NC_047561.1,1307217,NC_047561.1 1303815 1310393,3,-0.5007798183744601,0.03427379498289062
NC_047567.1,22673658,NC_047567.1 22638999 22673753,5,-0.5007736221733002,0.03427637498762167
NC_047568.1,51034412,NC_047568.1 51027467 51039225,4,-0.5002682381624179,0.03448731347130943
NC_047565.1,58729354,NC_047565.1 58728957 58752433,3,-0.4999180237395594,0.03463407223267843
NC_047559.1,41538640,NC_047559.1 41519299 41545670,15,0.49969914323908793,0.034726038848852454
NC_047564.1,35766857,NC_047564.1 35755841 35766951,15,-0.4993642631832649,0.03486710848942968
NC_047562.1,2974302,NC_047562.1 2972692 2975304,3,0.49934664521836997,0.03487454232568191
NC_047565.1,48831946,NC_047565.1 48828672 48840618,10,-0.49932780405786265,0.03488249363467499
NC_047562.1,22226758,NC_047562.1 22210644 22238428,8,-0.4992142984686543,0.03493042456385735
NC_047563.1,59358490,NC_047563.1 59351215 59392976,5,-0.4987123308571442,0.03514300253417637
NC_047561.1,57556805,NC_047561.1 57531051 57559606,12,-0.4987122362951856,0.03514304267371397
NW_022994962.1,167015,NW_022994962.1 126631 171037,10,0.4982118009548311,0.03535596136610731
NC_047559.1,51215223,NC_047559.1 51130411 51234319,10,-0.49805910291379046,0.03542112649864645
NC_047564.1,42923113,NC_047564.1 42922595 42960325,4,0.4980097805842941,0.035442194930311546
NC_047564.1,46480218,NC_047564.1 46471269 46482404,4,0.4978958569028077,0.035490895192131104
NC_047561.1,46854130,NC_047561.1 46842343 46894662,13,0.49745299829879314,0.03568069807118725
NC_047565.1,4820396,NC_047565.1 4810087 4830680,19,-0.49734190291308017,0.035728434185868976
NC_047562.1,35086813,NC_047562.1 35084380 35143879,8,-0.4971622215577297,0.03580574463033092
NC_047563.1,9929813,NC_047563.1 9928373 9936677,5,-0.49696683920916623,0.03588995653032081
NC_047560.1,5779220,NC_047560.1 5771610 5785784,3,0.49693447890205916,0.03590391885476945
NC_047559.1,43542994,NC_047559.1 43539428 43546561,10,-0.49644427123975926,0.03611593715570866
NC_047560.1,70780128,NC_047560.1 70690070 71346242,16,-0.4958347610872328,0.03638089492505511
NC_047564.1,15995140,NC_047564.1 15951484 16004880,6,-0.49532579756918,0.03660328633903217
NC_047568.1,46884687,NC_047568.1 46881850 46897153,4,0.49502207488441385,0.03673649434505677
NC_047566.1,8587927,NC_047566.1 8583694 8588258,12,0.49479982053120103,0.03683420723704008
NC_047565.1,52662566,NC_047565.1 52647418 52666601,9,0.49476414854729334,0.0368499087914524
NC_047568.1,4171874,NC_047568.1 4169370 4176518,9,0.4938841505350518,0.03723888249169132
NC_047565.1,9850862,NC_047565.1 9842383 9882001,8,-0.49386777837020246,0.037246148990755776
NC_047559.1,41135245,NC_047559.1 41130725 41138012,5,-0.49382853966750156,0.037263568831488306
NC_047562.1,17034668,NC_047562.1 16932800 17038841,9,0.49382501479359137,0.03726513398893582
NC_047560.1,27783089,NC_047560.1 27779829 27785852,3,0.4935500682818436,0.03738737459476183
NC_047563.1,369299,NC_047563.1 191191 650035,11,-0.4933811928076033,0.03746260861425935
NC_047564.1,46177736,NC_047564.1 46175335 46178462,5,-0.49323957607641356,0.03752578835009586
NC_047564.1,32548573,NC_047564.1 32545000 32556467,9,0.492818557910307,0.03771410072605508
NC_047568.1,44423395,NC_047568.1 44412134 44437306,18,0.492557465288783,0.037831245374651844
NC_047561.1,28575432,NC_047561.1 28570909 28741658,7,-0.49255237599823426,0.03783353155984353
NC_047562.1,14475845,NC_047562.1 14474480 14477014,8,-0.49249650848694265,0.037858635043802026
NC_047565.1,30420254,NC_047565.1 30419705 30441488,7,0.4923593114131996,0.037920337312816826
NC_047568.1,12303896,NC_047568.1 12169358 12325905,3,-0.4922182448296991,0.037983860198208354
NW_022994922.1,73182,NW_022994922.1 70949 82299,9,-0.4922011402756102,0.03799156799401019
NC_047561.1,48857025,NC_047561.1 48851753 48859736,7,-0.4921337791364751,0.038021934488513265
NW_022994989.1,128999,NW_022994989.1 127904 129156,18,0.49189997738385277,0.03812747702907748
NC_047561.1,23968137,NC_047561.1 23938074 23978368,6,0.49187691045464166,0.0381379020356577
NC_047564.1,38391488,NC_047564.1 38390198 38392920,5,-0.4918570985069578,0.038146857710353636
NC_047568.1,45565744,NC_047568.1 45562249 45571944,3,0.491849643795646,0.038150227910940665
NC_047565.1,55744049,NC_047565.1 55741038 55760777,4,0.49181925497586476,0.038163968754529425
NC_047568.1,17105718,NC_047568.1 17101661 17107382,18,0.49170736073574833,0.03821459641955777
NC_047559.1,19611786,NC_047559.1 19603054 19611884,3,0.4916257604641051,0.03825154972103531
NC_047561.1,51473093,NC_047561.1 51420228 51491786,19,-0.49128702434208665,0.03840524181743613
NC_047565.1,58476629,NC_047565.1 58466399 58477659,4,-0.4912597303452865,0.03841764627704423
NC_047564.1,40938777,NC_047564.1 40938573 40942882,10,0.4902585767751401,0.038874771568630596
NC_047561.1,46258697,NC_047561.1 46258209 46262746,7,-0.4897827475787459,0.039093489302147254
NC_047568.1,30008428,NC_047568.1 29969207 30013746,8,-0.48977892163950093,0.03909525172747325
NC_047564.1,21443941,NC_047564.1 21441430 21445359,3,0.48951850500523897,0.039215356134247835
NC_047565.1,46140397,NC_047565.1 46137074 46153578,4,-0.4893175354954142,0.03930823639334405
NC_047561.1,45300530,NC_047561.1 45279519 45303349,8,-0.4892632326742601,0.03933336190634069
NC_047559.1,39663144,NC_047559.1 39659966 39700234,11,-0.48925321515849285,0.03933799827925031
NC_047566.1,19491173,NC_047566.1 19490579 19493693,21,-0.4891412235153522,0.03938985947344605
NC_047566.1,52883733,NC_047566.1 52876432 52884430,4,-0.488994879040941,0.039457707651293875
NC_047561.1,38535597,NC_047561.1 38529011 38536446,4,-0.4888258615981897,0.03953617871108931
NC_047561.1,52444844,NC_047561.1 52439261 52449771,6,0.48871717578633156,0.039586702174445584
NC_047562.1,52854001,NC_047562.1 52851727 52872031,5,0.4885262735443181,0.03967556416742887
NC_047565.1,45846670,NC_047565.1 45844183 45849793,3,-0.4882520366535665,0.03980348409832187
NW_022994966.1,441452,NW_022994966.1 440825 449397,13,0.488206186441453,0.039824902031750174
NC_047566.1,20767190,NC_047566.1 20741812 20779123,3,-0.4879766922380257,0.039932237793332354
NC_047564.1,7249299,NC_047564.1 7235317 7249831,7,0.48797085254551975,0.03993497193469211
NC_047565.1,11376686,NC_047565.1 11375192 11377407,10,-0.4878580194921393,0.039987828432481456
NC_047566.1,48818532,NC_047566.1 48815973 48825439,10,0.48780435281623596,0.04001298728417977
NC_047560.1,71112471,NC_047560.1 70595196 71158665,3,0.48755812355211264,0.04012857437880862
NC_047566.1,7708085,NC_047566.1 7674237 7715471,19,-0.48739203986437907,0.040206682895924
NC_047568.1,22491607,NC_047568.1 22488388 22495438,7,0.4872534959320368,0.04027192845040122
NC_047568.1,22112591,NC_047568.1 22076687 22149649,5,-0.4870424843743091,0.04037145722001213
NC_047564.1,27542519,NC_047564.1 27540353 27544830,4,-0.48693062555632594,0.04042429436695176
NC_047565.1,44453657,NC_047565.1 44452739 44454546,3,0.4868787305184296,0.0404488252236308
NW_022994985.1,50865,NW_022994985.1 47148 64213,9,-0.4867671414924095,0.04050161204669362
NC_047559.1,2487278,NC_047559.1 2478154 2496003,6,0.4864982174835968,0.04062904199389365
NC_047565.1,24290351,NC_047565.1 24263360 24314551,9,-0.4863705769220732,0.040689631727596445
NC_047564.1,30256457,NC_047564.1 30249352 30260642,7,-0.48609939016753473,0.04081859059128717
NC_047565.1,17708177,NC_047565.1 17705984 17710437,14,-0.48591783060804844,0.04090510290682816
NC_047565.1,7312392,NC_047565.1 7310080 7319857,17,-0.4858157930199179,0.04095378479839205
NC_047560.1,5677623,NC_047560.1 5676665 5686327,3,-0.48562177636436166,0.04104647174557648
NC_047565.1,61930758,NC_047565.1 61928048 61931875,6,-0.48526865981175965,0.04121557602445734
NC_047564.1,51079865,NC_047564.1 51075032 51081205,9,-0.48488400902748885,0.041400386574823714
NC_047563.1,11739070,NC_047563.1 11724788 11746221,7,-0.48398629951675554,0.041834163887170074
NC_047560.1,27784973,NC_047560.1 27779829 27785852,10,0.4838793743885137,0.041886060819579414
NC_047564.1,40701679,NC_047564.1 40692098 40713438,6,0.48371647031852627,0.041965221971448384
NC_047568.1,6758359,NC_047568.1 6756750 6764539,5,-0.48339536198782707,0.04212159464016003
NC_047568.1,45900191,NC_047568.1 45894380 45978066,10,-0.48327735809619604,0.04217917146789481
NC_047564.1,57984445,NC_047564.1 57982808 57991936,18,-0.4831933553594806,0.04222019490734092
NC_047561.1,52344472,NC_047561.1 52336938 52351992,6,-0.4830309674220768,0.0422995846802074
NC_047565.1,41675622,NC_047565.1 41663767 41721524,9,-0.4830107041065998,0.04230949918792197
NW_022994829.1,239020,NW_022994829.1 109708 243958,3,0.48274394675035165,0.04244018447724868
NC_047559.1,36501426,NC_047559.1 36494570 36503654,3,-0.48251928412363315,0.04255048599187569
NC_047559.1,52352951,NC_047559.1 52350942 52370922,17,-0.4824592510131771,0.04257999712463375
NC_047560.1,62876097,NC_047560.1 62653127 63119960,4,0.48233497397377945,0.04264113893118471
NC_047567.1,21451568,NC_047567.1 21444965 21462690,7,0.48231756730567776,0.04264970800274331
NC_047566.1,45969397,NC_047566.1 45949296 45984413,3,0.482177765913432,0.042718577988573925
NC_047563.1,60188707,NC_047563.1 60147465 60224347,4,-0.4820394508725046,0.042786799145337805
NC_047568.1,4190312,NC_047568.1 4181014 4204769,17,-0.48190161625361694,0.042854865916872
NC_047565.1,61930758,NC_047565.1 61929274 61933230,6,-0.4818723241583538,0.042869341837515874
NC_047564.1,18232623,NC_047564.1 18186499 18235031,6,0.48117689296326027,0.04321411409281327
NC_047564.1,11115469,NC_047564.1 11112109 11127703,4,0.48107922497377925,0.04326270336828843
NC_047568.1,12303896,NC_047568.1 12293672 12315640,3,-0.480889502476947,0.043357208168389706
NC_047562.1,31721543,NC_047562.1 31712207 31780006,5,-0.4808373064687321,0.04338323566573966
NC_047560.1,70766148,NC_047560.1 70690070 71346242,3,-0.4801227526798834,0.04374074514648347
NC_047565.1,13496451,NC_047565.1 13473578 13503028,21,-0.479791463293373,0.043907256660961756
NC_047560.1,52640690,NC_047560.1 52639913 52643254,3,0.479712326485447,0.04394710342111344
NC_047568.1,36677334,NC_047568.1 36677202 36683392,3,-0.47949675230851146,0.04405578838300203
NC_047568.1,27731335,NC_047568.1 27722712 27742623,5,0.47935987017371445,0.0441249056695018
NC_047565.1,12502682,NC_047565.1 12486623 12511177,6,0.4792223400053418,0.04419443324513275
NC_047562.1,50432171,NC_047562.1 50415953 50453033,9,-0.47918578362155967,0.044212928127860145
NC_047560.1,44268393,NC_047560.1 44088081 44306650,7,0.4788042217753767,0.044406322500143314
NC_047563.1,8617515,NC_047563.1 8616253 8645189,5,-0.47858877796247046,0.04451580393105798
NC_047564.1,37423822,NC_047564.1 37415854 37428653,7,-0.4785364560576903,0.04454242315211273
NW_022994960.1,38815,NW_022994960.1 35472 43584,9,-0.4784062282657195,0.044608730233243285
NC_047559.1,1107587,NC_047559.1 1101769 1129964,5,-0.4782992344645119,0.04466326359438715
NC_047565.1,13164653,NC_047565.1 13119330 13220090,5,0.4780866156429939,0.044771783128662285
NC_047565.1,3512062,NC_047565.1 3508852 3514555,15,0.4776296008311715,0.045005719629002794
NW_022994960.1,59055,NW_022994960.1 46117 68503,7,-0.47759641517410845,0.04502274279910294
NC_047559.1,36776455,NC_047559.1 36775408 36780595,5,-0.4772079546938568,0.045222374659418405
NC_047561.1,44156478,NC_047561.1 44152967 44168440,5,0.4768282819936877,0.045418139796190214
NC_047568.1,49129993,NC_047568.1 49108627 49135358,3,0.47660370225607684,0.04553423928154962
NC_047568.1,45629556,NC_047568.1 45624772 45632212,6,0.47641902668885755,0.045629878591204785
NC_047561.1,10226578,NC_047561.1 10224730 10230163,11,-0.476354569950653,0.04566329517987776
NC_047566.1,7873029,NC_047566.1 7868854 7873636,10,0.47613671684402487,0.045776375319885626
NC_047564.1,34637848,NC_047564.1 34637647 34639798,6,0.47581810782103,0.045942137245870165
NC_047566.1,32585493,NC_047566.1 32584353 32588747,9,0.47507376848929506,0.046331168872875125
NW_022994936.1,33361,NW_022994936.1 25332 39219,14,-0.47503504237093797,0.04635147742253764
NC_047563.1,15227875,NC_047563.1 15214361 15232673,19,0.4747855836437915,0.046482459253962626
NC_047561.1,46582662,NC_047561.1 46578863 46594475,13,0.4746687434684705,0.04654390434140604
NC_047564.1,4150425,NC_047564.1 4113919 4173330,5,-0.4737399665798532,0.04703453357304653
NC_047561.1,10631841,NC_047561.1 10627962 10632598,5,0.4736716262490137,0.047070788858568774
NC_047560.1,54239510,NC_047560.1 54124262 54502908,8,-0.4732510619255026,0.047294369511741076
NC_047563.1,1418986,NC_047563.1 1409225 1459678,16,-0.4731971027067522,0.04732311351857206
NC_047565.1,9854111,NC_047565.1 9842383 9882001,14,-0.4730683476635105,0.04739175467187889
NC_047560.1,27224536,NC_047560.1 27222493 27224722,3,-0.47304551228112984,0.04740393641648451
NC_047561.1,33232918,NC_047561.1 33181950 33263355,8,0.47262704962920626,0.04762758973730091
NC_047563.1,65938685,NC_047563.1 65937406 65940844,4,-0.4723207018003815,0.047791828048785734
NC_047564.1,53729937,NC_047564.1 53725853 53731659,4,0.4722240718065074,0.047843721966567936
NC_047562.1,29755689,NC_047562.1 29746041 29756929,4,0.4721865988756107,0.047863857815464185
NC_047568.1,52891493,NC_047568.1 52882153 52900022,21,0.47213156871640355,0.04789343957049755
NC_047568.1,35012708,NC_047568.1 35003725 35034700,16,0.4719834692662049,0.04797312002176161
NC_047561.1,56438747,NC_047561.1 56426678 56448482,14,-0.471758123013627,0.04809455340114191
NC_047566.1,31970561,NC_047566.1 31968104 31974224,5,0.47175757586253464,0.048094848530056966
NC_047565.1,30544606,NC_047565.1 30527616 30558889,4,-0.47173652426423773,0.048106204635290715
NC_047565.1,13432356,NC_047565.1 13403639 13456801,3,0.471622568079455,0.048167712586370974
NC_047559.1,17654060,NC_047559.1 17635596 17654528,3,0.471375082268079,0.04830149840799443
NC_047564.1,10917173,NC_047564.1 10899176 10932819,7,0.47099934260624593,0.048505153362474955
NC_047568.1,47595505,NC_047568.1 47589848 47605010,3,0.4706054844251166,0.04871932596434903
NC_047565.1,45145215,NC_047565.1 45133451 45159065,15,0.4704453125248108,0.04880662884659583
NC_047565.1,23723749,NC_047565.1 23721245 23731834,6,0.46984798824901164,0.049133249349989964
NC_047559.1,51434261,NC_047559.1 51432122 51435676,5,-0.469454753613292,0.04934917334409333
NC_047561.1,36633203,NC_047561.1 36632289 36636858,3,-0.46896310692920085,0.04962014387944737
NC_047564.1,6802360,NC_047564.1 6800777 6815264,21,-0.46877820627678024,0.049722342262340125
NC_047562.1,47039711,NC_047562.1 47032692 47048707,3,0.4687365465592458,0.049745390394536196
NC_047559.1,49557180,NC_047559.1 49526075 49557600,12,-0.46857939648650554,0.04983240598236067
NC_047565.1,37438311,NC_047565.1 37436103 37441918,7,-0.46847842495732844,0.04988837562846055
NC_047560.1,51045610,NC_047560.1 50992354 51073373,5,0.46817567428739476,0.05005647857938885
NC_047559.1,44924709,NC_047559.1 44908398 44966403,9,0.4678462162687678,0.05023989689445987
NW_022994958.1,58506,NW_022994958.1 17345 94191,6,-0.46752018619475805,0.0504219062908112
NC_047565.1,57614897,NC_047565.1 57612081 57629507,5,-0.4674537315829322,0.05045906624905787
NC_047564.1,48273311,NC_047564.1 48268482 48274763,6,0.46739110879768686,0.050494102464759626
NC_047566.1,52839742,NC_047566.1 52838518 52843293,3,0.4671797711906122,0.05061247736978342
NC_047559.1,31737088,NC_047559.1 31731414 31757929,10,0.46706443617666565,0.05067716742863304
NC_047561.1,10370875,NC_047561.1 10365299 10380759,7,0.4670539852642137,0.05068303230728592
NW_022994956.1,123374,NW_022994956.1 122999 133255,10,-0.4670451986697454,0.05068796359497142
NC_047561.1,27916757,NC_047561.1 27914212 27917068,6,-0.4668608385069137,0.05079151537339314
NC_047565.1,60084345,NC_047565.1 60069906 60091041,15,0.46663101961735903,0.05092082410706688
NC_047568.1,40180823,NC_047568.1 40172278 40204346,3,0.4662186078710481,0.05115349268330572
NC_047567.1,25716598,NC_047567.1 25716592 25725824,6,-0.4661534148169058,0.0511903457033414
NW_022994964.1,187938,NW_022994964.1 181612 193216,4,0.46614759182535614,0.05119363836039102
NC_047564.1,27094991,NC_047564.1 27072847 27133383,6,0.4657931671708744,0.05139435177961883
NC_047568.1,51392351,NC_047568.1 51384115 51393729,12,-0.46557550240643736,0.051517911022547234
NC_047563.1,20342894,NC_047563.1 20294697 20355501,4,-0.4655636951000688,0.051524619943120104
NC_047561.1,13944869,NC_047561.1 13911501 13948420,5,-0.4655049453956494,0.05155801137162457
NC_047559.1,42343567,NC_047559.1 42343299 42355068,17,0.46537729296976854,0.05163062115487039
NC_047568.1,48549673,NC_047568.1 48547617 48616882,3,0.46515634122843963,0.051756482686279096
NC_047566.1,25230746,NC_047566.1 25223632 25233402,13,0.4645579221790254,0.05209852462468262
NC_047561.1,52343470,NC_047561.1 52336938 52351992,3,-0.46445258809876394,0.052158907049311504
NC_047565.1,11143505,NC_047565.1 11129479 11149506,10,-0.4642814061152642,0.0522571491180719
NC_047562.1,47043965,NC_047562.1 47032692 47048707,14,-0.4641979595160012,0.05230509002616625
NC_047561.1,25731831,NC_047561.1 25727770 25737971,20,0.46401310380484595,0.05241140956554901
NC_047561.1,43503918,NC_047561.1 43501506 43504237,8,0.4638910255326788,0.05248171200137181
NC_047565.1,59275972,NC_047565.1 59231046 59276919,3,0.46339774092604424,0.052766508840928365
NC_047564.1,12877272,NC_047564.1 12803925 12885663,5,-0.4633898151214719,0.052771094273549105
NC_047568.1,47247845,NC_047568.1 47218765 47278318,6,-0.46319809270123335,0.052882105778401474
NC_047561.1,44389176,NC_047561.1 44348859 44406120,8,-0.46304696307670706,0.052969737100988845
NC_047560.1,70912352,NC_047560.1 70690070 71346242,4,-0.46278721513282906,0.0531206054359443
NW_022994954.1,119392,NW_022994954.1 109306 125064,20,-0.46265922944167326,0.05319506176358712
NC_047559.1,42450600,NC_047559.1 42413147 42452290,8,-0.4622355581886844,0.05344209551846309
NC_047567.1,17303397,NC_047567.1 17295451 17307902,8,-0.46211805467936373,0.05351076209118275
NC_047560.1,69726363,NC_047560.1 69600342 69949404,3,-0.46208979359244784,0.053527287179567465
NC_047561.1,23645251,NC_047561.1 23643047 23653396,14,-0.46208150722950136,0.05353213318796958
NW_022994904.1,25238,NW_022994904.1 14339 68136,7,-0.46153186775173705,0.05385431010842262
NC_047564.1,38273615,NC_047564.1 38265491 38279136,10,-0.4611421202458418,0.054083647440724386
NC_047561.1,19260037,NC_047561.1 19239121 19272407,10,0.4610342464169399,0.05414725279046453
NC_047563.1,42784803,NC_047563.1 42784143 42789244,3,-0.46057004486927006,0.0544216010515634
NC_047563.1,46799023,NC_047563.1 46782641 46805852,5,-0.4605619769460689,0.054426378509094556
NC_047564.1,4173400,NC_047564.1 4173152 4176326,9,-0.45995778488033207,0.054785050824836486
NC_047561.1,38535589,NC_047561.1 38529011 38536446,4,-0.4599547591850708,0.05478685145784559
NC_047568.1,49437791,NC_047568.1 49434891 49446992,9,-0.45991590996785997,0.054809975116943285
NC_047565.1,54048881,NC_047565.1 54020182 54080189,9,-0.459838882550296,0.05485584473238598
NC_047562.1,8548807,NC_047562.1 8541724 8550584,12,0.4596513251423988,0.0549676553423909
NC_047568.1,27964412,NC_047568.1 27962907 27980876,16,0.4595543225167644,0.055025549728935225
NC_047564.1,16018485,NC_047564.1 16005369 16024024,3,-0.45954614153701445,0.05503043450415571
NC_047564.1,34339359,NC_047564.1 34324321 34340376,7,-0.4589091912352824,0.05541175229843997
NC_047559.1,35303186,NC_047559.1 35296900 35311135,5,0.45872725171845297,0.05552103617023901
NC_047564.1,53907634,NC_047564.1 53905087 53911013,10,-0.4586722702935383,0.055554093175469756
NC_047559.1,30485163,NC_047559.1 30469305 30489700,5,0.4584672963781123,0.055677461918118426
NC_047562.1,35524030,NC_047562.1 35459231 35560615,14,-0.4582579440687736,0.05580367822100352
NC_047566.1,30427695,NC_047566.1 30426511 30486083,4,0.4580047092946682,0.055956637835086274
NC_047566.1,53655633,NC_047566.1 53626410 53659339,3,-0.45798981299045965,0.055965645338945554
NC_047563.1,66673155,NC_047563.1 66670826 66677843,3,-0.4577194886610511,0.05612929440327388
NC_047562.1,29083760,NC_047562.1 29083056 29085827,4,-0.45750414085227786,0.056259918648135815
NC_047559.1,4018396,NC_047559.1 4017404 4043261,7,0.45744814257128974,0.05629392306786373
NC_047559.1,51216910,NC_047559.1 51130411 51234319,5,0.4572883304380215,0.056391052298415074
NW_022994948.1,256041,NW_022994948.1 249775 281092,13,-0.45688081585984003,0.056639297270106796
NC_047565.1,5482972,NC_047565.1 5463391 5530511,10,-0.45597263427024576,0.05719548193814516
NC_047566.1,24469036,NC_047566.1 24459102 24475215,20,-0.45595350069256846,0.057207243526519486
NC_047562.1,21020974,NC_047562.1 21018406 21025786,10,-0.45574312266567685,0.05733668449803605
NC_047565.1,61763460,NC_047565.1 61762144 61784577,3,0.45567662482875765,0.057377644795963426
NC_047563.1,9810522,NC_047563.1 9709756 9818305,19,0.45566207290310295,0.057386611188722424
NC_047564.1,729514,NC_047564.1 724567 735506,3,-0.45546425307319804,0.05750860515677888
NC_047559.1,22359690,NC_047559.1 22349070 22365363,6,-0.4554340533615314,0.05752724617901101
NC_047568.1,47121655,NC_047568.1 47113298 47125137,19,0.4551359851015126,0.057711474349378435
NC_047561.1,34707690,NC_047561.1 34705293 34709381,20,0.4550006357599306,0.05779527606039333
NC_047559.1,37731077,NC_047559.1 37729163 37731306,7,0.4549313281411653,0.057838223247215784
NC_047559.1,46857978,NC_047559.1 46851668 46870543,3,-0.4547989456755307,0.057920321882333384
NC_047560.1,62880788,NC_047560.1 62653127 63119960,3,0.45478863698979094,0.05792671860499458
NC_047561.1,49757403,NC_047561.1 49734890 49767198,3,0.45475930381181706,0.05794492325938859
NC_047561.1,1211877,NC_047561.1 1192433 1223068,6,-0.454069816107838,0.05837406656739107
NC_047563.1,63800500,NC_047563.1 63798703 63806438,3,0.4539287908210325,0.05846213441261177
NC_047562.1,51312035,NC_047562.1 51304758 51331916,4,0.45385815313742217,0.05850628380526212
NC_047563.1,48696349,NC_047563.1 48665644 48719501,7,-0.4535420865938723,0.05870413501661214
NC_047568.1,46579355,NC_047568.1 46577321 46605051,4,-0.4534779438510151,0.058744348137536165
NC_047568.1,10883282,NC_047568.1 10866110 10904984,10,-0.45341401170362244,0.05878444974831979
NC_047562.1,3055037,NC_047562.1 3043251 3056362,6,0.45331346400978156,0.05884756001670599
NC_047568.1,9239344,NC_047568.1 9237036 9240252,16,0.4532155985158447,0.05890903545879716
NC_047564.1,1559476,NC_047564.1 1554675 1570419,7,-0.4531505117519638,0.05894994713799743
NC_047563.1,39596509,NC_047563.1 39486038 39676714,21,-0.45312607696924306,0.0589653116334912
NC_047560.1,51347225,NC_047560.1 51338982 51355396,10,-0.45309514229769454,0.05898476753288593
NW_022994970.1,10046,NW_022994970.1 129 17903,5,0.4530410337386182,0.05901880985467573
NC_047562.1,27508832,NC_047562.1 27472225 27513413,9,-0.4528147653894392,0.0591613256021716
NC_047565.1,60697714,NC_047565.1 60681731 60701083,11,0.45271347021737957,0.05922521003569489
NC_047568.1,14798645,NC_047568.1 14758437 14804231,11,-0.4526723886781065,0.0592511338843952
NC_047563.1,64949886,NC_047563.1 64944265 64965822,3,0.45254096394286625,0.059334124396777224
NC_047565.1,61114526,NC_047565.1 61112305 61118081,6,-0.45245640698404144,0.05938756536996611
NC_047564.1,29296769,NC_047564.1 29295333 29306687,3,-0.4524247579240893,0.05940757720017364
NC_047561.1,8981098,NC_047561.1 8962559 8986747,13,0.4520793105223379,0.05962633320167006
NC_047563.1,4121119,NC_047563.1 4118742 4124388,8,-0.4520624570127973,0.05963702114945084
NC_047568.1,24811652,NC_047568.1 24802446 24897405,12,-0.4520067366157124,0.05967236741439635
NC_047563.1,327522,NC_047563.1 191191 650035,4,0.4519920739865034,0.059681671265023876
NC_047565.1,56358811,NC_047565.1 56331967 56392561,17,-0.45182616535080267,0.059787020569454674
NC_047565.1,61709997,NC_047565.1 61670769 61721276,10,-0.4516364045885371,0.05990768602232184
NC_047563.1,26268542,NC_047563.1 26201758 26268861,14,0.4514292121019123,0.06003964386373099
NC_047562.1,28604747,NC_047562.1 28528754 28608854,9,-0.45106316995189605,0.06027330165615495
NC_047559.1,40679533,NC_047559.1 40676370 40685499,5,0.45094857961289575,0.06034658827525242
NW_022994969.1,238540,NW_022994969.1 237031 239606,8,-0.45086855606185083,0.06039780707648735
NC_047565.1,25650667,NC_047565.1 25644038 25652924,3,0.4506822080065442,0.06051720442905217
NC_047564.1,53498201,NC_047564.1 53491529 53501281,14,0.4504554478235967,0.06066273253707469
NC_047565.1,45846670,NC_047565.1 45823787 45847104,3,-0.45018804762376474,0.06083467801990434
NC_047568.1,45736383,NC_047568.1 45730614 45755297,10,-0.45014441931041294,0.06086276670407807
NC_047561.1,8688852,NC_047561.1 8686642 8690037,9,0.4501071806374706,0.06088674928692914
NC_047566.1,19612874,NC_047566.1 19599118 19617007,4,0.44973269258781506,0.06112832103358687
NC_047564.1,41330784,NC_047564.1 41311692 41333402,6,-0.449592282992902,0.06121907957742043
NC_047563.1,23807757,NC_047563.1 23792893 23820262,4,-0.44955837966224016,0.06124100922842113
NC_047564.1,33623639,NC_047564.1 33617389 33630727,4,0.4495313093764997,0.06125852328039957
NC_047559.1,13564251,NC_047559.1 13546378 13569943,3,0.4494140635844225,0.06133442265887576
NC_047560.1,18754564,NC_047560.1 18751469 18757199,7,0.449315787869324,0.06139809578164137
NC_047568.1,38818517,NC_047568.1 38812245 38823150,15,-0.4491717582915814,0.06149150211262352
NC_047560.1,27224511,NC_047560.1 27222493 27224722,6,-0.44818419613352045,0.06213481767547218
NC_047559.1,51162250,NC_047559.1 51130411 51234319,5,0.4477206776790354,0.06243848727638112
NC_047564.1,34175394,NC_047564.1 34154638 34189254,4,-0.4475644946846157,0.06254105793071733
NC_047568.1,47290088,NC_047568.1 47284190 47290250,8,-0.44727765584868034,0.06272976191273537
NC_047560.1,70845733,NC_047560.1 70690070 71346242,3,-0.44711056698930524,0.06283988090846186
NC_047564.1,45612993,NC_047564.1 45602201 45630715,9,-0.4469471061034536,0.06294774829439473
NC_047565.1,4159018,NC_047565.1 4132315 4159637,7,-0.4469336889738043,0.06295660834636613
NC_047566.1,19512868,NC_047566.1 19484801 19514804,19,0.44662415600020117,0.06316126780372115
NC_047563.1,37407873,NC_047563.1 37400459 37412612,9,-0.4464309054497473,0.06328929388424707
NC_047559.1,36611654,NC_047559.1 36610845 36618318,13,-0.446263797052844,0.06340015692734109
NC_047561.1,56330441,NC_047561.1 56329378 56361076,3,0.4461772673579238,0.06345761927748385
NC_047567.1,19105976,NC_047567.1 19066470 19140118,11,-0.4458145915331607,0.0636988860260686
NC_047568.1,22489770,NC_047568.1 22488388 22495438,18,-0.44564710105330485,0.06381053785538879
NC_047562.1,29973688,NC_047562.1 29972875 29976433,3,0.44548271158655,0.06392026416152588
NC_047561.1,7879109,NC_047561.1 7858244 7890966,16,-0.4454644090563992,0.06393248937923887
NC_047562.1,23966346,NC_047562.1 23950353 23971261,11,0.4453995671544931,0.06397581468989604
NW_022994997.1,112555,NW_022994997.1 111375 119851,11,0.4453935809214232,0.0639798156037818
NC_047559.1,52632687,NC_047559.1 52625237 52635221,11,-0.44536356131799265,0.06399988209085322
NC_047564.1,54551142,NC_047564.1 54534254 54551936,20,-0.44513697349581893,0.06415149504705439
NC_047564.1,41182133,NC_047564.1 41161925 41193495,8,0.4449147263809756,0.06430046317431902
NC_047568.1,47676761,NC_047568.1 47671567 47680444,6,-0.44479672301247414,0.06437966322386035
NC_047561.1,34135270,NC_047561.1 34133231 34157897,4,0.4439337760586287,0.06496105404636456
NC_047561.1,46745326,NC_047561.1 46744335 46745525,4,0.4438465253930723,0.06502005384619972
NC_047568.1,10800078,NC_047568.1 10796769 10807335,15,-0.44363497039042576,0.06516327499649181
NC_047564.1,42909637,NC_047564.1 42908164 42910985,7,-0.44341823340249337,0.06531024748867004
NC_047568.1,42034283,NC_047568.1 42027682 42035472,20,-0.4431985118709287,0.06545949530644105
NC_047565.1,17663028,NC_047565.1 17661929 17663771,6,0.4431860557137761,0.06546796385107301
NC_047560.1,22640060,NC_047560.1 22639483 22641648,4,-0.44313294928516184,0.0655040783605053
NC_047566.1,16907615,NC_047566.1 16905738 16908165,8,0.4423246440175078,0.06605558852227061
NC_047562.1,47513539,NC_047562.1 47506854 47524615,4,0.44224603292608766,0.06610940870663043
NC_047562.1,13272547,NC_047562.1 13246768 13275546,5,0.4420524289521051,0.06624209637450389
NC_047565.1,25652503,NC_047565.1 25644038 25652924,13,-0.4420220188803038,0.06626295606824442
NC_047564.1,37856586,NC_047564.1 37851279 37912830,3,0.44195580186420497,0.06630839430404865
NC_047564.1,48085885,NC_047564.1 48079253 48086004,7,0.4419532142250486,0.06631017041648841
NC_047561.1,13857828,NC_047561.1 13840905 13879732,9,-0.44180462422516076,0.06641221941026042
NC_047567.1,23992649,NC_047567.1 23981415 24023655,15,0.4417104674529236,0.06647694497190146
NC_047565.1,22398178,NC_047565.1 22387024 22400303,4,0.4414395748191341,0.06666342418721964
NC_047561.1,12370213,NC_047561.1 12358069 12391042,15,-0.441425838471192,0.06667289045972657
NC_047568.1,26147563,NC_047568.1 26075022 26164422,8,0.4412949487553075,0.06676314192973495
NC_047561.1,49431810,NC_047561.1 49427134 49443948,4,-0.4412029233583746,0.0668266498430012
NC_047565.1,34304719,NC_047565.1 34288611 34396138,3,0.4411545920933474,0.0668600218305913
NC_047560.1,69061653,NC_047560.1 69059034 69081704,3,0.4410940172529495,0.06690186528595361
NC_047563.1,65528194,NC_047563.1 65484772 65533285,5,0.44080546943398136,0.06710145320074146
NW_022994955.1,313301,NW_022994955.1 311956 319980,10,-0.4407973817814483,0.06710705377266796
NC_047568.1,1809581,NC_047568.1 1803363 1875944,5,-0.44078264822750823,0.06711725741832711
NC_047566.1,50843221,NC_047566.1 50816539 50848619,17,-0.4407686984229914,0.06712691934366515
NC_047562.1,51734374,NC_047562.1 51719248 51772729,8,0.4405667773523792,0.06726688973243326
NC_047565.1,30191440,NC_047565.1 30191142 30200575,7,-0.44051484621553216,0.06730292305201714
NC_047565.1,25484333,NC_047565.1 25469326 25487970,3,-0.440186312412272,0.06753121396001295
NC_047565.1,8713115,NC_047565.1 8711480 8722906,5,-0.4400908681927096,0.06759764361316273
NC_047562.1,27178192,NC_047562.1 27147260 27186440,8,0.43978342769818374,0.06781195332377765
NC_047563.1,66108310,NC_047563.1 66099534 66112849,7,0.43973374059585013,0.06784663630995488
NC_047562.1,47016039,NC_047562.1 46998687 47019971,5,-0.4394086668638621,0.06807387155332405
NC_047561.1,23044253,NC_047561.1 23042119 23047036,10,-0.4393768134341761,0.06809616827321324
NC_047561.1,47361738,NC_047561.1 47361628 47376161,5,-0.4388760489917976,0.06844740481837433
NC_047563.1,71942241,NC_047563.1 71941914 71944114,3,0.43872910088441963,0.0685507287066081
NC_047565.1,21051666,NC_047565.1 21048323 21056681,5,-0.4385855732570341,0.06865175909555941
NC_047564.1,1537788,NC_047564.1 1516943 1549766,11,0.4384759697105842,0.06872898429242107
NC_047566.1,1367839,NC_047566.1 1354633 1414618,15,-0.43837581293686834,0.06879960969040579
NC_047565.1,13025533,NC_047565.1 13016806 13027417,20,-0.43823047432651285,0.06890219060699143
NC_047568.1,55011874,NC_047568.1 54983371 55023742,4,-0.43822475995503796,0.06890622616069972
NC_047565.1,484957,NC_047565.1 461929 486788,18,0.43813461533571896,0.06896991048206143
NC_047563.1,2109883,NC_047563.1 2101070 2110123,18,-0.4379427933895569,0.06910557171968001
NC_047566.1,50843738,NC_047566.1 50816539 50848619,9,-0.4376805972992551,0.06929132289905066
NC_047561.1,48890913,NC_047561.1 48883587 48892574,5,0.4375813582064933,0.06936172458745396
NC_047565.1,48422975,NC_047565.1 48417952 48426905,7,-0.43729332186761766,0.0695663618428482
NC_047564.1,58719392,NC_047564.1 58714739 58723959,16,-0.4372744016368715,0.06957981946920391
NC_047566.1,19658883,NC_047566.1 19656868 19660280,4,-0.4372305634298283,0.06961100821928977
NC_047568.1,55200696,NC_047568.1 55199488 55209397,5,0.43710426304529654,0.06970092266045944
NC_047564.1,13755165,NC_047564.1 13714742 13772334,7,0.43696105246657496,0.06980297961185013
NW_022994958.1,70017,NW_022994958.1 17345 94191,7,0.43674771271560375,0.0699552181720917
NC_047568.1,55874301,NC_047568.1 55873830 55890808,17,-0.43673818474897314,0.06996202302603041
NC_047559.1,634078,NC_047559.1 632361 637850,13,0.4367306815868236,0.06996738211361037
NC_047559.1,543476,NC_047559.1 539808 544660,3,0.43633769678658046,0.07024849398995325
NC_047565.1,45461961,NC_047565.1 45459789 45462666,4,0.4362786926633848,0.0702907731625006
NC_047561.1,52281665,NC_047561.1 52279291 52286752,9,-0.4360369921559293,0.07046415924053578
NC_047561.1,44530688,NC_047561.1 44530231 44531513,3,0.4359164371876842,0.07055075861214948
NC_047564.1,50371829,NC_047564.1 50369868 50373179,12,-0.4358689724289191,0.07058487600330264
NC_047561.1,14428870,NC_047561.1 14405702 14435067,3,0.4357384466132884,0.07067876011605156
NC_047566.1,28065345,NC_047566.1 28060401 28071189,19,0.43571308820460614,0.07069701052463519
NC_047567.1,17695025,NC_047567.1 17687590 17705161,3,0.4353690420080684,0.07094496459020412
NC_047564.1,54386788,NC_047564.1 54363989 54410301,4,0.43536677585877165,0.07094659993241997
NC_047559.1,48109067,NC_047559.1 48083686 48122878,3,-0.4352223598887002,0.07105087365513783
NC_047566.1,52038469,NC_047566.1 52035707 52039080,7,-0.43489659580659246,0.07128650347727385
NC_047563.1,45637675,NC_047563.1 45633037 45652853,16,0.4345781919881109,0.07151736717184708
NC_047559.1,11779634,NC_047559.1 11757579 11783600,5,0.43449481491783754,0.07157791219933794
NC_047561.1,38541325,NC_047561.1 38539422 38548860,9,0.4342257624162414,0.07177354545762915
NC_047562.1,37201746,NC_047562.1 37201657 37205311,7,-0.43418773430220486,0.07180122826057936
NC_047565.1,33520091,NC_047565.1 33499050 33546646,5,-0.4340072711359199,0.07193270508923419
NC_047562.1,47029926,NC_047562.1 46999310 47030276,15,-0.43390912048187247,0.07200428757603368
NC_047564.1,35760711,NC_047564.1 35755841 35766951,17,-0.43389295556362556,0.07201608189518251
NC_047561.1,2847847,NC_047561.1 2789962 2853802,15,-0.4337898936521476,0.07209131193460362
NC_047565.1,35673214,NC_047565.1 35672166 35687228,6,-0.4337644298697861,0.07210990815985671
NC_047564.1,46585537,NC_047564.1 46577131 46616684,3,-0.4337512559429197,0.0721195304819778
NC_047559.1,31939350,NC_047559.1 31916762 31953766,11,-0.43341331268664746,0.07236669073014647
NC_047559.1,24291355,NC_047559.1 24287686 24358940,4,-0.4332823440648415,0.07246264469346747
NC_047568.1,46086590,NC_047568.1 46078110 46154331,8,0.43315479939600826,0.07255618034751374
NC_047561.1,19742215,NC_047561.1 19740265 19743376,19,-0.43293664938386384,0.07271636851913854
NC_047567.1,11445017,NC_047567.1 11439345 11445640,13,0.43280028097289447,0.07281663672357949
NC_047560.1,51029861,NC_047560.1 50992354 51073373,13,0.4327844456097673,0.07282828666974239
NC_047563.1,14713191,NC_047563.1 14712396 14725924,5,0.43254755595782857,0.07300272867767929
NC_047565.1,24069890,NC_047565.1 24068575 24074234,3,0.4323820390977616,0.07312479565546835
NW_022994991.1,146433,NW_022994991.1 127034 148758,14,-0.4322039790779563,0.07325628114719325
NW_022994829.1,191710,NW_022994829.1 109708 243958,5,-0.4321760693261742,0.07327690644425355
NC_047566.1,27687991,NC_047566.1 27686712 27690052,16,0.4321571782435296,0.0732908693786591
NC_047565.1,37470408,NC_047565.1 37460628 37513316,4,-0.43214719513970007,0.07329824896611811
NC_047560.1,27781458,NC_047560.1 27779829 27785852,12,0.43197761707638627,0.07342368612647064
NW_022994954.1,45441,NW_022994954.1 42631 46417,6,0.4317706604282325,0.07357698671918769
NC_047561.1,47129864,NC_047561.1 47117211 47186158,5,-0.4316254965313355,0.07368465584686987
NC_047561.1,18709355,NC_047561.1 18695112 18718703,4,0.43131456773632504,0.07391566487399909
NC_047561.1,42012934,NC_047561.1 42003557 42093238,10,-0.43120500880405754,0.07399719032920743
NC_047561.1,23742631,NC_047561.1 23742336 23745420,4,-0.4310592679439181,0.07410574234009513
NC_047568.1,36740617,NC_047568.1 36740105 36746801,4,0.4309393201562488,0.07419517093804946
NC_047559.1,54121260,NC_047559.1 54116929 54127000,6,0.43090107140960177,0.07422370449511431
NC_047564.1,26946560,NC_047564.1 26853467 26996163,19,-0.43084731330966997,0.07426382169597938
NC_047566.1,13866664,NC_047566.1 13865957 13873161,3,0.43071497639716066,0.07436264673781548
NC_047564.1,33796096,NC_047564.1 33793349 33800389,5,-0.4306007467008092,0.07444802777490063
NC_047563.1,5561380,NC_047563.1 5548234 5566034,8,-0.4304121359017364,0.07458916306204769
NC_047561.1,23673279,NC_047561.1 23669445 23677455,5,-0.4303620604001296,0.07462666707338142
NC_047562.1,48612372,NC_047562.1 48603005 48630168,13,-0.4302572531120095,0.07470520737940094
NC_047562.1,2667919,NC_047562.1 2655047 2692963,12,-0.4296596279556656,0.0751542186123562
NC_047565.1,56359173,NC_047565.1 56331967 56392561,10,-0.42956493717336175,0.07522554420000481
NC_047560.1,70735394,NC_047560.1 70690070 71346242,8,-0.42929491787699775,0.0754292092231981
NC_047565.1,48190465,NC_047565.1 48176738 48195530,9,-0.42924468312944475,0.07546714406872146
NC_047560.1,31597479,NC_047560.1 31584868 31597825,14,0.42886511061021737,0.07575423289648076
NC_047566.1,741448,NC_047566.1 733795 742043,3,0.42878108439271934,0.07581789443207484
NC_047561.1,49128728,NC_047561.1 49110524 49140908,5,0.4286306984843965,0.07593193091683663
NC_047568.1,18119441,NC_047568.1 18115760 18146871,18,-0.42840702403528763,0.07610177489914699
NC_047561.1,7237019,NC_047561.1 7235260 7239784,15,-0.42836597006052207,0.07613297897454788
NC_047562.1,32705366,NC_047562.1 32705209 32706694,5,0.4283616999059334,0.07613622515004433
NC_047566.1,51185295,NC_047566.1 51178404 51192027,6,0.42835643681852786,0.07614022629407002
NC_047559.1,31879184,NC_047559.1 31850203 31884767,3,-0.42825158248625145,0.07621997168568596
NC_047563.1,18466946,NC_047563.1 18464627 18469615,20,-0.4281955143905242,0.07626263863464985
NC_047564.1,28686743,NC_047564.1 28634556 28742989,16,0.4279277561721384,0.07646664077107906
NC_047568.1,41074474,NC_047568.1 41069902 41076714,4,-0.42766554749464547,0.07666680338889005
NC_047565.1,54980391,NC_047565.1 54942794 54994945,8,-0.4276609016630976,0.07667035335357122
NC_047564.1,41849435,NC_047564.1 41811830 41856828,5,-0.4275938944430906,0.07672156823585669
NC_047562.1,17216077,NC_047562.1 17212313 17216295,6,0.4273846360503781,0.07688167028994877
NC_047564.1,45016976,NC_047564.1 45008681 45045721,12,0.42733065855990066,0.07692300788348436
NC_047568.1,8223552,NC_047568.1 8222462 8258509,5,-0.4272609324865217,0.07697643039676029
NC_047561.1,49462285,NC_047561.1 49454839 49464934,17,0.4269356880859866,0.07722598549573623
NC_047568.1,12482677,NC_047568.1 12482264 12484560,6,0.42677004983094763,0.07735330544865199
NC_047568.1,13455574,NC_047568.1 13449258 13457617,9,-0.4266516663660248,0.07744439686038888
NC_047561.1,29339996,NC_047561.1 29338331 29341369,8,-0.4266228777477936,0.07746656047485523
NW_022994983.1,28042,NW_022994983.1 26960 34838,3,0.4264494489911716,0.0776001774009405
NC_047565.1,55604082,NC_047565.1 55580827 55619230,14,-0.4259683820474461,0.07797169794506305
NC_047568.1,53415150,NC_047568.1 53414260 53421197,7,-0.4256848745648122,0.07819125709796107
NC_047568.1,54741234,NC_047568.1 54729958 54793813,16,-0.42559657581161114,0.07825973166498962
NC_047564.1,37789691,NC_047564.1 37786517 37792120,6,-0.4254319290699721,0.0783875306812583
NC_047567.1,1412534,NC_047567.1 1294829 1462686,6,0.42539041919116083,0.07841977486667807
NC_047563.1,20387650,NC_047563.1 20380757 20390832,3,0.4251896770481428,0.07857584541926986
NC_047568.1,29512540,NC_047568.1 29505489 29518058,11,-0.425093798136489,0.07865046856608945
NC_047563.1,5704553,NC_047563.1 5703879 5715805,8,-0.42489464707746855,0.07880563522984446
NC_047564.1,40799484,NC_047564.1 40791242 40805669,5,-0.42469997696946576,0.07895752756051136
NC_047565.1,48629710,NC_047565.1 48589128 48631568,3,0.4244603377785879,0.07914480201730552
NC_047562.1,45120071,NC_047562.1 45118203 45126840,7,-0.42406341661969943,0.07945570636118823
NC_047562.1,22411002,NC_047562.1 22409547 22412291,6,0.4240194756791994,0.07949017982975431
NC_047568.1,31724828,NC_047568.1 31721580 31739227,5,0.4238794974903975,0.079600071566788555
NC_047564.1,28690503,NC_047564.1 28634556 28742989,11,-0.42386103711939516,0.07961457243463042
NC_047564.1,7620091,NC_047564.1 7614844 7620755,18,0.42340113260411066,0.07997645900450116
NC_047561.1,30670339,NC_047561.1 30663238 30672769,5,-0.4233366439853703,0.08002729957944338
NC_047565.1,58577871,NC_047565.1 58571889 58580090,7,0.42314276080014673,0.08018029295123026
NC_047567.1,12363334,NC_047567.1 12314189 12367040,9,0.4228452163171217,0.08041550218529459
NC_047564.1,34826322,NC_047564.1 34825634 34826780,6,0.42277368543083765,0.08047212270823871
NC_047564.1,18601662,NC_047564.1 18595795 18616323,14,-0.42259026590258475,0.0806174425145634
NC_047565.1,41293712,NC_047565.1 41293591 41295286,9,-0.42255862958869556,0.08064252678587683
NC_047564.1,10181929,NC_047564.1 10169769 10182619,4,0.422074092788539,0.08102742810204172
NC_047562.1,42645660,NC_047562.1 42631453 42655715,4,-0.42194044429198,0.08113383065255124
NC_047562.1,2916467,NC_047562.1 2911329 2925329,7,-0.4218196376702254,0.08123009728832556
NC_047568.1,3265923,NC_047568.1 3251785 3269722,4,-0.4218023896416757,0.08124384846566572
NC_047564.1,32720314,NC_047564.1 32718291 32727961,7,-0.42118308346548544,0.08173872678221507
NC_047564.1,41066077,NC_047564.1 41066004 41071558,21,0.42106994888498434,0.081829368634411
NC_047560.1,54239510,NC_047560.1 54235202 54240504,8,-0.4209910524074475,0.08189262289890437
NC_047568.1,36615519,NC_047568.1 36610202 36621654,11,0.4209165111926616,0.08195241823896213
NC_047559.1,6246805,NC_047559.1 6233931 6311892,4,0.4206713393991479,0.08214931498093002
NC_047566.1,54511698,NC_047566.1 54510097 54512095,5,0.4206609799940792,0.08215764219915074
NW_022994961.1,120259,NW_022994961.1 118235 123944,8,-0.4206379480772223,0.08217615819597263
NC_047568.1,56272687,NC_047568.1 56267998 56279938,3,-0.4206293401895669,0.08218307909896147
NC_047564.1,42060877,NC_047564.1 42057592 42078668,14,-0.42040119190069,0.08236667000832341
NC_047562.1,47186546,NC_047562.1 47174471 47187932,9,0.4203761145606563,0.08238686801818798
NC_047565.1,37724695,NC_047565.1 37716904 37725706,3,0.4203449695101796,0.08241195817773744
NC_047559.1,19562082,NC_047559.1 19555534 19566102,8,0.41994072209385763,0.08273812312182485
NC_047561.1,4135901,NC_047561.1 4135164 4143184,6,-0.4196400079938102,0.0829813639996055
NC_047568.1,56395264,NC_047568.1 56380957 56405781,13,-0.41955275504467654,0.08305203865226522
NC_047565.1,10432843,NC_047565.1 10423417 10433584,10,-0.41944672513006276,0.0831379817824001
NC_047568.1,36157630,NC_047568.1 36154516 36159033,5,0.41944361796426505,0.08314050129230173
NC_047559.1,6505353,NC_047559.1 6499643 6521958,8,-0.41934848223801946,0.08321767107722201
NC_047561.1,41641491,NC_047561.1 41640079 41643366,5,0.4192700390120455,0.08328134001488428
NC_047559.1,20505351,NC_047559.1 20491823 20506332,5,-0.41878928600508436,0.08367232380288783
NC_047565.1,29522904,NC_047565.1 29520116 29527173,14,0.4187364356187071,0.08371538726499145
NC_047565.1,59252536,NC_047565.1 59231046 59276919,12,-0.4186649557955759,0.08377365607714894
NC_047561.1,7041027,NC_047561.1 7035757 7052589,20,0.4186607965718201,0.08377704749823839
NC_047559.1,31735019,NC_047559.1 31731414 31757929,3,-0.4185561242508825,0.08386243006979763
NC_047564.1,4602111,NC_047564.1 4595394 4602152,11,-0.418466672361005,0.08393544747159985
NC_047563.1,28862578,NC_047563.1 28862002 28864922,4,0.4182742199299348,0.08409269904285623
NC_047563.1,42854197,NC_047563.1 42851307 42940885,5,0.4181920666065857,0.08415989141634331
NC_047565.1,28515359,NC_047565.1 28513890 28515697,6,0.4179849433347218,0.08432946938464322
NC_047565.1,12555172,NC_047565.1 12544932 12560246,8,0.4179371437486419,0.08436863971238562
NW_022994960.1,75292,NW_022994960.1 71313 117315,8,-0.4178243875314263,0.08446109265242753
NC_047561.1,42708899,NC_047561.1 42703124 42710955,9,-0.41717400668417337,0.08499580718864756
NC_047567.1,4533834,NC_047567.1 4501061 4774726,14,0.41710946831537116,0.08504900212698856
NC_047564.1,59125584,NC_047564.1 59088095 59148189,5,-0.41703492167689865,0.08511047647067467
NC_047561.1,47350587,NC_047561.1 47346416 47352688,18,0.416897819463613,0.08522362140495125
NC_047562.1,2944006,NC_047562.1 2925615 2952797,16,-0.4164677081482234,0.08557928669975841
NC_047568.1,53762069,NC_047568.1 53758422 53771109,5,0.4164332479629775,0.08560782906752759
NC_047559.1,33780082,NC_047559.1 33773548 33788009,11,0.41623235194727826,0.08577436354116447
NC_047565.1,58224457,NC_047565.1 58217781 58224947,10,-0.4158339216694068,0.08610534399753357
NC_047568.1,32556560,NC_047568.1 32551624 32557087,8,0.41562853812167266,0.08627632138225289
NC_047568.1,41169314,NC_047568.1 41166500 41181385,7,0.4156054313821894,0.08629557271118998
NC_047566.1,4657844,NC_047566.1 4656332 4699521,3,0.4155210824740787,0.08636587437763885
NW_022994844.1,226156,NW_022994844.1 224024 226891,20,0.4154857654974803,0.08639532214588165
NC_047563.1,65417791,NC_047563.1 65415009 65428027,5,0.4154532854604925,0.08642241089095463
NW_022994969.1,252680,NW_022994969.1 249575 252798,6,0.4154015183969784,0.08646559803657924
NC_047560.1,53378747,NC_047560.1 53361924 53426505,3,-0.4152895639988675,0.08655905076695901
NC_047565.1,49097301,NC_047565.1 49086687 49108587,21,-0.4151978014297442,0.08663570342126564
NC_047565.1,18186274,NC_047565.1 18175623 18191696,11,0.415121465364981,0.08669950740249018
NC_047559.1,1045842,NC_047559.1 1039197 1049681,5,-0.4151103518129833,0.08670879929634742
NC_047559.1,54184943,NC_047559.1 54171326 54185745,6,0.41490994860755365,0.0868764782217016
NC_047568.1,47603958,NC_047568.1 47589848 47605010,7,0.41470194465935634,0.08705076629257227
NC_047566.1,37660852,NC_047566.1 37655066 37677664,8,0.4146865853199544,0.08706364608142614
NC_047564.1,49093746,NC_047564.1 49091813 49096753,10,-0.41466016110899323,0.08708580771901837
NC_047567.1,11094608,NC_047567.1 11089006 11128626,4,-0.41463631913954074,0.08710580718828057
NC_047559.1,39163015,NC_047559.1 39156496 39171438,10,-0.41423863766507657,0.08743988930207092
NC_047561.1,57004935,NC_047561.1 56992344 57015120,8,0.4139049351837303,0.08772094290756012
NC_047561.1,57394970,NC_047561.1 57383384 57395500,17,-0.41386551801829746,0.0877541844956439
NC_047561.1,3154199,NC_047561.1 3154006 3172426,3,-0.41365896080863096,0.08792852975443348
NC_047567.1,13842225,NC_047567.1 13821783 13842226,8,0.41353350671316813,0.08803454256829547
NC_047560.1,70826454,NC_047560.1 70595196 71158665,6,0.4133820333185225,0.08816266637473746
NC_047568.1,40051278,NC_047568.1 40024817 40052529,18,-0.4128246556710386,0.08863529192825748
NC_047564.1,16717702,NC_047564.1 16684948 16736210,16,0.41269792524315624,0.08874300880290399
NC_047561.1,50101725,NC_047561.1 50086480 50121986,18,-0.4126345930028839,0.08879687485080766
NC_047565.1,17568850,NC_047565.1 17563196 17589026,10,-0.4126091516322303,0.08881852021926717
NC_047559.1,3724361,NC_047559.1 3717938 3733210,9,0.4124054332689447,0.08899198090040586
NC_047568.1,55303414,NC_047568.1 55301421 55304283,9,0.4120195382027867,0.08932123463931527
NC_047563.1,41463438,NC_047563.1 41460723 41464279,15,0.4120142511465739,0.08932575180178376
NC_047561.1,30860068,NC_047561.1 30857419 30860624,21,0.4118494195919919,0.08946666405661477
NC_047564.1,31873173,NC_047564.1 31862684 31874903,10,-0.4118413540957612,0.0894735632802009
NC_047559.1,21155942,NC_047559.1 21150477 21170096,14,-0.41173647665862323,0.08956331059726658
NC_047560.1,8425494,NC_047560.1 8381421 8431133,10,-0.4117175001221505,0.08957955646981912
NC_047565.1,17663028,NC_047565.1 17651785 17668099,6,0.41117336288509093,0.09004630501085123
NC_047563.1,2253122,NC_047563.1 2231498 2265584,18,-0.4110445820260319,0.09015702814202195
NC_047565.1,47018318,NC_047565.1 47013506 47035252,3,0.4109652781264495,0.09022526114426632
NC_047563.1,14646448,NC_047563.1 14639312 14659031,14,0.41095649396169454,0.09023282133641296
NC_047565.1,61413537,NC_047565.1 61410558 61417407,15,0.4109053219486198,0.09027687225680914
NC_047564.1,8285892,NC_047564.1 8276224 8309529,5,0.410811606379006,0.09035758683580855
NC_047565.1,27298820,NC_047565.1 27212923 27342150,6,0.41070801912821836,0.09044686453325242
NC_047568.1,23838269,NC_047568.1 23837066 23849319,9,-0.41064792786814275,0.09049868410547567
NC_047561.1,47119483,NC_047561.1 47117211 47186158,7,-0.4101968851100484,0.09088832773802395
NW_022994921.1,211760,NW_022994921.1 178958 222041,21,-0.4101068633804926,0.09096624050073954
NC_047561.1,28091967,NC_047561.1 28089981 28092848,5,0.41010022155796855,0.09097199083920357
NC_047560.1,18795469,NC_047560.1 18792647 18800649,11,-0.40997817516054813,0.09107770276173097
NC_047565.1,19258840,NC_047565.1 19257826 19261463,7,-0.40978817163886316,0.09124245379417155
NC_047564.1,6366802,NC_047564.1 6366131 6384860,4,0.40973706617960604,0.09128680391492139
NC_047566.1,21173732,NC_047566.1 21173208 21176006,9,0.4096619398697109,0.0913520280798076
NC_047568.1,53328523,NC_047568.1 53328077 53374145,4,0.40922218669089994,0.09173449672929758
NC_047565.1,60266839,NC_047565.1 60264031 60281200,8,-0.40892345993392987,0.09199497084844975
NC_047562.1,41719863,NC_047562.1 41717623 41720779,6,0.4088800048058364,0.09203290604703383
NC_047559.1,46757578,NC_047559.1 46734000 46759057,14,0.40873520199298075,0.09215939695024374
NC_047565.1,45859688,NC_047565.1 45859077 45860232,9,0.4086950949575386,0.0921944542711164
NC_047561.1,50540757,NC_047561.1 50526504 50545284,3,-0.4085832610428214,0.09229225865367918
NC_047564.1,7562974,NC_047564.1 7551548 7567397,11,0.40857583408819204,0.09229875655918365
NC_047560.1,5685935,NC_047560.1 5676665 5686327,13,0.40856192245533596,0.0923109288562741
NC_047568.1,4343734,NC_047568.1 4341559 4381805,9,0.40845089844116106,0.09240811349413208
NC_047567.1,19248028,NC_047567.1 19245009 19249775,4,-0.4083336188060064,0.09251085443855878
NC_047564.1,31840313,NC_047564.1 31839685 31850225,10,-0.40815493412258974,0.09266754728625855
NC_047564.1,7241469,NC_047564.1 7235317 7249831,15,-0.4079207688148859,0.09287318323971831
NC_047562.1,51305370,NC_047562.1 51304758 51331916,8,-0.40781449902605865,0.09296661462710544
NC_047564.1,32129944,NC_047564.1 32128977 32133176,9,0.40777254150919456,0.09300352200536133
NC_047565.1,53880197,NC_047565.1 53799802 53902085,6,-0.4076037732520013,0.09315208391979271
NC_047559.1,51622382,NC_047559.1 51610926 51626467,18,0.40757784120816454,0.09317492637716314
NC_047560.1,56573552,NC_047560.1 56572758 56578822,15,-0.4074911391373858,0.09325132805626121
NC_047564.1,20643205,NC_047564.1 20642049 20649501,6,-0.40740337872332544,0.0933287085066123
NC_047564.1,55095919,NC_047564.1 55088931 55106595,11,-0.4072986845388976,0.0934210806330953
NC_047564.1,46757544,NC_047564.1 46751798 46774540,5,0.40726974229674173,0.09344662816469859
NC_047568.1,40954197,NC_047568.1 40950194 40955479,20,-0.4072624636667016,0.09345305386079973
NC_047567.1,33531582,NC_047567.1 33526579 33533913,10,0.40722151132778345,0.09348921322909153
NC_047566.1,7876962,NC_047566.1 7875609 7878646,9,0.407185057473598,0.09352140912047177
NC_047566.1,21870036,NC_047566.1 21869280 21928019,6,0.4068655279268913,0.09380395968645083
NC_047564.1,30973519,NC_047564.1 30963324 30988513,5,0.4068409422674817,0.09382572561391787
NC_047567.1,17237234,NC_047567.1 17232596 17239989,4,-0.40679904238593995,0.09386282841107506
NC_047562.1,4100514,NC_047562.1 3994033 4101694,4,0.40672846988946537,0.09392534510617738
NC_047561.1,7280886,NC_047561.1 7280058 7284432,6,-0.4067171005749023,0.0939354194372769
NC_047565.1,48699421,NC_047565.1 48698071 48726652,7,0.406690664154486,0.0939588477275716
NW_022994957.1,56900,NW_022994957.1 50282 60775,6,-0.40656472805303995,0.09407051191258227
NC_047559.1,27720933,NC_047559.1 27663589 27722086,3,0.4065363204389134,0.09409571344628137
NC_047559.1,30678027,NC_047559.1 30676723 30683403,4,-0.4065029919968132,0.09412528666742924
NC_047564.1,34067588,NC_047564.1 34028106 34076107,12,-0.40645589331998555,0.09416709004659697
NC_047563.1,37645990,NC_047563.1 37642957 37647356,3,-0.40644431021305083,0.09417737292287476
NC_047559.1,39609225,NC_047559.1 39590719 39610357,5,-0.40632995513170067,0.09427893496051153
NC_047561.1,45338074,NC_047561.1 45332883 45341097,3,-0.4061296484156101,0.0944570239145676
NC_047560.1,53729430,NC_047560.1 53728246 53730919,10,0.40602203959830035,0.0945527972509961
NC_047564.1,55152757,NC_047564.1 55148943 55228579,9,-0.40591706964467644,0.09464628957435753
NC_047561.1,52596415,NC_047561.1 52593397 52600712,3,-0.40581932490076184,0.09473340676511946
NC_047559.1,14933589,NC_047559.1 14931758 14936730,6,0.4057472415392386,0.0947976897911898
NC_047562.1,13871730,NC_047562.1 13867152 13889323,5,-0.40573454494259115,0.09480901571911757
NC_047565.1,44370650,NC_047565.1 44364288 44384129,7,0.4055269654378235,0.09499432456384996
NC_047565.1,37252445,NC_047565.1 37243168 37262191,3,-0.4052062553798756,0.09528114076691042
NC_047565.1,6184177,NC_047565.1 6169515 6185170,14,-0.40520070768358146,0.09528610765896096
NC_047568.1,56814374,NC_047568.1 56810577 56860161,6,-0.4051018101625355,0.09537468270240888
NC_047562.1,47016039,NC_047562.1 46999310 47030276,5,-0.4049394994377913,0.09552018103405088
NC_047568.1,615163,NC_047568.1 598086 621648,7,0.40487516207775703,0.09557789857106244
NC_047568.1,10806686,NC_047568.1 10796769 10807335,7,0.40441370017265316,0.09599261791699017
NC_047563.1,51412439,NC_047563.1 51411525 51414663,9,0.40435481337917867,0.09604563323276044
NC_047563.1,26277683,NC_047563.1 26274665 26289390,6,-0.4041218266378986,0.09625559659966236
NC_047568.1,21583854,NC_047568.1 21577363 21593762,6,0.4040092047297395,0.09635720806537572
NC_047566.1,47330540,NC_047566.1 47327010 47333766,12,0.4038827022700674,0.09647143533241724
NC_047565.1,19145076,NC_047565.1 19143135 19147925,7,-0.4037881631663454,0.09655686458456031
NC_047565.1,59244327,NC_047565.1 59231046 59276919,13,-0.4036859789946326,0.09664926358658711
NC_047568.1,10902562,NC_047568.1 10866110 10904984,3,0.40356610133707516,0.09675774303649959
NC_047559.1,47062478,NC_047559.1 47057141 47064494,18,0.4034329349844232,0.09687835060938209
NC_047565.1,55234730,NC_047565.1 55225819 55255999,21,-0.4033956240129013,0.09691216226008237
NC_047563.1,15227909,NC_047563.1 15214361 15232673,4,-0.40337344948093695,0.09693226111924534
NC_047560.1,70845543,NC_047560.1 70595196 71158665,8,-0.40326783877443956,0.09702802727091603
NC_047560.1,26271424,NC_047560.1 26270545 26278280,4,0.4029242348914568,0.09734007406984511
NC_047567.1,32914381,NC_047567.1 32874414 32918193,11,0.4029022528354092,0.09736006185550695
NC_047568.1,45076814,NC_047568.1 45067324 45077223,3,0.4027209101906338,0.0975250655215281
NC_047568.1,45819984,NC_047568.1 45811851 45822757,7,0.4027204480439626,0.0975254862861101
NC_047561.1,46221087,NC_047561.1 46218363 46254262,9,-0.4026942303176597,0.09754935853636731
NC_047566.1,7930539,NC_047566.1 7897374 7984365,14,0.40262890104202465,0.09760886168371856
NW_022994924.1,35923,NW_022994924.1 21733 53456,10,0.40255120850755816,0.09767965957355024
NC_047565.1,18226955,NC_047565.1 18219964 18249100,10,-0.40245187624027945,0.09777023072808481
NC_047565.1,42986724,NC_047565.1 42986093 42989693,16,-0.40227510840752917,0.09793155728473836
NC_047563.1,10555742,NC_047563.1 10543631 10556592,3,0.4022416309846414,0.09796213193022817
NC_047564.1,7032094,NC_047564.1 7010348 7038070,17,0.40220384048788643,0.09799665393306453
NC_047560.1,70918242,NC_047560.1 70388123 71110591,3,0.40205762950543944,0.09813030171739677
NC_047561.1,2709639,NC_047561.1 2695918 2715956,18,-0.40198298446197345,0.09819858348512388
NC_047566.1,19518332,NC_047566.1 19517594 19520879,18,0.4019442626365777,0.09823401786593897
NC_047559.1,2156885,NC_047559.1 2091473 2156950,4,0.4019441161434238,0.09823415193945616
NC_047561.1,48634329,NC_047561.1 48632137 48658099,4,0.4019200205716263,0.09825620649143715
NC_047565.1,11423898,NC_047565.1 11384271 11464307,13,-0.4017725986175983,0.09839121871669759
NC_047564.1,1130046,NC_047564.1 1125260 1140005,8,-0.4016962365469056,0.09846120526741664
NC_047568.1,44840957,NC_047568.1 44838405 44851527,3,-0.401597022018298,0.09855218985441727
NC_047567.1,17704158,NC_047567.1 17687590 17705161,8,0.4015764545771728,0.0985710587806177
NC_047561.1,52563205,NC_047561.1 52561064 52565706,16,0.40136340109054175,0.0987666708176215
NC_047566.1,49587339,NC_047566.1 49570393 49589171,4,-0.40118865644825946,0.09892731864409146
NC_047560.1,70845543,NC_047560.1 70690070 71346242,8,-0.40117464805311875,0.09894020510811748
NW_022994922.1,72011,NW_022994922.1 70949 82299,19,-0.4010998309894635,0.09900905054293564
NC_047564.1,22049855,NC_047564.1 22022942 22072092,21,-0.4010931091139155,0.09901523759041168
NC_047565.1,6341159,NC_047565.1 6340442 6352698,3,-0.40096855332657716,0.09912993342375948
NC_047567.1,16135554,NC_047567.1 16107132 16187917,7,0.4009578727953917,0.09913977292365925
NC_047564.1,40508476,NC_047564.1 40499808 40519185,5,0.40092231377606685,0.09917253693801929
NC_047559.1,6003937,NC_047559.1 5996194 6005415,18,-0.4007942954361639,0.09929055733414258
NC_047566.1,54305633,NC_047566.1 54295949 54308358,3,-0.40078641022806166,0.09929783002841136
NC_047565.1,33596501,NC_047565.1 33594733 33596845,21,0.4007777196521839,0.09930584597451271
NC_047564.1,45067218,NC_047564.1 45053666 45078520,4,0.4005555993285241,0.09951088169037411
NW_022994939.1,230625,NW_022994939.1 228095 230810,6,-0.40037335004535446,0.0996793404398742
NC_047561.1,29532165,NC_047561.1 29513413 29543647,8,-0.400093355825617,0.09993854748391527
NC_047565.1,4820023,NC_047565.1 4810087 4830680,4,-0.39937483869616763,0.10060593863047157
NC_047563.1,7567605,NC_047563.1 7559225 7587669,15,-0.3993527614621345,0.10062649555913046
NC_047559.1,34139198,NC_047559.1 34095858 34144922,3,0.3992449020289221,0.10072697087357818
NC_047561.1,51236487,NC_047561.1 51235013 51236723,11,0.39911924748438243,0.10084411394389349
NC_047568.1,56564218,NC_047568.1 56560954 56584182,7,-0.39879180010918225,0.10114984093134805
NC_047561.1,36198397,NC_047561.1 36197731 36200064,3,0.39872797194101783,0.10120951268529545
NW_022994982.1,144382,NW_022994982.1 137735 147172,10,0.39826036975230344,0.10164743666214467
NC_047566.1,22940019,NC_047566.1 22939706 22940071,12,0.39813021474704596,0.1017695725780381
NC_047563.1,40696316,NC_047563.1 40687639 40715948,12,-0.39808912313112776,0.10180815434035517
NC_047565.1,27145455,NC_047565.1 26961604 27161359,8,-0.39786441389317445,0.10201932422360092
NC_047559.1,51904356,NC_047559.1 51902663 51912566,9,-0.39782068750742194,0.10206045249150525
NC_047563.1,20305845,NC_047563.1 20294697 20355501,7,0.39765026403216663,0.10222086340775044
NC_047564.1,50068454,NC_047564.1 50063583 50071303,16,-0.3976334015521132,0.10223674503166885
NC_047568.1,7006981,NC_047568.1 7003684 7052183,9,-0.39752664927018594,0.10233732884795577
NC_047565.1,56358318,NC_047565.1 56331967 56392561,16,-0.3974654384969518,0.10239503470508626
NC_047564.1,53905607,NC_047564.1 53905087 53911013,20,0.39736141225642435,0.10249315798274265
NC_047564.1,56482372,NC_047564.1 56460867 56490930,14,-0.39709865407067546,0.10274130639559587
NC_047568.1,30016887,NC_047568.1 30015214 30031060,16,-0.396933635898316,0.10289736946570159
NC_047566.1,6982931,NC_047566.1 6932125 6985111,4,0.3968178555783995,0.10300696815029349
NC_047566.1,4564002,NC_047566.1 4559970 4583586,4,0.3967947269538888,0.10302887194217188
NC_047559.1,1747398,NC_047559.1 1744821 1783121,12,0.3967715971154785,0.10305078022432758
NC_047566.1,18782241,NC_047566.1 18722325 18800635,3,0.39676407389514984,0.10305790684085238
NC_047560.1,50402996,NC_047560.1 50402679 50404628,3,0.3965751790418571,0.1032369595451822
NC_047568.1,37931248,NC_047568.1 37925767 37954381,6,-0.3964570749410171,0.10334902324350044
NC_047562.1,19324833,NC_047562.1 19324207 19329719,14,-0.39644573884210993,0.10335978414643894
NC_047564.1,5480942,NC_047564.1 5475823 5487699,6,-0.39634367662266645,0.10345670388696666
NC_047565.1,44961774,NC_047565.1 44958578 44976977,6,-0.39618077018671993,0.10361153713528178
NC_047563.1,7512794,NC_047563.1 7499812 7529537,19,-0.3960708966629244,0.10371605938690859
NC_047568.1,11799184,NC_047568.1 11797477 11800527,9,-0.39580269418551817,0.10397151671838703
NC_047565.1,59341405,NC_047565.1 59334480 59344597,3,-0.395579382180043,0.10418456054886413
NC_047566.1,4697532,NC_047566.1 4656332 4699521,10,0.3955177983304331,0.10424336767195665
NC_047561.1,56438615,NC_047561.1 56426678 56448482,8,0.39542133333175505,0.10433553099759946
NC_047568.1,32309241,NC_047568.1 32304765 32309909,5,-0.395359777081182,0.10439437276418133
NC_047561.1,18820326,NC_047561.1 18757187 18821843,3,0.3950573702417191,0.10468378945764589
NC_047560.1,69339301,NC_047560.1 69270390 69342848,3,-0.3949797730164802,0.10475814597131164
NC_047560.1,54239510,NC_047560.1 53957867 54344220,8,-0.3949669131974211,0.10477047237495753
NC_047561.1,555679,NC_047561.1 554932 577971,12,-0.39488263299547566,0.1048512824082417
NC_047560.1,52640690,NC_047560.1 52633351 52642891,3,0.3948448817125247,0.10488749378162641
NC_047559.1,14787976,NC_047559.1 14775668 14794331,8,0.3946994764556298,0.10502705149038759
NC_047560.1,63705024,NC_047560.1 63699059 63707695,7,-0.3946334983168885,0.10509042010961706
NC_047559.1,49890394,NC_047559.1 49888463 49897071,5,0.39455419315414436,0.1051666248683962
NC_047565.1,36398244,NC_047565.1 36370020 36401171,13,-0.39437112604457175,0.10534268607122356
NC_047562.1,34339219,NC_047562.1 34332058 34345732,21,-0.3942278752196695,0.10548060178857066
NC_047563.1,69192265,NC_047563.1 69190454 69192867,3,-0.39403314119902283,0.10566829045647703
NC_047564.1,4660850,NC_047564.1 4650435 4678406,7,-0.3938580186443083,0.10583728115016651
NC_047568.1,51323681,NC_047568.1 51310810 51325837,4,-0.3936128016792279,0.10607423670516533
NC_047560.1,70316639,NC_047560.1 70239685 70346366,9,-0.39344991519228373,0.10623184509660578
NC_047561.1,6137610,NC_047561.1 6135736 6142554,10,-0.3934278096956365,0.10625324719603875
NC_047563.1,33828443,NC_047563.1 33827881 33829779,3,0.3934003615808224,0.10627982620260351
NC_047559.1,10113113,NC_047559.1 10106809 10121309,3,-0.3933368289986894,0.10634136534773714
NC_047568.1,5232645,NC_047568.1 5219934 5252478,3,0.3932859355936094,0.10639068026774805
NC_047562.1,33941077,NC_047562.1 33773323 33944877,10,-0.39304736540692886,0.10662206908127539
NC_047561.1,2715409,NC_047561.1 2695918 2715956,5,0.39301096262852264,0.10665740768317843
NC_047566.1,52966844,NC_047566.1 52949282 52969014,4,-0.39280621685086803,0.1068563240420278
NC_047561.1,8070858,NC_047561.1 8067637 8073241,10,0.39258388897569985,0.10707262203839668
NC_047561.1,17363907,NC_047561.1 17357938 17381145,4,0.3925718730255343,0.10708432100185569
NC_047561.1,31219193,NC_047561.1 31215353 31255335,3,-0.39235918660159413,0.1072915478507925
NC_047563.1,4077804,NC_047563.1 4058937 4079024,8,0.3921842162281645,0.10746224148192657
NC_047560.1,63028238,NC_047560.1 62653127 63119960,10,-0.3920714628273719,0.10757234161902011
NC_047564.1,44555218,NC_047564.1 44540243 44556398,7,0.39198533594226875,0.10765649606460748
NC_047565.1,3390593,NC_047565.1 3347027 3393782,9,-0.39196869106025567,0.10767276517300198
NC_047561.1,45698207,NC_047561.1 45696876 45702737,9,0.39181858728199004,0.10781955954497713
NC_047568.1,563263,NC_047568.1 563207 564050,3,-0.39176210427697333,0.10787483423277079
NC_047559.1,18611505,NC_047559.1 18592234 18623423,7,-0.3916766766899826,0.10795847274431368
NC_047568.1,36470788,NC_047568.1 36440064 36488468,13,-0.39164409319455407,0.1079903860516737
NC_047562.1,37507924,NC_047562.1 37490860 37509454,14,0.3916205178048682,0.10801348073447321
NC_047568.1,42905268,NC_047568.1 42887859 42919560,7,0.39155294299616306,0.10807969721899424
NC_047561.1,3726848,NC_047561.1 3696117 3751773,9,-0.3915079666488179,0.10812378555559561
NC_047560.1,51647208,NC_047560.1 51629755 51664241,12,0.3915017865008705,0.1081298446862033
NC_047563.1,66480568,NC_047563.1 66478834 66485445,19,0.3912433060346464,0.10838348082253944
NC_047565.1,5298904,NC_047565.1 5255329 5422969,7,0.39106492058908443,0.10855877051180225
NC_047560.1,51123489,NC_047560.1 50935047 51246957,3,0.39101313484761013,0.10860969541633997
NC_047564.1,29948630,NC_047564.1 29937585 29953640,7,-0.3909506901135218,0.10867112479716425
NC_047563.1,57434314,NC_047563.1 57417928 57435420,7,0.39091685927313247,0.10870441589944892
NC_047560.1,24890652,NC_047560.1 24826378 24899695,3,-0.39081135053292404,0.10880828808753952
NC_047568.1,35718961,NC_047568.1 35714881 35719254,9,0.3906012742528771,0.1090153166972212
NC_047567.1,3438419,NC_047567.1 3430339 3448163,13,0.3905651604108767,0.10905093490385138
NC_047566.1,24259700,NC_047566.1 24255148 24264557,10,0.3904320236956911,0.10918231612951669
NC_047565.1,42144565,NC_047565.1 42142534 42155944,5,0.3903812537296457,0.10923244638325366
NC_047561.1,33037513,NC_047561.1 33036809 33042625,5,0.3900463049469473,0.10956358620267401
NC_047566.1,43154481,NC_047566.1 43150874 43159366,9,-0.38972189618583264,0.10988498756760777
NC_047566.1,40134427,NC_047566.1 40121555 40150073,13,0.38971227072948716,0.1098945340459724
NW_022994955.1,351126,NW_022994955.1 348766 364060,16,0.38966740528145616,0.10993903916736064
NC_047559.1,54142507,NC_047559.1 54133147 54144869,4,0.38959092721088073,0.11001493263197146
NC_047563.1,41557828,NC_047563.1 41552196 41576093,6,-0.38955793765843416,0.11004768153336177
NC_047565.1,7685897,NC_047565.1 7685237 7711057,14,-0.38942390940427807,0.11018080353532334
NC_047564.1,15905875,NC_047564.1 15903486 15912201,11,-0.38923142205884564,0.11037219003487007
NC_047568.1,49147018,NC_047568.1 49135910 49152796,13,-0.38920829460894635,0.11039520114578517
NC_047568.1,50374359,NC_047568.1 50371712 50374971,11,0.3889177496568486,0.11068457580670507
NC_047559.1,12997822,NC_047559.1 12996777 13039155,10,-0.38877959039059407,0.11082236794598567
NC_047562.1,39072528,NC_047562.1 39068073 39081055,6,-0.3887248239699339,0.11087702263413207
NC_047564.1,41178246,NC_047564.1 41161925 41193495,5,0.3885500618123474,0.11105155660278886
NC_047565.1,5233521,NC_047565.1 5085538 5246064,8,0.38839559008401026,0.11120598943146066
NC_047565.1,45870415,NC_047565.1 45864743 45874347,3,-0.38822867076812345,0.11137303851955994
NC_047568.1,24210464,NC_047568.1 24210063 24213143,12,-0.3880909614467671,0.11151098931219025
NC_047568.1,23840988,NC_047568.1 23837066 23849319,7,-0.38800354352780714,0.11159862359640284
NC_047566.1,1364262,NC_047566.1 1354633 1414618,13,-0.38797757049755166,0.11162467035367102
NC_047568.1,53901711,NC_047568.1 53885736 53905492,10,0.3872832155434164,0.11232260107863028
NC_047563.1,10398850,NC_047563.1 10396516 10407736,4,-0.3871282566122255,0.11247878063707631
NC_047568.1,17211288,NC_047568.1 17208288 17212050,6,0.38692461378486265,0.1126842623216032
NC_047568.1,53070173,NC_047568.1 53058196 53071049,19,-0.3868844693848688,0.11272480068917312
NC_047568.1,42313124,NC_047568.1 42310535 42314366,3,-0.38623074986770184,0.11338639552447295
NC_047568.1,23838250,NC_047568.1 23837066 23849319,8,-0.38615334313432115,0.11346491705223954
NC_047568.1,35770539,NC_047568.1 35763771 35772324,17,-0.3860218311878261,0.11359841157050654
NC_047568.1,49967465,NC_047568.1 49945579 49991936,3,-0.3857790376622362,0.11384515833529738
NC_047560.1,5677225,NC_047560.1 5676665 5686327,19,0.38527814302815755,0.11435541098398744
NC_047568.1,47324895,NC_047568.1 47323889 47329096,13,-0.3852027259856212,0.11443237740331892
NC_047564.1,35039543,NC_047564.1 35035361 35040805,21,0.38510975733594505,0.11452730660932268
NC_047561.1,44156478,NC_047561.1 44152967 44194437,5,0.3844447905283249,0.1152079267406798
NC_047568.1,49876434,NC_047568.1 49869243 49884593,7,-0.38429853619349763,0.11535800800257978
NC_047559.1,53762543,NC_047559.1 53755998 53781200,13,0.3840869120871601,0.11557541493889928
NC_047568.1,18609562,NC_047568.1 18607615 18610138,10,-0.3840749562896427,0.11558770610504698
NC_047560.1,5898785,NC_047560.1 5892785 5908910,4,-0.3840241909548715,0.11563990576774363
NC_047564.1,2189227,NC_047564.1 2180582 2198425,18,-0.3839664492962029,0.11569929918140796
NC_047567.1,10668263,NC_047567.1 10658662 10703573,17,-0.38389770892565134,0.11577003413461626
NC_047566.1,46690480,NC_047566.1 46655353 46734547,12,-0.38382574938337793,0.1158441145116375
NC_047559.1,18256040,NC_047559.1 18247869 18256561,4,-0.38378275423667507,0.11588839287302276
NC_047559.1,17529235,NC_047559.1 17526023 17530644,5,0.3835235014205529,0.11615563756114346
NC_047566.1,29575752,NC_047566.1 29571126 29577760,8,0.383514449427921,0.116164976480496
NC_047564.1,20547617,NC_047564.1 20478953 20552459,3,-0.3833874178188562,0.11629609083458602
NW_022994958.1,70017,NW_022994958.1 38466 86290,7,0.38336938343199106,0.11631471333738182
NC_047561.1,16266441,NC_047561.1 16265006 16269145,4,0.3831622052252799,0.11652879940237534
NW_022994923.1,10924,NW_022994923.1 4902 29989,5,-0.38313638343685164,0.11655550171002865
NC_047560.1,14020942,NC_047560.1 14018613 14022286,3,0.3830976334579317,0.11659558119177735
NC_047564.1,34217091,NC_047564.1 34215479 34218465,4,0.3830677656829172,0.11662648038637435
NC_047561.1,34916214,NC_047561.1 34913278 34918421,3,-0.38306040734988317,0.1166340937142924
NC_047565.1,60365563,NC_047565.1 60364783 60407195,4,-0.3828561727963268,0.11684554632890894
NC_047559.1,15750125,NC_047559.1 15740969 15753624,10,0.38252084751671783,0.1171933113763288
NC_047566.1,23907083,NC_047566.1 23891473 23919220,10,-0.3824462798843074,0.11727074479663178
NC_047563.1,20718754,NC_047563.1 20697466 20719345,17,-0.382269175339127,0.1174548010228132
NC_047562.1,45625618,NC_047562.1 45619536 45626935,16,0.3821687400793486,0.11755926937999027
NC_047565.1,11422039,NC_047565.1 11384271 11464307,11,0.38208093699961926,0.11765065216978099
NC_047561.1,4487622,NC_047561.1 4480130 4489303,21,-0.38195360958207347,0.1177832600053721
NC_047559.1,25620788,NC_047559.1 25619584 25630234,7,0.38145901655176573,0.11829936795131658
NC_047561.1,12036036,NC_047561.1 12030793 12042845,3,0.3809741235860631,0.1188069049909319
NC_047563.1,66729768,NC_047563.1 66720121 66731446,7,-0.3807268971124557,0.11906626850421109
NC_047563.1,45791522,NC_047563.1 45784714 45795743,3,0.380680489969708,0.11911499848779203
NC_047565.1,34513018,NC_047565.1 34455157 34514590,3,-0.38064113779134084,0.11915633142636092
NC_047568.1,49780804,NC_047568.1 49777362 49790622,15,0.3804403990473701,0.11936733196959637
NC_047559.1,10011001,NC_047559.1 9993439 10015926,6,-0.3803803994705552,0.11943044996292985
NC_047568.1,16138440,NC_047568.1 16133299 16141252,9,0.38034034278849144,0.11947260167772862
NC_047565.1,18234789,NC_047565.1 18219964 18249100,5,-0.3800829859719706,0.1197436694824208
NC_047564.1,24833845,NC_047564.1 24832491 24839185,14,0.37999556480108937,0.11983584691034957
NC_047563.1,25055761,NC_047563.1 25055064 25057387,13,0.37994574687406446,0.11988839766045233
NC_047568.1,37021667,NC_047568.1 37006851 37042840,5,-0.3799029933490558,0.11993350946096436
NC_047563.1,4121076,NC_047563.1 4118742 4124388,8,-0.3798888156199557,0.11994847187782626
NC_047564.1,39485760,NC_047564.1 39480816 39498633,16,-0.37980865375466616,0.12003309522743055
NC_047563.1,10343155,NC_047563.1 10324355 10366465,19,0.3797874473848762,0.12005548890946258
NC_047568.1,47262138,NC_047568.1 47218765 47278318,11,0.3797750750535648,0.12006855531166764
NC_047564.1,49849752,NC_047564.1 49837916 49882103,20,-0.37967320428347584,0.12017617907872997
NC_047565.1,28664061,NC_047565.1 28663556 28686842,3,0.37909930786888146,0.12078375869401994
NC_047561.1,25103049,NC_047561.1 25102771 25122322,9,0.37908487053357165,0.12079907129143715
NC_047561.1,377406,NC_047561.1 368780 385094,5,0.3790507557828365,0.12083525969015789
NC_047562.1,28604747,NC_047562.1 28569027 28659522,9,-0.3790265081021045,0.12086098590589872
NC_047560.1,55194856,NC_047560.1 55188242 55205131,17,-0.3789518914770283,0.12094017663265091
NC_047560.1,56477088,NC_047560.1 56475627 56477783,15,0.3787290241781869,0.12117692403211325
NC_047559.1,40670410,NC_047559.1 40640552 40674846,9,-0.37867216695472666,0.12123737462311451
NC_047561.1,50383947,NC_047561.1 50381432 50388165,4,-0.3783889201337164,0.12153883965376805
NC_047561.1,40764069,NC_047561.1 40751344 40770617,5,-0.3783595354836004,0.12157014454615325
NC_047561.1,7840543,NC_047561.1 7840428 7854938,3,0.3783166749067222,0.1216158161944052
NC_047560.1,70918242,NC_047560.1 70595196 71158665,3,0.37806504974167515,0.12188418865761336
NC_047568.1,31629515,NC_047568.1 31628610 31659772,10,-0.37780644561898824,0.12216043945896428
NC_047565.1,53473008,NC_047565.1 53472455 53479012,20,0.3777429739853202,0.12222830969346757
NC_047559.1,47874461,NC_047559.1 47873642 47877433,14,-0.3776724356345347,0.12230376755260099
NC_047568.1,54741213,NC_047568.1 54729958 54793813,3,-0.37756722382725977,0.1224163780847893
NW_022994829.1,193525,NW_022994829.1 109708 243958,3,-0.37756096596155647,0.1224230783192325
NC_047563.1,58467833,NC_047563.1 58462398 58477249,10,-0.3775041599722657,0.12248391174927523
NC_047568.1,36114398,NC_047568.1 36102426 36135503,7,-0.3774034844413856,0.12259177732528821
NC_047562.1,51748887,NC_047562.1 51719248 51772729,7,0.3773670757277423,0.12263080275422499
NC_047568.1,56799852,NC_047568.1 56798247 56800172,5,-0.37723508725560273,0.12277235071118432
NC_047563.1,62633967,NC_047563.1 62624353 62635175,4,-0.3770967211428109,0.122920861782882
NC_047565.1,5512603,NC_047565.1 5463391 5530511,18,-0.37708723755770157,0.12293104533399184
NC_047560.1,62870648,NC_047560.1 62653127 63119960,11,-0.3769519978722236,0.12307633149390033
NC_047562.1,28193467,NC_047562.1 28192848 28195098,8,0.3767936704958863,0.12324657409132941
NC_047568.1,10902658,NC_047568.1 10866110 10904984,4,0.3767840225504676,0.12325695346938478
NC_047559.1,37905235,NC_047559.1 37904645 37906403,14,-0.37670124469291166,0.12334603220709123
NC_047567.1,5839412,NC_047567.1 5838039 5841072,5,0.3766423424636659,0.12340944555609847
NC_047564.1,37856021,NC_047564.1 37851279 37912830,3,-0.37663521004870426,0.12341712577632838
NC_047565.1,8035976,NC_047565.1 8035315 8055602,14,0.37663213668144724,0.12342043529738486
NC_047564.1,4036517,NC_047564.1 4035654 4039169,8,0.3763962359206233,0.12367464892732043
NC_047566.1,19614476,NC_047566.1 19599118 19617007,18,0.3763404203836721,0.12373485129093513
NC_047566.1,50845320,NC_047566.1 50816539 50848619,8,-0.3763102888166098,0.12376735962492202
NC_047566.1,11384769,NC_047566.1 11378826 11389532,4,-0.37605522708352457,0.12404278143639165
NC_047561.1,30660382,NC_047561.1 30655665 30663235,14,-0.3759173279388589,0.12419186778484906
NC_047559.1,12852955,NC_047559.1 12832141 12852961,8,0.375886875197403,0.1242248080259522
NC_047561.1,24933993,NC_047561.1 24788351 24968820,15,0.37583751890098516,0.1242782089959583
NC_047568.1,49830977,NC_047568.1 49827479 49833274,8,-0.3758256823808575,0.12429101790207923
NC_047565.1,45116240,NC_047565.1 45106460 45124218,6,0.37577075730171117,0.12435046730726583
NC_047560.1,68443209,NC_047560.1 68440911 68443272,8,0.37517869618926586,0.1249925687819959
NC_047561.1,33079798,NC_047561.1 33061433 33087450,3,0.37500448036718925,0.12518195229765205
NC_047559.1,22974723,NC_047559.1 22922174 22986171,4,-0.3748394482706803,0.1253615385317367
NC_047564.1,28607175,NC_047564.1 28603920 28610944,3,0.37457254656818767,0.12565236142938785
NC_047565.1,36187513,NC_047565.1 36184627 36189657,3,0.3744202364869441,0.1258185347198287
NC_047568.1,52596336,NC_047568.1 52591094 52596713,3,0.3743775174805465,0.1258651697134064
NC_047564.1,29078276,NC_047564.1 29065644 29180332,6,-0.3742116325751877,0.12604637620161643
NC_047562.1,37668762,NC_047562.1 37668100 37713971,4,-0.3741903275561292,0.12606966228532382
NC_047568.1,36887339,NC_047568.1 36885814 36887553,5,-0.37413014152051544,0.12613546109793197
NC_047562.1,48609028,NC_047562.1 48603005 48630168,10,-0.3739506955141875,0.12633178492076824
NC_047562.1,12103430,NC_047562.1 12072237 12174401,16,0.37384054313065945,0.1264524039613995
NC_047560.1,44284573,NC_047560.1 44088081 44306650,5,-0.3734726549172856,0.12685583498434377
NW_022994945.1,225584,NW_022994945.1 190480 232078,6,0.3733720130454644,0.12696635741303958
NC_047566.1,37950242,NC_047566.1 37946412 37954695,3,-0.3732931743734237,0.12705298330966894
NC_047561.1,21578433,NC_047561.1 21572959 21579399,3,-0.3732184440231864,0.12713513338251448
NC_047566.1,20767524,NC_047566.1 20741812 20779123,3,-0.3730885168819347,0.12727804929703534
NC_047562.1,20457063,NC_047562.1 20430172 20488499,12,-0.3730517737513593,0.12731848606980187
NC_047563.1,8724382,NC_047563.1 8711079 8786874,6,0.3729837338259474,0.12739338958566515
NC_047564.1,23939768,NC_047564.1 23939502 23941958,5,0.3727976134899081,0.12759844296800446
NC_047567.1,30969273,NC_047567.1 30934340 31071743,20,-0.37275615786741995,0.12764414716977593
NC_047565.1,25670505,NC_047565.1 25669075 25671188,3,0.37271147247210723,0.12769342500928704
NC_047562.1,46446296,NC_047562.1 46420933 46453510,4,-0.3726600300604616,0.12775017082778575
NC_047561.1,52834381,NC_047561.1 52833706 52835090,17,-0.37262283576098115,0.12779121065663246
NC_047562.1,13910515,NC_047562.1 13906985 13923606,5,0.3726012800500106,0.127814999251611
NC_047568.1,55445204,NC_047568.1 55412444 55445493,3,0.37257704066277453,0.12784175322638963
NC_047561.1,46694028,NC_047561.1 46693183 46699094,6,-0.37254629237383163,0.12787569698662268
NW_022994852.1,147629,NW_022994852.1 143158 156318,3,0.37247570222779447,0.1279536470267353
NC_047564.1,35486630,NC_047564.1 35485384 35488435,5,0.37208877495317316,0.12838150832186992
NC_047560.1,6442788,NC_047560.1 6382480 6492964,7,0.3719698692078145,0.12851319466920375
NC_047566.1,21186143,NC_047566.1 21182106 21190726,13,0.3718837675888666,0.12860861002768878
NC_047563.1,2109883,NC_047563.1 1808080 2151853,18,0.3718796118517617,0.1286132165529665
NC_047562.1,52857519,NC_047562.1 52851727 52872031,7,0.3716902230144783,0.12882327186281006
NC_047568.1,22105319,NC_047568.1 22076687 22149649,4,-0.37159039176994024,0.12893409360910577
NC_047565.1,23501569,NC_047565.1 23499254 23502935,6,0.37153099197528044,0.1290000644692037
NW_022994923.1,9143,NW_022994923.1 4902 29989,3,0.3714466764353156,0.12909374797677922
NC_047567.1,13187450,NC_047567.1 13187237 13199017,4,-0.3712751164935235,0.1292845164367441
NC_047562.1,47060127,NC_047562.1 47058761 47063613,11,0.3712508722769824,0.12931149104850634
NC_047564.1,51340831,NC_047564.1 51339527 51344950,17,-0.37105156385880805,0.12953339513335063
NC_047565.1,46137951,NC_047565.1 46137074 46153578,10,0.37102833820371156,0.12955927122992625
NC_047564.1,30948273,NC_047564.1 30946225 30951135,14,0.3709246186307219,0.1296748711537434
NC_047565.1,49128465,NC_047565.1 49109536 49143893,15,-0.3703571439248381,0.1303086250823665
NC_047565.1,30687942,NC_047565.1 30665007 30702504,3,-0.37024880396560383,0.1304298648142507
NC_047566.1,23309405,NC_047566.1 23116815 23445750,16,0.3702455488570283,0.13043350872182397
NC_047560.1,51716144,NC_047560.1 51713278 51720044,13,0.3700281033404965,0.1306770879023558
NC_047561.1,31150191,NC_047561.1 31117997 31158475,13,-0.3700267391036887,0.1306786171038086
NC_047565.1,22318355,NC_047565.1 22317616 22352556,11,-0.3699758333157918,0.13073568741321306
NC_047568.1,768861,NC_047568.1 756852 776951,3,-0.3699434283361349,0.13077202561081078
NC_047560.1,16998743,NC_047560.1 16961317 17035334,3,0.36993806195780154,0.13077804402582804
NC_047568.1,51540863,NC_047568.1 51534100 51554013,11,0.36987513618515744,0.13084862999456384
NC_047561.1,9677789,NC_047561.1 9659364 9702309,8,0.3697620146162077,0.1309755893076205
NC_047560.1,27785417,NC_047560.1 27779829 27785852,3,-0.3697564014595317,0.13098189134432306
NC_047559.1,49360167,NC_047559.1 49317792 49363939,8,-0.36924622916577804,0.13155556117001166
NC_047561.1,8688852,NC_047561.1 8682706 8734273,9,0.36919532050733006,0.1316129023044957
NC_047559.1,54182463,NC_047559.1 54171326 54185745,7,-0.36918236352547884,0.1316274992328009
NC_047565.1,26281218,NC_047565.1 26278456 26291440,8,-0.3690319292100759,0.13179705666716451
NC_047561.1,54515539,NC_047561.1 54491204 54522223,3,-0.3690062709479625,0.13182599182659693
NC_047559.1,47050803,NC_047559.1 47034107 47051208,8,-0.36893252454151326,0.1319091813412622
NC_047560.1,1607635,NC_047560.1 1589441 1660249,5,-0.36888630572470293,0.13196133710434946
NC_047559.1,22498593,NC_047559.1 22498167 22502613,9,0.36888027918232574,0.13196813883634198
NC_047559.1,53051507,NC_047559.1 53050588 53060480,4,0.3688709263942987,0.1319786951516892
NC_047566.1,24632890,NC_047566.1 24631187 24634390,20,-0.3687881081735178,0.1320721962671982
NC_047566.1,33227000,NC_047566.1 33224067 33228932,4,-0.36858052612604775,0.132306758174501
NC_047565.1,37700127,NC_047565.1 37698638 37700641,20,-0.3685800517866833,0.13230729449781678
NC_047568.1,10890649,NC_047568.1 10866110 10904984,14,0.3685568434189935,0.13233353745758009
NW_022994848.1,487067,NW_022994848.1 480013 487743,3,0.36853503820119854,0.13235819711332986
NC_047563.1,55367942,NC_047563.1 55345664 55372277,5,-0.3684010306395728,0.13250981759552916
NC_047562.1,47048400,NC_047562.1 47032692 47048707,3,-0.3682062841338723,0.13273037631635798
NC_047562.1,33935145,NC_047562.1 33773323 33944877,13,0.36808336023775656,0.13286972480380055
NC_047568.1,31714222,NC_047568.1 31710311 31718078,4,0.36790806051463004,0.13306862406407963
NC_047567.1,10659385,NC_047567.1 10658662 10703573,14,-0.36783079422617243,0.13315635822336672
NC_047560.1,71112471,NC_047560.1 70690070 71346242,3,0.3676353274209071,0.13337848675784178
NC_047568.1,37543701,NC_047568.1 37539539 37561060,15,0.3674227983597779,0.13362029823213042
NC_047565.1,60392837,NC_047565.1 60364783 60407195,6,0.3673835503790942,0.13366498727578496
NC_047562.1,47033405,NC_047562.1 47032692 47048707,5,-0.36730381809898666,0.1337558051940296
NC_047560.1,32306959,NC_047560.1 32288608 32310531,3,0.36720927037452905,0.13386355422972224
NC_047567.1,29600254,NC_047567.1 29556921 29605643,6,0.36718744818967036,0.13388843195713324
NC_047560.1,50229379,NC_047560.1 50227729 50232624,4,-0.36707207433401823,0.13402001407849623
NC_047564.1,53150286,NC_047564.1 53149322 53158602,3,0.3670162673030162,0.134083693509811
NC_047563.1,65937591,NC_047563.1 65937406 65940844,13,0.36695153600207253,0.13415758254905588
NC_047568.1,20920937,NC_047568.1 20916958 20921466,6,0.36695050337637264,0.13415876149365324
NC_047563.1,20857195,NC_047563.1 20833778 20859000,10,-0.36681413244965844,0.13431451913940398
NC_047561.1,24723292,NC_047561.1 24721635 24725248,8,-0.366785833648911,0.13434685674116142
NC_047564.1,32853276,NC_047564.1 32852285 32855060,4,0.36672402412316685,0.13441750659689727
NC_047559.1,15979685,NC_047559.1 15966539 15990456,5,0.36665475870624786,0.1344967095102641
NC_047561.1,39379625,NC_047561.1 39372293 39384464,18,0.36664614324296935,0.13450656330785768
NC_047559.1,4351165,NC_047559.1 4331950 4351641,10,-0.36651467874480714,0.13465698617421784
NC_047561.1,21542410,NC_047561.1 21541026 21543832,7,0.3663000974246488,0.13490276398162435
NC_047564.1,4602225,NC_047564.1 4593104 4615410,5,0.3662567602396029,0.13495243959189399
NC_047561.1,52341121,NC_047561.1 52336938 52351992,4,-0.36615266518279954,0.1350718115178677
NC_047562.1,29083760,NC_047562.1 29077349 29092121,4,-0.36613039909888107,0.1350973548986877
NC_047559.1,10113113,NC_047559.1 10110507 10113213,3,-0.3660773732854133,0.1351581990239569
NC_047568.1,52905426,NC_047568.1 52902403 52910063,5,-0.3660074638160474,0.1352384453766993
NC_047564.1,6748894,NC_047564.1 6722259 6754635,11,-0.36597935492603323,0.13527071983268027
NC_047565.1,5573840,NC_047565.1 5572742 5581331,20,0.3657761357143615,0.13550421459356587
NC_047559.1,37743061,NC_047559.1 37742233 37745084,5,-0.36572956301516085,0.13555776521178808
NC_047566.1,28048385,NC_047566.1 28042649 28051338,7,0.3655610496435494,0.13575164989086383
NC_047564.1,7619876,NC_047564.1 7614844 7620755,13,0.36555738319327646,0.13575587050658275
NC_047559.1,53005487,NC_047559.1 52961431 53010809,9,-0.36554135767020535,0.13577431927952988
NC_047568.1,19600169,NC_047568.1 19556458 19607728,3,0.3654619847078304,0.1358657201264204
NC_047563.1,40575783,NC_047563.1 40575200 40576333,5,-0.36544471526978145,0.1358856121866436
NC_047568.1,53757245,NC_047568.1 53754283 53758291,4,0.3654430595892286,0.13588751941358826
NC_047560.1,44268393,NC_047560.1 43984502 44478438,7,0.36531943629583363,0.13602997738473607
NC_047565.1,61697461,NC_047565.1 61670769 61721276,21,-0.36515083748051336,0.1362244307554427
NC_047564.1,37952532,NC_047564.1 37929718 37954845,10,0.3651492394104533,0.13622627481437857
NC_047568.1,45296386,NC_047568.1 45284891 45311391,13,-0.3651038826185449,0.13627862056740944
NC_047560.1,64309272,NC_047560.1 64294212 64325764,6,0.36505254831069106,0.13633788179726972
NC_047564.1,4602111,NC_047564.1 4593104 4615410,11,-0.36500051365333674,0.13639796983250452
NC_047568.1,48396003,NC_047568.1 48395557 48404223,14,0.36490016188789115,0.13651390505413427
NC_047568.1,26077731,NC_047568.1 26075022 26164422,3,0.36480086057632,0.1366286942103206
NC_047564.1,19084958,NC_047564.1 19084348 19123477,14,-0.3645937153095263,0.13686836377565426
NC_047559.1,36836814,NC_047559.1 36835891 36837369,4,-0.36457884648538436,0.13688557843133145
NC_047560.1,5685927,NC_047560.1 5676665 5686327,6,-0.3642535015250193,0.13726262985093374
NC_047568.1,16157569,NC_047568.1 16149716 16158965,5,0.36423219418074176,0.1372873487146949
NC_047561.1,28122256,NC_047561.1 28113917 28123468,4,0.36413314432751687,0.1374022981026934
NC_047566.1,57465401,NC_047566.1 57465376 57467831,17,-0.3637524635788007,0.13784470903845636
NC_047561.1,28421380,NC_047561.1 28410488 28422196,7,-0.3636587964357396,0.1379537166623971
NC_047563.1,15623216,NC_047563.1 15611256 15625489,3,0.36346372591345316,0.13818092752004504
NW_022994991.1,130766,NW_022994991.1 127034 148758,5,0.36327065212875614,0.13840606868420927
NC_047566.1,24225064,NC_047566.1 24198495 24236911,7,-0.36324710824493317,0.13843354037126784
NC_047566.1,48819577,NC_047566.1 48815973 48825439,8,-0.36324590530442474,0.1384349440989243
NC_047568.1,50181816,NC_047568.1 50176045 50184430,8,0.3630199076273205,0.13869883940684982
NC_047564.1,53749004,NC_047564.1 53737694 53752420,4,-0.3629266783815289,0.13880780406890797
NC_047560.1,5653894,NC_047560.1 5640091 5655348,11,-0.36291260292353233,0.13882426037660445
NC_047566.1,22309079,NC_047566.1 22308285 22309902,14,0.36286579014114945,0.13887900124505473
NC_047565.1,17831080,NC_047565.1 17788562 17848716,8,-0.3628600705927506,0.13888569046856167
NC_047565.1,38804663,NC_047565.1 38804182 38814665,8,-0.36270328723795997,0.13906914157699485
NC_047559.1,10975282,NC_047559.1 10944328 10981619,11,-0.36265783493976195,0.1391223564496493
NC_047560.1,18357058,NC_047560.1 18353816 18357668,8,0.3625574208842545,0.13923996986248016
NC_047564.1,14990631,NC_047564.1 14961116 15028523,6,0.36243460693381346,0.13938391378017254
NC_047564.1,36445521,NC_047564.1 36442351 36447220,5,0.3624172991484064,0.13940420764995776
NC_047560.1,17797273,NC_047560.1 17794174 17832744,3,-0.3624005721993198,0.13942382242226217
NC_047564.1,51113967,NC_047564.1 51113881 51117841,3,-0.36230600972072763,0.1395347466777639
NC_047567.1,1315465,NC_047567.1 1294829 1462686,8,0.36227792394084263,0.13956770382948766
NC_047561.1,24377808,NC_047561.1 24373867 24379101,5,-0.3621802061121902,0.139682412558786
NC_047563.1,18360108,NC_047563.1 18358978 18372054,5,0.36212281343052855,0.13974981501969488
NC_047568.1,6874450,NC_047568.1 6861982 6890466,3,-0.3618449065928625,0.1400765105809755
NC_047566.1,53771674,NC_047566.1 53770861 53778997,3,-0.3617470753202074,0.14019164292838615
NC_047562.1,19608896,NC_047562.1 19583045 19614182,18,-0.3616674381373811,0.14028541210465337
NC_047560.1,51581416,NC_047560.1 51556988 51604444,3,-0.36158800299177163,0.14037898673650812
NC_047563.1,355260,NC_047563.1 191191 650035,6,0.3614154245672835,0.1405824334148867
NC_047559.1,725799,NC_047559.1 717881 725870,6,0.3613277481147524,0.14068587043594435
NC_047563.1,51413464,NC_047563.1 51411525 51414663,5,0.3611278158821563,0.14092193955971988
NC_047559.1,36363714,NC_047559.1 36361049 36380092,3,0.36095227855937606,0.14112943085425927
NC_047567.1,17702063,NC_047567.1 17687590 17705161,11,-0.3607945301703424,0.1413160756369174
NC_047565.1,30734038,NC_047565.1 30702867 30757908,5,0.36073490594834373,0.14138666638255992
NC_047559.1,5062018,NC_047559.1 5061953 5067172,15,0.36072503916596965,0.1413983502926063
NC_047559.1,33016454,NC_047559.1 33012224 33018126,4,-0.3606807435704068,0.14145081188631262
NC_047564.1,21164181,NC_047564.1 21157069 21181141,11,0.36057811976969034,0.14157240646396077
NC_047565.1,37509872,NC_047565.1 37460628 37513316,17,0.36044756721138416,0.14172719731813851
NC_047559.1,3815987,NC_047559.1 3810845 3817983,6,-0.3604379997462143,0.14173854568282346
NC_047559.1,4580150,NC_047559.1 4569770 4582274,4,-0.36038457813337993,0.14180192283390927
NC_047566.1,24259834,NC_047566.1 24255148 24264557,10,-0.3602856171660513,0.14191937783447842
NC_047563.1,6142268,NC_047563.1 6138624 6144324,6,-0.3601915463206902,0.14203109131714806
NC_047564.1,19400705,NC_047564.1 19391135 19417009,6,-0.3601850186796627,0.14203884545278372
NC_047564.1,19432661,NC_047564.1 19428620 19450042,15,0.3601773853941813,0.14204791334715713
NC_047563.1,26270628,NC_047563.1 26268858 26274098,3,-0.36012414893611727,0.14211116628237416
NC_047559.1,31869844,NC_047559.1 31850203 31884767,4,0.3600711654959535,0.14217413796557002
NC_047562.1,51201048,NC_047562.1 51198482 51201262,5,0.35995164008298747,0.14231626685277016
NC_047562.1,23967036,NC_047562.1 23950353 23971261,6,0.3599488967227812,0.14231953016524979
NC_047568.1,4326757,NC_047568.1 4307261 4330818,8,-0.3598581004487738,0.14242756440982043
NC_047561.1,28145415,NC_047561.1 28145360 28159367,13,0.35982431027962075,0.14246778425153647
NC_047565.1,40168674,NC_047565.1 40166868 40168884,5,0.3596702835386172,0.1426512192095447
NC_047559.1,14120945,NC_047559.1 14113060 14121534,18,-0.35966074156357336,0.14266258840412405
NC_047563.1,20303977,NC_047563.1 20294697 20355501,4,-0.35964533575209934,0.14268094564185765
NC_047560.1,70826454,NC_047560.1 70388123 71110591,6,0.3593453438551929,0.14303873569577566
NC_047561.1,9971867,NC_047561.1 9965224 9984765,9,-0.3592248221601985,0.14318265250985143
NC_047564.1,33805544,NC_047564.1 33800452 33805823,10,0.3591688995954306,0.1432494645348159
NC_047560.1,6386212,NC_047560.1 6382480 6492964,5,0.35909945916334673,0.1433324567054203
NC_047561.1,49537464,NC_047561.1 49534859 49580239,3,0.35903627334594057,0.14340800254260538
NC_047564.1,3401199,NC_047564.1 3400060 3404913,6,-0.358994674761969,0.14345775342363645
NC_047561.1,7792563,NC_047561.1 7788039 7798580,5,-0.35891670960688565,0.1435510299929419
NC_047560.1,4486668,NC_047560.1 3998385 4494423,5,-0.3588794564696588,0.14359561400851042
NC_047565.1,45462116,NC_047565.1 45459789 45462666,17,-0.3585955504750311,0.1439357033410818
NC_047559.1,14781128,NC_047559.1 14775668 14794331,14,-0.3584682637321056,0.1440883601185916
NC_047559.1,40823817,NC_047559.1 40823033 40830529,6,-0.358388677255536,0.14418386616954276
NC_047563.1,28862621,NC_047563.1 28862002 28864922,13,0.35835230088604986,0.14422753342839134
NC_047563.1,14620757,NC_047563.1 14614263 14626503,3,-0.35828402698983314,0.14430951610013984
NC_047562.1,13413638,NC_047562.1 13397598 13442696,9,-0.3582553669960918,0.14434394035946013
NC_047565.1,44453676,NC_047565.1 44452739 44454546,8,0.35817539838260476,0.14444002275103446
NC_047563.1,65525203,NC_047563.1 65484772 65533285,6,-0.35803673904828204,0.14460672690861226
NC_047564.1,22537479,NC_047564.1 22496980 22540165,4,0.35796588806786317,0.1446919593190719
NC_047566.1,51529162,NC_047566.1 51463452 51529800,5,-0.35796399689154207,0.14469423484468363
NC_047567.1,32126410,NC_047567.1 32094253 32146259,11,-0.35789058466050955,0.14478258597617075
NC_047559.1,35330022,NC_047559.1 35326865 35333412,6,-0.3578379765586835,0.14484592240621816
NC_047563.1,8261020,NC_047563.1 8255494 8263130,3,0.357778006685747,0.14491814524073274
NC_047565.1,42476325,NC_047565.1 42429809 42479412,20,-0.3577648869307729,0.14493394892318662
NC_047562.1,13268479,NC_047562.1 13246768 13275546,7,0.35773649282909425,0.14496815572585425
NC_047564.1,40910232,NC_047564.1 40908726 40936320,11,-0.35751157503646186,0.14523931473183807
NC_047562.1,38420875,NC_047562.1 38416039 38422819,7,-0.357504491333367,0.14524786047272387
NC_047559.1,51989273,NC_047559.1 51985420 51997043,11,-0.3573936043793882,0.14538167917572142
NC_047565.1,14400078,NC_047565.1 14397652 14400216,5,-0.35721509748142716,0.14559728069483252
NC_047568.1,13455243,NC_047568.1 13449258 13457617,9,0.3570595192620244,0.14578536886637558
NC_047568.1,53721945,NC_047568.1 53720460 53726873,6,-0.3570257292659704,0.14582624185946041
NC_047567.1,8514245,NC_047567.1 8504069 8516072,17,0.35690493144977886,0.14597242580180197
NC_047564.1,58184576,NC_047564.1 58183443 58185230,3,0.3567775932105892,0.14612663417567168
NC_047564.1,8312373,NC_047564.1 8311889 8319418,11,-0.35659470516388664,0.14634831084128602
NC_047564.1,8441728,NC_047564.1 8441114 8446204,15,0.35639889338282654,0.1465859094089075
NC_047559.1,22398027,NC_047559.1 22380762 22401300,3,-0.35631916335136976,0.1466827302711472
NC_047564.1,51464167,NC_047564.1 51460720 51465294,12,0.3562578155807559,0.1467572585071469
NC_047565.1,56357317,NC_047565.1 56331967 56392561,16,-0.3562361715410078,0.14678355896646583
NC_047560.1,65653871,NC_047560.1 65642038 65658402,7,0.356217479354808,0.14680627513811736
NC_047566.1,41960633,NC_047566.1 41958618 41962735,7,0.3562063294281568,0.14681982653507572
NC_047565.1,56910206,NC_047565.1 56892894 56925302,9,-0.3559101048989286,0.14718016798217032
NC_047564.1,40674045,NC_047564.1 40669532 40690356,7,0.35571404592067496,0.14741899853439058
NC_047559.1,42805419,NC_047559.1 42795111 42818877,6,-0.35567244031275885,0.14746971503648684
NC_047563.1,41461656,NC_047563.1 41460723 41464279,5,0.35564180222297853,0.1475070700186497
NC_047564.1,28099216,NC_047564.1 28094533 28101097,3,0.35553087456302773,0.14764237129984456
NC_047560.1,63647966,NC_047560.1 63643674 63650273,7,0.35547874412375746,0.14770598566390558
NC_047564.1,40701890,NC_047564.1 40697258 40701895,6,0.3554345482658186,0.14775993231997966
NC_047560.1,69105230,NC_047560.1 69100451 69116122,3,-0.355416858898684,0.1477815282443081
NC_047565.1,37590852,NC_047565.1 37572757 37610817,8,0.3554020138546551,0.14779965337835835
NC_047567.1,18325152,NC_047567.1 18296483 18360680,3,-0.3551755278431698,0.1480763727198158
NC_047564.1,37384865,NC_047564.1 37358897 37405391,4,-0.35501303470291545,0.14827512577818114
NC_047559.1,15412086,NC_047559.1 15404102 15414223,12,0.35500832536770316,0.14828088872876757
NC_047566.1,37659443,NC_047566.1 37655066 37677664,4,-0.3548267411733384,0.14850321631593424
NC_047562.1,50397802,NC_047562.1 50396552 50410069,7,0.3548077860324682,0.14852643779275138
NC_047567.1,10670430,NC_047567.1 10658662 10703573,7,-0.3547411784016159,0.14860805700250845
NW_022994965.1,17725,NW_022994965.1 15237 20152,6,0.35447117433843855,0.14893922922958902
NC_047565.1,54001244,NC_047565.1 53996589 54006621,7,0.3543433850916355,0.14909614559519646
NC_047561.1,13683693,NC_047561.1 13683690 13688349,9,-0.35428317767892464,0.14917011557499932
NC_047566.1,37310369,NC_047566.1 37306870 37316631,6,0.35427158024677136,0.14918436691877202
NC_047560.1,70787899,NC_047560.1 70690070 71346242,6,0.35423426059687013,0.14923023301532543
NC_047561.1,53672965,NC_047561.1 53663306 53677755,18,-0.35416416863530165,0.14931640273877697
NC_047563.1,41459719,NC_047563.1 41455117 41460196,4,-0.35415622786592554,0.14932616712925462
NC_047563.1,355260,NC_047563.1 175641 457526,6,0.3541376391150764,0.14934902656053095
NC_047568.1,45077169,NC_047568.1 45067324 45077223,6,0.3540894452690897,0.14940830394143556
NC_047568.1,44321880,NC_047568.1 44319352 44325350,10,-0.3540519031320294,0.14945449117323692
NC_047559.1,20743167,NC_047559.1 20734037 20743392,14,-0.35402312633926425,0.14948990125623796
NC_047568.1,14272610,NC_047568.1 14271485 14274485,10,0.353993647513826,0.14952618118391403
NC_047561.1,50529763,NC_047561.1 50526504 50545284,12,-0.3538191438033217,0.1497410690254769
NW_022994921.1,247794,NW_022994921.1 243254 249504,12,0.3538002690092622,0.1497643246066322
NC_047565.1,23510546,NC_047565.1 23509828 23512183,11,0.3536351450136583,0.14996787941290665
NC_047566.1,7777493,NC_047566.1 7765524 7791654,10,-0.3536341666158645,0.14996908608913664
NC_047561.1,49863753,NC_047561.1 49836177 49879365,19,-0.35349701404853473,0.150138305018592
NC_047564.1,5693722,NC_047564.1 5692949 5698178,4,0.3534807012345326,0.1501584405166589
NC_047566.1,31970477,NC_047566.1 31968104 31974224,7,-0.35285802169660063,0.15092842583717292
NC_047565.1,43106592,NC_047565.1 43084672 43140764,3,-0.35276614495273517,0.15104226699741544
NC_047560.1,55198025,NC_047560.1 55188242 55205131,7,0.35269469324264097,0.15113084102691615
NC_047567.1,14002664,NC_047567.1 13997174 14009022,4,0.3524895290041823,0.1513853681862927
NC_047565.1,41333605,NC_047565.1 41330360 41334938,9,0.3524029266936792,0.15149289554822395
NC_047562.1,13267654,NC_047562.1 13246768 13275546,6,-0.35239061666949634,0.15150818420806697
NC_047565.1,14705951,NC_047565.1 14700816 14710727,11,0.3523553396911327,0.15155200296946253
NC_047563.1,58483797,NC_047563.1 58479132 58484359,13,-0.3521964179663711,0.15174951314572524
NC_047564.1,13464710,NC_047564.1 13456615 13478904,5,0.3521144955867713,0.1518513964849508
NC_047561.1,9971272,NC_047561.1 9965224 9984765,3,0.3520187962836605,0.1519704730861533
NC_047560.1,69100598,NC_047560.1 69100451 69116122,14,-0.35189452442464964,0.1521251976064722
NC_047565.1,11538220,NC_047565.1 11525252 11542082,8,-0.351839453664478,0.15219379796810634
NC_047563.1,20143999,NC_047563.1 20096754 20197685,4,0.3515826616825966,0.15251395823652467
NC_047561.1,53860205,NC_047561.1 53857649 53862313,3,-0.35145495062456983,0.15267335645347718
NC_047568.1,8427477,NC_047568.1 8427244 8438204,11,0.3514295719269854,0.15270504562756582
NC_047568.1,44654007,NC_047568.1 44640712 44674764,9,0.35132977997063003,0.1528296948831466
NC_047565.1,17149417,NC_047565.1 17148579 17154087,9,-0.3509400303892917,0.15331719662081364
NC_047568.1,41960270,NC_047568.1 41959375 41962733,7,-0.3508235954598771,0.15346304103861716
NC_047559.1,50016538,NC_047559.1 49973792 50032433,6,-0.35081734566225903,0.1534708721194038
NC_047560.1,70845733,NC_047560.1 70595196 71158665,3,-0.3508069127049856,0.15348394536644894
NC_047559.1,36352598,NC_047559.1 36343544 36353973,5,0.3508066960929266,0.15348421680505794
NW_022994983.1,20313,NW_022994983.1 20086 24977,7,-0.3507468527129256,0.1535592197202255
NW_022994890.1,126411,NW_022994890.1 103447 131448,3,-0.35053615898356655,0.15382348648049896
NC_047561.1,29337688,NC_047561.1 29335247 29338289,3,0.3503521648722199,0.15405451967584266
NC_047564.1,1593847,NC_047564.1 1588171 1604786,4,-0.3503011579900317,0.15411860883697673
NC_047568.1,45741307,NC_047568.1 45730614 45755297,5,-0.35010084384758783,0.1543704765300901
NC_047568.1,52279022,NC_047568.1 52275006 52289407,4,0.349874928333477,0.15465487281428308
NC_047562.1,46889843,NC_047562.1 46887411 46896191,12,0.34985038975745514,0.15468578507849154
NC_047565.1,59272287,NC_047565.1 59231046 59276919,5,0.34984367418205375,0.15469424570583853
NC_047565.1,45019898,NC_047565.1 44997191 45039220,15,-0.3495245120559742,0.155096708292459
NC_047559.1,38791182,NC_047559.1 38790032 38794021,5,0.34945909414759957,0.1551792885863904
NC_047564.1,8325718,NC_047564.1 8319741 8349006,8,-0.3494244372688597,0.15522304989765376
NC_047566.1,5048205,NC_047566.1 5046906 5056083,9,0.3493081779998142,0.15536991244842535
NC_047562.1,6930708,NC_047562.1 6872449 6974232,18,0.34926684994188606,0.15542214233569943
NC_047560.1,53352844,NC_047560.1 53352291 53358808,16,-0.34883194130653655,0.1559725036131384
NC_047564.1,46177423,NC_047564.1 46175335 46178462,20,0.3487458201432747,0.15608164487702572
NC_047560.1,27784836,NC_047560.1 27779829 27785852,4,-0.34872180754665927,0.1561120853331331
NC_047561.1,38904911,NC_047561.1 38903672 38913801,5,-0.3486235106632337,0.15623673737188615
NC_047563.1,327522,NC_047563.1 175641 457526,4,0.34856868917119943,0.15630628706651806
NC_047563.1,46835709,NC_047563.1 46833724 46836172,20,-0.3484839011242593,0.1564138957714769
NC_047562.1,38567675,NC_047562.1 38553445 38573273,3,-0.34839086894731386,0.15653202581946077
NC_047563.1,40599979,NC_047563.1 40585583 40601722,12,-0.34819831094781334,0.15677672527242761
NC_047561.1,56455546,NC_047561.1 56449627 56456821,5,0.3481906641145244,0.15678644813739084
NC_047565.1,55745024,NC_047565.1 55741038 55760777,10,0.348083007041308,0.15692337670984494
NC_047568.1,55057106,NC_047568.1 55054519 55059920,5,0.3480505949412959,0.156964617535024
NC_047559.1,12174817,NC_047559.1 12171758 12177452,5,0.3480214005309853,0.15700177054928502
NC_047564.1,9697037,NC_047564.1 9696182 9697489,14,0.34798028877076465,0.15705409986467764
NC_047568.1,53242802,NC_047568.1 53235338 53245859,5,-0.34769697649668063,0.1574150396750027
NC_047564.1,16716451,NC_047564.1 16684948 16736210,19,0.34767038393843336,0.15744894767784481
NC_047561.1,56881612,NC_047561.1 56875349 56891777,3,0.34766352092136094,0.1574576994780369
NC_047562.1,14812881,NC_047562.1 14797039 14823773,4,0.34765092780268564,0.15747375923621246
NC_047560.1,69726363,NC_047560.1 69361668 69807992,3,-0.3475472542587647,0.15760601463617793
NC_047562.1,27698598,NC_047562.1 27697889 27703996,14,0.34749363974472214,0.15767443996073413
NC_047559.1,8720249,NC_047559.1 8718986 8725935,5,-0.34725475028463,0.1579795685281705
NC_047568.1,17876994,NC_047568.1 17874007 17878633,11,0.34718990913169284,0.1580624583613277
NC_047566.1,9546977,NC_047566.1 9542147 9550975,14,0.347098092616152,0.1581798830323934
NC_047559.1,32712565,NC_047559.1 32710767 32719821,13,0.34706601135964626,0.15822092598222787
NC_047564.1,1109164,NC_047564.1 1093827 1119467,7,0.3470430870483522,0.15825025850925015
NC_047565.1,9862456,NC_047565.1 9842383 9882001,16,-0.34687461937016856,0.15846593326834688
NC_047564.1,48160591,NC_047564.1 48151242 48161477,3,-0.3467545682698363,0.1586197468739611
NC_047563.1,7592518,NC_047563.1 7589050 7602893,8,-0.3467305180058209,0.15865057315511708
NC_047562.1,17388749,NC_047562.1 17384878 17401529,6,0.3466630250978574,0.15873710363326196
NC_047564.1,54785826,NC_047564.1 54757522 54799325,12,0.346626736435472,0.15878364147503
NC_047565.1,14991518,NC_047565.1 14962472 14995097,4,-0.3465433101364588,0.15889066558614492
NC_047566.1,684654,NC_047566.1 631848 691804,11,-0.3465049543848027,0.15893988709974005
NC_047565.1,23744691,NC_047565.1 23736793 23745550,3,0.34600662048550623,0.15958033994436416
NC_047566.1,24046191,NC_047566.1 24043365 24047986,8,0.34599301483846506,0.15959785041796484
NC_047566.1,25233139,NC_047566.1 25223632 25233402,3,-0.3459681356345746,0.15962987335459006
NC_047564.1,56207809,NC_047564.1 56201682 56229705,20,-0.34580978292412934,0.1598337976994773
NC_047564.1,8237256,NC_047564.1 8232230 8249279,13,-0.3456769654409702,0.16000497513146364
NC_047566.1,17145177,NC_047566.1 17130718 17145903,16,0.345607794944273,0.16009417274554552
NC_047560.1,70827425,NC_047560.1 70690070 71346242,5,-0.3455776398381245,0.16013306935289368
NC_047564.1,42430370,NC_047564.1 42428350 42437370,5,0.3455327968767072,0.16019092351694594
NC_047566.1,5175929,NC_047566.1 5174709 5176398,21,-0.3454547773603987,0.16029161439886044
NC_047567.1,31505286,NC_047567.1 31494889 31522971,16,0.34526954739524207,0.1605308424156468
NC_047568.1,13409479,NC_047568.1 13406829 13430649,5,0.3452571098508687,0.16054691445661576
NC_047562.1,21801748,NC_047562.1 21793983 21806199,12,-0.3446585035776296,0.16132174275448014
NC_047560.1,16264043,NC_047560.1 16263868 16265714,4,-0.34449408577305657,0.16153500825893471
NC_047561.1,51426773,NC_047561.1 51426340 51449747,3,-0.34447261081567526,0.16156287749100814
NC_047561.1,2824159,NC_047561.1 2789962 2853802,10,-0.34432912854210473,0.1617491663690122
NC_047568.1,34483725,NC_047568.1 34475354 34489246,4,-0.34421806646476644,0.16189346319232062
NC_047561.1,55038739,NC_047561.1 55037988 55039515,7,0.34409865618407426,0.1620487041412374
NC_047559.1,3627425,NC_047559.1 3605784 3628135,8,-0.3440958966501798,0.1620522929083725
NC_047561.1,3119283,NC_047561.1 2995314 3121409,7,0.34401563842257593,0.16215669221422538
NC_047566.1,43978987,NC_047566.1 43976765 43983509,4,-0.3439848538614264,0.16219674869017636
NC_047566.1,5808553,NC_047566.1 5703482 5813652,20,0.3439586093325331,0.16223090305352758
NC_047568.1,4491863,NC_047568.1 4490714 4496451,11,-0.34353209407460794,0.1627866521627515
NC_047566.1,46139262,NC_047566.1 46137978 46144273,21,-0.3432813321990227,0.16311399872573917
NC_047565.1,60134968,NC_047565.1 60127075 60136640,5,-0.3431069607646031,0.1633418883646253
NC_047559.1,11815998,NC_047559.1 11800710 11820977,3,-0.34283570111488704,0.16369683351030231
NC_047564.1,34615469,NC_047564.1 34608792 34626896,5,-0.3427755315359592,0.16377563683095567
NC_047566.1,24540893,NC_047566.1 24531438 24552225,4,-0.342741911605964,0.16381967964903538
NC_047562.1,47830364,NC_047562.1 47824828 47831772,5,0.34252807522101936,0.16409999831437733
NC_047568.1,22289481,NC_047568.1 22284688 22301772,9,-0.34243330694633395,0.16422433448485357
NC_047568.1,40419979,NC_047568.1 40418479 40432642,3,-0.34234079223635994,0.16434577571803696
NC_047560.1,51038974,NC_047560.1 50935047 51246957,6,0.34231831994543094,0.1643752836172425
NC_047559.1,30284350,NC_047559.1 30283653 30285005,3,-0.34183424849546534,0.16501178201095587
NW_022994952.1,49042,NW_022994952.1 28444 64723,11,0.3413393641482656,0.16566422637280873
NC_047564.1,32955055,NC_047564.1 32920846 32963165,5,-0.3412481970422682,0.16578460974174888
NC_047568.1,36653298,NC_047568.1 36650323 36662053,3,-0.3411637116877352,0.16589622305426951
NC_047565.1,60953463,NC_047565.1 60892052 60985539,3,-0.34098619700124116,0.16613090320789395
NC_047562.1,26846077,NC_047562.1 26835876 26846897,7,-0.34082790128168056,0.16634036516597067
NC_047566.1,6160604,NC_047566.1 6141673 6175995,4,0.34076846403220973,0.16641906067767157
NC_047568.1,3375557,NC_047568.1 3375296 3381709,3,0.3407454255820452,0.1664495706061226
NC_047562.1,31357716,NC_047562.1 31346810 31373777,10,0.3406039265187227,0.16663704169748556
NC_047561.1,2564292,NC_047561.1 2563572 2578174,6,0.3405116286790577,0.16675940357897873
NC_047563.1,6777023,NC_047563.1 6776654 6779814,4,-0.3405104525460096,0.1667609632051866
NC_047559.1,39259692,NC_047559.1 39249519 39262135,16,0.3404472472266426,0.16684479197332658
NC_047560.1,53325380,NC_047560.1 53324195 53334880,3,-0.3402754494910933,0.1670727904659992
NC_047560.1,18944797,NC_047560.1 18905772 18996177,3,-0.3402456584155578,0.1671123486724382
NC_047568.1,31897068,NC_047568.1 31883052 31898614,17,0.3401230320593291,0.1672752454589636
NC_047568.1,5375327,NC_047568.1 5361939 5427662,14,-0.34002278785111967,0.1674084897410717
NC_047563.1,38161850,NC_047563.1 38161154 38162140,9,-0.33992772082034073,0.16753491897508366
NC_047562.1,30425021,NC_047562.1 30418656 30425188,8,-0.3398008388172107,0.16770375958981418
NC_047565.1,32362754,NC_047565.1 32359161 32364196,4,-0.3396526300179965,0.1679011255036005
NC_047568.1,37138247,NC_047568.1 37135625 37140115,7,-0.33960407585537394,0.1679658180600305
NC_047567.1,34113196,NC_047567.1 34112526 34119452,9,0.33949859948311584,0.1681064107615511
NC_047568.1,36718793,NC_047568.1 36717923 36719212,5,-0.3393496580109504,0.16830507514581536
NC_047565.1,29206052,NC_047565.1 29196190 29209219,3,0.339290300473961,0.16838429300830332
NC_047564.1,50855629,NC_047564.1 50855486 50870393,9,-0.33927232281475694,0.16840829075915703
NC_047564.1,35487706,NC_047564.1 35485384 35488435,5,-0.3391624669862047,0.1685549837925065
NC_047561.1,46480543,NC_047561.1 46462626 46499059,4,-0.33897696903159213,0.16880287984189055
NC_047559.1,51795022,NC_047559.1 51732705 51795885,6,-0.338961120755491,0.16882407062306912
NC_047564.1,4158125,NC_047564.1 4113919 4173330,7,0.33895867624732146,0.16882733934312974
NC_047561.1,22729666,NC_047561.1 22728701 22736042,12,0.3389584694580574,0.1688276158572474
NC_047568.1,55437310,NC_047568.1 55427966 55452087,6,-0.3389385071091307,0.16885431052041688
NC_047568.1,41061182,NC_047568.1 41061025 41064923,5,0.3388100549833834,0.1690261515465095
NC_047563.1,23479029,NC_047563.1 23478623 23479833,3,0.338171577079158,0.16988205238420287
NC_047567.1,13187378,NC_047567.1 13187237 13199017,8,-0.3381497222886095,0.16991140123672538
NC_047561.1,44429063,NC_047561.1 44428842 44430725,6,-0.3381452575262641,0.16991739739895045
NC_047565.1,13040504,NC_047565.1 13038919 13040599,4,-0.3379350776652555,0.1701998302596308
NC_047559.1,16862954,NC_047559.1 16859271 16865247,7,0.33782629284975196,0.1703461363369309
NC_047559.1,12852929,NC_047559.1 12832141 12852961,5,-0.33766210245456485,0.1705671190428719
NC_047565.1,46131214,NC_047565.1 46117364 46136914,21,-0.3373989448526382,0.17092170501582957
NC_047566.1,13365235,NC_047566.1 13364014 13368303,10,-0.3371508921931025,0.1712563938633062
NC_047565.1,52770690,NC_047565.1 52741742 52794894,19,0.33708255308387225,0.17134867917805938
NC_047559.1,47540973,NC_047559.1 47529136 47559517,6,0.33704617020242805,0.17139782441679555
NC_047566.1,23866543,NC_047566.1 23850576 23872015,5,0.33700449039277813,0.1714541363350245
NC_047560.1,70912352,NC_047560.1 70595196 71158665,4,-0.33699428504552126,0.17146792627421084
NC_047565.1,41397351,NC_047565.1 41384196 41415020,14,0.3369933209413567,0.1714692290552577
NC_047568.1,42379296,NC_047568.1 42366137 42402817,9,0.33695766962722684,0.17151740889289901
NC_047567.1,4533723,NC_047567.1 4501061 4774726,3,0.3368011861790768,0.1717289916157014
NC_047567.1,9041302,NC_047567.1 9034980 9042473,8,-0.33674733818634384,0.17180184072489574
NC_047564.1,30265884,NC_047564.1 30263562 30267463,6,0.3366662783791731,0.17191154310840123
NC_047561.1,18103052,NC_047561.1 18097275 18107607,7,-0.33646644245764346,0.17218219325590484
NC_047561.1,7693219,NC_047561.1 7684083 7720506,11,-0.3364463183082576,0.17220946456558822
NC_047560.1,16251414,NC_047560.1 16251095 16252267,4,0.336368625049864,0.17231477820306346
NC_047564.1,54785555,NC_047564.1 54757522 54799325,19,0.33621080678013643,0.17252883552716058
NC_047564.1,5998263,NC_047564.1 5996899 6011359,8,0.33614412883643346,0.1726193282659135
NC_047561.1,4262689,NC_047561.1 4253648 4367559,13,0.3360964279825861,0.1726840856746557
NC_047561.1,8970662,NC_047561.1 8962559 8986747,3,0.33585814847571405,0.17300781300337678
NC_047568.1,43046385,NC_047568.1 43038388 43066906,7,0.3358403749617706,0.17303197655118843
NC_047562.1,17438155,NC_047562.1 17421812 17438659,5,0.33581828536349834,0.17306201109856484
NC_047564.1,55181383,NC_047564.1 55148943 55228579,11,0.3358155752452363,0.17306569620514745
NC_047566.1,8923123,NC_047566.1 8903027 8930152,3,-0.33580867627419847,0.1730750773791016
NC_047565.1,45815282,NC_047565.1 45810285 45822566,8,0.3356671498250409,0.1732675997682856
NW_022994865.1,3465180,NW_022994865.1 3464360 3471812,3,-0.3356587204815587,0.17327907099476927
NC_047565.1,58045535,NC_047565.1 58026839 58045772,14,0.3356471917237615,0.1732947609451556
NC_047566.1,5808538,NC_047566.1 5703482 5813652,16,0.33562650976317765,0.17332291025822114
NC_047562.1,45668664,NC_047562.1 45667191 45669088,10,-0.33550741281829266,0.17348506790305368
NC_047559.1,5365088,NC_047559.1 5360521 5395516,6,0.33542509156122285,0.17359721300376713
NC_047559.1,41857185,NC_047559.1 41829812 41858928,5,-0.3353577619496322,0.17368897151730864
NC_047566.1,50842645,NC_047566.1 50816539 50848619,11,-0.3351643085693615,0.17395279661829732
NC_047568.1,33178329,NC_047568.1 33169425 33190167,11,0.3351566360113445,0.1739632657550206
NC_047559.1,11005686,NC_047559.1 10999736 11015637,6,-0.33511197945151844,0.17402420765883408
NC_047566.1,8721769,NC_047566.1 8714770 8721924,9,-0.33501153401550865,0.17416133608120088
NC_047560.1,63115802,NC_047560.1 63059766 63303274,6,-0.33498081660792023,0.17420328611465477
NC_047561.1,18494448,NC_047561.1 18459347 18634624,6,-0.33481084357167773,0.1744355373139273
NC_047559.1,40198747,NC_047559.1 40182188 40220422,7,0.3347561490635414,0.17451031624028587
NC_047565.1,52579700,NC_047565.1 52578699 52586996,10,-0.3347085630420647,0.17457539392994395
NC_047565.1,7470917,NC_047565.1 7460923 7471247,15,0.334639829844427,0.17466942092743293
NC_047568.1,42485797,NC_047568.1 42482968 42490863,17,0.33461058735985233,0.17470943497969302
NC_047568.1,42034674,NC_047568.1 42027682 42035472,4,-0.33459571014996214,0.17472979462908972
NC_047568.1,51535992,NC_047568.1 51534100 51554013,6,-0.33456731687439434,0.174768655619507
NC_047559.1,11588288,NC_047559.1 11586792 11589103,6,0.3345157630544237,0.17483923060217788
NC_047562.1,7961979,NC_047562.1 7958051 7966846,13,0.3345081047894694,0.17484971607749936
NC_047564.1,19389791,NC_047564.1 19387527 19393192,4,-0.3343335339972578,0.17508884821787377
NC_047565.1,48186291,NC_047565.1 48176738 48195530,9,0.334312961341452,0.17511704373469225
NC_047565.1,18499337,NC_047565.1 18480225 18516453,3,-0.3342132666067491,0.1752537220208409
NC_047561.1,12651400,NC_047561.1 12648971 12664261,7,-0.3341147722544409,0.17538882512190382
NC_047561.1,23177600,NC_047561.1 23177456 23212457,11,0.3340793150572654,0.17543747833816697
NC_047568.1,35473228,NC_047568.1 35470673 35489101,20,-0.33405672232644407,0.1754684840884337
NC_047566.1,7887161,NC_047566.1 7884598 7894119,10,-0.3340248359117626,0.1755122505546315
NC_047568.1,49439730,NC_047568.1 49434891 49446992,8,0.33397172936434466,0.17558515953150847
NC_047561.1,34545489,NC_047561.1 34543327 34545761,4,0.3338972488268142,0.17568744678946105
NC_047564.1,1895081,NC_047564.1 1886692 1900096,4,-0.33380626593944196,0.17581245181641647
NC_047568.1,48036463,NC_047568.1 48031304 48038480,5,-0.33375033099512486,0.17588933277057167
NC_047561.1,53672965,NC_047561.1 53668819 53676230,18,-0.33371297137140316,0.1759406950836755
NC_047561.1,56688688,NC_047561.1 56687511 56689200,3,0.3336751011927901,0.175992769608985
NC_047566.1,54582386,NC_047566.1 54572147 54616687,10,-0.33366103507308675,0.1760121142894707
NC_047564.1,54029619,NC_047564.1 54024865 54030365,11,0.3336353092820158,0.1760474978399673
NC_047568.1,5277391,NC_047568.1 5274654 5278125,9,-0.33360477936761,0.17608949524559733
NC_047565.1,7091491,NC_047565.1 7089625 7096810,8,-0.33349699682484485,0.17623781641172528
NC_047563.1,1715056,NC_047563.1 1705172 1738472,5,0.3332196442921356,0.17661987161093945
NC_047566.1,21269486,NC_047566.1 21265655 21270903,7,-0.3331139051148173,0.17676567462883497
NC_047566.1,36164103,NC_047566.1 36129426 36164224,7,0.3330864498918496,0.17680354567396994
NC_047566.1,5618699,NC_047566.1 5617295 5650849,7,-0.3329541205359439,0.17698615396336212
NC_047568.1,53001149,NC_047568.1 52999204 53008845,3,-0.3327769395592434,0.17723085382026696
NC_047563.1,231701,NC_047563.1 191191 650035,7,-0.3326371557144717,0.177424065871091
NC_047560.1,40588805,NC_047560.1 40583262 40589453,20,0.33251968236837043,0.1775865493044443
NC_047565.1,25690931,NC_047565.1 25684960 25702970,3,-0.3324779572199293,0.17764428555623066
NC_047564.1,38868529,NC_047564.1 38868392 38892895,12,-0.3324480797462823,0.1776856355963892
NC_047559.1,39974534,NC_047559.1 39972424 39976474,6,0.33242338665303106,0.17771981540021597
NC_047564.1,30846443,NC_047564.1 30843050 30848250,9,0.332386803031673,0.17777046201013896
NC_047566.1,24460148,NC_047566.1 24459102 24475215,7,0.3323193705416642,0.17786384140202516
NC_047562.1,7538494,NC_047562.1 7536957 7540022,11,0.33229479482171703,0.1778978816402481
NC_047560.1,6371206,NC_047560.1 6361780 6373693,13,0.3322721306031401,0.17792927810408216
NC_047564.1,7673434,NC_047564.1 7663926 7674717,5,0.3320804704211029,0.17819493140261017
NC_047561.1,39094251,NC_047561.1 39087437 39097542,11,-0.33201920358731213,0.17827990730275523
NC_047560.1,68008395,NC_047560.1 68006566 68009067,15,-0.33191522030948084,0.17842419233985332
NC_047561.1,44331864,NC_047561.1 44330068 44333425,3,0.3316508731213266,0.1787913478986815
NC_047567.1,14284366,NC_047567.1 14254367 14288156,3,-0.33162619722909514,0.17882564644862758
NC_047559.1,24321384,NC_047559.1 24287686 24358940,3,-0.3315832365585306,0.17888537067867766
NC_047561.1,5979879,NC_047561.1 5977831 5984272,3,-0.331543856973307,0.1789401282151009
NC_047562.1,45861088,NC_047562.1 45860696 45866940,4,-0.331453642461085,0.17906561439920565
NC_047561.1,19316633,NC_047561.1 19315580 19318231,3,-0.33144584016436596,0.17907646997672536
NC_047561.1,5884491,NC_047561.1 5879612 5887715,3,-0.3314335467518874,0.1790935750788687
NC_047559.1,54421802,NC_047559.1 54420804 54433448,6,0.3312763472923576,0.17931239965502757
NC_047561.1,43688587,NC_047561.1 43687772 43713405,13,0.33118622746028575,0.17943792898654415
NC_047563.1,7010590,NC_047563.1 6975224 7040283,6,-0.33108469520504685,0.17957942545663605
NC_047568.1,3223357,NC_047568.1 3209446 3226787,12,-0.331038304696472,0.1796441006790269
NC_047564.1,19390219,NC_047564.1 19387527 19393192,3,-0.33095077778375054,0.17976616865970954
NC_047568.1,52904499,NC_047568.1 52902403 52910063,17,-0.3307056289939349,0.18010835741419992
NC_047562.1,28934392,NC_047562.1 28929402 28967220,5,-0.33057783832476423,0.18028690588946913
NC_047559.1,43941708,NC_047559.1 43936358 43950720,4,0.3305177805816305,0.18037085922709573
NC_047563.1,189691,NC_047563.1 175641 457526,6,-0.3304888913296656,0.18041125217894197
NC_047561.1,49138921,NC_047561.1 49110524 49140908,3,0.33043308345505656,0.18048929991427481
NC_047559.1,7400838,NC_047559.1 7366327 7408045,10,0.3304064351398341,0.18052657576506698
NC_047559.1,15055554,NC_047559.1 15036484 15058591,18,-0.330282118168237,0.18070053938523517
NC_047566.1,21190206,NC_047566.1 21182106 21190726,9,0.3301133402604374,0.1809368993548486
NC_047565.1,21918074,NC_047565.1 21916292 21920270,10,0.3301067317097491,0.18094615831290484
NC_047559.1,43837776,NC_047559.1 43824936 43839493,3,-0.3300628510350646,0.18100764570178718
NC_047564.1,7673398,NC_047564.1 7663926 7674717,11,0.3300357528586482,0.1810456237594667
NC_047562.1,33987119,NC_047562.1 33984557 33988271,7,-0.32990959734396513,0.18122250080250216
NC_047568.1,3796165,NC_047568.1 3785450 3802109,10,0.3298779376711321,0.18126690758191613
NC_047564.1,21750715,NC_047564.1 21731975 21751844,6,0.32982199254756195,0.1813453956559159
NC_047561.1,56444932,NC_047561.1 56426678 56448482,4,-0.3297595095164847,0.1814330829690274
NC_047559.1,6121629,NC_047559.1 6121202 6122630,12,-0.32973092980992935,0.18147320056213953
NC_047565.1,36625579,NC_047565.1 36619333 36629724,18,-0.32966993154849733,0.18155884423911953
NC_047564.1,28669764,NC_047564.1 28634556 28742989,17,0.3295833619615789,0.1816804373915085
NC_047568.1,3829051,NC_047568.1 3816447 3833324,10,-0.32955004841267466,0.18172724316585923
NC_047564.1,48908049,NC_047564.1 48905161 48925179,3,-0.3294939131543532,0.18180613186417618
NC_047564.1,20643573,NC_047564.1 20642049 20649501,7,-0.32908732266769447,0.1823782109618898
NC_047565.1,57125103,NC_047565.1 57124839 57125837,7,0.32903265532884496,0.18245522048964466
NC_047568.1,21722060,NC_047568.1 21699251 21727819,4,0.32903001084968203,0.1824589463018984
NC_047563.1,57968404,NC_047563.1 57967820 57970799,5,-0.3290249892405751,0.18246602139761586
NC_047568.1,45980334,NC_047568.1 45979369 45986239,11,0.3290150778945494,0.1824799863289628
NC_047568.1,3549935,NC_047568.1 3513249 3550658,14,0.32900251833851935,0.18249768357376883
NC_047568.1,53479070,NC_047568.1 53471803 53481689,9,0.3289702265827395,0.18254319006327444
NC_047568.1,50500798,NC_047568.1 50477425 50514558,6,0.3289245279770787,0.18260760284957378
NC_047567.1,4221771,NC_047567.1 4218138 4222022,4,0.32889156980261525,0.18265406726532668
NC_047566.1,3953469,NC_047566.1 3911431 3984108,18,0.3287858189207774,0.18280320818961723
NC_047565.1,3437215,NC_047565.1 3409536 3439863,21,-0.32872558006475655,0.18288819970561251
NC_047559.1,3853592,NC_047559.1 3838453 3860358,6,0.32872001409012463,0.18289605412008642
NW_022994958.1,38597,NW_022994958.1 38466 86290,17,0.3287154497001622,0.182902495318601
NC_047564.1,46067485,NC_047564.1 46063698 46068093,6,-0.32855280102669365,0.1831321217016099
NC_047563.1,49059240,NC_047563.1 48720370 49152966,6,-0.32853146570616554,0.1831622570668838
NW_022994897.1,501879,NW_022994897.1 465521 523306,16,0.32838858081674344,0.18336416223385246
NC_047562.1,13267822,NC_047562.1 13246768 13275546,3,0.32833894227082505,0.1834343393682167
NC_047563.1,25009283,NC_047563.1 25004340 25011733,4,0.3283188455195082,0.18346275651418353
NC_047567.1,8140259,NC_047567.1 8139997 8147798,8,0.32831757195927724,0.18346455744900741
NC_047563.1,62639990,NC_047563.1 62637641 62645857,6,0.3283031027124068,0.18348501916463222
NC_047562.1,2237250,NC_047562.1 2230281 2240984,4,-0.3282418293737014,0.1835716858900959
NC_047566.1,19613471,NC_047566.1 19599118 19617007,4,0.3282284848717906,0.1835905643544731
NC_047559.1,13222626,NC_047559.1 13219836 13222841,12,-0.3281968653007374,0.1836353017352341
NC_047561.1,49760888,NC_047561.1 49755947 49761167,6,-0.3278126704090989,0.18417946721191225
NC_047559.1,36679377,NC_047559.1 36674835 36681555,4,-0.3278090247239623,0.18418463603586385
NC_047566.1,45976853,NC_047566.1 45949296 45984413,6,0.3278071856494195,0.1841872434981739
NC_047564.1,45623503,NC_047564.1 45602201 45630715,10,-0.32774040795439674,0.18428193843093255
NC_047560.1,19333786,NC_047560.1 19331792 19334906,5,-0.32762463902608524,0.18444618302657298
NC_047559.1,5027254,NC_047559.1 5022296 5033938,16,0.32761837207149636,0.18445507691749058
NC_047568.1,4419168,NC_047568.1 4413988 4422167,5,-0.3275702662955617,0.1845233568586879
NC_047565.1,48152703,NC_047565.1 48150933 48170802,11,-0.3273998167686569,0.18476542380703667
NW_022994852.1,174548,NW_022994852.1 170325 177031,3,-0.3273942088048123,0.18477339165792944
NC_047565.1,48237871,NC_047565.1 48235710 48240469,7,0.3273925911151469,0.18477569013015108
NC_047568.1,46240694,NC_047568.1 46240027 46241571,6,-0.3272925199654966,0.18491791196887183
NW_022994784.1,339858,NW_022994784.1 333289 343433,16,0.3271984760578695,0.18505163443625516
NC_047568.1,48793279,NC_047568.1 48791929 48797324,6,-0.32718709619366626,0.18506782001530037
NC_047565.1,54069919,NC_047565.1 54020182 54080189,4,0.32718651467625576,0.18506864713279622
NC_047560.1,70845733,NC_047560.1 70388123 71110591,3,-0.32714592702125844,0.18512638281515842
NC_047564.1,24137781,NC_047564.1 24128897 24139102,14,-0.32713315709111873,0.18514455044581346
NC_047564.1,9941418,NC_047564.1 9937063 9943981,20,0.3271310527747814,0.1851475443463157
NC_047561.1,6528416,NC_047561.1 6502455 6538157,3,0.3271254773809992,0.18515547685279135
NC_047568.1,52766429,NC_047568.1 52740846 52775156,12,0.3270991101691662,0.18519299442003612
NC_047560.1,18821490,NC_047560.1 18809373 18841895,12,0.32706600608118513,0.18524010498499174
NC_047562.1,31174239,NC_047562.1 31173608 31180338,9,0.32706035353401897,0.18524814994764802
NC_047565.1,60917288,NC_047565.1 60892052 60985539,3,0.327048458875906,0.18526507972855766
NC_047559.1,31893631,NC_047559.1 31887889 31896098,4,-0.32701502356542744,0.18531267405673962
NC_047563.1,47032903,NC_047563.1 47008895 47033428,6,-0.32681292947754637,0.18560052363729904
NC_047564.1,19636561,NC_047564.1 19625096 19645622,10,-0.3267147082470211,0.18574053118333086
NC_047559.1,5354881,NC_047559.1 5320973 5359020,5,0.3267130008040942,0.18574296564752069
NC_047561.1,12869041,NC_047561.1 12868327 12887282,8,0.3265095527961342,0.1860331932495252
NC_047564.1,15772386,NC_047564.1 15760614 15805071,6,-0.3264551574718066,0.18611084180068496
NC_047559.1,51433037,NC_047559.1 51432122 51435676,13,0.32640291542987837,0.18618543691528558
NC_047559.1,42394224,NC_047559.1 42392113 42398822,6,-0.3263245941729181,0.1862973072383578
NC_047564.1,36841459,NC_047564.1 36750329 36849479,19,-0.3262831271711442,0.18635655485453134
NC_047559.1,40301183,NC_047559.1 40293637 40304210,19,0.3261472347973957,0.18655080448548633
NC_047565.1,14318476,NC_047565.1 14313458 14321434,8,-0.3260912539716073,0.1866308648054642
NC_047564.1,53750270,NC_047564.1 53737694 53752420,12,0.3260801662620121,0.18664672447979505
NC_047568.1,52357192,NC_047568.1 52356100 52359794,6,-0.3260798173072093,0.18664722363348812
NC_047568.1,10885579,NC_047568.1 10866110 10904984,7,0.3259660909422301,0.18680994807603762
NC_047566.1,44594652,NC_047566.1 44591443 44601062,11,0.3258148398569086,0.1870265109086143
NC_047559.1,55124915,NC_047559.1 55120030 55125368,15,-0.3258029240436277,0.1870435791959093
NC_047562.1,46709661,NC_047562.1 46700185 46710772,3,0.32559761303347606,0.1873378310178616
NC_047568.1,50473158,NC_047568.1 50450829 50475155,19,0.32558404364998106,0.18735728952081374
NC_047564.1,26765318,NC_047564.1 26598621 26793493,6,-0.3255343915297173,0.1874285021632041
NC_047559.1,44778103,NC_047559.1 44766572 44778516,9,-0.3255239175920272,0.18744352651855894
NC_047566.1,57465491,NC_047566.1 57465376 57467831,9,0.3254989501441708,0.18747934434621072
NC_047561.1,57113196,NC_047561.1 57102807 57118830,4,-0.3252976434861668,0.18776830162132713
NC_047568.1,19288417,NC_047568.1 19286938 19366463,5,-0.325167962977805,0.18795460308963335
NC_047561.1,37672940,NC_047561.1 37669095 37680090,4,0.32516026397548264,0.1879656674904584
NC_047561.1,7632296,NC_047561.1 7621414 7638350,21,-0.3251558931712524,0.1879719490596258
NC_047565.1,32419883,NC_047565.1 32416293 32422887,19,-0.32501770735980795,0.18817061700627677
NC_047561.1,17087265,NC_047561.1 17077188 17087795,16,-0.32476784849633644,0.18853019058563447
NC_047568.1,41395089,NC_047568.1 41392620 41395961,3,-0.32475379194906784,0.1885504330330413
NC_047559.1,8112147,NC_047559.1 8106271 8114120,7,0.3247355275551828,0.1885767372451699
NC_047565.1,8458242,NC_047565.1 8456370 8467955,12,-0.324472248098814,0.18895618121194518
NC_047560.1,70766148,NC_047560.1 70595196 71158665,3,-0.3244428906182613,0.1889985232885666
NC_047568.1,46515266,NC_047568.1 46511181 46525507,8,-0.32444070612712034,0.18900167421621628
NC_047563.1,65529971,NC_047563.1 65484772 65533285,12,0.3244303928435132,0.18901655065162548
NC_047563.1,5827967,NC_047563.1 5827449 5828003,9,-0.32438246865306575,0.1890856893022987
NC_047563.1,9653821,NC_047563.1 9637025 9666320,3,-0.3243613400181661,0.18911617622982616
NC_047568.1,30392408,NC_047568.1 30366088 30398230,6,-0.32434366197909464,0.1891416867359567
NC_047566.1,45059314,NC_047566.1 45058413 45059628,5,-0.3241582078741489,0.18940944645627336
NC_047565.1,43265809,NC_047565.1 43265389 43272359,4,-0.3240909217408032,0.18950665685060158
NC_047564.1,8227874,NC_047564.1 8227023 8231474,7,0.32404502759668274,0.18957298059074737
NC_047568.1,42533110,NC_047568.1 42533109 42536805,9,-0.3237950626462705,0.18993448736958168
NC_047566.1,37021327,NC_047566.1 36997373 37032203,6,0.32369280079477314,0.1900825134889196
NC_047563.1,65408478,NC_047563.1 65405189 65412037,6,-0.3236460381120537,0.19015022896539507
NC_047568.1,49113937,NC_047568.1 49108627 49135358,5,-0.3236029587600576,0.19021262491825203
NC_047566.1,30217317,NC_047566.1 30210212 30223913,5,0.32358406009498397,0.19024000195842128
NC_047565.1,3697737,NC_047565.1 3697204 3710676,10,0.3235397546012205,0.19030419417770786
NC_047567.1,23025502,NC_047567.1 23019949 23032458,13,-0.3233892120182401,0.19052241601572223
NC_047564.1,16336037,NC_047564.1 16320083 16386971,18,0.32334230931847974,0.19059043865701872
NC_047564.1,51077989,NC_047564.1 51075032 51081205,8,-0.3232621447174847,0.19070673813601807
NC_047563.1,60188707,NC_047563.1 60187475 60190867,4,-0.3232120300826188,0.19077946630910686
NC_047561.1,30461951,NC_047561.1 30434185 30463886,12,-0.3231372858125475,0.19088797212225325
NC_047559.1,49896228,NC_047559.1 49888463 49897071,13,0.32294583167476987,0.19116609186544925
NC_047566.1,23512438,NC_047566.1 23512164 23534707,7,-0.3229188430821256,0.19120531901649224
NC_047561.1,56316070,NC_047561.1 56304366 56325811,3,-0.32290481529531406,0.19122571011581177
NC_047568.1,39363185,NC_047568.1 39362066 39364417,13,-0.3228705726824999,0.19127549199399344
NC_047566.1,50844166,NC_047566.1 50816539 50848619,17,-0.3228153457118,0.19135579903818228
NC_047562.1,47013630,NC_047562.1 46998687 47019971,4,0.3227956388106031,0.19138446079814045
NC_047567.1,10935293,NC_047567.1 10869286 10952099,9,-0.3227551779197877,0.1914433161371953
NC_047566.1,50015201,NC_047566.1 49983777 50028481,16,0.322737611340555,0.19146887262581397
NC_047562.1,38821215,NC_047562.1 38808926 38826437,7,0.3227266742288144,0.19148478547149644
NC_047566.1,38105947,NC_047566.1 38104934 38106490,12,-0.32271839807301134,0.19149682736831994
NC_047561.1,47598063,NC_047561.1 47588647 47599246,11,-0.32268072387371255,0.191551650090409
NC_047566.1,46009553,NC_047566.1 45985102 46018522,3,0.32263749735303915,0.19161456526837567
NC_047568.1,2070770,NC_047568.1 2053516 2084775,12,-0.3226301118222272,0.1916253161053244
NC_047565.1,38400219,NC_047565.1 38397588 38401040,3,0.32261492074914644,0.19164743043246898
NC_047561.1,49758513,NC_047561.1 49755947 49761167,3,0.3225994206267805,0.19166999640221274
NW_022994890.1,171589,NW_022994890.1 169164 171965,3,-0.3224892566350781,0.1918304302814433
NC_047561.1,54597596,NC_047561.1 54590279 54609725,11,0.32241604149295805,0.19193710413569257
NC_047559.1,17392442,NC_047559.1 17384319 17400901,4,-0.322377863019804,0.19199274546378195
NC_047561.1,27616858,NC_047561.1 27594703 27618816,11,-0.32221932085977006,0.1922239193834468
NW_022994925.1,2343,NW_022994925.1 398 3444,15,-0.3221692580645727,0.1922969554200413
NC_047568.1,54313850,NC_047568.1 54290688 54329672,8,-0.32209260081110924,0.1924088254721348
NC_047564.1,48618827,NC_047564.1 48618463 48651380,6,-0.3220312466861692,0.1924983939377455
NC_047561.1,31911075,NC_047561.1 31907717 31953580,6,-0.32202111606474226,0.19251318589143052
NC_047566.1,24055835,NC_047566.1 24054479 24055877,7,-0.32197658300764953,0.1925782185733771
NC_047567.1,34841187,NC_047567.1 34839566 34841272,4,-0.32171546552158053,0.19295982776918158
NC_047559.1,41542487,NC_047559.1 41519299 41545670,13,0.32167554842850754,0.19301820859821475
NC_047564.1,33320347,NC_047564.1 33311795 33337887,12,-0.32166988272126573,0.19302649593910653
NC_047563.1,67521702,NC_047563.1 67517309 67522883,8,-0.32155540397663435,0.19319399677099225
NC_047561.1,38774091,NC_047561.1 38772869 38779135,5,-0.32149278281474086,0.19328566235898456
NC_047565.1,13111903,NC_047565.1 13108797 13115368,4,-0.3214813272569261,0.19330243425639626
NC_047568.1,40186870,NC_047568.1 40172278 40204346,15,0.32144566820041964,0.19335464827943397
NC_047568.1,56272836,NC_047568.1 56271983 56272945,8,-0.3212424525520299,0.19365238661027473
NC_047563.1,66821424,NC_047563.1 66809029 66825878,4,-0.3211300825014423,0.19381715423095242
NC_047563.1,58531966,NC_047563.1 58484749 58537272,3,0.3210171977310461,0.19398277005858933
NC_047559.1,3967522,NC_047559.1 3961597 3967989,3,-0.3210064453191758,0.19399855005537725
NC_047568.1,34305926,NC_047568.1 34294735 34311174,8,-0.32097129351958315,0.1940501439752383
NC_047564.1,59468512,NC_047564.1 59466914 59469254,3,-0.3208749546387735,0.1941915915781182
NW_022994784.1,341690,NW_022994784.1 333289 343433,20,0.32067510890385936,0.19448522868370433
NC_047568.1,32562399,NC_047568.1 32558416 32597938,10,-0.32034484355675863,0.19497113776779196
NC_047565.1,53657977,NC_047565.1 53646791 53701665,3,-0.32034397640128554,0.19497241464295278
NC_047561.1,54719375,NC_047561.1 54717341 54730573,4,0.32025703552602497,0.19510046204226636
NC_047564.1,59281786,NC_047564.1 59281385 59286188,6,-0.32020429305185244,0.19517816880128241
NC_047565.1,446624,NC_047565.1 427870 478270,16,0.32007001971419025,0.19537608936258502
NC_047564.1,44963682,NC_047564.1 44962006 44964632,9,-0.32005020483148966,0.19540530798240568
NC_047568.1,27467652,NC_047568.1 27463607 27475578,5,-0.3200248302853279,0.1954427289885961
NC_047565.1,56339397,NC_047565.1 56331967 56392561,3,-0.3199696008337071,0.1955241947785756
NC_047561.1,54498750,NC_047561.1 54491204 54522223,4,-0.31981269761056075,0.19575575623359245
NC_047565.1,14525320,NC_047565.1 14522947 14579224,8,0.3195475453629263,0.1961474861772958
NC_047567.1,605478,NC_047567.1 599864 607160,5,0.31930071799041077,0.19651260877028653
NC_047564.1,39493150,NC_047564.1 39480816 39498633,18,0.3192681491663282,0.1965608201454074
NC_047565.1,21482556,NC_047565.1 21480829 21490561,9,-0.31924986336485495,0.19658789189992038
NC_047568.1,34516603,NC_047568.1 34512598 34518463,5,0.3191746688231965,0.19669924177571035
NC_047559.1,7249177,NC_047559.1 7248312 7253210,6,-0.3191412035232278,0.19674881139002093
NC_047567.1,25828808,NC_047567.1 25826868 25833327,8,0.3191180947300917,0.19678304551218967
NC_047565.1,58040357,NC_047565.1 58026839 58045772,16,0.31894334835256416,0.1970420479162534
NC_047560.1,27781717,NC_047560.1 27779829 27785852,3,0.3189258281343893,0.19706802812800378
NC_047567.1,32866442,NC_047567.1 32841893 32869362,9,-0.31889404099190305,0.19711517011499594
NC_047565.1,13422319,NC_047565.1 13403639 13456801,10,-0.31882473832208924,0.19721797540294897
NC_047565.1,4675265,NC_047565.1 4674382 4676332,3,-0.31881845199852465,0.19722730244162995
NC_047567.1,25582443,NC_047567.1 25580648 25604345,5,0.3187446034526127,0.19733689358227174
NC_047568.1,3213581,NC_047568.1 3209446 3226787,13,-0.3187026011030102,0.19739924294841438
NC_047565.1,7967515,NC_047565.1 7966418 7980270,7,-0.3186827805053344,0.1974286696696623
NC_047565.1,16479189,NC_047565.1 16453234 16544687,11,-0.31863512442129976,0.19749943429999983
NC_047566.1,4722053,NC_047566.1 4715926 4746395,3,-0.3184811920381858,0.19772812326088646
NC_047566.1,33226735,NC_047566.1 33224067 33228932,21,0.31847299244880667,0.19774030984612695
NC_047567.1,28375163,NC_047567.1 28374800 28377191,11,0.3183597920852867,0.19790860380989278
NC_047564.1,16304383,NC_047564.1 16295166 16306142,7,0.3182615917271656,0.19805467395769585
NC_047563.1,26303432,NC_047563.1 26298385 26304773,16,0.31822879539664056,0.19810347338086612
NC_047568.1,52204642,NC_047568.1 52202790 52212461,10,-0.31816701289721183,0.19819542443537325
NC_047561.1,54733684,NC_047561.1 54733522 54734199,5,0.3181236321293697,0.1982600049724717
NC_047566.1,57583736,NC_047566.1 57579196 57583828,5,-0.3180330581160288,0.19839488640209157
NC_047559.1,21997278,NC_047559.1 21990845 21999841,14,0.3180208587399171,0.19841305815085825
NC_047561.1,26635733,NC_047561.1 26631961 26645021,6,-0.317763431935943,0.19879676788036282
NC_047568.1,42637814,NC_047568.1 42637476 42642784,13,0.3176313912164045,0.19899377207108812
NW_022994952.1,4558,NW_022994952.1 1583 27796,15,-0.3175523985255377,0.1991116903535877
NC_047566.1,46271497,NC_047566.1 46262962 46273363,7,-0.31738149548151146,0.19936696772108972
NC_047559.1,53849706,NC_047559.1 53839825 53855238,11,0.3173764610291364,0.19937449093739254
NC_047565.1,1425585,NC_047565.1 1417173 1429577,8,-0.31735643298325983,0.19940442163083702
NC_047568.1,10314080,NC_047568.1 10309194 10413881,8,0.3173379588665969,0.19943203269782483
NC_047564.1,1537746,NC_047564.1 1516943 1549766,9,0.31732099979298733,0.19945738162853272
NC_047567.1,18129338,NC_047567.1 18128706 18130423,3,-0.3173038103500075,0.1994830770622964
NC_047568.1,17870306,NC_047568.1 17865225 17870894,16,-0.31720289321902156,0.1996339758388665
NC_047564.1,57165247,NC_047564.1 57164565 57191016,15,0.31718706907214683,0.1996576440975778
NC_047560.1,27783274,NC_047560.1 27779829 27785852,12,0.31711658849290225,0.19976308472776627
NC_047565.1,23851605,NC_047565.1 23849806 23870167,10,0.3168726595318574,0.2001282915151118
NC_047560.1,27785315,NC_047560.1 27779829 27785852,11,0.31686928341992304,0.20013334926314136
NC_047561.1,43908246,NC_047561.1 43905938 43910887,3,-0.3167824502412027,0.20026346284805424
NC_047563.1,18781337,NC_047563.1 18740363 18786437,3,-0.3166895714782093,0.20040269698886182
NC_047562.1,48685843,NC_047562.1 48649022 48686020,13,-0.3166444536073618,0.20047035599069318
NC_047561.1,6769072,NC_047561.1 6768890 6770960,6,0.3166389017804662,0.20047868257951273
NC_047568.1,51548729,NC_047568.1 51534100 51554013,9,-0.316629336655273,0.20049302881760817
NC_047568.1,45569722,NC_047568.1 45562249 45571944,4,-0.3165680024530657,0.200585036892265
NC_047562.1,20982479,NC_047562.1 20973791 20985887,7,-0.31655563802355574,0.20060358826855837
NC_047568.1,5292283,NC_047568.1 5291096 5302431,20,0.31655131562071326,0.2006100737935757
NC_047564.1,6981474,NC_047564.1 6974949 6981813,7,-0.3165251725619683,0.20064930294192881
NC_047564.1,49567253,NC_047564.1 49566245 49569020,3,-0.31649052518811954,0.20070130108227868
NC_047565.1,13137611,NC_047565.1 13119330 13220090,10,-0.31640803460813605,0.20082513713253514
NC_047562.1,39458316,NC_047562.1 39457951 39554698,5,-0.31638764243937695,0.20085575790412255
NC_047563.1,10753531,NC_047563.1 10687222 10762113,8,-0.3162916054606709,0.20100000784265457
NW_022994945.1,123389,NW_022994945.1 102909 172306,6,-0.3162581913471914,0.20105021266197706
NC_047564.1,16703168,NC_047564.1 16684948 16736210,10,-0.3162322806228935,0.20108914929512206
NC_047560.1,4978148,NC_047560.1 4826173 5232376,3,0.3161981961446554,0.20114037637236837
NC_047561.1,18795429,NC_047561.1 18757187 18821843,4,-0.3161707090700752,0.2011816941743759
NC_047563.1,46494069,NC_047563.1 46492324 46495839,13,0.31616810891387626,0.2011856029456622
NC_047565.1,33506991,NC_047565.1 33499050 33546646,18,0.316129265281012,0.20124400187960678
NC_047568.1,5098833,NC_047568.1 5096603 5132794,9,-0.3159724695043209,0.20147984777050684
NC_047568.1,55754459,NC_047568.1 55753765 55759899,12,0.3159267225726042,0.2015486927193618
NC_047561.1,40767025,NC_047561.1 40751344 40770617,3,0.3159117389290951,0.2015712450972137
NC_047562.1,50425385,NC_047562.1 50415953 50453033,12,0.3158884362822197,0.20160632198129122
NC_047564.1,42543432,NC_047564.1 42541944 42556137,11,-0.3158329694640799,0.20168983093321743
NC_047566.1,21974875,NC_047566.1 21974133 21977079,4,0.31580926106166757,0.2017255324375276
NC_047566.1,902511,NC_047566.1 901887 902993,5,0.3157957739656235,0.20174584395370937
NC_047561.1,56318950,NC_047561.1 56304366 56325811,10,0.315781879977687,0.2017667696544028
NC_047562.1,37668546,NC_047562.1 37668100 37713971,3,-0.31573253040618987,0.20184110646332518
NC_047559.1,8832187,NC_047559.1 8830281 8833960,7,0.3157274978362425,0.20184868819356952
NC_047568.1,2641617,NC_047568.1 2634773 2652577,10,0.3156376609244097,0.20198406194254032
NC_047568.1,48186540,NC_047568.1 48186473 48198674,12,-0.3156046453012106,0.20203382763778774
NW_022994852.1,149418,NW_022994852.1 143158 156318,3,-0.31544932958819943,0.20226804907142393
NC_047568.1,42417714,NC_047568.1 42406012 42422760,4,0.31540339412647167,0.20233735552410306
NC_047566.1,46261523,NC_047566.1 46256045 46281934,4,-0.3153356467272921,0.20243959985933996
NC_047566.1,45859858,NC_047566.1 45829944 45885395,5,0.3152616533484137,0.20255130942638366
NC_047560.1,19068479,NC_047560.1 19051199 19077259,4,-0.3151134789331328,0.20277513367899624
NC_047565.1,6189865,NC_047565.1 6186782 6191037,15,0.3151100538723178,0.20278030931190733
NC_047565.1,8589934,NC_047565.1 8586649 8590367,3,0.3150834171258496,0.20282056324566322
NC_047561.1,34721056,NC_047561.1 34719582 34773310,4,0.31502767074065474,0.20290482518877648
NC_047566.1,8587083,NC_047566.1 8583694 8588258,13,-0.3149717386516873,0.20298939094504626
NC_047560.1,27781279,NC_047560.1 27779829 27785852,3,0.31487836037901085,0.20313062454966088
NC_047563.1,67521702,NC_047563.1 67505289 67525234,8,-0.31487712305663706,0.20313249641938813
NC_047560.1,51046166,NC_047560.1 50935047 51246957,12,0.31481535998969395,0.2032259484082878
NC_047566.1,49631484,NC_047566.1 49615502 49631933,6,-0.3146831525980736,0.2034260826882479
NC_047564.1,42762627,NC_047564.1 42753961 42785302,11,-0.314632765179293,0.20350239274046458
NC_047559.1,5430186,NC_047559.1 5418592 5451582,10,0.31445730972706276,0.20376826084226596
NC_047566.1,48084159,NC_047566.1 48082410 48087420,9,-0.31445516496958764,0.20377151220928985
NC_047559.1,41214466,NC_047559.1 41204179 41236908,12,-0.314418749549403,0.2038267217377509
NC_047565.1,56575758,NC_047565.1 56552542 56584616,13,-0.31440686376267984,0.20384474394087976
NC_047568.1,32309500,NC_047568.1 32143813 32338882,3,-0.31440422072677915,0.2038487516705507
NC_047559.1,600842,NC_047559.1 596479 618239,3,0.31433466020726325,0.20395424736927456
NC_047563.1,20185792,NC_047563.1 20096754 20197685,12,-0.31429592190065625,0.20401301354209023
NW_022994810.1,12870,NW_022994810.1 1715 23271,3,-0.31427997121571843,0.20403721402852307
NC_047559.1,5120379,NC_047559.1 5120143 5124276,8,-0.31423854836420645,0.20410006985966286
NC_047562.1,39458316,NC_047562.1 39435833 39560224,5,-0.31414536043499336,0.20424152147771052
NC_047564.1,40677292,NC_047564.1 40669532 40690356,7,-0.314071573668196,0.20435356936365698
NC_047568.1,7159232,NC_047568.1 7152590 7166056,12,-0.31405072260836736,0.20438523976549638
NC_047565.1,32725643,NC_047565.1 32693745 32751974,5,0.3139596038998406,0.20452367657636586
NC_047560.1,16998743,NC_047560.1 16978887 17001468,3,-0.3135824045866635,0.20509741067870776
NC_047561.1,47121660,NC_047561.1 47117211 47186158,15,-0.3135691813982614,0.20511754276925653
NC_047559.1,33278817,NC_047559.1 33278156 33282120,4,-0.3134568618583046,0.2052885997176565
NC_047562.1,19324591,NC_047562.1 19324207 19329719,13,-0.31345013434939883,0.20529884834027304
NC_047565.1,37592755,NC_047565.1 37572757 37610817,10,-0.31341106438420896,0.20535837378361535
NC_047559.1,6593978,NC_047559.1 6590285 6594788,6,-0.3133446375382575,0.20545960505905225
NC_047567.1,9246931,NC_047567.1 9233512 9248398,4,-0.3132575612421444,0.20559235464237513
NC_047561.1,54515793,NC_047561.1 54491204 54522223,9,-0.31319886690421683,0.20568186707429031
NC_047560.1,4949682,NC_047560.1 4669163 4998151,4,0.31317915617109543,0.20571193286993095
NC_047568.1,55396289,NC_047568.1 55383047 55406152,8,0.3131363977682441,0.20577716436621396
NC_047568.1,23419124,NC_047568.1 23404607 23419534,4,0.3131018539009349,0.2058298738073406
NC_047565.1,6825587,NC_047565.1 6823842 6837355,17,0.3130582552499793,0.2058964123017114
NC_047559.1,5085055,NC_047559.1 5080164 5089955,3,0.31305819435537424,0.20589650524644867
NC_047568.1,50857363,NC_047568.1 50835467 50863071,8,0.31302058820845846,0.20595390956509957
NC_047566.1,29575727,NC_047566.1 29571126 29577760,11,0.3130148894403522,0.20596260942782374
NW_022994982.1,98574,NW_022994982.1 95137 99898,12,0.31297929732897906,0.20601695056532143
NC_047559.1,52363925,NC_047559.1 52350942 52370922,3,-0.3126906396979792,0.20645801288574483
NC_047567.1,8513912,NC_047567.1 8504069 8516072,4,-0.3125762903319938,0.20663290706541623
NC_047567.1,11783239,NC_047567.1 11782351 11789994,3,0.3125594205414495,0.20665871715377948
NC_047568.1,51415441,NC_047568.1 51406768 51423313,10,-0.31255086420434325,0.20667180880611688
NC_047561.1,38523362,NC_047561.1 38517328 38527293,5,-0.3124596949806823,0.20681133631522874
NC_047560.1,54349311,NC_047560.1 54349293 54352513,6,0.3123608307027712,0.20696271022363713
NC_047563.1,40126085,NC_047563.1 40125474 40139466,10,0.31218146040106154,0.20723753439026943
NC_047565.1,43029260,NC_047565.1 43021625 43033859,13,0.31203291137746375,0.20746531618428424
NC_047567.1,3438377,NC_047567.1 3430339 3448163,6,0.3120221947390175,0.20748175517623743
NC_047561.1,15846238,NC_047561.1 15836960 15849866,5,-0.311875486958564,0.20770688610569465
NC_047564.1,6964272,NC_047564.1 6958467 6974683,7,-0.31161529047162523,0.20810656458571136
NW_022994829.1,111067,NW_022994829.1 109708 243958,11,0.3115950719392428,0.20813764259861348
NC_047565.1,11112420,NC_047565.1 11074464 11117202,6,-0.31158290240201975,0.20815634992216633
NC_047562.1,27694740,NC_047562.1 27692967 27695214,8,-0.311556439554395,0.20819703308400106
NC_047562.1,31566071,NC_047562.1 31564669 31568324,5,-0.3114682460888533,0.20833265653630548
NC_047566.1,8774176,NC_047566.1 8773343 8776009,5,0.3114540002902587,0.20835456907080424
NC_047561.1,45974839,NC_047561.1 45945399 45975678,10,-0.3113593566949949,0.20850018577943058
NC_047568.1,50951727,NC_047568.1 50945091 50970821,20,-0.3109905070794612,0.20906832531755692
NC_047565.1,3422984,NC_047565.1 3409536 3439863,8,-0.3108958676078788,0.2092142615800798
NC_047561.1,27891882,NC_047561.1 27890535 27894998,5,0.310885029552962,0.20923097836006305
NC_047568.1,33444142,NC_047568.1 33440363 33445114,8,-0.31083643680866535,0.20930593927557087
NC_047563.1,9624631,NC_047563.1 9623749 9625101,3,-0.3108077150322001,0.20935025477292593
NC_047559.1,19619052,NC_047559.1 19613581 19626331,14,0.31064838134467265,0.20959620577898574
NC_047568.1,24684977,NC_047568.1 24616791 24689333,9,-0.3105689138480863,0.20971894409356762
NC_047565.1,487059,NC_047565.1 486832 502405,4,0.3104384474228801,0.20992055254956649
NC_047568.1,17060372,NC_047568.1 17059420 17060706,13,-0.31041092675223697,0.20996309612747768
NC_047561.1,17077938,NC_047561.1 17077188 17087795,19,0.3103149491181281,0.2101115098296608
NC_047565.1,3031322,NC_047565.1 3031087 3032382,19,0.31019226752692936,0.21030131656150372
NW_022994865.1,3473150,NW_022994865.1 3472397 3476348,6,-0.3101805486287372,0.21031945330203297
NC_047564.1,18063326,NC_047564.1 18056687 18066118,11,0.3101322724440932,0.21039417865791513
NC_047565.1,14074158,NC_047565.1 14069378 14076426,8,0.31012973723224724,0.2103981033204012
NC_047565.1,30420692,NC_047565.1 30419705 30441488,5,0.3101008542620502,0.21044281929323902
NC_047561.1,38930199,NC_047561.1 38924969 38937411,4,-0.3100366669671103,0.21054221485134655
NC_047563.1,46486074,NC_047563.1 46476438 46492187,5,-0.3098869958947707,0.21077410311032788
NC_047561.1,28320475,NC_047561.1 28312172 28323797,7,0.3098429906266425,0.21084231301160222
NC_047567.1,24113404,NC_047567.1 24081705 24123476,5,0.30982888867723546,0.21086417463705892
NC_047559.1,3724361,NC_047559.1 3713018 3725617,9,0.3097381764014745,0.2110048372109067
NC_047560.1,62869693,NC_047560.1 62653127 63119960,9,-0.3097275025400793,0.21102139261029912
NC_047561.1,14220504,NC_047561.1 14206168 14231388,3,-0.3096134429268495,0.2111983545606502
NC_047562.1,9986769,NC_047562.1 9910420 10048132,5,0.30953071489991124,0.21132676653914578
NC_047566.1,47435782,NC_047566.1 47434416 47437266,5,-0.309494568579246,0.21138288951433482
NC_047562.1,36721552,NC_047562.1 36714327 36724331,3,0.30942086168082017,0.2114973614507886
NC_047568.1,14898132,NC_047568.1 14868410 14928265,6,-0.3093443208079636,0.21161627753474382
NC_047567.1,8998095,NC_047567.1 8966856 8999331,13,0.30919745471278776,0.21184457498022777
NC_047568.1,52241148,NC_047568.1 52235715 52241897,3,-0.3089537263614509,0.21222379519584592
NC_047568.1,4766983,NC_047568.1 4762603 4772119,12,0.3087484143194252,0.2125435861173851
NC_047568.1,30003282,NC_047568.1 29969207 30013746,14,0.3087446785776332,0.21254940775930403
NC_047564.1,5737520,NC_047564.1 5734244 5745286,9,-0.30870890094252373,0.21260516756639308
NC_047561.1,53270575,NC_047561.1 53270071 53272854,3,-0.30849486977451496,0.21293893637775443
NC_047562.1,41806112,NC_047562.1 41798011 41824395,9,0.30844857831451183,0.21301117001278677
NC_047562.1,21565058,NC_047562.1 21555788 21572999,8,0.30835430650776807,0.2131583219831013
NC_047561.1,52671233,NC_047561.1 52665525 52676193,8,-0.3082815311542616,0.2132719647042957
NC_047562.1,40631728,NC_047562.1 40631551 40645409,6,0.3082501484157761,0.21332098275204547
NC_047568.1,54220808,NC_047568.1 54217741 54225722,4,-0.30813259465537407,0.21350466023064096
NC_047564.1,14144252,NC_047564.1 14140868 14161619,21,-0.30799030670458377,0.21372712253974913
NC_047559.1,15570967,NC_047559.1 15565023 15580990,6,-0.30785929847198285,0.21393208277621142
NC_047566.1,10682117,NC_047566.1 10664080 10731900,5,0.30770288413366226,0.21417695794440822
NC_047565.1,10094114,NC_047565.1 10083674 10098314,10,0.30761159528556054,0.21431995986529379
NC_047568.1,21712072,NC_047568.1 21699251 21727819,7,-0.30758914774148316,0.2143551329503544
NC_047567.1,16169631,NC_047567.1 16107132 16187917,20,-0.307395429089198,0.21465882700561517
NC_047565.1,49096946,NC_047565.1 49086687 49108587,13,0.3071402582962233,0.2150592869209228
NC_047565.1,17334816,NC_047565.1 17329464 17336203,3,-0.3070803263684876,0.21515341327974266
NC_047559.1,36679341,NC_047559.1 36674835 36681555,20,0.3070457913605779,0.21520766455414436
NC_047564.1,56007974,NC_047564.1 56002194 56008565,12,0.3070398190497307,0.21521704739902411
NC_047563.1,18779262,NC_047563.1 18740363 18786437,17,-0.3069808996051499,0.2153096274998647
NC_047568.1,2060351,NC_047568.1 2053516 2084775,5,-0.3069713701753337,0.21532460352118715
NC_047560.1,51200306,NC_047560.1 51190855 51210631,7,-0.30691635503947584,0.21541107606220877
NC_047564.1,18582058,NC_047564.1 18566884 18588971,6,-0.30688473767145846,0.21546078231057286
NC_047561.1,11958870,NC_047561.1 11949435 11960615,16,-0.3068301733870292,0.21554658136388535
NC_047568.1,55396289,NC_047568.1 55395711 55397501,8,0.3067380911470222,0.21569142549665152
NC_047564.1,17320513,NC_047564.1 17316824 17344427,5,-0.3066843394688868,0.21577600539906033
NC_047566.1,46271497,NC_047566.1 46256045 46281934,7,-0.30663424200962097,0.21585485467835533
NC_047566.1,57158634,NC_047566.1 57145072 57166521,3,-0.30655638702962085,0.2159774291629358
NC_047564.1,54072420,NC_047564.1 54071697 54094060,12,0.3064804858886243,0.2160969710587836
NC_047568.1,32740955,NC_047568.1 32733194 32742617,16,-0.30647731240494486,0.2161019701311352
NC_047568.1,21265725,NC_047568.1 21264331 21266528,3,-0.3063637117122946,0.2162809706124594
NC_047568.1,6758359,NC_047568.1 6754074 6771171,5,-0.30633732608077663,0.21632256019939472
NC_047568.1,50194055,NC_047568.1 50193777 50197272,5,-0.3061133919375372,0.21667573901318116
NC_047561.1,55248726,NC_047561.1 55246203 55258165,10,-0.30607613808247386,0.21673453041131438
NC_047564.1,16237922,NC_047564.1 16221509 16246227,7,-0.3060512249845896,0.21677385227813245
NC_047566.1,33213362,NC_047566.1 33185367 33222559,4,0.3059922014472543,0.21686703122364942
NC_047562.1,47474044,NC_047562.1 47471525 47474064,5,-0.3059242644209503,0.21697431384921192
NC_047559.1,54439098,NC_047559.1 54434890 54439818,15,0.3058408029279493,0.21710615905757616
NC_047562.1,51337937,NC_047562.1 51333268 51339872,6,-0.3055014422286115,0.21764278707347182
NC_047559.1,36372141,NC_047559.1 36361049 36380092,4,0.30544737873887656,0.21772835657071699
NC_047564.1,56207537,NC_047564.1 56201682 56229705,12,-0.3054326034618564,0.2177517460761761
NC_047568.1,9282814,NC_047568.1 9272796 9284761,3,-0.3053678873647727,0.2178542119211621
NC_047565.1,16727952,NC_047565.1 16727528 16729969,12,0.3052865595466005,0.21798302366147215
NC_047560.1,65977633,NC_047560.1 65953765 65986341,6,-0.3052704707849778,0.21800851183135966
NC_047562.1,37698480,NC_047562.1 37668100 37713971,6,0.30517139503789364,0.21816551240664803
NC_047561.1,44627409,NC_047561.1 44627307 44633367,7,0.30514335745234733,0.21820995552736078
NC_047561.1,49907058,NC_047561.1 49897913 49909324,20,0.30509462587464015,0.21828721521228686
NC_047565.1,3284131,NC_047565.1 3282042 3291978,6,-0.3050169084530851,0.21841046612962123
NC_047564.1,8108911,NC_047564.1 8108012 8128527,4,0.304960651084488,0.21849971200798832
NC_047565.1,49244159,NC_047565.1 49243963 49251612,5,-0.3049492583318622,0.2185177881845004
NC_047562.1,13258189,NC_047562.1 13246768 13275546,3,-0.3048710541946812,0.21864189602176104
NC_047565.1,52870226,NC_047565.1 52867192 52873869,6,-0.3048699728508988,0.21864361240508257
NC_047564.1,39205594,NC_047564.1 39202254 39207566,8,-0.30484864203540657,0.21867747192979936
NC_047559.1,17277761,NC_047559.1 17277465 17280165,4,-0.30470784880211504,0.21890104567722368
NC_047568.1,1949732,NC_047568.1 1930281 1958580,12,0.30468676169490994,0.2189345438679194
NC_047560.1,70780878,NC_047560.1 70388123 71110591,7,0.3045294811750883,0.21918449861009426
NC_047561.1,5106917,NC_047561.1 5102073 5111314,8,-0.30437590738427567,0.21942874083778727
NC_047563.1,48699517,NC_047563.1 48665644 48719501,5,-0.30434921176971924,0.21947121525527993
NC_047568.1,9578298,NC_047568.1 9577106 9589727,8,-0.30429850461333247,0.21955190822334206
NC_047566.1,47375139,NC_047566.1 47359223 47380675,7,-0.30426895213826644,0.2195989454945198
NC_047559.1,39674738,NC_047559.1 39659966 39700234,7,-0.30416580670901217,0.21976316831453785
NC_047560.1,4299595,NC_047560.1 3998385 4494423,3,0.30415565833813224,0.2197793303218689
NC_047567.1,28260536,NC_047567.1 28258343 28261464,9,0.30412372866252674,0.21983018563681195
NC_047565.1,41282010,NC_047565.1 41278854 41282688,8,0.3040656258782864,0.21992274716308596
NC_047563.1,67949201,NC_047563.1 67925096 67971549,7,-0.3039203717803735,0.22015425679742673
NC_047561.1,37667416,NC_047561.1 37648247 37668944,3,0.3038868173470973,0.2202077591184663
NC_047568.1,51768895,NC_047568.1 51756110 51772595,19,-0.30377243876248644,0.2203901982482333
NC_047564.1,18233291,NC_047564.1 18186499 18235031,13,-0.3037271998167681,0.22046238344577407
NC_047561.1,49941224,NC_047561.1 49940364 49943352,15,0.30363131051933334,0.2206154390927263
NC_047559.1,53762543,NC_047559.1 53758334 53764315,13,-0.30354005506480547,0.22076116217299002
NC_047568.1,40850710,NC_047568.1 40849506 40851288,10,0.3035223499327749,0.22078944217515112
NC_047568.1,23150925,NC_047568.1 23126214 23157702,6,0.3034845580563858,0.22084981411461216
NC_047564.1,36994449,NC_047564.1 36982659 37023129,9,0.30335609494422505,0.22105511179706966
NC_047564.1,56007866,NC_047564.1 56002194 56008565,10,0.30334802336981376,0.2210680151493712
NC_047564.1,35486630,NC_047564.1 35451206 35497571,5,0.30329896949505075,0.22114644396123162
NC_047568.1,32309500,NC_047568.1 32304765 32309909,3,-0.3032904034037633,0.22116014153125002
NC_047565.1,32535516,NC_047565.1 32530830 32567104,5,-0.30325436630829494,0.22121777249750785
NC_047563.1,23035230,NC_047563.1 23034530 23037307,8,-0.30323350811089717,0.22125113362036686
NC_047566.1,48169053,NC_047566.1 48165835 48172034,4,-0.30321431723266645,0.22128183086490577
NC_047568.1,38728224,NC_047568.1 38725952 38730677,10,0.30319508253630884,0.22131260096333336
NC_047561.1,47303980,NC_047561.1 47302605 47304251,20,-0.3031807514069311,0.22133552853386926
NW_022994952.1,128274,NW_022994952.1 110061 129569,4,-0.30298023697353604,0.2216564814218027
NC_047560.1,5891210,NC_047560.1 5882090 5892746,7,0.3029052404577206,0.22177660166019478
NC_047564.1,51541132,NC_047564.1 51536358 51556710,9,-0.3028984036447331,0.22178755412263607
NC_047559.1,25481983,NC_047559.1 25478591 25482690,9,-0.3027097162794568,0.22208996617139048
NW_022994829.1,192440,NW_022994829.1 109708 243958,8,-0.3026816091403454,0.222135036692378
NC_047561.1,47337933,NC_047561.1 47331603 47339428,9,-0.3026351715853435,0.22220951345516335
NC_047568.1,47615769,NC_047568.1 47610542 47636217,8,-0.3026058335499385,0.22225657424589235
NC_047563.1,39635066,NC_047563.1 39630104 39639606,3,-0.3025733589604187,0.22230867385412967
NC_047567.1,4533834,NC_047567.1 4504585 4985356,14,0.3024886064070792,0.2224446811700012
NC_047559.1,41529404,NC_047559.1 41519299 41545670,5,0.3023285154609635,0.2227017349905015
NC_047568.1,32309387,NC_047568.1 32304765 32309909,7,0.30230912217699685,0.2227328872986936
NC_047566.1,19608641,NC_047566.1 19599118 19617007,11,-0.3023050405080392,0.22273944422642886
NC_047568.1,47494730,NC_047568.1 47492493 47499622,6,-0.30215000321813507,0.22298859354685244
NW_022994924.1,35850,NW_022994924.1 21733 53456,6,-0.3020267077652653,0.2231868612414448
NC_047559.1,34120607,NC_047559.1 34095858 34144922,17,-0.30202576532895126,0.2231883771829578
NC_047564.1,49211013,NC_047564.1 49189712 49212937,21,0.3018756026774731,0.2234300039305993
NC_047562.1,7420733,NC_047562.1 7418302 7429037,5,-0.3018582798309938,0.22345788898357388
NC_047560.1,4673188,NC_047560.1 4589306 4924767,5,-0.3017923088099427,0.2235641048799093
NC_047564.1,56207809,NC_047564.1 56205236 56208291,20,-0.30177558000847443,0.2235910440753422
NC_047559.1,36980159,NC_047559.1 36971893 36980606,3,-0.3017307764722567,0.22366320368776343
NC_047560.1,5838029,NC_047560.1 5837548 5838564,3,-0.3015864952860262,0.22389568197703852
NC_047560.1,18944797,NC_047560.1 18807551 18945840,3,-0.3015097808424926,0.224019354363417
NC_047561.1,46952290,NC_047561.1 46949680 46960248,5,-0.301453436776842,0.22411021545384374
NC_047560.1,44487050,NC_047560.1 44485029 44652907,8,-0.3014371753319465,0.22413644326735602
NC_047564.1,21309058,NC_047564.1 21308466 21309393,5,0.3013990107716358,0.2241980060267218
NC_047562.1,17026856,NC_047562.1 16932800 17038841,3,-0.30136937393868796,0.2242458203417757
NC_047560.1,3255186,NC_047560.1 3249734 3256418,4,0.30124574055764486,0.22444535407597785
NC_047568.1,4327918,NC_047568.1 4307261 4330818,6,-0.3012214175577293,0.2244846227972438
NC_047567.1,14761225,NC_047567.1 14759370 14765412,13,-0.3011947883380166,0.224527619918174
NC_047560.1,55347254,NC_047560.1 55225485 55583389,3,0.3011694967261215,0.22456846217470788
NC_047560.1,26286691,NC_047560.1 26282337 26287542,9,-0.3010609115576955,0.2247438657815858
NC_047565.1,57849436,NC_047565.1 57839567 57918668,13,0.301038035494596,0.22478083000770535
NC_047560.1,44284579,NC_047560.1 44283963 44284878,5,0.3009980515748435,0.22484544733033338
NC_047564.1,55021356,NC_047564.1 55019575 55045040,12,0.30096021655551686,0.22490660287734968
NC_047561.1,46951281,NC_047561.1 46949680 46960248,10,0.3009025984248492,0.2249997559295519
NC_047566.1,8721559,NC_047566.1 8714770 8721924,21,0.3008824788551972,0.22503228973057532
NC_047567.1,30950138,NC_047567.1 30934340 31071743,5,-0.30070228560607515,0.2253238014841844
NC_047559.1,54780014,NC_047559.1 54771440 54782196,12,0.30065535726414433,0.2253997608021315
NC_047565.1,25792838,NC_047565.1 25792334 25801700,8,-0.3005443782931261,0.22557945961271758
NC_047561.1,56673930,NC_047561.1 56669801 56687633,5,0.3004871439351689,0.22567217040356755
NC_047566.1,21175243,NC_047566.1 21173208 21176006,13,0.30044326886792233,0.22574325783095608
NC_047567.1,11445005,NC_047567.1 11439345 11445640,15,0.3004247081339458,0.22577333471457525
NC_047560.1,5634304,NC_047560.1 5628479 5636121,3,-0.30038444713397916,0.22583858483197786
NC_047563.1,14626270,NC_047563.1 14614263 14626503,7,0.3003404959334013,0.22590982944161572
NC_047564.1,3510278,NC_047564.1 3504747 3511286,6,-0.30028205659199125,0.2260045816491964
NC_047568.1,36554782,NC_047568.1 36552134 36562147,5,0.3001050920338298,0.22629166399457556
NC_047563.1,42285557,NC_047563.1 42284747 42289523,5,0.30001575570915906,0.22643667978585777
NC_047566.1,6014392,NC_047566.1 6004120 6014788,3,-0.29997363811945915,0.22650506819233646
NC_047562.1,19740521,NC_047562.1 19735318 19740769,15,-0.2998843466737927,0.22665009908166028
NC_047564.1,18689259,NC_047564.1 18688184 18690631,5,0.2997718996184366,0.22683282528511736
NC_047564.1,27748038,NC_047564.1 27740732 27765798,10,0.2997250523167028,0.22690898000725823
NC_047562.1,14068756,NC_047562.1 14062741 14069147,3,0.29965652351949396,0.22702040968334286
NC_047563.1,47295930,NC_047563.1 47295359 47305978,19,-0.299588508670551,0.2271310384716204
NC_047565.1,44641124,NC_047565.1 44626625 44641844,3,0.299497899552521,0.2272784715834346
NC_047568.1,41647734,NC_047568.1 41643503 41648281,6,-0.29946347445746246,0.2273345019345886
NC_047561.1,32205652,NC_047561.1 32195960 32208343,5,-0.29940383040451796,0.22743159974060467
NC_047561.1,47303314,NC_047561.1 47302605 47304251,8,0.2992423850948893,0.22769455916069956
NC_047562.1,48603216,NC_047562.1 48603005 48630168,10,0.2991391932957275,0.22786273860864834
NC_047566.1,37519212,NC_047566.1 37516127 37548379,4,0.298942190293994,0.22818403095661594
NC_047561.1,56018218,NC_047561.1 56012715 56027833,21,0.2988411260173124,0.22834896970929958
NC_047568.1,49699834,NC_047568.1 49689018 49702387,4,-0.29875928710873434,0.22848258843564176
NC_047566.1,1396896,NC_047566.1 1354633 1414618,7,-0.2985837591244455,0.2287693431079741
NC_047565.1,56005923,NC_047565.1 56000594 56008821,11,-0.2985763961404081,0.2287813768386401
NC_047565.1,10659159,NC_047565.1 10658921 10684090,9,-0.2985652780521266,0.22879954851373546
NC_047560.1,65621129,NC_047560.1 65620894 65625763,8,-0.29845484095873065,0.22898009994240506
NC_047565.1,5268544,NC_047565.1 5255329 5422969,4,-0.2984522920016068,0.22898426826231033
NC_047559.1,8917820,NC_047559.1 8912667 8929437,11,-0.29843452082658234,0.2290133308911431
NC_047568.1,35491121,NC_047568.1 35491009 35513578,12,0.29832333533542715,0.22919521522539285
NC_047560.1,24889752,NC_047560.1 24826378 24899695,19,-0.2982861654808007,0.22925604073265363
NC_047565.1,15717964,NC_047565.1 15715187 15721501,10,-0.2981921310460226,0.2294099668749584
NC_047559.1,25818999,NC_047559.1 25815096 25820573,3,0.2981574436442323,0.22946676386522663
NC_047566.1,5989143,NC_047566.1 5983895 5990072,9,0.29806643835477403,0.22961581841144357
NC_047563.1,48662763,NC_047563.1 48661024 48663839,5,0.2979998827153544,0.2297248670250972
NC_047559.1,13650450,NC_047559.1 13640208 13656309,5,-0.297750203747789,0.23013425172079552
NC_047568.1,23837623,NC_047568.1 23837066 23849319,7,-0.29761065658826996,0.2303632632135226
NC_047568.1,29255099,NC_047568.1 29237781 29258344,5,0.29742010030829485,0.23067622204616256
NC_047559.1,52465644,NC_047559.1 52464479 52475232,11,0.297318056100717,0.230843925715637
NC_047562.1,14864766,NC_047562.1 14819506 14866507,8,-0.2973048988997997,0.23086555449188867
NC_047568.1,30021313,NC_047568.1 30015214 30031060,5,-0.2972221142177076,0.23100167185988557
NC_047564.1,31840256,NC_047564.1 31839685 31850225,10,-0.29711486292369066,0.2311780945518022
NC_047561.1,54142397,NC_047561.1 54129895 54157830,9,0.2969908877156205,0.23138213479045777
NC_047566.1,49986205,NC_047566.1 49983777 50028481,5,-0.296931228259742,0.2314803643311349
NC_047561.1,8688643,NC_047561.1 8682706 8734273,11,-0.29687332148938456,0.23157573362267797
NC_047563.1,38295897,NC_047563.1 38294920 38297969,4,0.2968188996558585,0.23166538636101983
NC_047561.1,27582311,NC_047561.1 27580149 27582554,3,0.2967689863199198,0.23174763149818156
NC_047563.1,11711064,NC_047563.1 11702889 11715497,14,0.29672880053270323,0.231813861573847
NC_047562.1,22975858,NC_047562.1 22943870 22982986,5,0.29669905602401325,0.23186289121833153
NC_047559.1,2123479,NC_047559.1 2091473 2156950,7,-0.2966453097758782,0.23195150120512734
NC_047560.1,4908064,NC_047560.1 4589306 4924767,8,-0.2965960115879836,0.2320327968666229
NC_047562.1,48179725,NC_047562.1 48178183 48180530,10,-0.29655917219377875,0.23209355914548233
NC_047559.1,40197043,NC_047559.1 40182188 40220422,6,-0.29654792835492355,0.232112106574489
NC_047561.1,8958017,NC_047561.1 8953262 8962473,13,0.2965295032635881,0.2321425019896804
NC_047561.1,54745850,NC_047561.1 54740211 54749440,9,0.2965096933770223,0.2321751847109302
NC_047562.1,36035593,NC_047562.1 36034676 36040056,9,-0.29649042376366497,0.23220697890669698
NC_047562.1,47513341,NC_047562.1 47506854 47524615,7,-0.29648615324137034,0.23221402549826758
NW_022994852.1,174930,NW_022994852.1 170325 177031,7,-0.29635496517515963,0.23243055958925235
NC_047568.1,16098885,NC_047568.1 16097495 16106227,6,0.29626610413016924,0.23257730371129465
NC_047561.1,52514175,NC_047561.1 52510092 52519468,6,0.2961681820896265,0.23273907973908656
NC_047559.1,52712723,NC_047559.1 52712488 52750617,7,0.2960601145909454,0.23291770057168534
NC_047559.1,7148554,NC_047559.1 7134890 7149244,15,-0.2958882450729052,0.23320195812444267
NC_047568.1,39494715,NC_047568.1 39484429 39501845,7,-0.2957779109904299,0.2333845582458886
NC_047567.1,1872414,NC_047567.1 1645006 2210384,3,0.2957468131742776,0.23343604086608147
NW_022994983.1,28106,NW_022994983.1 26960 34838,20,-0.29555690442514215,0.23375059358281386
NC_047564.1,8108911,NC_047564.1 8091710 8132536,4,0.2954587333402032,0.23391330412830177
NC_047562.1,36639038,NC_047562.1 36637892 36640767,5,-0.29530911056381504,0.23416143092394895
NC_047561.1,45800057,NC_047561.1 45752446 45810498,5,-0.29524216629841205,0.23427250235185254
NC_047561.1,13252293,NC_047561.1 13250754 13258051,6,0.2951373749319059,0.23444643589088382
NC_047561.1,55465748,NC_047561.1 55446431 55473342,8,-0.29506217115659994,0.23457131057021274
NC_047562.1,28812614,NC_047562.1 28811718 28827206,15,-0.29506187351464974,0.234571804884398
NC_047561.1,49405993,NC_047561.1 49402613 49414750,6,-0.29490855705123337,0.23482651643268251
NC_047565.1,57448710,NC_047565.1 57447196 57448993,14,-0.2948628866242773,0.2349024249184874
NC_047559.1,31776519,NC_047559.1 31773226 31785116,8,0.2948408708807856,0.234939022725804
NW_022994958.1,38597,NW_022994958.1 17345 94191,17,0.2947804482263448,0.23503948486802112
NC_047559.1,9808197,NC_047559.1 9804411 9819035,7,0.2947531027768365,0.23508495998681428
NC_047561.1,51364793,NC_047561.1 51362639 51367285,7,-0.29473347450617676,0.2351176050046507
NC_047559.1,42776207,NC_047559.1 42772790 42776607,8,0.2946507936787988,0.23525514850435958
NC_047559.1,42523724,NC_047559.1 42508829 42527693,9,-0.29450729426291283,0.235493988602669
NC_047560.1,56528833,NC_047560.1 56520543 56542167,4,0.2944313315770869,0.23562048337672098
NC_047564.1,54325198,NC_047564.1 54324203 54335734,4,-0.29435858179956925,0.2357416686056008
NC_047567.1,12660556,NC_047567.1 12659611 12662672,5,0.29435509966843254,0.23574747007271293
NC_047568.1,11799244,NC_047568.1 11797477 11800527,4,-0.29426360234441734,0.23589994349654517
NC_047563.1,10753531,NC_047563.1 10720000 10772863,8,-0.2942299303262125,0.23595607122980855
NC_047561.1,5113971,NC_047561.1 5111413 5142723,8,-0.2941792409980201,0.23604058111290438
NC_047561.1,28424413,NC_047561.1 28422092 28441781,8,-0.2939335590220969,0.23645045888755203
NC_047559.1,29105995,NC_047559.1 29104396 29110151,4,0.29386783770291974,0.23656018044809224
NC_047562.1,14708605,NC_047562.1 14699549 14714422,8,0.2937377222105083,0.23677750369965664
NC_047561.1,54046756,NC_047561.1 54038294 54051356,6,-0.29371875937440073,0.23680918669159645
NC_047565.1,60670690,NC_047565.1 60646590 60672137,8,-0.2936558198567629,0.23691436503820662
NC_047564.1,1130086,NC_047564.1 1125260 1140005,8,-0.2935557173953558,0.2370817078140744
NC_047566.1,37381151,NC_047566.1 37378897 37384586,13,0.2935119644800222,0.23715487387984316
NC_047559.1,13616900,NC_047559.1 13581043 13633722,7,0.2933766670487059,0.2373812168807623
NC_047565.1,17203868,NC_047565.1 17193017 17205236,14,-0.29334800801968003,0.2374291790711214
NW_022994979.1,68115,NW_022994979.1 61506 70534,8,0.2932935722588407,0.23752029680544023
NC_047561.1,57361613,NC_047561.1 57358348 57364422,4,0.29323587367205955,0.23761690037698993
NC_047564.1,7228171,NC_047564.1 7226446 7235314,4,-0.293136851300276,0.23778274988148648
NC_047568.1,10891501,NC_047568.1 10866110 10904984,7,-0.2930131648360814,0.23799001210292914
NC_047564.1,49565493,NC_047564.1 49563101 49566133,14,-0.29281380648991795,0.238324320404208
NC_047560.1,44284573,NC_047560.1 43984502 44478438,5,-0.29279721476254517,0.23835215690490566
NC_047564.1,51181394,NC_047564.1 51180963 51182255,15,0.29272000761280675,0.23848171718327696
NC_047568.1,51578245,NC_047568.1 51570661 51582818,3,0.29271279416885143,0.23849382425695126
NC_047568.1,26105203,NC_047568.1 26075022 26164422,4,0.2926981929375661,0.23851833222100446
NC_047565.1,61720203,NC_047565.1 61670769 61721276,14,-0.29269288008470484,0.23852725016874848
NC_047568.1,22162549,NC_047568.1 22161099 22192496,17,-0.29256129631903555,0.23874818930595673
NC_047559.1,1161769,NC_047559.1 1153007 1169265,4,0.2924421699884915,0.23894832380794087
NC_047566.1,23598662,NC_047566.1 23569181 23647175,15,-0.29240481271134583,0.23901110673480885
NC_047565.1,30688771,NC_047565.1 30665007 30702504,16,0.2923302062445875,0.23913652235954913
NC_047568.1,33057674,NC_047568.1 33048704 33066789,4,0.2923165220388919,0.23915953044955582
NC_047568.1,2628169,NC_047568.1 2627134 2632788,7,-0.29216752973619586,0.23941013148228674
NC_047559.1,30400627,NC_047559.1 30387802 30406355,6,-0.2921612342662076,0.23942072397084205
NC_047559.1,35369796,NC_047559.1 35363562 35370191,15,0.29206825142128723,0.23957720765923354
NC_047568.1,1703150,NC_047568.1 1694627 1707662,7,-0.29201230367403513,0.23967139519234207
NC_047560.1,70735394,NC_047560.1 70388123 71110591,8,-0.29193282737339143,0.23980523333056897
NC_047568.1,36613852,NC_047568.1 36610202 36621654,15,-0.2919095443070621,0.23984445103042112
NC_047566.1,53639512,NC_047566.1 53626410 53659339,8,-0.29186779190469303,0.2399147884612322
NC_047561.1,5882089,NC_047561.1 5880414 5882853,7,-0.2918675157782826,0.2399152536762704
NC_047566.1,11384673,NC_047566.1 11383138 11385360,4,-0.29179495982912484,0.24003751510365234
NC_047568.1,45150320,NC_047568.1 45149128 45166543,20,0.2917019661054136,0.24019427342045951
NC_047560.1,7218433,NC_047560.1 7210665 7241067,8,-0.29169601175553866,0.24020431280798504
NC_047566.1,50000939,NC_047566.1 49983777 50028481,6,-0.29154306724333034,0.2404622777905259
NC_047568.1,33311751,NC_047568.1 33298981 33323717,13,0.29144326058575604,0.24063071235098088
NC_047568.1,18252134,NC_047568.1 18250305 18252834,8,0.29142820817928483,0.2406561214259422
NW_022994931.1,105234,NW_022994931.1 104492 106261,10,-0.2914111765461742,0.24068487357250384
NC_047562.1,18234501,NC_047562.1 18217108 18236871,16,0.2912187612543565,0.24100985332169406
NC_047559.1,725799,NC_047559.1 703983 736455,6,0.29121718406163405,0.24101251827237663
NC_047565.1,22326376,NC_047565.1 22317616 22352556,19,-0.2912062613740613,0.24103097463078052
NC_047559.1,9290324,NC_047559.1 9289560 9302692,4,0.2911703409166166,0.24109167672484133
NC_047564.1,38521652,NC_047564.1 38521252 38530870,8,-0.2910849864435896,0.24123595647714915
NC_047560.1,18810135,NC_047560.1 18809373 18841895,5,0.29104831200662856,0.24129796630783204
NC_047566.1,19625515,NC_047566.1 19625456 19648532,10,-0.29098638008539596,0.24140270495564103
NW_022994965.1,30040,NW_022994965.1 23230 30682,8,0.2909317146572315,0.24149517857377797
NC_047567.1,5010906,NC_047567.1 5008160 5011982,20,0.2909102758315785,0.24153145125219305
NC_047562.1,4042307,NC_047562.1 3994033 4101694,3,-0.29082723224398066,0.24167198663324393
NC_047559.1,1139919,NC_047559.1 1136639 1145504,16,0.29074480758157256,0.2418115259405075
NC_047568.1,46687795,NC_047568.1 46667101 46697009,7,0.290557819854356,0.2421282729904669
NC_047566.1,51776077,NC_047566.1 51774775 51777179,5,-0.29033610795718895,0.2425041820206525
NC_047568.1,4353967,NC_047568.1 4344053 4368145,9,0.29030452485790087,0.24255776078587693
NC_047564.1,15807090,NC_047564.1 15805614 15814356,5,-0.29026890826035867,0.24261819114129068
NC_047561.1,23645059,NC_047561.1 23643047 23653396,8,0.2901613436192234,0.242800753070162
NC_047560.1,53729867,NC_047560.1 53728246 53730919,12,0.29013049962551457,0.2428531184930074
NC_047561.1,46480639,NC_047561.1 46462626 46499059,6,-0.29008433572691145,0.2429315066856385
NC_047562.1,41821718,NC_047562.1 41798011 41824395,12,-0.2899943764063817,0.24308430740779927
NC_047559.1,54214400,NC_047559.1 54209081 54216962,6,-0.2898826845083277,0.24327410688257586
NC_047568.1,50995103,NC_047568.1 50993948 51000294,4,0.28986038294422956,0.24331201546860082
NC_047559.1,10994594,NC_047559.1 10994171 10996430,19,0.2898370346084515,0.24335170738877926
NC_047559.1,27040566,NC_047559.1 27018826 27054205,6,-0.28982549470426694,0.243371326618044
NW_022994852.1,173840,NW_022994852.1 170325 177031,12,-0.2896981094530045,0.24358796355273632
NC_047559.1,6567050,NC_047559.1 6561773 6567666,5,-0.2895915215041965,0.24376932559658238
NC_047564.1,42121940,NC_047564.1 42119282 42127511,20,-0.2895013335929309,0.24392284940084694
NC_047559.1,25638344,NC_047559.1 25630007 25638644,15,-0.28949916161248723,0.24392654744451328
NC_047565.1,3439029,NC_047565.1 3409536 3439863,11,0.2894767590834451,0.2439646923707388
NC_047564.1,4259761,NC_047564.1 4244547 4269249,8,-0.2894178974434822,0.2440649344671913
NC_047559.1,543293,NC_047559.1 543090 560260,6,0.28941682350193326,0.24406676364526225
NC_047568.1,41945666,NC_047568.1 41931172 41952026,3,0.2893995333189486,0.2440962141379967
NC_047562.1,17097893,NC_047562.1 17054166 17098627,3,0.2892827282145465,0.24429522809961
NC_047564.1,51131399,NC_047564.1 51124968 51147091,3,-0.2891971562453872,0.24444109188741553
NC_047566.1,5681719,NC_047566.1 5676533 5686292,3,0.28916611229537553,0.2444940222447739
NC_047559.1,47096690,NC_047559.1 47095848 47100435,4,-0.28914337025826164,0.24453280233469424
NC_047564.1,5952838,NC_047564.1 5952135 5954438,7,-0.2890359275221291,0.24471606811104338
NC_047559.1,20127819,NC_047559.1 20127240 20134983,3,0.28901616793063456,0.24474978164225794
NC_047565.1,52207696,NC_047565.1 52202888 52210193,4,-0.28896074547588857,0.24484435833310209
NC_047566.1,10093221,NC_047566.1 10084972 10094594,21,0.28892575691868,0.2449040771301722
NC_047566.1,40619352,NC_047566.1 40618021 40621873,6,0.28887705589353035,0.24498721584810806
NC_047565.1,15306653,NC_047565.1 15306084 15309541,3,0.28883856883300263,0.24505293069554596
NC_047565.1,27637391,NC_047565.1 27634148 27638040,4,-0.2887918295947512,0.24513275075341323
NC_047560.1,19333423,NC_047560.1 19331792 19334906,19,0.28877839561645396,0.24515569599782436
NC_047568.1,54103415,NC_047568.1 54093436 54153085,6,0.2886749620724656,0.24533240609836776
NC_047568.1,56463012,NC_047568.1 56452179 56464082,6,-0.28865783941423695,0.24536166692450626
NC_047568.1,10281117,NC_047568.1 10279018 10309461,9,0.28858038764057015,0.2454940514716424
NC_047568.1,55684850,NC_047568.1 55684663 55698088,6,-0.28847510560239953,0.24567407740935254
NC_047560.1,56540567,NC_047560.1 56520543 56542167,4,0.28846182635910067,0.2456967900458551
NC_047565.1,16650365,NC_047565.1 16647669 16667148,12,-0.2883894159813668,0.24582066314286627
NC_047563.1,62037592,NC_047563.1 62035724 62049773,5,0.28834940979647744,0.2458891190330711
NC_047565.1,48278218,NC_047565.1 48241763 48281629,6,-0.2882497457742897,0.24605970984055464
NC_047564.1,16018485,NC_047564.1 16014476 16038616,3,-0.2881744640743105,0.24618861604846184
NC_047568.1,35063179,NC_047568.1 35051957 35064573,19,0.28812527756463213,0.24627286205862
NC_047563.1,7646627,NC_047563.1 7634518 7664446,5,0.28812227141258134,0.2462780115476506
NC_047565.1,29010320,NC_047565.1 28976220 29016373,11,-0.2881162714157896,0.2462882896470842
NC_047564.1,16780378,NC_047564.1 16773894 16791386,3,-0.28803807811653104,0.24642226094004294
NC_047559.1,35564067,NC_047559.1 35562201 35567860,7,0.2879206264858585,0.24662358147271957
NC_047559.1,52860738,NC_047559.1 52839318 52861897,4,-0.28790579413366696,0.24664901258270205
NC_047561.1,16957780,NC_047561.1 16953644 16958992,4,-0.28790199933203253,0.24665551930307147
NC_047566.1,39193563,NC_047566.1 39188611 39194712,4,-0.28790025696365906,0.2466585068747092
NC_047567.1,11094681,NC_047567.1 11089006 11128626,6,-0.2878791033006139,0.24669478006721737
NC_047568.1,36221854,NC_047568.1 36205102 36225517,5,-0.2878782440362852,0.2466962535599147
NC_047565.1,47039567,NC_047565.1 47037489 47050208,18,-0.28764280906732986,0.24710019425118837
NW_022994829.1,112040,NW_022994829.1 109708 243958,7,0.287471766498056,0.24739391753767695
NC_047563.1,2259101,NC_047563.1 2231498 2265584,8,-0.28737511444555663,0.24755999101887483
NC_047564.1,33200709,NC_047564.1 33194844 33204903,4,-0.2873184749140396,0.24765734525272684
NC_047565.1,32252980,NC_047565.1 32233557 32270869,4,-0.28720797402057874,0.24784734809582076
NC_047561.1,16423994,NC_047561.1 16422804 16425975,5,0.2871609735678345,0.24792819180733972
NC_047560.1,63028484,NC_047560.1 62653127 63119960,10,-0.2871394791719011,0.24796516905801289
NC_047562.1,32918889,NC_047562.1 32898252 32939854,12,0.2870891862421842,0.24805170262418075
NC_047561.1,3225431,NC_047561.1 3225135 3239131,4,0.28702371845118885,0.24816437448310794
NW_022994945.1,225664,NW_022994945.1 190480 232078,6,0.2869639182079839,0.24826732056963532
NC_047566.1,7051793,NC_047566.1 7044525 7053803,7,-0.28682561514343186,0.24850551248224798
NC_047565.1,51749764,NC_047565.1 51746423 51759959,7,-0.2867483612326552,0.24863862549180588
NC_047568.1,5455027,NC_047568.1 5453636 5458249,4,0.28670379953979686,0.24871542835628077
NC_047564.1,56482250,NC_047564.1 56460867 56490930,21,0.2866578443513986,0.24879464861345005
NC_047562.1,15027699,NC_047562.1 15027092 15030580,4,-0.28659933158465756,0.24889553940278436
NW_022994986.1,111709,NW_022994986.1 107490 112469,17,0.28656791113812646,0.2489497268398008
NC_047559.1,52810626,NC_047559.1 52797803 52818008,3,-0.28654835842617005,0.2489834510385709
NC_047561.1,25432929,NC_047561.1 25430664 25434066,20,-0.28641091439057637,0.24922059360546578
NC_047564.1,48597771,NC_047564.1 48596064 48606452,3,-0.28639136903191786,0.24925432825376348
NC_047561.1,9948965,NC_047561.1 9946309 9955812,6,0.28625256638237734,0.24949397992618597
NC_047563.1,7300884,NC_047563.1 7299768 7308071,11,-0.28621853957232635,0.24955275156301984
NC_047559.1,24764476,NC_047559.1 24756151 24825917,21,-0.2861997450180987,0.24958521755238386
NC_047566.1,3957953,NC_047566.1 3911431 3984108,7,-0.2861268597425438,0.24971114583829024
NC_047564.1,49988677,NC_047564.1 49984569 49992179,4,0.28605175644832664,0.2498409482266335
NC_047566.1,43976149,NC_047566.1 43969325 43976701,5,-0.28599017203362986,0.24994741742287796
NC_047561.1,4041186,NC_047561.1 4038964 4063290,7,0.2859592278605263,0.25000092553823555
NC_047565.1,12411711,NC_047565.1 12404326 12414040,17,-0.2858487480339859,0.2501920241971198
NC_047559.1,44141253,NC_047559.1 44134969 44143796,3,0.2858382876190837,0.2502101225072575
NC_047566.1,19660008,NC_047566.1 19656868 19660280,12,-0.2858325392155992,0.25022006858151863
NC_047565.1,23162723,NC_047565.1 23162022 23163996,7,-0.28575724172925077,0.2503503737424379
NC_047564.1,54976905,NC_047564.1 54975795 54977492,4,-0.2856228836832113,0.2505829916434342
NC_047559.1,19995590,NC_047559.1 19991237 19998820,4,-0.28561572938901875,0.25059538189307967
NC_047561.1,55465748,NC_047561.1 55442541 55490447,8,-0.2854653072514752,0.25085598162883954
NC_047559.1,17586909,NC_047559.1 17569948 17601289,3,0.28545057269048957,0.2508815177824205
NC_047562.1,28812273,NC_047562.1 28811718 28827206,13,-0.2852934537686161,0.2511539190410031
NC_047566.1,24138850,NC_047566.1 24124417 24142507,18,-0.28517294459435966,0.2513629751506151
NC_047559.1,39087940,NC_047559.1 39087595 39118950,5,0.2849870462569683,0.25168568141269154
NC_047566.1,31876037,NC_047566.1 31870416 31876452,5,-0.28496678442372936,0.2517208702614061
NC_047565.1,42581569,NC_047565.1 42580095 42586523,4,-0.28480303281285463,0.2520053722986275
NC_047559.1,5015761,NC_047559.1 5013827 5017368,15,-0.2846801968889802,0.25221892016846426
NC_047560.1,51427015,NC_047560.1 51426322 51429714,12,-0.2843255118306266,0.2528361719456389
NC_047566.1,45958221,NC_047566.1 45949296 45984413,5,0.28431567030641897,0.2528533124950188
NC_047561.1,11756377,NC_047561.1 11750567 11834596,3,0.2842580778880466,0.2529536333203573
NC_047561.1,51071647,NC_047561.1 51070214 51081688,5,-0.2841561697953164,0.25313120937330036
NC_047564.1,46176879,NC_047564.1 46175335 46178462,3,0.2841334890680969,0.2531707414645959
NC_047561.1,33039731,NC_047561.1 33036809 33042625,6,-0.284026189390017,0.2533578154324839
NC_047564.1,55177741,NC_047564.1 55160601 55179812,7,-0.2839940109106477,0.2534139346319752
NC_047562.1,40709860,NC_047562.1 40705289 40710571,8,-0.28391120402179865,0.2535583855796733
NC_047568.1,53342865,NC_047568.1 53328077 53374145,3,0.2837405143758683,0.2538563051690294
NC_047562.1,46016044,NC_047562.1 46013561 46016995,5,0.2837059441705913,0.2539166703386956
NC_047563.1,39751265,NC_047563.1 39724077 39807021,7,-0.28368751643665335,0.25394885182605115
NC_047559.1,12769407,NC_047559.1 12757289 12773910,11,0.2835563705584606,0.25417795393923404
NC_047568.1,563938,NC_047568.1 563207 564050,21,-0.2834188919406487,0.25441825816803326
NC_047561.1,15430854,NC_047561.1 15408533 15456039,19,-0.28339747981980523,0.25445569808000684
NC_047568.1,33378642,NC_047568.1 33376115 33406778,8,-0.28338420018737714,0.2544789197626937
NC_047565.1,450774,NC_047565.1 427870 478270,5,0.2833829267466686,0.2544811466589933
NC_047562.1,13256882,NC_047562.1 13246768 13275546,11,-0.2832086036151866,0.25478610515719935
NC_047561.1,10437562,NC_047561.1 10425581 10445912,20,0.28315121932766063,0.25488654259630966
NC_047560.1,55347254,NC_047560.1 55300845 55435494,3,0.28314366935285146,0.2548997588665351
NC_047560.1,62877286,NC_047560.1 62653127 63119960,4,-0.2831083970621396,0.2549615088924698
NC_047568.1,52994198,NC_047568.1 52976090 52997958,4,-0.28297101900605137,0.2552021015509804
NC_047560.1,51013077,NC_047560.1 50935047 51246957,7,0.2829709858098728,0.25520215970525073
NC_047568.1,47673720,NC_047568.1 47671567 47680444,12,-0.2829364984683302,0.2552625803725477
NC_047563.1,10669720,NC_047563.1 10668110 10670939,11,0.2828080698944237,0.2554876618566559
NC_047559.1,41524243,NC_047559.1 41519299 41545670,7,0.28271768667046887,0.25564614038331557
NC_047563.1,66774402,NC_047563.1 66737942 66776831,10,-0.2827041886645373,0.25566981316314424
NC_047568.1,41316342,NC_047568.1 41312973 41317568,7,-0.2826751029182291,0.255720828367723
NC_047562.1,32918874,NC_047562.1 32898252 32939854,14,-0.28267111991223787,0.25572781489351726
NC_047561.1,25075761,NC_047561.1 25056863 25076359,6,-0.28265381803492706,0.25575816522328665
NC_047561.1,8663122,NC_047561.1 8642713 8664023,3,-0.2826308214535924,0.25579850849351704
NC_047562.1,40497126,NC_047562.1 40490071 40523133,8,0.2825371971298861,0.2559627963290042
NC_047563.1,20718239,NC_047563.1 20697466 20719345,3,-0.2824424341337544,0.2561291496006592
NC_047561.1,32030251,NC_047561.1 32022438 32043619,3,0.2822871230935385,0.25640193945599454
NC_047560.1,70826652,NC_047560.1 70690070 71346242,10,0.2821077866456095,0.25671715417840574
NC_047567.1,34848616,NC_047567.1 34842807 34876199,4,-0.2820594049303096,0.2568022349467702
NW_022994955.1,141767,NW_022994955.1 129497 146085,16,-0.2820196523901759,0.2568721542565637
NC_047565.1,23772906,NC_047565.1 23772404 23774544,10,0.2819337019117159,0.25702337021469446
NC_047567.1,14591462,NC_047567.1 14579065 14594396,4,-0.281810119977154,0.25724089032046105
NC_047561.1,5435376,NC_047561.1 5425268 5444148,5,-0.2817132825048002,0.2574114172590424
NC_047568.1,51754345,NC_047568.1 51742971 51755940,6,-0.28166117235750976,0.2575032104392501
NC_047565.1,5587134,NC_047565.1 5586350 5587791,17,-0.28159620637514526,0.2576176781535604
NC_047563.1,30119340,NC_047563.1 30073419 30628537,10,0.28158597861307577,0.25763570200240127
NC_047559.1,40209851,NC_047559.1 40182188 40220422,4,0.28152758072448036,0.25773862865944613
NC_047562.1,50731279,NC_047562.1 50713042 50744457,11,-0.2812051663684224,0.258307349279968
NC_047561.1,49760888,NC_047561.1 49734890 49767198,6,-0.281167131250462,0.2583744927944778
NC_047561.1,40223880,NC_047561.1 40219613 40225087,7,-0.28095528258691976,0.2587486696459711
NC_047561.1,44146165,NC_047561.1 44120129 44146756,4,0.28082813033052445,0.2589734144443806
NC_047563.1,48710218,NC_047563.1 48665644 48719501,3,-0.2806613000100946,0.2592684762677246
NC_047563.1,7427950,NC_047563.1 7401632 7475962,3,-0.28063487746592813,0.2593152273516093
NC_047564.1,14868252,NC_047564.1 14858325 14871378,6,-0.2804903794504491,0.25957099004760326
NC_047568.1,27769572,NC_047568.1 27768593 27770394,7,-0.2804693029318908,0.25960830882922714
NC_047559.1,543476,NC_047559.1 543245 544234,3,0.2804600706144118,0.25962465693207376
NC_047559.1,52465637,NC_047559.1 52464479 52475232,3,-0.28040880851392397,0.2597154408680469
NC_047563.1,67060096,NC_047563.1 67059596 67063411,3,-0.28034486707826,0.25982870739372604
NC_047565.1,55465625,NC_047565.1 55456526 55470345,11,-0.2803373648014841,0.2598419990274454
NC_047564.1,49098113,NC_047564.1 49097842 49100777,4,-0.2803034803025846,0.25990203680798407
NC_047566.1,33204811,NC_047566.1 33185367 33222559,8,-0.28029390838111795,0.25991899825413295
NC_047561.1,53731776,NC_047561.1 53731498 53744761,3,-0.28005433519007134,0.26034374720444886
NC_047565.1,25639972,NC_047565.1 25626905 25683502,8,0.27992324597705237,0.2605763438911739
NC_047559.1,6537713,NC_047559.1 6533064 6544639,15,-0.27979225104907784,0.2608089028312063
NC_047564.1,17320682,NC_047564.1 17316824 17344427,19,0.27970189544418644,0.26096938911979317
NC_047561.1,35177482,NC_047561.1 35176878 35203617,9,-0.27967505812308263,0.2610170684464652
NW_022994897.1,262577,NW_022994897.1 253801 280098,6,-0.2796529380905522,0.2610563710997181
NC_047565.1,30688977,NC_047565.1 30665007 30702504,18,-0.27947490608120545,0.26137283106084014
NW_022994916.1,9474,NW_022994916.1 8180 17065,6,-0.2794520256916908,0.2614135193362072
NC_047565.1,36129377,NC_047565.1 36126007 36130716,11,-0.2794408471781504,0.26143339956196254
NC_047567.1,25014955,NC_047567.1 25013528 25015240,9,0.2793862216962275,0.2615305608290717
NC_047561.1,16880633,NC_047561.1 16844984 16880835,8,-0.27937059951893156,0.2615583518287941
NC_047565.1,43029211,NC_047565.1 43021625 43033859,11,0.2793452586969768,0.2616034356833382
NC_047559.1,54688911,NC_047559.1 54687185 54694451,5,-0.2792380561538852,0.26179421333829644
NC_047568.1,6515088,NC_047568.1 6514219 6547105,11,0.27922690690343194,0.26181405952469095
NC_047563.1,7574151,NC_047563.1 7559225 7587669,9,0.2791043698705793,0.26203224298144695
NC_047565.1,14524119,NC_047565.1 14522947 14579224,4,0.27904436190880105,0.2621391315641023
NC_047561.1,705197,NC_047561.1 697127 705337,18,-0.27902854192023446,0.26216731528753834
NC_047560.1,50403004,NC_047560.1 50402679 50404628,4,0.2789680750170846,0.2622750560641022
NC_047568.1,46067372,NC_047568.1 46057175 46076658,4,0.2789205145142588,0.26235981942361486
NC_047561.1,53994025,NC_047561.1 53963762 53999400,12,-0.278903493963327,0.2623901579665578
NC_047568.1,17690047,NC_047568.1 17687641 17697732,4,-0.27887157766754106,0.2624470535530969
NC_047566.1,14941315,NC_047566.1 14940035 14946116,12,-0.27886144320648637,0.2624651213588578
NC_047565.1,1554043,NC_047565.1 1547290 1558225,17,0.2788592059564012,0.26246911005231544
NC_047561.1,13853981,NC_047561.1 13840905 13879732,4,0.2788476342591835,0.26248974131850805
NC_047560.1,4673188,NC_047560.1 4387457 4700231,5,0.27883998587463604,0.2625033782357004
NC_047564.1,19519009,NC_047564.1 19502457 19537826,11,-0.2788037180442735,0.26256804906473724
NC_047561.1,8656822,NC_047561.1 8642713 8664023,6,-0.27875843873900835,0.26264880260105894
NC_047566.1,42776740,NC_047566.1 42724057 42804817,9,0.278739784023137,0.2626820769204358
NC_047561.1,22079926,NC_047561.1 22078798 22083617,4,0.278641994585402,0.26285654640087003
NC_047562.1,29853083,NC_047562.1 29830491 29863239,4,0.2785725682849412,0.2629804560470042
NC_047566.1,37314394,NC_047566.1 37306870 37316631,4,0.2785281687105757,0.26305971793434757
NC_047566.1,36157947,NC_047566.1 36129426 36164224,5,-0.27832760760912445,0.263417943960101
NC_047559.1,53759988,NC_047559.1 53755998 53781200,6,-0.27828155558810186,0.26350024121502025
NC_047565.1,45016709,NC_047565.1 44997191 45039220,21,0.27815785862078274,0.26372137309363297
NC_047561.1,23003347,NC_047561.1 22995803 23005909,5,-0.27811680459957266,0.26379479049662324
NC_047560.1,16756015,NC_047560.1 16729348 16776165,15,0.2780078546629525,0.2639896886603639
NC_047566.1,1141071,NC_047566.1 1123256 1348320,6,0.27795632329023906,0.26408190321629865
NC_047564.1,35487706,NC_047564.1 35451206 35497571,5,-0.27794945418888317,0.2640941968756606
NC_047563.1,62920485,NC_047563.1 62918624 62921552,3,-0.2778915219274437,0.26419789265261523
NC_047566.1,9546977,NC_047566.1 9514408 9558795,14,0.27788614764694197,0.26420751362302064
NC_047565.1,29961171,NC_047565.1 29959610 29962781,5,0.27788326246578715,0.2642126787285256
NC_047564.1,42540867,NC_047564.1 42533584 42542131,9,-0.27780666359459466,0.26434983044266036
NC_047563.1,25196738,NC_047563.1 25178055 25222052,5,-0.2777898238613579,0.2643799882384485
NC_047563.1,6006748,NC_047563.1 6006406 6011638,5,0.27773316628327976,0.2644814703862684
NC_047568.1,3828894,NC_047568.1 3816447 3833324,16,0.2777172744651848,0.2645099393466265
NC_047559.1,8210079,NC_047559.1 8181461 8243209,15,-0.27749191629444314,0.26491385621152297
NC_047564.1,2188095,NC_047564.1 2180582 2198425,5,0.27727990918931367,0.26529419344066807
NC_047564.1,9696984,NC_047564.1 9696182 9697489,3,-0.2771937051261328,0.2654489391114437
NW_022994948.1,363118,NW_022994948.1 362855 383527,3,0.2771791457439852,0.2654750803224647
NC_047568.1,51690712,NC_047568.1 51684292 51714180,8,0.2771169388386115,0.26558679016014164
NC_047564.1,17631817,NC_047564.1 17631242 17635374,5,-0.27710970757296227,0.26559977780809546
NC_047564.1,54100719,NC_047564.1 54096293 54118124,5,0.27699484617716824,0.2658061264802115
NC_047565.1,53212746,NC_047565.1 53212011 53213626,10,-0.2769150346030864,0.26594956672748715
NC_047564.1,38107087,NC_047564.1 38104216 38109243,5,-0.27686982797607035,0.2660308350402554
NC_047564.1,28686979,NC_047564.1 28634556 28742989,6,-0.27683641936859743,0.2660909038709227
NC_047566.1,21346666,NC_047566.1 21330721 21358510,3,0.27665350250272236,0.2664199385660432
NC_047563.1,38295520,NC_047563.1 38294920 38297969,4,-0.27665161812661687,0.26642332953544945
NC_047561.1,6745958,NC_047561.1 6743932 6748734,21,-0.276631065147968,0.2664603167382289
NC_047568.1,3238105,NC_047568.1 3227079 3246543,3,0.27657768795048177,0.2665563893966667
NC_047568.1,41339133,NC_047568.1 41334997 41339754,5,-0.2765575030639304,0.2665927254145669
NC_047559.1,44972082,NC_047559.1 44967630 44978828,3,-0.2765263085268136,0.26664888660929237
NC_047559.1,14398940,NC_047559.1 14398742 14415203,8,0.2765252049794329,0.2666508735192087
NC_047565.1,10690964,NC_047565.1 10689783 10696538,7,-0.27645900549754593,0.26677008087158244
NC_047565.1,23162735,NC_047565.1 23162022 23163996,14,-0.2764469254492343,0.2667918373380524
NC_047562.1,36057116,NC_047562.1 36056015 36086534,12,-0.27639309607419027,0.266888798765485
NC_047561.1,45381998,NC_047561.1 45378096 45386504,14,0.27610080414175703,0.26741567825911994
NC_047568.1,19858320,NC_047568.1 19840776 19870411,3,-0.27595659065916894,0.2676758721023927
NC_047567.1,10669964,NC_047567.1 10658662 10703573,6,-0.27588002857411903,0.26781407126106904
NC_047565.1,8175555,NC_047565.1 8112739 8229257,7,-0.27581593154102435,0.26792980427523216
NC_047568.1,25835542,NC_047568.1 25742625 26027748,18,-0.2758048421701183,0.26794983028780495
NC_047562.1,24346294,NC_047562.1 24331603 24352933,14,0.27576839174690365,0.26801566171811586
NC_047562.1,38547265,NC_047562.1 38538714 38551464,5,0.27569533526828344,0.26814763584844303
NC_047563.1,27516661,NC_047563.1 27504250 27517278,7,0.2756276677730792,0.2682699108909913
NC_047565.1,46735216,NC_047565.1 46724952 46744846,16,0.27557124031798547,0.26837190162522073
NC_047565.1,15456302,NC_047565.1 15450913 15470409,4,-0.27544270482371813,0.2686043149379564
NC_047564.1,12616407,NC_047564.1 12616273 12617796,20,-0.2752997865876567,0.2688628810106608
NC_047566.1,7705542,NC_047566.1 7674237 7715471,3,-0.2752604314669237,0.2689341089234864
NC_047568.1,53039820,NC_047568.1 53015487 53041984,3,0.27506727021811755,0.26928387643099483
NC_047561.1,44590325,NC_047561.1 44583826 44598317,5,-0.27505721796994426,0.2693020862880562
NC_047568.1,50313148,NC_047568.1 50312267 50313861,13,-0.27495905912460783,0.2694799431632587
NC_047568.1,9939224,NC_047568.1 9936086 9955148,9,-0.27495199763462524,0.2694927408866622
NC_047564.1,15853712,NC_047564.1 15851852 15856164,4,-0.2749486262981924,0.2694988509807763
NC_047565.1,57350129,NC_047565.1 57348671 57358536,6,0.2747116478583693,0.26992855747375905
NC_047563.1,67519146,NC_047563.1 67517309 67522883,4,0.27467030151660793,0.27000357308220163
NC_047564.1,21819535,NC_047564.1 21812670 21831281,4,-0.27453481157340964,0.2702494859761564
NC_047561.1,19819016,NC_047561.1 19813821 19820007,6,0.27450066021914915,0.270311492203834
NC_047566.1,50000970,NC_047566.1 49983777 50028481,19,0.2744973768478753,0.27031745405542323
NC_047564.1,32853276,NC_047564.1 32823698 32879416,4,0.2744124793978574,0.27047163666357504
NC_047568.1,38644868,NC_047568.1 38644204 38648617,9,0.2743245935193732,0.270631303867067
NC_047560.1,70298711,NC_047560.1 70239685 70346366,4,0.2741359844463122,0.270974157318667
NC_047568.1,55422621,NC_047568.1 55412444 55445493,5,0.27411432446186507,0.2710135480092589
NC_047561.1,55281302,NC_047561.1 55274220 55290305,18,-0.2737890934556793,0.2716054364434472
NC_047559.1,36618184,NC_047559.1 36610845 36618318,8,-0.2736473384197903,0.2718636664321099
NC_047567.1,8128115,NC_047567.1 8117967 8137872,15,-0.273278623339152,0.2725360514155438
NC_047564.1,18477984,NC_047564.1 18476309 18480944,21,0.27320585543106757,0.2726688714227933
NC_047568.1,29583261,NC_047568.1 29567459 29587578,4,-0.2731128672083771,0.2728386568176364
NC_047565.1,26160308,NC_047565.1 26159411 26163876,12,-0.27296188315378844,0.2731144746524136
NC_047568.1,40243962,NC_047568.1 40242938 40246179,15,0.27290324605716365,0.2732216393369642
NW_022994829.1,191758,NW_022994829.1 109708 243958,19,0.2728710846461116,0.2732804282892863
NC_047562.1,30116747,NC_047562.1 30107689 30118477,6,-0.2726062364874071,0.27376485013635254
NC_047559.1,24642505,NC_047559.1 24641211 24644860,5,0.27255410783147227,0.273860258651245
NC_047559.1,29298296,NC_047559.1 29287880 29305354,3,0.2722361529768557,0.2744426396882754
NC_047565.1,61413537,NC_047565.1 61225939 61469303,15,-0.27218906000151816,0.2745289622444971
NC_047559.1,31875711,NC_047559.1 31850203 31884767,6,0.27218005097566234,0.2745454779121545
NC_047568.1,18869038,NC_047568.1 18864276 18871334,15,-0.27217767851840047,0.27454982728732097
NC_047564.1,56207537,NC_047564.1 56205236 56208291,12,-0.2721636776473857,0.2745754956495317
NC_047561.1,11244923,NC_047561.1 11241725 11247527,7,-0.2721329457508929,0.27463184286225195
NC_047568.1,51547933,NC_047568.1 51534100 51554013,9,0.2721322195491846,0.2746331744458902
NC_047565.1,53949218,NC_047565.1 53946622 53950069,14,0.2720932620868901,0.2747046137634934
NC_047565.1,5178509,NC_047565.1 5085538 5246064,21,-0.27208741185054147,0.2747153427840951
NC_047568.1,56461277,NC_047568.1 56452179 56464082,6,-0.27204227362614647,0.2747981325556726
NC_047565.1,12462050,NC_047565.1 12460472 12467986,3,-0.27195835433439086,0.27495209304489204
NC_047567.1,5839666,NC_047567.1 5838039 5841072,5,-0.27194065562153874,0.2749845703426526
NC_047564.1,7233997,NC_047564.1 7226446 7235314,15,-0.27186124967702197,0.2751303100532539
NC_047559.1,51658893,NC_047559.1 51650035 51661773,21,-0.2718146709287773,0.275215821673801
NC_047561.1,8688920,NC_047561.1 8682706 8734273,17,0.27168592202271136,0.2754522705720479
NC_047568.1,56715747,NC_047568.1 56713872 56721219,11,-0.2716581705486115,0.27550325286696065
NC_047559.1,30494362,NC_047559.1 30493572 30500656,16,-0.2715191692286153,0.27575869993213
NC_047565.1,10187728,NC_047565.1 10144736 10192561,7,-0.2715012320101404,0.27579167433669555
NC_047563.1,5467957,NC_047563.1 5448070 5522889,3,-0.27148233177636816,0.2758264217007542
NC_047567.1,1857909,NC_047567.1 1645006 2210384,6,0.27144533135297105,0.2758944533796066
NC_047561.1,53722052,NC_047561.1 53721423 53727098,13,-0.27143541852427355,0.2759126815840057
NC_047564.1,59673334,NC_047564.1 59670505 59680984,3,-0.2712487264362975,0.27625611876143835
NC_047568.1,52896773,NC_047568.1 52882153 52900022,3,-0.2712486359373071,0.2762562853063686
NC_047561.1,4523169,NC_047561.1 4521279 4558257,10,-0.2712013023728019,0.2763434015425038
NC_047562.1,20982622,NC_047562.1 20973791 20985887,7,0.271194264519948,0.2763563559771273
NC_047559.1,36956762,NC_047559.1 36953935 36961870,16,-0.2711601609597405,0.27641913500852117
NC_047567.1,31693930,NC_047567.1 31680108 31710708,21,0.27113445558329274,0.2764664601669464
NC_047565.1,61468421,NC_047565.1 61225939 61469303,9,-0.27112043945549147,0.2764922668088978
NC_047562.1,37507698,NC_047562.1 37490860 37509454,12,-0.27110070336238323,0.27652860762359227
NC_047565.1,57994877,NC_047565.1 57992583 57995681,5,-0.27105624484154206,0.27661048154380247
NC_047562.1,45749301,NC_047562.1 45716336 45757148,4,-0.27093904551239506,0.27682638493518236
NC_047564.1,20956579,NC_047564.1 20944639 20963618,4,-0.2708490259332615,0.276992288425999
NC_047568.1,7058315,NC_047568.1 7055081 7059335,8,-0.27084891074909784,0.2769925007462502
NC_047561.1,53019614,NC_047561.1 52983822 53044619,4,0.2708081730698117,0.2770675992406984
NC_047559.1,33455179,NC_047559.1 33446095 33467549,7,0.2708017746897971,0.2770793955691001
NC_047568.1,45103597,NC_047568.1 45102413 45115151,9,-0.2706523665514981,0.2773549386284987
NC_047568.1,49699535,NC_047568.1 49689018 49702387,3,-0.2706245897253285,0.2774061840624161
NC_047560.1,65653937,NC_047560.1 65642038 65658402,7,0.2706136411439858,0.27742638468625297
NC_047562.1,34444392,NC_047562.1 34442333 34465500,13,-0.27059761962684276,0.2774559467338557
NC_047560.1,70764299,NC_047560.1 70388123 71110591,5,0.27059411624132645,0.27746241125163806
NC_047566.1,39193662,NC_047566.1 39188611 39194712,9,-0.27051641442132973,0.27760581201682494
NC_047562.1,14045330,NC_047562.1 14042546 14045507,7,-0.2704888735610215,0.2776566503342933
NC_047560.1,4949682,NC_047560.1 4826173 5232376,4,0.2704739476682935,0.27768420477879785
NC_047559.1,36661831,NC_047559.1 36657199 36662102,18,-0.27031147264211763,0.2779842559436964
NC_047559.1,5214953,NC_047559.1 5196401 5221950,3,-0.2702282756381567,0.2781379772993585
NC_047560.1,5581243,NC_047560.1 5581081 5589967,11,-0.27010350461550703,0.2783686119475085
NC_047564.1,33805416,NC_047564.1 33800452 33805823,11,0.26978507340510344,0.2789577525157023
NC_047561.1,10992975,NC_047561.1 10990739 10993553,8,-0.26974509198805297,0.27903177754911834
NC_047559.1,6770109,NC_047559.1 6769041 6770723,6,0.2697173410291584,0.2790831651481094
NC_047563.1,57844644,NC_047563.1 57815039 57899568,7,0.26956303878722526,0.2793689989154861
NC_047563.1,22799915,NC_047563.1 22797602 22801832,3,0.2693066846967346,0.2798442732978863
NC_047566.1,25999727,NC_047566.1 25995143 26008997,5,-0.2690687570800011,0.2802858288346956
NC_047562.1,31146050,NC_047562.1 31135659 31149609,18,-0.2690433760544194,0.2803329571477169
NC_047568.1,48370905,NC_047568.1 48370067 48373499,7,-0.2687851102772545,0.28081278960957573
NC_047563.1,18757308,NC_047563.1 18740363 18786437,11,-0.26852421393131093,0.2812980200223075
NC_047566.1,28043318,NC_047566.1 28042649 28051338,4,-0.26848243042589226,0.28137577912499595
NC_047562.1,24522938,NC_047562.1 24514721 24523439,14,0.2683804090883563,0.2815656961351459
NC_047566.1,2209195,NC_047566.1 2207687 2211323,4,-0.26837138739508226,0.281582494172805
NC_047563.1,33142509,NC_047563.1 33132884 33148707,17,0.26830466769355876,0.28170674267854223
NC_047561.1,14389503,NC_047561.1 14381309 14390415,7,0.26789107335590995,0.28247770591298593
NC_047568.1,13520023,NC_047568.1 13508162 13570381,10,-0.2678468464966178,0.2825602235960163
NC_047565.1,6170755,NC_047565.1 6169515 6185170,19,0.2677486681707302,0.28274345565368675
NC_047564.1,52150365,NC_047564.1 52137894 52160244,15,0.2676715529360954,0.2828874282137675
NC_047561.1,602777,NC_047561.1 582457 604002,9,0.2676615599333591,0.28290608822534036
NC_047561.1,55134859,NC_047561.1 55130697 55135208,6,-0.2676076663238055,0.28300673715671176
NC_047560.1,51029861,NC_047560.1 50935047 51246957,13,0.2675005412760008,0.28320686338821754
NC_047561.1,24041364,NC_047561.1 24028619 24044342,11,-0.26749745922705775,0.28321262241450024
NC_047566.1,49631203,NC_047566.1 49615502 49631933,3,-0.26737244431534124,0.28344628196173194
NC_047565.1,48317606,NC_047565.1 48314995 48321279,4,-0.26729331059741646,0.28359424798628863
NC_047564.1,21986101,NC_047564.1 21968475 21988459,15,-0.267246245054277,0.2836822745912523
NC_047565.1,9727962,NC_047565.1 9695156 9739723,6,-0.2671989917523907,0.2837706691558189
NC_047560.1,62879028,NC_047560.1 62653127 63119960,3,-0.2671968754908709,0.2837746283419875
NC_047562.1,42706888,NC_047562.1 42690353 42710757,4,-0.2671911091643913,0.28378541638604526
NC_047563.1,58537242,NC_047563.1 58484749 58537272,16,0.26718289815696805,0.2838007785414698
NC_047562.1,35240819,NC_047562.1 35217104 35242189,18,0.26702387680641027,0.28409839531233977
NC_047562.1,38453389,NC_047562.1 38451047 38456354,5,0.26695257585282084,0.2842319006543389
NC_047564.1,42707555,NC_047564.1 42694601 42715867,14,-0.26689912772912144,0.28433200312122675
NC_047559.1,41478742,NC_047559.1 41478554 41481465,4,-0.26687663929453287,0.28437412792432537
NC_047565.1,57281688,NC_047565.1 57273619 57283241,17,-0.26676772598951165,0.28457819567097037
NC_047562.1,19756413,NC_047562.1 19754114 19756845,8,0.2666775835649482,0.2847471605615362
NC_047564.1,55177741,NC_047564.1 55148943 55228579,7,-0.26665954037587886,0.28478098845597377
NC_047563.1,1169360,NC_047563.1 1159022 1169779,13,-0.26661394676139183,0.28486647961889244
NC_047568.1,49378816,NC_047568.1 49376225 49401961,5,-0.26660486844644776,0.28488350395374423
NC_047560.1,4673188,NC_047560.1 4669163 4998151,5,0.2665661107370361,0.2849561922929316
NC_047565.1,51652851,NC_047565.1 51644353 51674901,4,-0.2664241167910124,0.28522259224091456
NC_047561.1,22504509,NC_047561.1 22499249 22514856,3,-0.2664108873632499,0.2852474201824558
NC_047561.1,19771382,NC_047561.1 19764949 19781085,7,0.2662744934685831,0.285503470315806
NC_047564.1,3272838,NC_047564.1 3265995 3282038,3,0.26620522426937787,0.28563356197212014
NC_047559.1,46566945,NC_047559.1 46566000 46575631,6,0.2661678946084373,0.2857036842754094
NC_047568.1,29034635,NC_047568.1 29021592 29047678,4,0.26605809779505174,0.28590999413338675
NC_047568.1,56272687,NC_047568.1 56271983 56272945,3,0.266000965226752,0.2860173830111195
NC_047566.1,43834681,NC_047566.1 43832746 43851783,5,-0.26587551234589196,0.2862532760227862
NW_022994955.1,354236,NW_022994955.1 348766 364060,12,-0.26579329233167726,0.2864079412266435
NC_047568.1,39505479,NC_047568.1 39503400 39506430,4,-0.26553756313675236,0.2868893224606817
NC_047564.1,36345461,NC_047564.1 36343738 36355442,7,0.2654856065057467,0.2869871851416199
NC_047568.1,3219930,NC_047568.1 3209446 3226787,12,0.2654471201141466,0.28705968912260255
NC_047567.1,19125716,NC_047567.1 19066470 19140118,4,-0.26536079804282675,0.2872223506543754
NC_047559.1,53793157,NC_047559.1 53790174 53796061,12,0.2653545216422969,0.28723417981751853
NC_047561.1,10993002,NC_047561.1 10990739 10993553,7,-0.26534847956088525,0.28724556763856224
NC_047567.1,5767037,NC_047567.1 5765182 5767943,16,-0.26532380842312414,0.28729206945216346
NC_047565.1,45277490,NC_047565.1 45276791 45285059,13,-0.26527021259926287,0.2873931062497347
NC_047562.1,41252530,NC_047562.1 41245030 41256964,6,-0.2652535716738174,0.2874244814876537
NW_022994810.1,2729,NW_022994810.1 1715 23271,3,0.26519626184168305,0.2875325509106232
NC_047568.1,52276246,NC_047568.1 52275006 52289407,7,0.26518523033510116,0.28755335591413755
NC_047559.1,46994852,NC_047559.1 46992438 46998731,9,-0.2651403570261775,0.2876379947218535
NC_047562.1,22082617,NC_047562.1 22081595 22085513,18,0.26509536266148614,0.28772287708858985
NC_047566.1,49102384,NC_047566.1 49101879 49116738,14,-0.26505015141724464,0.28780818395862956
NC_047568.1,55437310,NC_047568.1 55412444 55445493,6,-0.2649244307977496,0.28804548092492277
NC_047561.1,14563104,NC_047561.1 14558228 14569256,6,-0.26479826295896974,0.2882837416822679
NC_047565.1,42581473,NC_047565.1 42580095 42586523,9,-0.264788779160134,0.28830165613878006
NC_047561.1,25433711,NC_047561.1 25430664 25434066,11,-0.2647666977844564,0.2883433694585664
NC_047562.1,51333875,NC_047562.1 51333268 51339872,6,-0.2647457783982846,0.28838289108294723
NC_047568.1,29644098,NC_047568.1 29613759 29695073,4,-0.2647345258282136,0.2884041511887036
NW_022994996.1,96379,NW_022994996.1 92404 96755,7,0.2647129419904236,0.2884449334010322
NC_047566.1,23955676,NC_047566.1 23955092 23974214,3,0.2646853014710404,0.2884971647100304
NC_047565.1,59725905,NC_047565.1 59720044 59726556,17,0.264622548816855,0.2886157675319618
NC_047560.1,3948689,NC_047560.1 3947383 3949996,3,-0.26460216980572837,0.2886542903407702
NC_047563.1,61874658,NC_047563.1 61873963 61883158,11,0.2645826451565456,0.2886912010672811
NW_022994944.1,106292,NW_022994944.1 90454 121071,5,-0.2645308910651789,0.28878905441512265
NC_047568.1,30892701,NC_047568.1 30891192 30893601,4,-0.2644453627639018,0.28895081009906576
NC_047564.1,41703919,NC_047564.1 41703817 41715426,6,-0.26418619098090956,0.28944130592221146
NC_047568.1,5443562,NC_047568.1 5438882 5444328,7,0.2641621197111239,0.28948688769527503
NC_047564.1,13464779,NC_047564.1 13456615 13478904,10,-0.26415479207794396,0.289500764294398
NC_047568.1,16851450,NC_047568.1 16778801 16860973,9,-0.2641031217003484,0.28959862579853635
NC_047563.1,47032471,NC_047563.1 47008895 47033428,5,-0.26407752865142226,0.2896471053915796
NC_047566.1,50101601,NC_047566.1 50098979 50103592,14,-0.2640773051946819,0.2896475286958774
NC_047564.1,49292807,NC_047564.1 49285527 49302039,21,-0.2639119921372279,0.28996079177147865
NC_047560.1,25000944,NC_047560.1 24998439 25001616,8,0.2637268542391981,0.2903118665176102
NC_047566.1,5176089,NC_047566.1 5174709 5176398,5,0.26371634888440254,0.29033179543011767
NC_047565.1,12296938,NC_047565.1 12295327 12299906,8,-0.2635063201462984,0.29073039936090145
NC_047568.1,46520544,NC_047568.1 46511181 46525507,3,-0.26324965468557154,0.2912179637928773
NC_047566.1,50547882,NC_047566.1 50546695 50578009,3,-0.2632487385439639,0.2912197049932369
NC_047560.1,65720085,NC_047560.1 65706263 65738283,6,0.26321149346130374,0.2912904975986035
NC_047568.1,31710745,NC_047568.1 31710311 31718078,18,0.26309255606515564,0.29151663460786115
NC_047561.1,55073478,NC_047561.1 55067018 55080470,10,-0.26307836966804127,0.2915436144706534
NC_047561.1,47934903,NC_047561.1 47932963 47934918,17,-0.2630532349026868,0.2915914197923696
NC_047559.1,5214923,NC_047559.1 5196401 5221950,3,0.2629698853773231,0.29174998128998014
NC_047565.1,60134160,NC_047565.1 60127075 60136640,3,-0.262865465065019,0.291948700959116
NC_047568.1,50292536,NC_047568.1 50256273 50292827,5,0.262822036714451,0.29203137251879774
NC_047568.1,40866984,NC_047568.1 40866100 40868670,10,-0.2627540341736202,0.2921608527816721
NC_047568.1,47284663,NC_047568.1 47284190 47290250,5,0.2627285983433717,0.2922092928254481
NC_047563.1,40699514,NC_047563.1 40687639 40715948,9,-0.262696277872396,0.2922708510152313
NC_047561.1,46375773,NC_047561.1 46373638 46413648,19,0.26267283066366076,0.2923155139387799
NC_047568.1,21601838,NC_047568.1 21594782 21602330,8,-0.26259932080432374,0.29245556446574006
NC_047568.1,39362386,NC_047568.1 39362066 39364417,16,-0.2625959415162442,0.2924620036418841
NC_047561.1,40779541,NC_047561.1 40779036 40779895,5,0.2625623885825538,0.2925259428500332
NC_047559.1,35530237,NC_047559.1 35529821 35532937,8,-0.26251909996615974,0.29260844710293626
NC_047564.1,9544014,NC_047564.1 9537713 9546635,7,-0.2624967166892537,0.2926511131678898
NC_047562.1,35528355,NC_047562.1 35459231 35560615,13,-0.26240869104227577,0.2928189405301112
NC_047561.1,31376250,NC_047561.1 31374405 31378821,9,-0.2623480265640554,0.29293463574604395
NC_047565.1,6964788,NC_047565.1 6945862 6987583,7,-0.2623354253425187,0.2929586714218168
NC_047564.1,36371524,NC_047564.1 36368679 36373391,12,-0.2622658045894471,0.2930914881635543
NC_047561.1,35537511,NC_047561.1 35536745 35537802,6,-0.26221051825324354,0.2931969848605309
NC_047564.1,39493150,NC_047564.1 39492648 39493652,18,0.2621745771406909,0.29326557957614435
NC_047561.1,16452259,NC_047561.1 16427351 16465367,5,0.2620100987496364,0.2935796156198517
NC_047567.1,16094537,NC_047567.1 16080443 16131932,3,0.2619318206205337,0.2937291423101366
NC_047563.1,8772036,NC_047563.1 8711079 8786874,16,0.2618326118177165,0.2939187169458749
NC_047560.1,9977384,NC_047560.1 9893931 10130683,6,-0.2618197568996116,0.2939432863775949
NC_047563.1,15694940,NC_047563.1 15690918 15722665,3,-0.2617548373274204,0.2940673852693002
NC_047565.1,56943229,NC_047565.1 56941108 56947461,6,-0.2617203810244465,0.29413326409196894
NC_047567.1,15453123,NC_047567.1 15422015 15455207,10,-0.26169371703874644,0.29418425050103414
NC_047565.1,32450439,NC_047565.1 32443604 32452552,3,-0.2615995758676029,0.29436430837637206
NC_047562.1,45523167,NC_047562.1 45514446 45549498,3,-0.2615967547184806,0.2943697052388662
NC_047565.1,17484060,NC_047565.1 17459829 17527030,10,0.2615514057286563,0.294456466138704
NC_047564.1,26691536,NC_047564.1 26598621 26793493,11,-0.2615443117066158,0.29447003969745045
NC_047561.1,24415043,NC_047561.1 24409350 24420195,8,-0.2613773577528237,0.2947895952910201
NC_047565.1,45280958,NC_047565.1 45276791 45285059,7,-0.2613758091913062,0.2947925602720278
NC_047562.1,47295080,NC_047562.1 47281879 47295834,4,0.26135845999846924,0.29482577944716554
NC_047559.1,44812019,NC_047559.1 44790976 44818476,5,0.2613263838271157,0.294887202902554
NC_047559.1,37194757,NC_047559.1 37187887 37218911,5,0.2612803529570823,0.29497536207444497
NC_047563.1,1675897,NC_047563.1 1660746 1695898,12,-0.2612715168629125,0.29499228694791335
NC_047560.1,31071455,NC_047560.1 31070452 31128885,3,-0.2612619826153918,0.2950105497401154
NC_047561.1,54030308,NC_047561.1 54028392 54036130,7,-0.26124653312875656,0.29504014458752104
NC_047562.1,37059194,NC_047562.1 37058765 37059526,7,-0.2612220227464381,0.29508710005819705
NC_047563.1,25854270,NC_047563.1 25854145 25856384,8,-0.2611598967582984,0.29520613741040946
NW_022994923.1,10976,NW_022994923.1 4902 29989,3,-0.26108679432940496,0.2953462434885732
NC_047566.1,23904633,NC_047566.1 23891473 23919220,3,0.26108341647078864,0.29535271836951305
NC_047563.1,41401331,NC_047563.1 41327485 41452447,15,-0.26106417716943764,0.2953895990461831
NC_047565.1,42354545,NC_047565.1 42341192 42370603,16,0.2610044211480782,0.2955041657806476
NC_047568.1,4416939,NC_047568.1 4413988 4422167,11,-0.26098360074529353,0.2955440898314359
NC_047565.1,13168952,NC_047565.1 13119330 13220090,4,-0.26092778670497085,0.2956511318223118
NC_047566.1,23868923,NC_047566.1 23850576 23872015,12,-0.26081727667511473,0.29586314066565894
NC_047563.1,67519442,NC_047563.1 67517309 67522883,5,0.26081284278348993,0.29587164881603845
NW_022994986.1,57734,NW_022994986.1 15995 63286,7,0.26071301136574215,0.2960632534540065
NC_047563.1,231701,NC_047563.1 175641 457526,7,-0.26066526860162864,0.2961549117629162
NC_047568.1,34585511,NC_047568.1 34581424 34586514,7,0.26057509118370825,0.2963280844244792
NC_047568.1,46035190,NC_047568.1 46025269 46036112,7,-0.2604195068948303,0.2966270052170595
NC_047559.1,51134810,NC_047559.1 51134618 51158588,12,0.26029817639442815,0.2968602412061948
NC_047561.1,31591916,NC_047561.1 31584169 31600454,9,-0.2602587199544349,0.29693611293290667
NC_047559.1,7804191,NC_047559.1 7789592 7805539,3,0.26025573960505893,0.29694184439289656
NC_047565.1,10032435,NC_047565.1 10004603 10034048,4,0.2601228159580864,0.2971975355196471
NC_047559.1,48392424,NC_047559.1 48376996 48426547,3,0.260067939165275,0.2973031349154332
NC_047563.1,47498960,NC_047563.1 47493673 47501817,5,-0.2600369042794022,0.2973628653558721
NC_047559.1,18809631,NC_047559.1 18808972 18811571,4,-0.2600211112764102,0.2973932637041395
NC_047565.1,30451481,NC_047565.1 30450598 30453872,8,-0.2598740192658908,0.2976764762096565
NC_047568.1,43524135,NC_047568.1 43492747 43549328,6,-0.2598551026895443,0.29771291018425444
NC_047568.1,34224428,NC_047568.1 34222977 34226869,4,-0.25954169654080905,0.29831693247913355
NC_047566.1,41960838,NC_047566.1 41958618 41962735,6,0.25951383340076206,0.2983706683542968
NC_047568.1,55432938,NC_047568.1 55427966 55452087,7,-0.25948974200910957,0.2984171348697181
NC_047565.1,1530409,NC_047565.1 1524012 1541977,16,0.25940169539722924,0.29858699275286227
NC_047568.1,32308136,NC_047568.1 32304765 32309909,4,0.2593303831920122,0.2987246096191354
NC_047566.1,4206911,NC_047566.1 4142173 4232562,5,0.25928409044596906,0.2988139648839875
NC_047559.1,31439412,NC_047559.1 31438714 31445894,8,0.25925380001022763,0.298872440854939
NC_047568.1,40362957,NC_047568.1 40354886 40368555,4,-0.25920636628987614,0.29896402594576155
NC_047562.1,6723479,NC_047562.1 6719162 6725807,6,-0.25905080431045785,0.29926450383081926
NC_047563.1,268064,NC_047563.1 191191 650035,7,0.259036934552546,0.2992913029788906
NC_047559.1,53466329,NC_047559.1 53453777 53469885,4,0.2589941504031756,0.2993739796212658
NC_047560.1,45412084,NC_047560.1 45398897 45421310,3,0.2588878422780602,0.2995794703386035
NC_047561.1,55508403,NC_047561.1 55499183 55517064,11,0.25882053059898324,0.2997096258734321
NC_047559.1,3270313,NC_047559.1 3269569 3282140,3,-0.25880450160078156,0.2997406249591081
NW_022994965.1,17627,NW_022994965.1 15237 20152,8,-0.258782966348993,0.29978227583458567
NC_047563.1,32819171,NC_047563.1 32816084 32820116,6,-0.258713767829289,0.29991613480666934
NC_047568.1,41074672,NC_047568.1 41069902 41076714,4,0.2586527664471577,0.30003416689916795
NC_047563.1,43173387,NC_047563.1 43172519 43176619,10,0.2586392421850145,0.30006033889350014
NC_047559.1,16763465,NC_047559.1 16742163 16765252,6,-0.2586212911650542,0.3000950796194761
NC_047561.1,535617,NC_047561.1 528875 544437,13,0.25859174268768964,0.3001522702504423
NC_047559.1,11807656,NC_047559.1 11800710 11820977,3,0.2585202429244908,0.3002906840883887
NC_047568.1,13454195,NC_047568.1 13449258 13457617,7,-0.25842435584029844,0.3004763687326295
NC_047568.1,21173317,NC_047568.1 21172456 21174006,5,0.25825559009964855,0.30080335005484854
NC_047560.1,70826454,NC_047560.1 70690070 71346242,6,0.2582199960721949,0.3008723403057975
NC_047561.1,7828915,NC_047561.1 7828041 7833604,17,-0.2580694381286105,0.30116426498858434
NC_047565.1,55274658,NC_047565.1 55270960 55278579,4,-0.25800726347673447,0.30128486832722035
NC_047559.1,9693448,NC_047559.1 9690084 9693799,3,-0.2579798056099006,0.30133813898793105
NC_047563.1,13139062,NC_047563.1 13138290 13140183,3,-0.25786429688989376,0.3015622979811742
NC_047565.1,61575164,NC_047565.1 61570354 61590349,8,-0.2577525247917611,0.30177930094336086
NC_047564.1,40887414,NC_047564.1 40886115 40888864,5,-0.2576861245263671,0.301908259935477
NC_047567.1,13179437,NC_047567.1 13177914 13181130,4,-0.25766938355605823,0.3019407785631079
NC_047561.1,4567837,NC_047561.1 4564676 4569076,3,-0.2576457219357034,0.3019867438487985
NW_022994972.1,185793,NW_022994972.1 155607 189585,3,0.2576422741874136,0.3019934418277352
NC_047568.1,2821222,NC_047568.1 2819084 2824649,8,-0.25750837193814574,0.30225364423408035
NW_022994840.1,189171,NW_022994840.1 188353 190255,17,-0.2574022126987056,0.3024600313194988
NC_047564.1,35110197,NC_047564.1 35099704 35127124,9,-0.2573551951268407,0.30255146649320486
NC_047563.1,38161647,NC_047563.1 38161154 38162140,7,-0.2572940122909126,0.3026704737260063
NC_047564.1,5877387,NC_047564.1 5872624 5879289,6,0.2572803231198208,0.30269710448991144
NC_047563.1,18762683,NC_047563.1 18740363 18786437,4,-0.25722387805344166,0.3028069269585846
NC_047562.1,32091104,NC_047562.1 32085011 32122428,12,-0.2571780623408113,0.3028960859797978
NC_047559.1,17834616,NC_047559.1 17832293 17867591,13,-0.25709941941019876,0.3030491646670536
NC_047561.1,46899349,NC_047561.1 46895989 46908066,6,0.25706753732574006,0.3031112364547678
NC_047562.1,42280338,NC_047562.1 42278725 42282041,4,0.25697577135002875,0.3032899398047111
NC_047560.1,19068835,NC_047560.1 19019340 19084838,3,0.25694311929494357,0.3033535410479939
NC_047568.1,39859794,NC_047568.1 39854640 39895673,3,-0.2569036358375397,0.30343045950950137
NC_047564.1,28987903,NC_047564.1 28981632 28993768,6,-0.25686901924300126,0.3034979063666423
NC_047564.1,7185143,NC_047564.1 7174865 7186613,15,-0.2567063176858669,0.3038150339596774
NC_047561.1,55785838,NC_047561.1 55785408 55788485,3,-0.25666344915773337,0.3038986236398467
NC_047568.1,40843080,NC_047568.1 40842663 40849425,9,0.256604424614896,0.30401373861726
NC_047560.1,63744957,NC_047560.1 63742268 63746893,7,0.25659369059074416,0.30403467588592736
NC_047565.1,43036568,NC_047565.1 43034132 43037341,5,-0.2565424276495188,0.3041346788207664
NC_047563.1,20296299,NC_047563.1 20294697 20355501,5,-0.2564959073679764,0.30422544691027414
NC_047568.1,23839000,NC_047568.1 23837066 23849319,9,-0.25640947653734836,0.3043941295982196
NC_047561.1,9989979,NC_047561.1 9984933 10001019,7,-0.25633273976617965,0.30454393983453065
NC_047564.1,31466492,NC_047564.1 31464958 31480709,3,-0.25624367343669774,0.3047178759681613
NC_047564.1,4309149,NC_047564.1 4269572 4310412,11,-0.2561513642063255,0.304898207888201
NC_047567.1,36625995,NC_047567.1 36472648 36647305,7,-0.25606020899941834,0.30507634805597006
NC_047561.1,4522743,NC_047561.1 4521279 4558257,16,-0.2559981081389182,0.30519774441730046
NW_022994829.1,129196,NW_022994829.1 109708 243958,20,0.25597014752467534,0.30525241198711695
NC_047566.1,13548730,NC_047566.1 13523422 13556661,8,0.25595703866199404,0.30527804397415487
NW_022994956.1,46452,NW_022994956.1 46139 47891,4,0.2559147382938815,0.3053607634061938
NC_047563.1,67519146,NC_047563.1 67505289 67525234,4,0.25590405875931244,0.3053816496253849
NC_047560.1,50504621,NC_047560.1 50496462 50541845,9,0.25590036660801746,0.30538887065221726
NW_022994922.1,79094,NW_022994922.1 70949 82299,11,0.2558922690118342,0.3054047081074241
NC_047565.1,42837022,NC_047565.1 42833392 42839909,8,-0.25585903891708794,0.305469705399821
NC_047560.1,24888098,NC_047560.1 24826378 24899695,3,0.25576683191418126,0.30565010351172345
NW_022994904.1,80852,NW_022994904.1 69046 100610,12,-0.2557631082418546,0.3056573900182607
NC_047566.1,21457284,NC_047566.1 21446088 21457958,13,-0.25575013392385987,0.30568277906128954
NW_022994939.1,67324,NW_022994939.1 36627 78464,4,-0.255635907116506,0.30590636044484476
NC_047561.1,24074218,NC_047561.1 24074148 24077257,5,0.25560828570364,0.3059604397928649
NC_047561.1,11893902,NC_047561.1 11888540 11898443,18,0.25556017050191737,0.3060546571316605
NC_047561.1,18527819,NC_047561.1 18459347 18634624,9,-0.25553005593213785,0.3061136351548515
NC_047562.1,30389069,NC_047562.1 30387595 30390814,9,-0.2555190360050307,0.306135218882782
NC_047560.1,4978148,NC_047560.1 4977165 5274564,3,0.2554962028856235,0.3061799429320522
NC_047567.1,29413397,NC_047567.1 29410642 29419191,15,-0.2554398876854689,0.30629026623829714
NC_047565.1,19286508,NC_047565.1 19284245 19287536,6,0.2552616314825275,0.30663963263654015
NC_047559.1,35933431,NC_047559.1 35930457 35939087,12,0.2552396466764701,0.3066827374103282
NC_047565.1,13012496,NC_047565.1 13011678 13014221,4,0.2552014506196547,0.306757635581322
NC_047563.1,2124127,NC_047563.1 1808080 2151853,5,-0.25503569353014455,0.3070827932677337
NC_047566.1,48877286,NC_047566.1 48842698 48879900,7,-0.2550343128559467,0.3070855025343697
NC_047564.1,57549329,NC_047564.1 57547104 57559712,5,0.25495659801890386,0.3072380236823089
NC_047565.1,52037320,NC_047565.1 52035637 52040563,6,0.2549419626420392,0.3072667517619339
NW_022994881.1,54479,NW_022994881.1 52420 54600,3,0.2549418271363312,0.30726701775634996
NC_047559.1,35562828,NC_047559.1 35562201 35567860,18,0.2549240789148166,0.30730185827359935
NC_047561.1,24904660,NC_047561.1 24788351 24968820,8,0.25485329508447296,0.3074408334355045
NC_047562.1,34212489,NC_047562.1 34212244 34217877,8,-0.2548023127447035,0.3075409541148532
NC_047564.1,4660892,NC_047564.1 4650435 4678406,3,0.2548009084306252,0.3075437122254316
NC_047562.1,30745530,NC_047562.1 30744200 30750953,20,0.25478127769222636,0.30758226907001196
NC_047565.1,48169481,NC_047565.1 48150933 48170802,20,0.2547666028423236,0.30761109391186714
NC_047562.1,29883164,NC_047562.1 29881584 29896247,3,-0.25468265197690604,0.3077760240886508
NC_047568.1,27117278,NC_047568.1 27105476 27130925,3,-0.25464283784601427,0.3078542615345083
NC_047562.1,12331361,NC_047562.1 12328833 12332308,3,0.2546397662369949,0.3078602979463299
NC_047563.1,14693313,NC_047563.1 14689216 14694796,10,-0.2543413901847415,0.3084470117973893
NC_047566.1,7710162,NC_047566.1 7674237 7715471,7,-0.25428889041497216,0.3085503140819724
NC_047565.1,19843463,NC_047565.1 19839939 19845002,13,0.25421156798743055,0.3087024967880172
NC_047561.1,31646670,NC_047561.1 31646307 31651585,4,-0.2541686484728183,0.30878698847337027
NC_047564.1,31311500,NC_047564.1 31308865 31312412,6,0.2541284085676305,0.30886621759010574
NC_047568.1,51537755,NC_047568.1 51534100 51554013,7,0.25399080204017466,0.3091372453454223
NW_022994890.1,171589,NW_022994890.1 133600 184413,3,-0.25396566964491507,0.3091867610491538
NC_047560.1,50505335,NC_047560.1 50496462 50541845,11,0.2539421954755732,0.3092330139976349
NC_047560.1,52292774,NC_047560.1 52277157 52299861,4,-0.253911471226208,0.30929355856718976
NC_047563.1,28969493,NC_047563.1 28954779 29008880,5,-0.25390297064792833,0.3093103108791168
NC_047565.1,32886261,NC_047565.1 32881834 32894462,8,-0.253850957798652,0.3094128257455943
NC_047565.1,2517309,NC_047565.1 2497725 2525969,15,-0.2538421362273105,0.3094302146547809
NC_047559.1,18692076,NC_047559.1 18685841 18703247,11,-0.2537519512845089,0.3096080188812601
NC_047562.1,31762603,NC_047562.1 31712207 31780006,5,-0.2537119239362323,0.30968695435756166
NC_047564.1,37123273,NC_047564.1 37123002 37131621,10,0.25363480229723473,0.3098390750290184
NC_047560.1,70826652,NC_047560.1 70595196 71158665,10,0.2536310611793256,0.3098464554310921
NC_047562.1,32591787,NC_047562.1 32567449 32607621,9,-0.253629176576408,0.3098501733774644
NC_047563.1,63739994,NC_047563.1 63733642 63752245,7,-0.2534965623301719,0.310111861650404
NC_047563.1,4148075,NC_047563.1 4135635 4174053,11,0.2533279796220256,0.31044471670139145
NC_047560.1,62989489,NC_047560.1 62653127 63119960,5,-0.25324695780946366,0.31060476442896856
NC_047560.1,41215571,NC_047560.1 41214446 41215677,3,0.25323832394009493,0.31062182237720537
NC_047559.1,39087801,NC_047559.1 39087595 39118950,21,0.2532080785515102,0.31068158263594164
NC_047559.1,15119094,NC_047559.1 15111858 15130114,5,-0.2531322274629758,0.31083148289318324
NC_047562.1,23821679,NC_047562.1 23793372 23842693,4,-0.2530961710599486,0.31090275424185887
NC_047564.1,49501673,NC_047564.1 49482814 49503060,20,-0.2530478508091087,0.31099828233786864
NC_047560.1,4619448,NC_047560.1 4589306 4924767,3,-0.25287990863719084,0.31133043629465235
NC_047563.1,26514325,NC_047563.1 26512609 26514594,8,-0.2528660339202116,0.31135788697733924
NC_047564.1,42615059,NC_047564.1 42574900 42634915,8,0.2528393148192758,0.3114107539198089
NC_047560.1,4215494,NC_047560.1 4207155 4238072,5,-0.2526555096406479,0.31177457925199953
NC_047563.1,268064,NC_047563.1 175641 457526,7,0.2526326609748143,0.31181982373410105
NC_047564.1,58314668,NC_047564.1 58311816 58315627,21,0.2525571585261083,0.3119693599864722
NC_047566.1,49891413,NC_047566.1 49870040 49906377,8,-0.2522796683222847,0.31251930913126624
NC_047562.1,26400245,NC_047562.1 26397710 26417131,4,0.2519691729830256,0.3131353528679157
NC_047559.1,39485062,NC_047559.1 39478148 39485202,5,-0.2518119824181479,0.31344750444968905
NC_047559.1,1018658,NC_047559.1 1017063 1027511,5,-0.2517548901744153,0.31356092489335036
NC_047561.1,34917130,NC_047561.1 34913278 34918421,18,-0.251691969652652,0.31368595212426686
NC_047560.1,42786362,NC_047560.1 42744675 42794922,9,0.2516471218601127,0.3137750857160619
NC_047561.1,27115778,NC_047561.1 27113531 27117342,4,-0.2516438205429685,0.31378164757531385
NC_047564.1,46870281,NC_047564.1 46864014 46879540,8,0.25163098118935,0.3138071684765163
NC_047565.1,12517471,NC_047565.1 12516161 12538779,19,0.2515576512186236,0.31395295075232477
NC_047561.1,3524943,NC_047561.1 3499872 3545425,8,-0.25146954502283925,0.3141281617894874
NC_047568.1,47225591,NC_047568.1 47218765 47278318,5,-0.25144979105721094,0.3141674531742507
NC_047560.1,70827425,NC_047560.1 70388123 71110591,5,-0.2513213483459637,0.3144230017242333
NC_047563.1,22549564,NC_047563.1 22544644 22636846,8,0.25128210037835896,0.31450111375032064
NC_047566.1,28621367,NC_047566.1 28620196 28621956,13,0.2512515567167213,0.314561910272853
NC_047565.1,56357238,NC_047565.1 56331967 56392561,18,-0.25122431987568467,0.3146161305187769
NC_047560.1,52350746,NC_047560.1 52346143 52350970,8,0.25109315368718754,0.31487732004505803
NC_047564.1,54351183,NC_047564.1 54348903 54362598,5,0.25107069924726416,0.3149220461684423
NC_047562.1,17027263,NC_047562.1 16932800 17038841,8,-0.25087506558045153,0.3153118806477373
NC_047564.1,34878219,NC_047564.1 34871224 34883512,6,-0.2508699370347669,0.3153221040233965
NC_047565.1,43281529,NC_047565.1 43280467 43282314,21,-0.25086634110821565,0.31532927235362296
NC_047562.1,14864766,NC_047562.1 14830381 14885029,8,-0.25085813379434035,0.31534563365484447
NW_022994915.1,59593,NW_022994915.1 56991 62011,11,-0.25072694886466973,0.3156072194583041
NC_047565.1,48257502,NC_047565.1 48241763 48281629,7,0.2507079986890689,0.3156450171773243
NC_047565.1,2300257,NC_047565.1 2298896 2300533,3,0.25054892451456123,0.3159624097739011
NC_047560.1,65098112,NC_047560.1 65096899 65102195,7,-0.25051649595525377,0.3160271360210247
NC_047568.1,54996519,NC_047568.1 54983371 55023742,6,-0.25043494576631686,0.3161899420019683
NC_047568.1,51318481,NC_047568.1 51310810 51325837,3,-0.25037207354346347,0.3163154933885232
NC_047566.1,21288135,NC_047566.1 21274468 21316899,4,-0.2502412480480025,0.3165768372874322
NC_047562.1,47559779,NC_047562.1 47540673 47564186,7,0.25019149835853605,0.31667625343171363
NC_047566.1,44804703,NC_047566.1 44794452 44813180,17,-0.25016879295037103,0.31672163240293083
NC_047567.1,32785555,NC_047567.1 32782791 32795247,5,0.2501638466400352,0.3167315185969123
NC_047560.1,55689587,NC_047560.1 55687982 55692856,21,0.25016147047187887,0.3167362679108583
NC_047566.1,44847856,NC_047566.1 44845872 44851842,4,0.2500267885056518,0.31700552945366967
NC_047567.1,36626273,NC_047567.1 36472648 36647305,5,-0.24989460176503497,0.3172699341402866
NC_047560.1,4486668,NC_047560.1 4387457 4700231,5,0.2498416416578684,0.31737590346038336
NC_047559.1,52833555,NC_047559.1 52830073 52839307,5,0.2498363237643812,0.31738654533507926
NC_047562.1,6864539,NC_047562.1 6863025 6865460,9,0.24979288648779355,0.3174734775186684
NC_047565.1,6751376,NC_047565.1 6741163 6757763,7,0.2497377952238717,0.3175837533996039
NC_047568.1,4062410,NC_047568.1 4062212 4078001,18,0.2496943055362642,0.31767082247080863
NC_047564.1,53473137,NC_047564.1 53472628 53481916,16,0.2496460284876383,0.3177674926727693
NC_047568.1,49392610,NC_047568.1 49376225 49401961,14,-0.24953605079862803,0.31798777749879614
NC_047568.1,56610965,NC_047568.1 56609842 56617316,7,-0.24944426330633274,0.3181716965530451
NC_047563.1,8259289,NC_047563.1 8255494 8263130,18,-0.2493645469939143,0.3183314790147697
NC_047564.1,49390790,NC_047564.1 49366001 49396142,8,-0.2492600266880546,0.31854105016756
NC_047561.1,52842979,NC_047561.1 52842801 52844281,10,-0.2492433866522123,0.31857442222569743
NW_022994842.1,293702,NW_022994842.1 290379 299419,6,0.2491157239469782,0.31883052208763907
NC_047560.1,47093216,NC_047560.1 47021569 47095900,5,0.24909545151516926,0.31887120111993317
NC_047563.1,14599773,NC_047563.1 14560827 14607419,6,-0.24893255934027123,0.31919817483461366
NC_047559.1,17332957,NC_047559.1 17321232 17333207,17,-0.24888610633889868,0.31929145629023437
NC_047564.1,56097812,NC_047564.1 56094815 56098974,3,-0.24871275054787126,0.31963971112801154
NC_047561.1,57627044,NC_047561.1 57626827 57635522,8,0.24870508211065565,0.31965512144588765
NC_047565.1,51495887,NC_047565.1 51489249 51497554,10,-0.24869754201047783,0.3196702742882065
NC_047561.1,37980000,NC_047561.1 37890163 38010097,13,-0.24867723546902093,0.3197110851148223
NC_047568.1,20896241,NC_047568.1 20874103 20897549,7,-0.24864473506105036,0.3197764088176679
NC_047564.1,9496024,NC_047564.1 9494212 9500491,11,0.24860650268977405,0.3198532634778174
NC_047567.1,4534044,NC_047567.1 4527016 4840096,3,-0.248593561050848,0.31987928121219866
NC_047559.1,15617667,NC_047559.1 15605800 15634608,4,-0.24854059796191538,0.31998577066320505
NC_047563.1,37224163,NC_047563.1 37212613 37224711,17,-0.24851626488112383,0.3200347026253023
NC_047564.1,25979970,NC_047564.1 25978235 25985822,8,0.2482651972193953,0.32053983826643717
NC_047561.1,8653140,NC_047561.1 8642713 8664023,14,-0.2482605418078186,0.3205492091611891
NC_047559.1,12467470,NC_047559.1 12465796 12471926,8,-0.2482397749568181,0.32059101279854024
NC_047560.1,52337121,NC_047560.1 52324204 52339652,3,-0.24822558554138083,0.3206195779178043
NC_047562.1,41315112,NC_047562.1 41314985 41326347,3,-0.24808730239464397,0.32089803828194735
NC_047564.1,42019895,NC_047564.1 42013024 42020901,7,-0.2480528379860172,0.32096746135153
NC_047559.1,46907031,NC_047559.1 46906818 46926197,10,0.24802697981756325,0.32101955433293194
NC_047568.1,53328868,NC_047568.1 53328077 53374145,8,-0.24795878989559864,0.3211569513187284
NC_047568.1,54414918,NC_047568.1 54406139 54416177,20,-0.2479382252623023,0.3211983941361665
NC_047562.1,40586126,NC_047562.1 40582062 40589875,20,-0.2478795825916325,0.32131659091834425
NC_047565.1,60931116,NC_047565.1 60892052 60985539,7,-0.24783246834092637,0.3214115702513047
NC_047566.1,23868847,NC_047566.1 23850576 23872015,4,-0.24779106769298706,0.32149504498049575
NC_047563.1,18488292,NC_047563.1 18487844 18491189,6,-0.2477003859029183,0.321677928245048
NC_047566.1,42011900,NC_047566.1 42001108 42016082,7,0.24748871725217453,0.3221050512333734
NC_047561.1,54527022,NC_047561.1 54523042 54527813,5,0.24746407914821716,0.32215478978383694
NC_047562.1,42098805,NC_047562.1 42097985 42109188,3,-0.24739078434333697,0.3223027815356586
NC_047567.1,29600315,NC_047567.1 29556921 29605643,6,-0.24738289863581422,0.32231870619032565
NC_047561.1,18954162,NC_047561.1 18947573 18955216,16,-0.24736154768352858,0.32236182532419533
NC_047561.1,52675760,NC_047561.1 52665525 52676193,18,0.24728543234348355,0.3225155710448321
NC_047566.1,44584843,NC_047566.1 44582742 44589929,17,0.24722562905740256,0.3226363982496575
NC_047559.1,43494916,NC_047559.1 43492741 43499503,4,0.24711472662097242,0.32286053723969077
NC_047568.1,26836949,NC_047568.1 26819347 26841462,17,-0.24709504018888645,0.3229003340103579
NC_047565.1,41045459,NC_047565.1 41036048 41047366,20,0.24707420015360515,0.32294246597312426
NC_047568.1,51245051,NC_047568.1 51238373 51261653,8,-0.24699041260156931,0.3231118905598128
NC_047568.1,21173317,NC_047568.1 21149053 21179316,5,0.24692564191900507,0.3232428974698912
NC_047566.1,50843886,NC_047566.1 50816539 50848619,20,0.24686553195173616,0.32336450544379103
NC_047562.1,17081371,NC_047562.1 17054166 17098627,7,-0.24685180152347894,0.3233922871337609
NC_047566.1,48117709,NC_047566.1 48117038 48121243,7,0.24684116711518067,0.3234138054050669
NC_047561.1,2407070,NC_047561.1 2399536 2420598,12,-0.24669002266890547,0.3237197307777614
NC_047564.1,50032438,NC_047564.1 50007893 50034161,19,0.24667981705946293,0.32374039367026697
NC_047559.1,31876358,NC_047559.1 31874857 31876534,6,-0.24666976051065467,0.3237607555241845
NC_047559.1,3307807,NC_047559.1 3298126 3322084,5,-0.24660698101703132,0.3238878844314468
NC_047564.1,39100722,NC_047564.1 39058985 39122177,16,-0.24638440822614577,0.3243388322745112
NC_047568.1,39117618,NC_047568.1 39112082 39135071,5,-0.246371160377971,0.3243656849574367
NC_047559.1,53949214,NC_047559.1 53923289 53955075,5,-0.24631815103243446,0.32447314514980474
NC_047568.1,42626740,NC_047568.1 42625962 42629019,4,0.2463074988372301,0.3244947417327019
NC_047564.1,28761530,NC_047564.1 28756295 28780590,6,-0.24630157747123677,0.3245067472545151
NC_047564.1,5648467,NC_047564.1 5648210 5649259,3,-0.24629242996263273,0.3245252942674316
NC_047564.1,34073829,NC_047564.1 34028106 34076107,8,0.24627411292954815,0.3245624348036199
NC_047563.1,39416605,NC_047563.1 39258392 39460768,3,-0.24624708791539565,0.324617236639532
NC_047562.1,22278031,NC_047562.1 22259983 22289724,4,-0.2461975724024529,0.3247176592383211
NC_047568.1,42542907,NC_047568.1 42537230 42559934,5,-0.2461781315889328,0.3247570922140176
NW_022994861.1,170125,NW_022994861.1 169610 185599,5,0.24616414006660958,0.3247854738039785
NC_047562.1,50398249,NC_047562.1 50396552 50410069,5,0.24604881250854022,0.3250194694919498
NC_047562.1,9717104,NC_047562.1 9710753 9721910,20,0.246019746752616,0.32507845853612793
NC_047568.1,36198432,NC_047568.1 36197883 36202943,8,-0.24597706930983274,0.32516508393341903
NC_047559.1,22551833,NC_047559.1 22537184 22555202,10,-0.2459603659686801,0.3251989915658997
NC_047568.1,22004258,NC_047568.1 22002723 22012427,18,0.2459324426283822,0.3252556803317317
NC_047561.1,3291777,NC_047561.1 3291373 3294159,6,0.24583728391276402,0.3254489110387515
NC_047561.1,46322592,NC_047561.1 46295841 46343507,10,-0.24578578987583188,0.3255535036896172
NC_047568.1,52768612,NC_047568.1 52740846 52775156,4,-0.245780112195591,0.3255650371765554
NC_047565.1,60593526,NC_047565.1 60591812 60596843,4,-0.24564361862501444,0.3258423787229747
NC_047565.1,41280967,NC_047565.1 41278854 41282688,8,0.24556260075713615,0.32600706462451867
NC_047568.1,27964787,NC_047568.1 27962907 27980876,11,-0.2455253559443068,0.32608278894143794
NC_047561.1,10246005,NC_047561.1 10230213 10254992,12,-0.24545691195440345,0.32622197278702014
NC_047562.1,35664449,NC_047562.1 35651209 35686111,7,0.24512374350667815,0.3268999829020689
NC_047561.1,21579908,NC_047561.1 21579456 21594825,3,-0.24504081566374133,0.3270688724103311
NC_047568.1,49126285,NC_047568.1 49108627 49135358,6,-0.24503331890723815,0.3270841427036001
NC_047567.1,32319535,NC_047567.1 32318313 32320831,12,-0.24484055526023052,0.32747693031099034
NC_047568.1,10893771,NC_047568.1 10866110 10904984,9,-0.2446232304025745,0.3279200966269349
NC_047562.1,31562916,NC_047562.1 31560112 31563316,21,0.24461408569904639,0.327938752095166
NC_047561.1,45497406,NC_047561.1 45495437 45499997,7,-0.24457772391097504,0.32801293737649484
NC_047566.1,16905928,NC_047566.1 16905738 16908165,6,0.2445404178389113,0.3280890593958692
NC_047564.1,16708380,NC_047564.1 16684948 16736210,6,0.24446951826205587,0.3282337565448208
NC_047561.1,46767521,NC_047561.1 46751714 46808310,3,0.24445001979453496,0.3282735570211126
NC_047566.1,52216926,NC_047566.1 52206506 52227709,3,-0.24436230869612172,0.3284526287670637
NC_047563.1,10449140,NC_047563.1 10445747 10455627,7,-0.24432720700632557,0.32852430869781
NC_047561.1,3293845,NC_047561.1 3291373 3294159,5,-0.2443074106528422,0.32856473817443466
NC_047564.1,23331724,NC_047564.1 23329351 23336752,18,-0.24425383711576318,0.32867416434194807
NC_047560.1,27785770,NC_047560.1 27779829 27785852,5,-0.24422325212849244,0.32873664500514355
NC_047563.1,66771168,NC_047563.1 66737942 66776831,4,0.24418094823236092,0.3288230771403835
NC_047564.1,7273958,NC_047564.1 7271427 7299772,11,0.24388147674175972,0.32943531483955535
NC_047565.1,53483992,NC_047565.1 53479018 53503434,12,-0.24387762856349218,0.32944318636604486
NC_047568.1,54123319,NC_047568.1 54093436 54153085,8,-0.24382620242039474,0.3295483901357994
NC_047560.1,63007195,NC_047560.1 62653127 63119960,9,0.2437749261744429,0.32965330680872373
NC_047568.1,33335079,NC_047568.1 33331592 33336989,11,-0.2436420966292673,0.3299251810224566
NC_047566.1,48873566,NC_047566.1 48842698 48879900,21,0.2435372177504947,0.3301399386283089
NC_047559.1,36979789,NC_047559.1 36971893 36980606,4,-0.24348048374012798,0.3302561453384656
NC_047565.1,12442482,NC_047565.1 12440152 12446950,4,0.24345777478765313,0.33030266615573833
NC_047568.1,7809914,NC_047568.1 7809341 7812158,8,-0.24330295496929047,0.33061992697212794
NC_047564.1,55363731,NC_047564.1 55363053 55368428,11,0.2432720606261025,0.3306832577584866
NW_022994910.1,4699,NW_022994910.1 4349 8420,8,-0.24321016806325754,0.33081015357826904
NC_047562.1,48752834,NC_047562.1 48726270 48765638,9,-0.24309844753278287,0.3310392816316442
NC_047564.1,30357166,NC_047564.1 30320626 30357270,6,0.24308568709376077,0.3310654579569149
NC_047564.1,23049723,NC_047564.1 23026724 23059519,7,-0.24302180422564318,0.33119652323719817
NC_047566.1,6014649,NC_047566.1 6004120 6014788,7,-0.24299310211867628,0.33125541977033934
NC_047566.1,8231998,NC_047566.1 8231419 8236626,6,0.24291144911031642,0.33142300462753005
NC_047563.1,38268621,NC_047563.1 38266508 38270023,3,-0.24289813195605903,0.3314503414825848
NC_047566.1,811915,NC_047566.1 808462 820114,3,-0.2428649843509916,0.3315183911076425
NW_022994997.1,154945,NW_022994997.1 151322 156367,4,-0.24284234490359688,0.33156487293293724
NC_047563.1,22301736,NC_047563.1 22301684 22313228,6,0.2427914472155609,0.331669386602616
NC_047566.1,51776878,NC_047566.1 51774775 51777179,6,0.24275351476008908,0.3317472898697942
NC_047563.1,65527150,NC_047563.1 65484772 65533285,6,0.24273398007801888,0.331787413122145
NC_047562.1,31708506,NC_047562.1 31702944 31710445,14,-0.2426300457434508,0.33200093659621455
NC_047562.1,47802410,NC_047562.1 47799186 47807841,21,-0.2426200387845596,0.3320214991956081
NC_047568.1,53438281,NC_047568.1 53428387 53445736,6,0.24261816075370007,0.3320253583125369
NC_047559.1,46638765,NC_047559.1 46636932 46674355,4,0.2425223962113068,0.3322221770607038
NC_047559.1,47876678,NC_047559.1 47873642 47877433,18,0.24248289356555414,0.33230338413827765
NC_047565.1,51764409,NC_047565.1 51760053 51766474,8,-0.2424542058518593,0.3323623658054108
NC_047563.1,7114475,NC_047563.1 7105704 7126966,8,0.2422485330012303,0.3327854059315415
NC_047565.1,22615295,NC_047565.1 22602784 22625429,7,0.2422216775222639,0.33284066702320836
NC_047559.1,11496584,NC_047559.1 11474243 11511901,5,0.2422007153922156,0.3328838049605167
NC_047567.1,21212720,NC_047567.1 21212638 21217831,4,-0.2421203245216487,0.3330492714172246
NC_047561.1,35782975,NC_047561.1 35782365 35785091,8,-0.24202523722805247,0.33324504898339147
NC_047560.1,6386264,NC_047560.1 6382480 6492964,15,-0.24201038497041083,0.33327563471301425
NC_047565.1,36721334,NC_047565.1 36718840 36734256,3,-0.24188994755099466,0.33352371572614237
NC_047568.1,52983590,NC_047568.1 52976090 52997958,3,-0.24178457521974378,0.333740853333651
NC_047559.1,1437406,NC_047559.1 1437367 1441727,6,0.24171582346262221,0.3338825723740787
NC_047564.1,15723414,NC_047564.1 15680917 15732828,5,0.24169847894762167,0.33391833041833796
NC_047561.1,26637776,NC_047561.1 26631961 26645021,12,0.24169656496470537,0.3339222764874139
NC_047568.1,18896211,NC_047568.1 18889685 18900607,6,-0.24168259015472635,0.3339510892523646
NC_047566.1,25938736,NC_047566.1 25935765 25940727,15,-0.24158151903222227,0.33415951716325976
NC_047565.1,45370312,NC_047565.1 45357693 45397421,7,0.24154413725662538,0.3342366246781373
NC_047561.1,48501516,NC_047561.1 48500409 48504946,4,-0.2413544101761081,0.3346281349592465
NC_047561.1,17706343,NC_047561.1 17704756 17706783,17,-0.24134968629223336,0.3346378863058975
NC_047562.1,41435609,NC_047562.1 41427824 41442542,3,-0.24132417249334656,0.3346905563968008
NC_047563.1,67519442,NC_047563.1 67505289 67525234,5,0.24125946846779506,0.33482415149331224
NC_047560.1,54349311,NC_047560.1 54124262 54502908,6,0.2412083447726359,0.3349297290624892
NC_047562.1,23458877,NC_047562.1 23457307 23464088,11,-0.24118072360111756,0.33498677869198545
NC_047566.1,49441317,NC_047566.1 49412896 49443499,9,-0.2411469609731725,0.33505652075062553
NC_047562.1,47541742,NC_047562.1 47526931 47550136,11,-0.2411309640331623,0.3350895679125079
NC_047562.1,47914223,NC_047562.1 47861036 47950407,6,0.24111604387988902,0.33512039231020563
NC_047565.1,41738975,NC_047565.1 41723430 41745046,12,-0.24095132800153707,0.33546079780136273
NC_047565.1,22908602,NC_047565.1 22894570 22910462,6,0.24090940888948606,0.335547460833709
NC_047568.1,16422595,NC_047568.1 16404736 16424725,4,0.24080020393877744,0.3357732908277403
NC_047565.1,56362530,NC_047565.1 56331967 56392561,3,0.2407556575397305,0.3358654357462125
NC_047568.1,51320093,NC_047568.1 51310810 51325837,4,0.24074852357876433,0.3358801938197641
NC_047559.1,28709451,NC_047559.1 28705954 28729110,7,-0.2406965373654239,0.3359877494267437
NC_047566.1,53988760,NC_047566.1 53986872 53991051,8,0.24064703233557685,0.3360901902427491
NC_047565.1,11070426,NC_047565.1 11026122 11074255,7,0.2406346689907025,0.3361157765571935
NC_047563.1,45637657,NC_047563.1 45633037 45652853,3,-0.24057321294129005,0.33624297848861795
NC_047563.1,9764805,NC_047563.1 9709756 9818305,5,-0.24056665656525764,0.3362565505470685
NC_047566.1,24214863,NC_047566.1 24198495 24236911,3,-0.24035253791416253,0.33669996273154035
NC_047568.1,22929024,NC_047568.1 22926622 22929844,4,-0.2403232233976537,0.33676069572431966
NC_047568.1,7074135,NC_047568.1 7072578 7082480,4,-0.24029481256790733,0.33681956255082046
NC_047566.1,6434146,NC_047566.1 6432867 6435722,3,-0.2402529905315144,0.3369062280675349
NW_022994966.1,503929,NW_022994966.1 490511 514639,10,-0.240094286949437,0.3372352185194962
NC_047564.1,53586526,NC_047564.1 53585499 53599079,3,-0.23996931042786254,0.33749442432930077
NC_047567.1,9553382,NC_047567.1 9543762 9554270,3,0.239934905902648,0.33756580083094123
NC_047561.1,36584189,NC_047561.1 36582044 36586031,3,0.239856691857935,0.3377280982425369
NC_047561.1,14815298,NC_047561.1 14773851 14817015,12,-0.23985195903141984,0.3377379205068082
NC_047566.1,49740710,NC_047566.1 49732734 49741560,3,-0.23984254404178587,0.33775746038361454
NC_047561.1,52666645,NC_047561.1 52665525 52676193,6,0.23983721932702898,0.3377685115909289
NC_047564.1,53895498,NC_047564.1 53874838 53897891,6,0.2396563147678855,0.3381440954579722
NC_047566.1,52974715,NC_047566.1 52973939 52976665,19,0.2396521351655633,0.3381527757727505
NC_047559.1,49833684,NC_047559.1 49819012 49834306,13,0.23959955235070948,0.3382619922628568
NC_047568.1,14967692,NC_047568.1 14964446 14968977,9,0.23955188402622402,0.33836101883410497
NC_047566.1,16925863,NC_047566.1 16924170 16926790,6,0.23955059461437467,0.3383636977022523
NC_047559.1,53418138,NC_047559.1 53417866 53425805,19,-0.23944052225647972,0.3385924281475642
NC_047563.1,5150656,NC_047563.1 5149214 5151879,11,0.23943121456194608,0.33861177365041206
NC_047564.1,5737131,NC_047564.1 5734244 5745286,3,-0.23936458437326413,0.3387502793276971
NC_047562.1,47294219,NC_047562.1 47281879 47295834,8,0.2393565233195717,0.33876703824682664
NC_047568.1,2073092,NC_047568.1 2053516 2084775,5,-0.23935274699293868,0.33877488938968825
NC_047568.1,45292125,NC_047568.1 45284891 45311391,4,0.23931927732926087,0.3388444788429953
NC_047561.1,27066133,NC_047561.1 27065709 27067248,4,-0.2392350276732618,0.33901968568274443
NC_047565.1,11653214,NC_047565.1 11646438 11656828,8,0.23921520264175103,0.33906092173680213
NC_047564.1,20236559,NC_047564.1 20226245 20239698,3,-0.23920504237998935,0.33908205620094833
NC_047559.1,21661237,NC_047559.1 21636258 21684141,8,-0.23916175475119794,0.3391721077867511
NC_047559.1,50874523,NC_047559.1 50873178 50881857,3,-0.23915319760685902,0.33918991091864203
NC_047568.1,21561599,NC_047568.1 21559385 21564391,19,-0.2390632370961235,0.3393771064286253
NC_047559.1,5999504,NC_047559.1 5996194 6005415,11,0.2390398604411281,0.33942575983506806
NW_022994952.1,48737,NW_022994952.1 28444 64723,11,-0.23882966765844674,0.3398634115782466
NC_047561.1,49369641,NC_047561.1 49368546 49371785,16,0.2388277425312508,0.33986742147934346
NC_047559.1,11477387,NC_047559.1 11474243 11511901,4,0.23880894598268138,0.3399065747726401
NC_047563.1,26479571,NC_047563.1 26469364 26481451,7,0.23872959988149686,0.3400718818062053
NC_047567.1,5538126,NC_047567.1 5535718 5538585,10,0.2386959198828273,0.3401420636539316
NC_047562.1,17438125,NC_047562.1 17421812 17438659,20,0.23864051928065352,0.34025752477304383
NC_047563.1,1456444,NC_047563.1 1409225 1459678,15,-0.2386155702996087,0.3403095286719172
NC_047565.1,22677893,NC_047565.1 22676762 22678536,21,-0.23856183197480968,0.3404215569704919
NC_047564.1,43844501,NC_047564.1 43837665 43847500,19,0.2384964317596312,0.34055792557951614
NC_047565.1,53774387,NC_047565.1 53744052 53774389,8,0.23847171173756634,0.3406094785118471
NC_047561.1,44951617,NC_047561.1 44948047 44968230,6,-0.23838323226283534,0.3407940370162227
NW_022994829.1,108922,NW_022994829.1 56836 109595,11,0.2383672390884703,0.34082740319549243
NC_047566.1,30903712,NC_047566.1 30902830 30904129,15,0.23831704909661552,0.34093212564175635
NC_047563.1,19594105,NC_047563.1 19585090 19637179,5,-0.2382044055492881,0.341167226404669
NC_047561.1,52267419,NC_047561.1 52265926 52275520,12,0.23819166381024637,0.34119382585723823
NC_047563.1,57841157,NC_047563.1 57815039 57899568,3,-0.23805554753573788,0.34147805480189974
NC_047566.1,1367988,NC_047566.1 1354633 1414618,4,-0.2380521190704576,0.3414852156601734
NC_047561.1,16798590,NC_047561.1 16791938 16799645,4,0.2380027575864064,0.3415883240553127
NC_047562.1,7636917,NC_047562.1 7567583 7667859,3,-0.23788387937663175,0.3418367157679124
NC_047564.1,29321998,NC_047564.1 29321508 29332315,13,0.2378480667884839,0.34191156530973
NC_047561.1,53893147,NC_047561.1 53891589 53897314,7,0.23769974672543276,0.34222166008152277
NC_047564.1,57426668,NC_047564.1 57417761 57437483,8,0.23765271762650444,0.3423200183414389
NC_047560.1,4978148,NC_047560.1 4669163 4998151,3,0.23765110968535838,0.3423233815327519
NC_047564.1,42100714,NC_047564.1 42079438 42101612,17,0.23755287007794892,0.3425288969882968
NC_047568.1,51540860,NC_047568.1 51534100 51554013,3,-0.23736152902848967,0.3429293832570234
NC_047564.1,39917674,NC_047564.1 39913886 39919729,7,-0.237323168460024,0.3430097063076879
NC_047566.1,24272674,NC_047566.1 24268673 24274104,9,-0.23731461596602949,0.34302761582191377
NC_047568.1,1972898,NC_047568.1 1972287 1976776,3,0.23731314296453976,0.3430307004433979
NC_047560.1,70703046,NC_047560.1 70388123 71110591,6,0.23730827003104787,0.34304090499740336
NC_047568.1,34207282,NC_047568.1 34203798 34207869,8,0.2372819359738522,0.34309605495407136
NC_047561.1,14531046,NC_047561.1 14525813 14537466,10,0.2372743125688054,0.3431120211830616
NC_047568.1,56466831,NC_047568.1 56466065 56470504,4,0.2372374861552373,0.3431891553438672
NC_047565.1,53978352,NC_047565.1 53974838 53995877,9,-0.23718323158482538,0.3433028115792961
NC_047560.1,44272009,NC_047560.1 44088081 44306650,6,0.23715418809269276,0.3433636628170339
NC_047563.1,20682570,NC_047563.1 20680958 20683755,7,-0.23713853263907878,0.3433964663322887
NC_047567.1,12756103,NC_047567.1 12736084 12786460,11,-0.23712981520757576,0.34341473310779247
NC_047568.1,53450574,NC_047568.1 53447717 53461845,10,-0.23709028179113534,0.3434975796810389
NC_047565.1,61763728,NC_047565.1 61762144 61784577,4,0.2370319208319873,0.3436199024724118
NC_047565.1,27127172,NC_047565.1 26961604 27161359,5,0.23699430796032012,0.3436987512075914
NC_047562.1,23733734,NC_047562.1 23732772 23735378,12,-0.23699038318218968,0.3437069794117532
NC_047568.1,30025524,NC_047568.1 30015214 30031060,14,0.23696806311436372,0.34375377506253935
NW_022994945.1,609227,NW_022994945.1 606224 612424,3,-0.23693468960016728,0.3438237519190269
NC_047563.1,46338128,NC_047563.1 46333811 46339285,6,0.23692985785849088,0.34383388368975076
NC_047568.1,40953233,NC_047568.1 40950194 40955479,15,0.23691435607237338,0.3438663908403631
NC_047562.1,36639026,NC_047562.1 36637892 36640767,4,0.2368202248106679,0.3440638215431072
NC_047559.1,6353612,NC_047559.1 6353394 6359658,6,0.2368053887101462,0.3440949447041003
NC_047567.1,30200394,NC_047567.1 30199793 30231788,17,0.23668818035218087,0.34434088132803586
NC_047564.1,54546472,NC_047564.1 54534254 54551936,6,0.2365826506199917,0.3445623994422844
NC_047559.1,36364053,NC_047559.1 36361049 36380092,16,0.2364813662464879,0.3447750832474732
NC_047561.1,51071647,NC_047561.1 51069670 51087930,5,-0.23646401253394886,0.3448115313335428
NC_047559.1,11815902,NC_047559.1 11800710 11820977,9,0.23632973953790382,0.3450936205248245
NC_047565.1,3433939,NC_047565.1 3409536 3439863,13,0.23631888790196515,0.34511642412578547
NC_047559.1,3503550,NC_047559.1 3494476 3504854,6,0.2362645966772647,0.34523052459273096
NC_047560.1,70918242,NC_047560.1 70690070 71346242,3,0.23618870000785105,0.34539006824711704
NC_047568.1,18609761,NC_047568.1 18607615 18610138,19,0.23614992738102417,0.3454715891999265
NW_022994962.1,170430,NW_022994962.1 126631 171037,8,-0.23614002977351323,0.3454924010771667
NC_047564.1,42895869,NC_047564.1 42890436 42907229,19,0.23613633937971562,0.3455001611191345
NC_047561.1,53355365,NC_047561.1 53339422 53394986,8,-0.2361344541194829,0.3455041254227086
NC_047563.1,2262291,NC_047563.1 2231498 2265584,10,-0.2360585122291368,0.3456638369134927
NC_047565.1,30195598,NC_047565.1 30191142 30200575,5,0.23604159216733062,0.34569942685579413
NC_047565.1,8321809,NC_047565.1 8304881 8331386,6,0.2359680417763865,0.34585415847476586
NC_047565.1,52768562,NC_047565.1 52741742 52794894,10,-0.23596201271782627,0.34586684387121647
NC_047564.1,48527035,NC_047564.1 48516815 48534429,6,0.2359548470620313,0.34588192106470794
NC_047563.1,28868502,NC_047563.1 28865433 28870400,5,-0.23593692644698447,0.3459196293280882
NC_047565.1,60713400,NC_047565.1 60707011 60714831,4,-0.23591598472198652,0.345963697556396
NC_047561.1,19331814,NC_047561.1 19325749 19332475,6,-0.23588906761393433,0.3460203446827378
NC_047561.1,22793042,NC_047561.1 22776787 22794488,3,-0.23584684429809905,0.3461092145074539
NC_047568.1,41072920,NC_047568.1 41069902 41076714,12,-0.2357992920487029,0.34620931615191874
NC_047567.1,21219225,NC_047567.1 21219002 21230036,3,0.23576620941396972,0.34627896780743816
NC_047564.1,37419441,NC_047564.1 37415854 37428653,9,-0.23573986533772318,0.3463344379688055
NC_047561.1,28323525,NC_047561.1 28312172 28323797,6,-0.23569367666333813,0.3464317052981638
NC_047565.1,48246928,NC_047565.1 48241763 48281629,18,0.23559343470060137,0.34664285581056586
NC_047562.1,3555168,NC_047562.1 3554302 3555389,3,-0.23549058866935474,0.34685956838834375
NC_047568.1,13560677,NC_047568.1 13508162 13570381,12,0.23546168109978588,0.3469204951409529
NC_047568.1,22930257,NC_047568.1 22929977 22939665,4,0.23543582340896146,0.34697499905523277
NC_047566.1,24297830,NC_047566.1 24297809 24404515,5,-0.23535616444678875,0.3471429384358906
NC_047559.1,50459515,NC_047559.1 50431105 50464280,5,-0.23533006712059254,0.34719796774094847
NC_047565.1,12618930,NC_047565.1 12618217 12620763,9,-0.23526206740682284,0.34734137672546517
NC_047561.1,56649800,NC_047561.1 56639482 56668001,7,-0.23523056597769407,0.34740782364781153
NC_047562.1,4287135,NC_047562.1 4228460 4354540,3,-0.23492184883511746,0.3480593962483639
NC_047563.1,231728,NC_047563.1 175641 457526,3,0.23488689168654275,0.34813322031095595
NC_047561.1,49757403,NC_047561.1 49755947 49761167,3,0.23481581298637724,0.348283355174147
NC_047563.1,63816761,NC_047563.1 63809383 63816976,6,-0.23479594044609062,0.34832533727627857
NC_047560.1,5678298,NC_047560.1 5676665 5686327,7,0.23476681653573803,0.34838686877506597
NC_047564.1,38899448,NC_047564.1 38898145 38906216,3,-0.23455095740786966,0.34884311914129207
NC_047568.1,16130840,NC_047568.1 16128552 16132731,9,-0.2344723343177505,0.3490093857968908
NC_047559.1,14573808,NC_047559.1 14563710 14574085,8,0.23446681833633393,0.3490210523165438
NC_047559.1,7984282,NC_047559.1 7980196 7985631,3,-0.23439784153577034,0.3491669598617755
NC_047564.1,52666717,NC_047564.1 52658633 52673329,3,-0.23421904496947674,0.3495453333302747
NC_047560.1,51046158,NC_047560.1 50992354 51073373,3,0.2341563011168257,0.3496781689910994
NC_047560.1,44915151,NC_047560.1 44895760 44916440,6,-0.2341418416889114,0.3497087852948394
NC_047560.1,55348593,NC_047560.1 55225485 55583389,7,0.23409701245977127,0.34980371618787665
NC_047559.1,22772836,NC_047559.1 22767397 22782251,3,0.23403234882107601,0.34994067465071055
NC_047565.1,52938801,NC_047565.1 52908994 52950531,6,-0.2340119568660001,0.34998387145556353
NC_047565.1,10169395,NC_047565.1 10144736 10192561,3,0.23393123924710615,0.35015488763208935
NC_047561.1,24351487,NC_047561.1 24344014 24362615,3,0.23392989912370726,0.35015772735118567
NC_047562.1,11158331,NC_047562.1 11154417 11162684,14,-0.23383874715508227,0.3503509091568108
NC_047563.1,20187939,NC_047563.1 20096754 20197685,4,0.23375103550875387,0.35053685733932394
NC_047560.1,53730304,NC_047560.1 53728246 53730919,3,0.2337467466268404,0.3505459511922767
NC_047560.1,55305487,NC_047560.1 55225485 55583389,3,0.23373991613695722,0.3505604343763059
NC_047564.1,31084680,NC_047564.1 31073198 31093503,5,-0.23371039202570518,0.3506230404336794
NC_047561.1,43695089,NC_047561.1 43687772 43713405,21,0.23369202864603844,0.3506619833189557
NC_047563.1,38297284,NC_047563.1 38294920 38297969,3,-0.23364162506523944,0.35076888599514056
NC_047560.1,6371635,NC_047560.1 6361780 6373693,4,0.23356075554814032,0.35094044386983103
NC_047565.1,31986910,NC_047565.1 31986596 32002112,13,0.23352071947539269,0.3510253947891623
NC_047561.1,51697822,NC_047561.1 51683213 51720877,14,-0.23345207950579538,0.35117106652444763
NC_047561.1,21178995,NC_047561.1 21173612 21193219,11,-0.23343567864234735,0.3512058785073393
NC_047559.1,35346856,NC_047559.1 35344487 35348064,6,0.23339865032558965,0.35128448096395626
NC_047568.1,51436938,NC_047568.1 51432343 51442743,10,0.23335260358349535,0.35138224146046193
NC_047564.1,57649410,NC_047564.1 57636161 57652349,4,0.2333503992216017,0.3513869218671156
NC_047566.1,46252076,NC_047566.1 46250569 46253998,3,-0.23310446999443207,0.3519093143776315
NC_047566.1,53682310,NC_047566.1 53674880 53695739,3,-0.23308307967710798,0.35195477175800294
NC_047563.1,65527759,NC_047563.1 65484772 65533285,6,-0.23307487210564728,0.35197221487234764
NC_047565.1,54202580,NC_047565.1 54202466 54247925,7,-0.23307365053349574,0.3519748110567925
NC_047568.1,28943841,NC_047568.1 28916900 28968881,11,-0.2330481908764476,0.35202892248039697
NC_047565.1,42155890,NC_047565.1 42142534 42155944,18,0.23285608151988932,0.35243738093372257
NC_047568.1,45295715,NC_047568.1 45284891 45311391,10,0.23266455964198693,0.3528448596256867
NC_047565.1,44932155,NC_047565.1 44929437 44940296,4,-0.23255587854978998,0.3530762072375496
NC_047561.1,3544048,NC_047561.1 3499872 3545425,11,0.23252853001528562,0.3531344372343018
NC_047568.1,25456267,NC_047568.1 25214702 25590980,8,-0.23245068538066294,0.3533002126011492
NC_047564.1,25212749,NC_047564.1 25199592 25226485,5,-0.23243014763770528,0.35334395650387973
NC_047559.1,30039254,NC_047559.1 30024980 30044706,5,-0.2324213110975128,0.3533627786444198
NC_047561.1,13003935,NC_047561.1 13002144 13005697,4,-0.232347176123321,0.3535207112729246
NC_047568.1,51781713,NC_047568.1 51772467 51803461,8,-0.23223584990689625,0.3537579494844554
NC_047566.1,24414801,NC_047566.1 24412825 24415769,6,0.23221767934158996,0.35379667991109753
NC_047562.1,2921316,NC_047562.1 2911329 2925329,3,-0.23220915716267224,0.3538148457060646
NC_047564.1,35995452,NC_047564.1 35897478 36007922,3,-0.23219408361044808,0.3538469776482216
NC_047561.1,34723140,NC_047561.1 34719582 34773310,7,0.2321035472474809,0.35404000693204396
NC_047568.1,51690712,NC_047568.1 51689005 51698667,8,0.2319812145553343,0.3543009233675195
NC_047565.1,27786187,NC_047565.1 27777749 27792073,3,-0.2319437985857714,0.3543807476436246
NC_047561.1,46327573,NC_047561.1 46295841 46343507,7,-0.23189859762406975,0.3544771943112852
NC_047564.1,54850042,NC_047564.1 54844901 54856049,4,-0.23169716417205874,0.35490718085543715
NC_047568.1,16315987,NC_047568.1 16311396 16334286,18,-0.23144874254617892,0.3554378789036363
NC_047565.1,48248804,NC_047565.1 48241763 48281629,7,0.23123188174468345,0.35590152336346137
NC_047561.1,2799539,NC_047561.1 2789962 2853802,8,0.23122308175225276,0.3559203448513175
NC_047566.1,6014316,NC_047566.1 6004120 6014788,8,0.23118034480869845,0.35601175899259685
NC_047561.1,13901491,NC_047561.1 13898376 13905478,9,0.23090695234905262,0.3565968603512324
NC_047564.1,31840313,NC_047564.1 31838209 31847390,10,-0.23078161981266013,0.35686527370482646
NC_047559.1,21164936,NC_047559.1 21150477 21170096,6,-0.23070411638921762,0.35703131323615966
NC_047565.1,13137671,NC_047565.1 13119330 13220090,10,0.23067015197770716,0.35710409076160443
NC_047562.1,27632585,NC_047562.1 27628317 27635772,4,-0.23044908632789066,0.35757798704193844
NW_022994972.1,121765,NW_022994972.1 114210 134768,6,0.230331919986215,0.35782930017670644
NC_047567.1,25821713,NC_047567.1 25821021 25824703,4,-0.230319833069837,0.3578552314250799
NC_047561.1,53972903,NC_047561.1 53963762 53999400,3,0.2302429211320106,0.35802026315880775
NC_047563.1,33829028,NC_047563.1 33827881 33829779,15,0.23020254013282096,0.3581069269071364
NC_047561.1,3601285,NC_047561.1 3598156 3606753,7,-0.23014192140568315,0.35823704624864916
NC_047568.1,24046252,NC_047568.1 24018683 24052668,3,-0.23007986103022474,0.3583702879209083
NC_047560.1,64511529,NC_047560.1 64509422 64511791,5,-0.2300063805053161,0.3585280846616584
NC_047563.1,9178732,NC_047563.1 9178235 9191943,5,0.22996913234034194,0.3586080887931219
NC_047561.1,15847115,NC_047561.1 15836960 15849866,3,0.2299476989865199,0.35865412939401975
NC_047561.1,25103103,NC_047561.1 25102771 25122322,3,-0.2298823841165657,0.3587944517732876
NC_047568.1,54142485,NC_047568.1 54093436 54153085,5,0.22987212802811866,0.3588164887693921
NC_047565.1,21048756,NC_047565.1 21048323 21056681,3,-0.22978658797709306,0.35900031641073493
NC_047564.1,19603015,NC_047564.1 19602655 19617071,5,0.22975428623621252,0.3590697475280523
NW_022994949.1,117296,NW_022994949.1 103085 120679,17,-0.22963299915835908,0.3593305165509856
NC_047561.1,22183865,NC_047561.1 22168210 22202321,4,0.22962902022644394,0.3593390731327589
NC_047561.1,18870806,NC_047561.1 18864724 18874157,15,-0.22950918862042702,0.35959682178597596
NC_047564.1,41069349,NC_047564.1 41066004 41071558,18,-0.22943177009521318,0.3597633988507446
NC_047568.1,2627928,NC_047568.1 2627134 2632788,8,0.22938002588800288,0.35987475831856763
NC_047568.1,42173333,NC_047568.1 42172913 42177049,4,-0.2293263537937425,0.3599902874593116
NC_047562.1,31718137,NC_047562.1 31712207 31780006,8,0.2292471534276545,0.3601608045694127
NC_047561.1,42751564,NC_047561.1 42747537 42759618,8,0.22918413276336594,0.3602965197312805
NC_047568.1,31714414,NC_047568.1 31710311 31718078,3,-0.22917344090293645,0.3603195475542542
NC_047562.1,47034185,NC_047562.1 47032692 47048707,4,-0.22915524369045895,0.3603587421067178
NC_047564.1,47005944,NC_047564.1 47002015 47006778,9,0.22913192395744533,0.3604089734674517
NC_047565.1,14126233,NC_047565.1 14125283 14128037,3,0.22912354228600054,0.36042702879237776
NC_047559.1,20636966,NC_047559.1 20625026 20644982,11,-0.2289786882152238,0.3607391462134416
NW_022994991.1,48430,NW_022994991.1 45538 63512,10,0.22893386396613985,0.3608357601303207
NC_047560.1,69091625,NC_047560.1 69087857 69092113,4,0.22893144963148923,0.36084096438847324
NC_047564.1,28699721,NC_047564.1 28634556 28742989,3,-0.22890622059676105,0.360895349785163
NC_047565.1,60633181,NC_047565.1 60617328 60639590,8,-0.22889330907680588,0.36092318451731575
NC_047568.1,42638420,NC_047568.1 42637476 42642784,12,-0.22884649894841494,0.36102410826311004
NC_047564.1,24915944,NC_047564.1 24913777 24941512,6,0.22882630104904053,0.36106766034589166
NC_047566.1,19612849,NC_047566.1 19599118 19617007,9,0.22878064101905363,0.3611661265646563
NC_047567.1,30200430,NC_047567.1 30199793 30231788,8,-0.228678723969497,0.3613859663102186
NC_047564.1,8473032,NC_047564.1 8471193 8473059,9,-0.22864394350687023,0.3614610066875398
NC_047564.1,20956807,NC_047564.1 20944639 20963618,8,-0.2286319023882396,0.36148698798477596
NC_047561.1,12608683,NC_047561.1 12567980 12627376,8,0.22862842784746712,0.3614944852484989
NC_047563.1,64614601,NC_047563.1 64613406 64615311,3,-0.22850717958024389,0.3617561663570418
NC_047568.1,13815891,NC_047568.1 13752429 13837039,10,-0.22842358700063775,0.36193664038138185
NC_047564.1,5933349,NC_047564.1 5932923 5951661,9,0.22840306309326683,0.3619809587033681
NC_047559.1,40917995,NC_047559.1 40914691 40921337,3,-0.2283225130970381,0.36215492408148187
NC_047559.1,1264681,NC_047559.1 1263895 1266021,10,0.22828026158109455,0.3622461943918648
NC_047559.1,44932054,NC_047559.1 44908398 44966403,4,-0.2282412638307867,0.36233044756614574
NC_047560.1,19461177,NC_047560.1 19460880 19463578,3,0.2281129511310357,0.36260774050927025
NC_047559.1,8737326,NC_047559.1 8736281 8738841,3,0.22809427593553902,0.36264810894074884
NC_047568.1,5442934,NC_047568.1 5438882 5444328,5,-0.228021283867478,0.3628059134592806
NC_047568.1,42477113,NC_047568.1 42473842 42482463,3,0.2278177232439354,0.36324620437318966
NC_047568.1,55301915,NC_047568.1 55301421 55304283,5,0.22763470308533137,0.3636423248384154
NC_047568.1,22488753,NC_047568.1 22488388 22495438,6,-0.22760706910522,0.36370215574315523
NC_047562.1,2926816,NC_047562.1 2925615 2952797,7,0.22753887171361895,0.3638498351101498
NC_047559.1,20381276,NC_047559.1 20375470 20399536,3,-0.22749062322082383,0.36395433618535766
NC_047568.1,13648752,NC_047568.1 13648674 13658665,5,0.22748542657672202,0.3639655925710048
NC_047563.1,63831043,NC_047563.1 63830866 63833860,3,0.2273909509127343,0.36417026937426866
NC_047564.1,42606768,NC_047564.1 42574900 42634915,13,-0.2272065212717273,0.3645700140461442
NC_047560.1,4121693,NC_047560.1 4119811 4122341,6,0.22719208090963347,0.3646013234587838
NC_047568.1,14273265,NC_047568.1 14271485 14274485,20,0.22710458262171587,0.3647910685824729
NC_047562.1,39061675,NC_047562.1 39053902 39064952,5,-0.22707649107465933,0.3648519985402162
NC_047564.1,16941150,NC_047564.1 16926856 16942107,19,0.22707607541878386,0.3648529001318921
NC_047562.1,31715739,NC_047562.1 31712207 31780006,19,-0.22705808667281374,0.3648919204004325
NC_047565.1,25650667,NC_047565.1 25626905 25683502,3,-0.227054959933863,0.36489870300279503
NC_047559.1,24643113,NC_047559.1 24641211 24644860,3,-0.22705265687997783,0.36490369889183594
NC_047559.1,39093165,NC_047559.1 39087595 39118950,13,0.2269521186728133,0.3651218285186366
NC_047568.1,26088602,NC_047568.1 26075022 26164422,17,0.22689383696988943,0.36524831126511137
NC_047561.1,27843938,NC_047561.1 27745396 27849895,18,0.22663047609727374,0.3658201639223705
NC_047561.1,2452891,NC_047561.1 2452731 2466109,4,0.22657812328268725,0.3659339010577586
NC_047566.1,50339474,NC_047566.1 50337548 50361735,7,-0.22656797397014927,0.36595595286875937
NC_047564.1,55095758,NC_047564.1 55088931 55106595,12,-0.22653495036214558,0.36602770974103316
NC_047560.1,55305487,NC_047560.1 55300845 55435494,3,0.22650675521504748,0.3660889811385011
NC_047561.1,23136511,NC_047561.1 23127957 23140271,9,-0.22635631821291866,0.3664159961785478
NC_047568.1,30895621,NC_047568.1 30893646 30897216,8,-0.22626909500939146,0.36660567440479697
NC_047559.1,31850272,NC_047559.1 31850203 31884767,9,-0.22625288362007087,0.3666409342724787
NC_047563.1,23066360,NC_047563.1 23064746 23068563,11,0.22623499135861863,0.3666798522623853
NW_022994945.1,225736,NW_022994945.1 190480 232078,4,-0.22620610670696165,0.3667426850324249
NC_047561.1,33164366,NC_047561.1 33162949 33165031,14,-0.22615317376979607,0.36685784574982194
NC_047565.1,8321747,NC_047565.1 8304881 8331386,3,-0.22604537306230632,0.36709243949857806
NC_047562.1,22969095,NC_047562.1 22943870 22982986,6,0.22600404270282257,0.3671824041738382
NC_047560.1,25000941,NC_047560.1 24998439 25001616,7,0.22600274062915146,0.36718523862684316
NC_047567.1,32006980,NC_047567.1 31986006 32007192,14,-0.22599149734617405,0.367209714372315
NC_047559.1,34113615,NC_047559.1 34095858 34144922,18,-0.22595835836412181,0.36728186067552937
NC_047564.1,44143098,NC_047564.1 44142673 44147755,5,0.2259111194516847,0.3673847174717293
NC_047559.1,43698948,NC_047559.1 43693807 43701612,21,0.22586811922135389,0.36747835915079563
NC_047566.1,47126398,NC_047566.1 47125247 47158567,14,-0.2258670217012611,0.36748074939789444
NC_047564.1,37368948,NC_047564.1 37358897 37405391,10,0.22585779515674007,0.3675008438824997
NC_047566.1,7710033,NC_047566.1 7674237 7715471,16,-0.22583149405455055,0.36755812842425695
NW_022994946.1,5940,NW_022994946.1 522 11787,10,0.2257731617082421,0.3676851958303291
NC_047565.1,31472037,NC_047565.1 31449385 31473659,4,0.22576735023119407,0.3676978565280491
NW_022994872.1,123394,NW_022994872.1 120645 123461,6,0.2257427787584738,0.3677513898597371
NC_047559.1,2140834,NC_047559.1 2133512 2142320,9,-0.22556376971868158,0.36814152514507825
NC_047566.1,50086073,NC_047566.1 50067896 50094239,16,-0.22545086143191365,0.3683877188882233
NC_047560.1,47394077,NC_047560.1 47393372 47396375,5,0.22530491277593254,0.36870609333444515
NC_047559.1,26094546,NC_047559.1 26094087 26110156,4,0.22529161883340884,0.3687351006022589
NC_047564.1,28652781,NC_047564.1 28648023 28653618,4,-0.22525168497892492,0.36882224363348726
NC_047559.1,13552970,NC_047559.1 13546378 13569943,10,-0.22524569124877242,0.36883532405534625
NC_047561.1,38496085,NC_047561.1 38488553 38497609,3,0.2252061621719453,0.36892159689101955
NC_047561.1,3385817,NC_047561.1 3383787 3386601,3,-0.22514629756668444,0.36905227390645046
NC_047559.1,43851991,NC_047559.1 43844881 43859837,5,-0.22506836308371928,0.36922243414823086
NC_047562.1,39868580,NC_047562.1 39867921 39875994,21,-0.2249150928432421,0.3695572090517094
NC_047561.1,21147364,NC_047561.1 21145053 21147921,8,0.22474682759186312,0.3699249322718098
NC_047566.1,47418734,NC_047566.1 47417265 47419294,4,-0.22468944057802653,0.37005039150953234
NW_022994982.1,7243,NW_022994982.1 2087 19721,9,-0.22467601262859596,0.3700797510775593
NC_047562.1,17074359,NC_047562.1 17054166 17098627,6,0.2246323656200463,0.37017519219219275
NC_047564.1,16124176,NC_047564.1 16123144 16125450,8,0.2246309953483345,0.3701781887322584
NC_047565.1,47002701,NC_047565.1 47000088 47007290,10,-0.22454560244904195,0.37036495461598073
NC_047565.1,34309344,NC_047565.1 34288611 34396138,3,0.22453360767986943,0.37039119303720136
NC_047567.1,33654312,NC_047567.1 33646580 33659757,8,-0.22448467865760455,0.3704982355102995
NC_047560.1,21042663,NC_047560.1 21033054 21066957,6,0.2244643185499352,0.37054278261316187
NC_047565.1,51764409,NC_047565.1 51761129 51776309,8,-0.22425803287402418,0.3709942966861087
NC_047564.1,41216847,NC_047564.1 41214542 41218131,6,0.22417931200974517,0.37116668058650315
NC_047565.1,36480907,NC_047565.1 36480487 36482035,8,-0.22409593054191188,0.3713493192440994
NC_047559.1,47974889,NC_047559.1 47969777 48069735,4,-0.22408836788104045,0.37136588697515704
NC_047565.1,44567409,NC_047565.1 44562691 44573876,7,0.22399154694174359,0.37157803185903615
NC_047563.1,43173360,NC_047563.1 43172519 43176619,3,0.22397064393650998,0.3716238414493238
NC_047563.1,20035610,NC_047563.1 20034492 20095236,4,-0.22396529894782158,0.3716355556668618
NC_047564.1,51113947,NC_047564.1 51113881 51117841,5,-0.22391997816884146,0.37173489018211736
NC_047563.1,43488106,NC_047563.1 43437116 43498428,15,-0.2238514794824537,0.3718850544564076
NC_047567.1,4534044,NC_047567.1 4504585 4985356,3,-0.22381670397496603,0.3719613030515493
NC_047568.1,53969159,NC_047568.1 53968418 53978272,4,0.22376425448705084,0.37207632006855285
NC_047562.1,23091056,NC_047562.1 23091052 23093319,12,-0.22376045626078603,0.3720846500102657
NC_047563.1,4110673,NC_047563.1 4109573 4112336,10,0.22373642382007972,0.3721373583016768
NC_047564.1,16037422,NC_047564.1 16014476 16038616,14,-0.2237204621285284,0.3721723680194462
NC_047561.1,56957880,NC_047561.1 56945610 56972954,5,-0.22364299219803288,0.3723423135507793
NC_047565.1,22367379,NC_047565.1 22364489 22369963,7,-0.22362066880355483,0.3723912923623107
NC_047568.1,29746635,NC_047568.1 29745303 29748889,4,-0.22347804689054704,0.37270429808847194
NC_047565.1,31349415,NC_047565.1 31329699 31365831,6,0.2234462125969137,0.3727741834177589
NC_047565.1,61688145,NC_047565.1 61670769 61721276,18,-0.22342857734613253,0.3728129009624891
NC_047565.1,11812291,NC_047565.1 11793624 11821175,7,-0.22335243481591113,0.37298009489468964
NC_047561.1,52417846,NC_047561.1 52414922 52418818,4,-0.22328345107312017,0.3731316057248938
NC_047568.1,22952129,NC_047568.1 22951567 22965420,3,-0.22319172443564025,0.37333312064536006
NC_047566.1,7971523,NC_047566.1 7897374 7984365,13,-0.22303322463691758,0.3736814732936484
NC_047564.1,14940325,NC_047564.1 14937930 14941576,6,-0.22289981933558892,0.3739748136257789
NC_047564.1,28975350,NC_047564.1 28968412 28980815,4,0.22282570751931274,0.37413783108936005
NC_047565.1,27774033,NC_047565.1 27757355 27774995,14,-0.22282541596264197,0.3741384724801171
NW_022994987.1,23426,NW_022994987.1 8603 36524,13,0.2226622031450938,0.3744976180348768
NC_047566.1,6019116,NC_047566.1 6018830 6059833,5,0.22265498425346858,0.37451350745930667
NC_047564.1,24485329,NC_047564.1 24462653 24499946,7,0.22264626622235992,0.3745326971249786
NC_047565.1,16685421,NC_047565.1 16673399 16687037,5,0.22252499471350162,0.3747996904071609
NC_047566.1,37236472,NC_047566.1 37232892 37239176,6,-0.22251724448500002,0.3748167570422857
NC_047568.1,54641814,NC_047568.1 54631866 54655780,5,0.22247375285268017,0.37491253720525664
NC_047565.1,5573086,NC_047565.1 5572742 5581331,4,-0.2224102640125532,0.3750523810568802
NC_047563.1,20182357,NC_047563.1 20096754 20197685,9,0.22240817545699898,0.3750569819131544
NC_047568.1,34223159,NC_047568.1 34222977 34226869,7,0.2223811230288849,0.3751165782566146
NC_047566.1,7712648,NC_047566.1 7674237 7715471,4,0.22233412243157688,0.37522013285932054
NC_047560.1,25000313,NC_047560.1 24998439 25001616,4,-0.2221198811071653,0.37569236439878695
NC_047560.1,59689042,NC_047560.1 59603941 59706112,6,0.22203714077460449,0.3758748295756098
NC_047560.1,70735490,NC_047560.1 70595196 71158665,6,0.22197294038765658,0.3760164430923618
NC_047559.1,26260129,NC_047559.1 26257118 26267434,11,-0.22185323421046368,0.37628057091305234
NC_047563.1,39732491,NC_047563.1 39724077 39807021,5,-0.22182025534488256,0.3763533558685168
NC_047565.1,28816437,NC_047565.1 28815008 28817281,3,-0.22176837317070727,0.3764678766389613
NC_047564.1,56467026,NC_047564.1 56460867 56490930,5,0.22168849145307384,0.3766442394098273
NC_047561.1,40837049,NC_047561.1 40836276 40898777,3,-0.2216542498860599,0.3767198519874979
NC_047560.1,41210826,NC_047560.1 41210524 41212047,5,0.22162908548802937,0.3767754256548721
NC_047565.1,41724585,NC_047565.1 41723430 41745046,5,-0.22154848210144132,0.37695346284807396
NC_047563.1,23455899,NC_047563.1 23431210 23473174,9,-0.22153125896613202,0.37699151147233634
NC_047559.1,46993758,NC_047559.1 46992438 46998731,6,-0.22152401980565709,0.37700750455838794
NC_047565.1,37179310,NC_047565.1 37176509 37182819,3,0.22147877077016812,0.37710747936358024
NC_047564.1,33452484,NC_047564.1 33429007 33467067,9,0.22141789364113396,0.3772420066998833
NC_047565.1,45155561,NC_047565.1 45133451 45159065,9,-0.22141557912899157,0.3772471218758211
NC_047568.1,39421559,NC_047568.1 39418126 39425024,4,-0.22138577412382446,0.37731299572601384
NC_047561.1,46952106,NC_047561.1 46949680 46960248,4,0.22134100115739508,0.3774119632020262
NC_047567.1,30211857,NC_047567.1 30199793 30231788,5,0.2212917811190009,0.3775207772778657
NC_047561.1,51426773,NC_047561.1 51420228 51491786,3,-0.22119470625770044,0.3777354383963275
NC_047562.1,40072774,NC_047562.1 40064744 40166976,10,0.22116332333688665,0.37780484979617623
NC_047564.1,27560737,NC_047564.1 27559473 27563623,5,0.22113411205418684,0.3778694644327131
NC_047559.1,15055606,NC_047559.1 15036484 15058591,5,0.22109706384683114,0.3779514229909662
NW_022994936.1,227209,NW_022994936.1 199537 229357,16,-0.2210290797198448,0.37810184412512826
NC_047565.1,41594226,NC_047565.1 41592554 41614948,9,0.22100554142474182,0.37815393252277296
NC_047568.1,35105090,NC_047568.1 35100983 35106792,11,-0.22084228261112115,0.3785153212098098
NC_047564.1,13903370,NC_047564.1 13900611 13928073,8,-0.22081649625979693,0.37857241925834106
NC_047562.1,50864946,NC_047562.1 50835930 50866433,3,0.2207617501439184,0.3786936580257174
NC_047565.1,7091496,NC_047565.1 7089625 7096810,16,-0.22071726332498837,0.37879219280845244
NC_047559.1,24762900,NC_047559.1 24756151 24825917,6,-0.22069969743613405,0.3788311037833928
NC_047560.1,70779712,NC_047560.1 70595196 71158665,10,0.22066737369436656,0.3789027113303889
NC_047563.1,10586094,NC_047563.1 10585556 10593681,12,0.22062329182438575,0.37900037905192174
NC_047562.1,31762603,NC_047562.1 31759075 31764569,5,-0.2205606917672294,0.37913909966140213
NC_047565.1,33340353,NC_047565.1 33339597 33346012,5,-0.2205374322731466,0.37919064946799297
NC_047559.1,53163786,NC_047559.1 53162805 53167705,12,-0.2205244854740792,0.37921934502767274
NC_047562.1,38418329,NC_047562.1 38416039 38422819,12,-0.22045486963275232,0.37937366372312065
NC_047562.1,16984757,NC_047562.1 16932800 17038841,5,0.22045282031840033,0.3793782070034739
NC_047564.1,59453777,NC_047564.1 59452604 59456623,8,-0.22037637448217212,0.37954770715043384
NC_047568.1,18876827,NC_047568.1 18874691 18878718,8,0.22033956509258923,0.379629338055676
NC_047561.1,14205270,NC_047561.1 14144067 14206047,6,0.22032795363723015,0.379655090398469
NC_047561.1,57193425,NC_047561.1 57189499 57193473,5,-0.22028010602194883,0.3797612189511159
NW_022994918.1,18829,NW_022994918.1 4622 19175,13,0.22027268119160698,0.37977768909458587
NC_047565.1,11877487,NC_047565.1 11876063 11879365,21,-0.22026821886101303,0.37978758785826283
NC_047562.1,2921786,NC_047562.1 2911329 2925329,9,-0.2202639411804,0.3797970771482895
NC_047559.1,20898417,NC_047559.1 20895963 20898988,12,0.2202268040928798,0.3798794648429593
NC_047565.1,11121124,NC_047565.1 11116846 11125113,10,-0.2201470591601292,0.38005641047339866
NC_047560.1,54252039,NC_047560.1 53957867 54344220,18,-0.22010460084226527,0.3801506396695611
NC_047564.1,6049092,NC_047564.1 6048422 6050476,5,-0.22008161016504665,0.3802016690730071
NW_022994997.1,155413,NW_022994997.1 151322 156367,9,0.2200161392985215,0.3803470070166999
NC_047564.1,27722924,NC_047564.1 27717825 27740684,10,-0.2200091201347617,0.3803625905973739
NC_047562.1,47845518,NC_047562.1 47845212 47848626,15,-0.21999965817972725,0.380383598095941
NC_047560.1,51429127,NC_047560.1 51426322 51429714,5,0.21991587723147876,0.3805696372093895
NC_047566.1,4240388,NC_047566.1 4235609 4240776,8,0.21990939144292831,0.38058404127854617
NC_047562.1,49673523,NC_047562.1 49673166 49685568,3,-0.21989946991902937,0.3806060762413255
NC_047562.1,42305652,NC_047562.1 42301980 42312003,19,-0.21971905449754092,0.3810068887540178
NC_047568.1,45975662,NC_047568.1 45894380 45978066,5,-0.21970341076855157,0.38104165401802004
NC_047568.1,51588550,NC_047568.1 51585233 51605750,4,-0.21969429607555746,0.3810619105301508
NC_047566.1,37289796,NC_047566.1 37283649 37290491,7,-0.21964486497941732,0.3811717766905063
NC_047559.1,41317502,NC_047559.1 41313435 41319811,7,-0.21963973451162971,0.381183180736303
NC_047561.1,50325260,NC_047561.1 50324046 50327493,3,-0.21962287951298157,0.3812206474958797
NC_047561.1,39468493,NC_047561.1 39464092 39474663,16,0.2195572407181673,0.3813665745702607
NC_047560.1,62882239,NC_047560.1 62653127 63119960,3,-0.21946827206665567,0.3815644175770089
NC_047560.1,70703046,NC_047560.1 70595196 71158665,6,0.21944802924392193,0.3816094402554304
NC_047561.1,5164772,NC_047561.1 5162322 5167369,14,0.2194294104588774,0.38165085345941385
NC_047565.1,529868,NC_047565.1 527431 532111,4,-0.219304297563441,0.38192920285579257
NC_047562.1,29271847,NC_047562.1 29264397 29276303,11,-0.219181891970149,0.3822016378115667
NC_047566.1,46268591,NC_047566.1 46262962 46273363,5,0.21907509165786773,0.3824394283261402
NC_047568.1,31688123,NC_047568.1 31686410 31700305,3,-0.21893667977594747,0.3827477236339678
NC_047561.1,6359178,NC_047561.1 6355699 6359942,16,-0.21891574786647727,0.38279435882963664
NC_047565.1,58341727,NC_047565.1 58337606 58364917,6,-0.21886236879231769,0.38291329882976566
NC_047566.1,43247891,NC_047566.1 43241500 43253851,5,-0.2188563368977381,0.38292674046672126
NC_047561.1,14075971,NC_047561.1 14068131 14076883,21,-0.21881149858617707,0.383026667551024
NC_047565.1,58801777,NC_047565.1 58800332 58804823,20,-0.2187925516440632,0.3830688972182149
NC_047568.1,10806539,NC_047568.1 10796769 10807335,15,-0.21876962304674075,0.3831200047928023
NC_047566.1,46088722,NC_047566.1 46043317 46093089,6,0.21876357663626408,0.383133482798966
NC_047562.1,33932441,NC_047562.1 33773323 33944877,4,0.21873832333366142,0.38318977757142303
NC_047566.1,21190283,NC_047566.1 21182106 21190726,5,0.2187315191972078,0.38320494616409284
NC_047568.1,49213502,NC_047568.1 49205145 49222608,6,-0.21872156697314213,0.3832271334470423
NC_047568.1,53024544,NC_047568.1 53015487 53041984,3,0.21868788792113333,0.38330222209827003
NC_047560.1,70735394,NC_047560.1 70595196 71158665,8,-0.21850171161053017,0.3837174555544901
NC_047564.1,41655184,NC_047564.1 41652027 41655782,3,-0.21846084477603578,0.38380863507975416
NW_022994946.1,138921,NW_022994946.1 121566 154910,5,0.21833408353054096,0.3840915329762179
NC_047564.1,57435590,NC_047564.1 57417761 57437483,3,0.21829607309191654,0.3841763847562818
NC_047562.1,17056412,NC_047562.1 17054166 17098627,12,0.2181999037452971,0.38439111253722213
NC_047560.1,18821490,NC_047560.1 18807551 18945840,12,0.21803679151940028,0.38475546244005954
NC_047560.1,58665949,NC_047560.1 58663856 58666988,8,-0.2179742341615262,0.38489524970709743
NC_047565.1,7614335,NC_047565.1 7612685 7616240,15,-0.2179304182719165,0.38499317499496466
NW_022994937.1,177429,NW_022994937.1 174248 191381,18,0.21790641692258547,0.38504682207061436
NC_047568.1,7229838,NC_047568.1 7196069 7261030,6,-0.21784775430574976,0.3851779602998363
NC_047559.1,40682087,NC_047559.1 40676370 40685499,3,-0.21774276112475507,0.3854127303828597
NC_047565.1,54158179,NC_047565.1 54157274 54162037,10,-0.21766290462914634,0.38559134638468273
NC_047565.1,3697737,NC_047565.1 3687847 3716202,10,0.21748024805744912,0.3860000681238148
NC_047562.1,9270775,NC_047562.1 9261120 9307537,8,-0.2173932735292351,0.38619477068315733
NC_047561.1,49430316,NC_047561.1 49427134 49443948,8,-0.21739139142455602,0.3861989845906546
NC_047559.1,53164741,NC_047559.1 53162805 53167705,5,0.21730726648303203,0.38638736062584444
NC_047567.1,4534044,NC_047567.1 4501061 4774726,3,-0.2172754954930922,0.38645851670152676
NC_047566.1,5808518,NC_047566.1 5703482 5813652,9,-0.21723733786744664,0.3865439861816713
NC_047560.1,304298,NC_047560.1 303744 305060,6,0.2172041937588078,0.3866182343056179
NC_047568.1,6883601,NC_047568.1 6861982 6890466,18,-0.21718534150573546,0.3866604698830979
NC_047563.1,2101090,NC_047563.1 1808080 2151853,18,-0.21717824741187838,0.3866763637687858
NC_047561.1,41881016,NC_047561.1 41846589 41881978,3,0.21714930160344909,0.386741218820587
NC_047566.1,48169053,NC_047566.1 48168295 48177443,4,-0.21712141426598525,0.38680370796149854
NC_047563.1,30141582,NC_047563.1 30073419 30628537,9,0.2170254399754416,0.3870188068693867
NC_047568.1,39324703,NC_047568.1 39324557 39328278,7,0.21698927878361962,0.3870998689089662
NC_047568.1,51249962,NC_047568.1 51238373 51261653,19,0.2169698480055657,0.38714343047325306
NC_047561.1,51356399,NC_047561.1 51353930 51359112,9,-0.21695217661222654,0.38718305004264975
NC_047561.1,54059665,NC_047561.1 54056901 54061922,18,-0.21691840000789783,0.38725878398267777
NC_047564.1,10360930,NC_047564.1 10359363 10362690,13,-0.216890392357507,0.387321588950455
NC_047563.1,3802105,NC_047563.1 3801905 3808208,6,-0.21682916575325312,0.3874589043461685
NC_047566.1,26753277,NC_047566.1 26750803 26753960,5,-0.21675474994653565,0.3876258357612492
NC_047562.1,28239656,NC_047562.1 28234576 28247869,4,0.2167294275843754,0.3876826485442111
NC_047564.1,45024937,NC_047564.1 45008681 45045721,11,-0.21668908083518063,0.3877731792269198
NC_047561.1,42681759,NC_047561.1 42679672 42682719,4,0.21665873325707313,0.38784128127132833
NC_047564.1,1652946,NC_047564.1 1645740 1657686,17,-0.21665114579604636,0.38785830908160424
NC_047566.1,24238898,NC_047566.1 24238760 24253232,3,0.21664717545632498,0.3878672194977044
NC_047565.1,47298287,NC_047565.1 47297347 47299660,15,-0.21655532846950512,0.3880733780883633
NC_047568.1,21586669,NC_047568.1 21577363 21593762,4,-0.21653365846234177,0.38812202709717447
NC_047567.1,8997163,NC_047567.1 8966856 8999331,3,-0.21645141583056987,0.38830669171971066
NC_047559.1,22277957,NC_047559.1 22267553 22279149,3,0.2163276853496999,0.3885846026278559
NC_047565.1,44207095,NC_047565.1 44197946 44215690,10,-0.21622160650000133,0.3888229532293306
NC_047563.1,9351965,NC_047563.1 9351892 9353547,9,-0.2161761963233517,0.3889250107732435
NC_047566.1,1386484,NC_047566.1 1354633 1414618,6,-0.21617369066617811,0.3889306425652467
NC_047568.1,42034704,NC_047568.1 42027682 42035472,3,-0.21611211059958166,0.38906906589366297
NC_047566.1,5986836,NC_047566.1 5983895 5990072,21,-0.2159912919946448,0.3893407277383829
NC_047568.1,49129506,NC_047568.1 49108627 49135358,15,-0.21597353649263573,0.3893806599388552
NC_047565.1,58476641,NC_047565.1 58466399 58477659,3,-0.21596700791366308,0.38939534330652037
NC_047565.1,24077383,NC_047565.1 24076130 24083218,11,-0.2159412940778353,0.38945317901796406
NC_047564.1,38273407,NC_047564.1 38265491 38279136,4,-0.21593139015755564,0.38947545623201163
NC_047560.1,27219431,NC_047560.1 27216409 27221733,5,-0.21592992892424737,0.3894787430914397
NC_047568.1,39034736,NC_047568.1 39029333 39037156,4,0.21592760401723013,0.38948397270698176
NC_047560.1,51144165,NC_047560.1 50935047 51246957,9,0.2159037428936273,0.3895376478356536
NC_047562.1,46700597,NC_047562.1 46700185 46710772,9,0.21585920790931667,0.3896378392698806
NC_047559.1,600853,NC_047559.1 596479 618239,3,-0.21577536992455743,0.38982648999292036
NC_047562.1,13248056,NC_047562.1 13246768 13275546,3,0.21572542028521083,0.38993890959692146
NC_047560.1,27217165,NC_047560.1 27216409 27221733,4,-0.21567146120050287,0.390060373082454
NC_047568.1,7165901,NC_047568.1 7152590 7166056,9,-0.21562215046697086,0.39017139114430777
NC_047560.1,4299595,NC_047560.1 4297418 4309693,3,-0.2156196206282795,0.39017708728423883
NC_047568.1,53576988,NC_047568.1 53575212 53582134,6,-0.21561389277010304,0.3901899841967045
NC_047564.1,38612500,NC_047564.1 38609653 38683906,12,0.21553006816610104,0.3903787514086139
NC_047568.1,20513648,NC_047568.1 20484265 20520958,3,0.21538476211648264,0.3907060892234038
NC_047567.1,25318993,NC_047567.1 25318773 25334066,3,0.2151209566450925,0.39130076075014275
NC_047565.1,7464258,NC_047565.1 7460923 7471247,20,-0.2150607279447687,0.3914365980678626
NC_047566.1,44584272,NC_047566.1 44582742 44589929,3,0.2150454184077824,0.3914711306812926
NC_047568.1,47603026,NC_047568.1 47589848 47605010,6,-0.21502869921514858,0.3915088448592823
NC_047565.1,13484561,NC_047565.1 13473578 13503028,6,-0.21496016185599678,0.39166346823156817
NC_047564.1,27581406,NC_047564.1 27573475 27587489,4,0.2149546344813471,0.3916759396952695
NC_047561.1,55450167,NC_047561.1 55442541 55490447,11,-0.21492741541054314,0.39173735749513194
NW_022994958.1,122453,NW_022994958.1 105286 123087,10,0.2146878341946596,0.39227818209352117
NC_047566.1,45832891,NC_047566.1 45829944 45885395,7,0.21456753186909014,0.3925499035720288
NC_047562.1,28956340,NC_047562.1 28929402 28967220,10,0.2145645450180581,0.39255665114866733
NC_047568.1,45202902,NC_047568.1 45193273 45212390,13,-0.2144751474567485,0.39275863799873734
NW_022994935.1,36271,NW_022994935.1 36266 43220,9,-0.21443047953033395,0.3928595830076218
NC_047559.1,50875111,NC_047559.1 50873178 50881857,3,-0.21441906603287392,0.3928853786369314
NC_047564.1,46527378,NC_047564.1 46527100 46543004,19,0.21440141194860982,0.39292528043225616
NC_047563.1,8595378,NC_047563.1 8539299 8599653,7,0.2143618587251644,0.39301468674965045
NC_047564.1,54403608,NC_047564.1 54363989 54410301,3,-0.2142985829630191,0.39315773875327253
NC_047562.1,16440950,NC_047562.1 16439666 16451024,14,-0.21419542790404106,0.39339100974238483
NC_047560.1,71935167,NC_047560.1 71921522 71989278,11,-0.21416086883247426,0.3934691772495432
NC_047564.1,9674141,NC_047564.1 9673878 9678524,14,-0.21414522659364407,0.3935045604704819
NC_047561.1,13535710,NC_047561.1 13531174 13578605,7,-0.21413224909328307,0.39353391729175224
NC_047566.1,10973750,NC_047566.1 10962607 10979829,14,0.21412094072007157,0.39355949930276457
NC_047568.1,56422081,NC_047568.1 56418479 56423598,19,-0.21408617982412873,0.39363814173527634
NC_047562.1,29766197,NC_047562.1 29758286 29767613,10,0.21399716410331482,0.3938395684691637
NC_047561.1,715753,NC_047561.1 711675 731701,12,0.21397484586180016,0.3938900795060898
NC_047562.1,15092592,NC_047562.1 15051011 15094597,15,0.21382934581086283,0.3942194645224699
NC_047561.1,56447891,NC_047561.1 56426678 56448482,4,-0.21360012976435724,0.3947386719989683
NC_047564.1,38905482,NC_047564.1 38898145 38906216,16,-0.21357193292356325,0.3948025676893743
NC_047564.1,54976993,NC_047564.1 54975795 54977492,16,-0.2133074382238343,0.3954022029170061
NC_047568.1,5880527,NC_047568.1 5878345 5888105,11,-0.21330105842210406,0.3954166726808451
NC_047565.1,32493025,NC_047565.1 32491186 32505581,5,0.21324047735295543,0.395554088484271
NC_047566.1,7970953,NC_047566.1 7929424 7972433,3,-0.21322175860966228,0.3955965534028454
NC_047564.1,29065721,NC_047564.1 29065644 29180332,3,-0.2132124682052915,0.39561763032761
NC_047565.1,20954973,NC_047565.1 20916674 20966583,8,-0.21315096965140037,0.39575716611167977
NC_047563.1,65417466,NC_047563.1 65415009 65428027,15,0.2130447060572,0.39599833377180793
NC_047564.1,55328103,NC_047564.1 55323384 55328510,3,0.21300409752158211,0.3960905169238822
NC_047563.1,10054656,NC_047563.1 10051485 10059441,21,-0.2130010334990306,0.3960974728635821
NC_047561.1,12320507,NC_047561.1 12284199 12332459,6,-0.21295559616638002,0.39620063244629367
NC_047564.1,37856917,NC_047564.1 37851279 37912830,3,-0.21291541501579048,0.39629187074520755
NC_047564.1,52822258,NC_047564.1 52802490 52843628,21,0.21284672272714145,0.3964478750604348
NC_047561.1,7041996,NC_047561.1 7035757 7052589,17,0.21276020421566283,0.3966444113981986
NC_047566.1,45870225,NC_047566.1 45829944 45885395,4,0.21274647064987326,0.3966756135868017
NC_047564.1,37420547,NC_047564.1 37415854 37428653,5,-0.21271700307671476,0.39674256740990577
NC_047560.1,67089094,NC_047560.1 66884921 67480608,6,-0.21265229153778545,0.39688962130228056
NC_047568.1,42227537,NC_047568.1 42224279 42237470,8,-0.21259643925371796,0.39701656681929254
NC_047566.1,25235068,NC_047566.1 25234293 25240015,4,0.2125557821055741,0.39710898952349105
NC_047559.1,36995711,NC_047559.1 36992635 36997959,5,0.2123819175107229,0.3975043543804695
NC_047559.1,7126681,NC_047559.1 7124423 7128792,11,-0.21233092250920782,0.397620356676721
NC_047561.1,45223775,NC_047561.1 45217176 45268546,15,-0.21232766280911983,0.39762777239629665
NC_047566.1,57595319,NC_047566.1 57594731 57610163,17,-0.21228376585103154,0.39772764398418325
NC_047559.1,26468634,NC_047559.1 26467475 26468672,19,-0.2122775427584335,0.39774180347595733
NC_047565.1,48271101,NC_047565.1 48241763 48281629,4,-0.21221865881730517,0.39787579652427507
NC_047567.1,24151880,NC_047567.1 24139347 24153069,4,0.21217005113595197,0.39798642397976003
NC_047559.1,31618209,NC_047559.1 31615571 31635363,20,0.21215726115206476,0.3980155358084274
NC_047568.1,12482916,NC_047568.1 12482264 12484560,10,0.21212141373058283,0.3980971358271821
NC_047565.1,12341044,NC_047565.1 12340468 12347855,17,-0.21211498595677838,0.39811176842611584
NC_047561.1,55450804,NC_047561.1 55446431 55473342,4,-0.21199037121178962,0.39839550726320805
NC_047559.1,37021267,NC_047559.1 37017890 37023665,13,-0.21198360361483168,0.3984109197425848
NC_047559.1,2140834,NC_047559.1 2091473 2156950,9,0.2118963335283463,0.3986096970823676
NC_047566.1,25229331,NC_047566.1 25223632 25233402,5,0.21185054186245436,0.3987140195044464
NC_047568.1,56564535,NC_047568.1 56560954 56584182,10,-0.21183981957384848,0.39873844913056433
NC_047565.1,4335322,NC_047565.1 4323374 4336491,5,-0.21179354874273248,0.3988438817640625
NC_047559.1,12317005,NC_047559.1 12285619 12320498,8,0.21178590654692905,0.39886129671518245
NC_047563.1,20303607,NC_047563.1 20294697 20355501,21,-0.21173924465542227,0.3989676382787837
NC_047566.1,14378383,NC_047566.1 14316674 14384458,3,-0.2116057102053081,0.399272045847163
NC_047568.1,19983038,NC_047568.1 19952716 19984416,6,-0.21157633533971787,0.3993390262475971
NC_047568.1,32307735,NC_047568.1 32143813 32338882,8,0.21150372991676936,0.39950460689447953
NC_047565.1,11954531,NC_047565.1 11950991 11962310,4,0.2114877978195575,0.39954094590201406
NC_047564.1,44860590,NC_047564.1 44853341 44872424,10,0.21144786655038592,0.3996320317330897
NC_047568.1,42226901,NC_047568.1 42224279 42237470,11,0.21142511736247246,0.39968392915547524
NC_047565.1,22791973,NC_047565.1 22784539 22794654,19,0.2113093149215987,0.3999481644404531
NC_047560.1,51545359,NC_047560.1 51538144 51547596,7,0.21130583996486071,0.3999560949796739
NC_047559.1,53902830,NC_047559.1 53885641 53906150,7,0.21130414226805122,0.3999599694909196
NW_022994829.1,220352,NW_022994829.1 109708 243958,6,0.21124835367721953,0.4000873024511493
NC_047560.1,51046166,NC_047560.1 50992354 51073373,12,0.2112272450041173,0.4001354870304672
NC_047564.1,38832131,NC_047564.1 38825514 38847717,4,-0.21110673141796402,0.40041064260917825
NC_047568.1,24032179,NC_047568.1 24018683 24052668,3,-0.21100348245640588,0.40064646134821424
NW_022994919.1,19732,NW_022994919.1 14355 31002,3,-0.21089424316785033,0.40089604385189326
NC_047562.1,51836564,NC_047562.1 51835175 51837263,8,0.21079163791264166,0.40113054610643584
NC_047563.1,61879646,NC_047563.1 61873963 61883158,9,-0.21077832526095502,0.4011609773523449
NC_047560.1,70766148,NC_047560.1 70388123 71110591,3,-0.2106277391646433,0.401505287579501
NW_022994923.1,7816,NW_022994923.1 4902 29989,4,-0.2105634625087238,0.40165230280290354
NC_047568.1,44470805,NC_047568.1 44460764 44474174,6,0.21043080774782363,0.4019558063502813
NC_047562.1,45733594,NC_047562.1 45716336 45757148,4,-0.2104249422568933,0.40196922899316
NC_047561.1,19797624,NC_047561.1 19796514 19800293,8,0.2103844199073066,0.4020619673367436
NC_047565.1,23172177,NC_047565.1 23168559 23173243,8,0.2103786083043752,0.4020752685623036
NC_047566.1,57595382,NC_047566.1 57594731 57610163,15,-0.21017707011484935,0.4025366836501736
NC_047565.1,61713208,NC_047565.1 61670769 61721276,6,0.2100390230290141,0.4028529031950787
NC_047559.1,16980887,NC_047559.1 16974864 16997549,6,-0.21002378730319893,0.4028878113605775
NC_047565.1,47028630,NC_047565.1 47013506 47035252,8,0.2100201254832691,0.4028962015832067
NC_047568.1,620535,NC_047568.1 598086 621648,3,-0.2099328645600506,0.40309616798281245
NC_047566.1,7712742,NC_047566.1 7674237 7715471,5,-0.20990045670298196,0.40317044722079276
NC_047568.1,18554319,NC_047568.1 18545570 18565948,5,-0.20985039317884996,0.40328520802752743
NC_047559.1,46856380,NC_047559.1 46851668 46870543,5,0.20979950681783233,0.4034018731222502
NC_047559.1,27544785,NC_047559.1 27539857 27562791,4,-0.20970477964694376,0.40361909884593683
NC_047568.1,44665994,NC_047568.1 44640712 44674764,3,-0.20968382956939466,0.4036671495181212
NC_047566.1,44389617,NC_047566.1 44376124 44390610,3,-0.20958017448460953,0.4039049361942856
NC_047560.1,27222574,NC_047560.1 27222493 27224722,4,-0.20944939366729684,0.40420505774090687
NC_047566.1,558910,NC_047566.1 548236 559326,7,-0.2093704949469836,0.40438617620872697
NC_047562.1,47474031,NC_047562.1 47471525 47474064,14,-0.20934850747362918,0.4044366580591918
NC_047565.1,15048867,NC_047565.1 15048450 15051907,8,-0.20933747702257238,0.40446198455992144
NC_047559.1,9840529,NC_047559.1 9837203 9852186,8,-0.2092451242363306,0.4046740650505981
NC_047559.1,29293809,NC_047559.1 29287880 29305354,7,-0.20923968197013504,0.40468656463471664
NC_047559.1,31876358,NC_047559.1 31850203 31884767,6,0.20922015936201666,0.40473140511201455
NC_047565.1,8298431,NC_047565.1 8296702 8304488,6,0.20919885200995564,0.4047803479366475
NC_047560.1,47539965,NC_047560.1 47539520 47545563,5,0.20905155376827267,0.4051187782273237
NC_047568.1,4253161,NC_047568.1 4230420 4260277,4,0.20905091367564113,0.4051202492278545
NC_047568.1,32944255,NC_047568.1 32939166 32947306,14,0.20897233577054455,0.4053008514492019
NC_047568.1,2399775,NC_047568.1 2391573 2400964,3,0.20872099696562543,0.4058788161224781
NC_047560.1,51478852,NC_047560.1 51477413 51487927,9,0.2086970829438877,0.40593383060594923
NC_047562.1,11549004,NC_047562.1 11542596 11573326,8,-0.2086528638505005,0.4060355677280827
NC_047563.1,9351927,NC_047563.1 9351892 9353547,9,-0.20864078347098042,0.40606336406274113
NC_047568.1,4098427,NC_047568.1 4093615 4101437,4,0.20858456839075296,0.40619272557241926
NC_047562.1,45746668,NC_047562.1 45716336 45757148,19,-0.20857831889912512,0.4062071082036458
NC_047563.1,69725328,NC_047563.1 69712734 69731856,21,-0.20851728223377844,0.4063475929124556
NC_047565.1,38280854,NC_047565.1 38277728 38299061,13,-0.20825916696951385,0.4069419718231694
NC_047559.1,42582457,NC_047559.1 42581789 42586472,3,-0.2082497728129426,0.4069636131860741
NC_047559.1,36309385,NC_047559.1 36306990 36316849,7,-0.20823431600976358,0.4069992224450707
NC_047559.1,52966256,NC_047559.1 52961431 53010809,5,0.20818843710048332,0.407104927785804
NC_047560.1,27783140,NC_047560.1 27779829 27785852,3,0.20816598068395373,0.4071566729193353
NC_047563.1,6162867,NC_047563.1 6158831 6185263,3,0.20807638576790033,0.4073631569829388
NC_047561.1,30505566,NC_047561.1 30505424 30521154,3,0.20803120935166167,0.4074672937434306
NC_047559.1,50865168,NC_047559.1 50864404 50867354,13,-0.2080075154094233,0.40752191669200044
NC_047565.1,45451535,NC_047565.1 45449962 45452135,4,-0.20797517887466757,0.40759647024161394
NC_047564.1,19168843,NC_047564.1 19129765 19173401,7,-0.20796936902177385,0.40760986593484294
NC_047559.1,29468349,NC_047559.1 29453716 29476072,21,-0.20796045367995308,0.40763042236925295
NC_047560.1,67089094,NC_047560.1 67009164 67093916,6,-0.20794429062477993,0.40766769154729476
NC_047560.1,55348593,NC_047560.1 55300845 55435494,7,0.20793568686535857,0.4076875310591297
NC_047561.1,5979197,NC_047561.1 5977831 5984272,10,-0.2077863946172737,0.4080318685275165
NC_047561.1,56018349,NC_047561.1 56012715 56027833,8,-0.20774259298763,0.4081329251528293
NC_047561.1,51269942,NC_047561.1 51266171 51272062,6,-0.2077005032342378,0.40823004491164394
NC_047564.1,14055966,NC_047564.1 14054388 14058818,4,0.20765634180810494,0.4083319582950734
NC_047568.1,44321256,NC_047568.1 44319352 44325350,5,0.20765321038914258,0.40833918533593094
NC_047561.1,56022387,NC_047561.1 56012715 56027833,14,0.20760033605154332,0.4084612250603238
NC_047564.1,8943373,NC_047564.1 8900080 8944234,13,-0.20752787530913758,0.4086285041742187
NC_047559.1,14762427,NC_047559.1 14761494 14770293,10,-0.20731635218837824,0.4091170260033056
NC_047562.1,45739335,NC_047562.1 45716336 45757148,13,0.2072833289334522,0.4091933229393353
NC_047568.1,36116309,NC_047568.1 36102426 36135503,7,-0.20723855560018006,0.4092967794608695
NW_022994810.1,8540,NW_022994810.1 1715 23271,7,-0.2070871298211823,0.4096467789385476
NW_022994949.1,115449,NW_022994949.1 103085 120679,8,-0.20707820293930299,0.4096674171883601
NC_047561.1,16632646,NC_047561.1 16627301 16640684,12,-0.20707268957622726,0.40968016392955153
NC_047564.1,49358291,NC_047564.1 49356177 49362976,7,-0.2070265368812009,0.4097868760182093
NC_047561.1,3720903,NC_047561.1 3696117 3751773,4,0.20701641924899197,0.40981027152435057
NC_047565.1,1459228,NC_047565.1 1456555 1473690,3,-0.20695707469512825,0.40994751133047647
NC_047562.1,50422967,NC_047562.1 50415953 50453033,8,-0.20694573398824,0.4099737405772008
NC_047563.1,26355638,NC_047563.1 26346390 26357608,6,0.20692333559287712,0.41002554713941963
NC_047565.1,54069919,NC_047565.1 54049465 54073057,4,0.2068593435082031,0.410173577534649
NC_047564.1,39662053,NC_047564.1 39661515 39674140,19,-0.20674251895975226,0.4104438971335499
NC_047560.1,70787381,NC_047560.1 70690070 71346242,5,0.20666897548034938,0.4106141179208569
NC_047561.1,24351968,NC_047561.1 24344014 24362615,6,0.2066162206648674,0.4107362454090391
NC_047566.1,51847396,NC_047566.1 51846346 51850026,8,0.2065633516773841,0.41085865673813726
NC_047561.1,15846974,NC_047561.1 15836960 15849866,10,0.20644892409663326,0.41112366600765593
NW_022994955.1,185762,NW_022994955.1 175248 195509,4,0.2063884852243442,0.41126367674594944
NC_047568.1,14934473,NC_047568.1 14928137 14941853,14,-0.20627148916544735,0.41153477860622034
NC_047564.1,56097663,NC_047564.1 56094815 56098974,15,-0.20620459625217605,0.4116898250544063
NC_047564.1,36900338,NC_047564.1 36895709 36901141,21,-0.20620344985546551,0.41169248248048873
NC_047559.1,50414009,NC_047559.1 50370066 50421410,16,-0.20619143037734042,0.4117203450068986
NC_047566.1,25235123,NC_047566.1 25234293 25240015,20,-0.20616833325557055,0.4117738896138631
NC_047561.1,32206885,NC_047561.1 32195960 32208343,6,0.2061309743101275,0.4118605044030358
NC_047568.1,43169918,NC_047568.1 43160210 43173334,6,-0.20610677874482397,0.4119166057777123
NC_047565.1,17063011,NC_047565.1 17060493 17075470,11,-0.2060985010671556,0.4119357998661243
NC_047559.1,21613354,NC_047559.1 21612358 21620186,7,-0.20608341456109114,0.41197078334054404
NC_047559.1,10044323,NC_047559.1 10043017 10047742,15,-0.20608275876190607,0.41197230408219554
NC_047568.1,43626582,NC_047568.1 43622763 43626892,14,-0.2060404839257779,0.41207034211506155
NC_047566.1,7937416,NC_047566.1 7929424 7972433,11,0.20597363422811432,0.4122253962969684
NC_047560.1,54239300,NC_047560.1 53957867 54344220,3,-0.20593233600788977,0.4123212008379825
NC_047560.1,33395211,NC_047560.1 33394689 33402640,6,0.20588956152176877,0.41242044261309463
NC_047560.1,51050278,NC_047560.1 50992354 51073373,3,-0.20586012492034866,0.4124887463697674
NC_047563.1,73354319,NC_047563.1 73351602 73355280,18,0.20584260195148674,0.41252940898451185
NC_047562.1,3555464,NC_047562.1 3549092 3558386,6,0.20583308968629657,0.4125514834008145
NC_047565.1,41333674,NC_047565.1 41330360 41334938,4,0.20573951552195385,0.41276866778102117
NC_047568.1,42444631,NC_047568.1 42426420 42445046,7,-0.2057353633545376,0.4127783063225018
NC_047564.1,42017005,NC_047564.1 42013024 42020901,8,0.20570471469009885,0.41284945564126185
NC_047568.1,6515096,NC_047568.1 6514219 6547105,10,0.20557190941867146,0.4131578321038396
NC_047565.1,10430936,NC_047565.1 10423417 10433584,8,-0.20556305366463298,0.41317839971765913
NW_022994956.1,131946,NW_022994956.1 122999 133255,3,-0.2055607867504618,0.41318366474582024
NC_047561.1,49761044,NC_047561.1 49734890 49767198,10,0.2055550325079631,0.41319702943967973
NC_047559.1,29068406,NC_047559.1 29051058 29072731,6,0.20555372568613942,0.4132000646713171
NC_047565.1,45869445,NC_047565.1 45864743 45874347,5,-0.20553848523602083,0.4132354631055144
NC_047566.1,24807328,NC_047566.1 24796878 24807703,6,0.20546663814868862,0.4134023615299336
NC_047560.1,70735490,NC_047560.1 70388123 71110591,6,0.20540307011857772,0.4135500580073672
NC_047565.1,5514571,NC_047565.1 5463391 5530511,4,-0.20540109937805093,0.41355463735447096
NC_047561.1,5444293,NC_047561.1 5443907 5458161,6,-0.20517978658910005,0.414069067185982
NC_047568.1,41530292,NC_047568.1 41528753 41530754,8,0.20506677712247312,0.4143318834252334
NC_047565.1,6159054,NC_047565.1 6151868 6160300,7,0.2050640417594285,0.4143382459236
NC_047568.1,16989212,NC_047568.1 16975093 16996711,14,-0.20492100566383786,0.41467102284480084
NC_047565.1,31395189,NC_047565.1 31381941 31447938,3,-0.20487880196971306,0.41476923799732823
NC_047561.1,34290709,NC_047561.1 34270972 34291569,12,-0.2048420650591486,0.41485474112119225
NC_047561.1,18125401,NC_047561.1 18123367 18129816,8,-0.20470591808482275,0.415171697651443
NC_047561.1,31098459,NC_047561.1 31089120 31099581,11,0.20458472073042405,0.41545395938729224
NC_047561.1,30660349,NC_047561.1 30655665 30663235,7,-0.20449105198512135,0.4156721786331754
NC_047566.1,25234592,NC_047566.1 25234293 25240015,19,0.20446963590340045,0.4157220800685463
NC_047563.1,9689031,NC_047563.1 9686781 9690153,16,0.2044634227964736,0.4157365577752561
NC_047568.1,4747634,NC_047568.1 4714210 4754820,3,0.20444152338947413,0.4157875896517126
NC_047561.1,34726133,NC_047561.1 34719582 34773310,3,-0.20440802358617408,0.4158656602257096
NC_047559.1,51134810,NC_047559.1 51130411 51234319,12,0.20439697032714033,0.4158914213229734
NC_047564.1,35197656,NC_047564.1 35191422 35199078,6,-0.2043739988890755,0.4159449620491189
NC_047563.1,18936207,NC_047563.1 18932088 18936903,7,-0.20437312467394578,0.4159469997003601
NC_047562.1,36557419,NC_047562.1 36547651 36559878,11,0.20434719379152955,0.4160074427279916
NC_047560.1,44284573,NC_047560.1 44283963 44284878,5,0.204304250396569,0.4161075509941885
NC_047568.1,5376006,NC_047568.1 5361939 5427662,13,0.2042872608174136,0.4161471600995127
NC_047567.1,4533723,NC_047567.1 4527016 4840096,3,0.20421624044888245,0.4163127570622944
NC_047565.1,57950253,NC_047565.1 57918754 57961599,10,-0.2042114232037756,0.4163239906201409
NW_022994904.1,31131,NW_022994904.1 14339 68136,3,0.20416276759243066,0.41643746195256637
NC_047560.1,70827425,NC_047560.1 70595196 71158665,5,-0.20413850636527042,0.4164940485020344
NC_047559.1,50271899,NC_047559.1 50265501 50288721,6,-0.20412559681540193,0.41652416022589933
NC_047568.1,1408251,NC_047568.1 1400213 1413381,4,0.20409275773470456,0.4166007631121782
NC_047564.1,19435504,NC_047564.1 19428620 19450042,16,-0.2040869755652057,0.4166142518081598
NC_047559.1,5026336,NC_047559.1 5022296 5033938,8,0.20408340563292746,0.4166225798937534
NC_047566.1,24303257,NC_047566.1 24297809 24404515,3,-0.2040631090812639,0.4166699302130099
NC_047563.1,327931,NC_047563.1 175641 457526,14,-0.2039865243201397,0.4168486224653165
NC_047565.1,23989275,NC_047565.1 23962115 23991459,5,-0.20394745538053244,0.4169397962164979
NC_047568.1,37139294,NC_047568.1 37135625 37140115,14,0.20393243694320026,0.4169748470167387
NC_047567.1,5840121,NC_047567.1 5838039 5841072,3,-0.2038785911147279,0.4171005280660579
NC_047568.1,31181017,NC_047568.1 31173727 31189639,6,-0.20387825757056072,0.41710130665122336
NC_047561.1,53512767,NC_047561.1 53512733 53524202,6,0.20379004028601386,0.41730725756178344
NC_047562.1,28937003,NC_047562.1 28929402 28967220,5,-0.2037123808738126,0.41748860496908913
NC_047559.1,5999504,NC_047559.1 5996677 6000062,11,0.2036581562572327,0.41761525315005066
NC_047559.1,5347061,NC_047559.1 5320973 5359020,8,0.20365733796768423,0.4176171645212039
NC_047560.1,1146616,NC_047560.1 1142811 1152832,5,-0.203588436698227,0.41777812167182726
NC_047559.1,36730898,NC_047559.1 36730328 36734626,12,-0.20358316017604253,0.41779044927710773
NC_047563.1,40496684,NC_047563.1 40471365 40510310,5,-0.20350179097193327,0.4179805776613633
NC_047561.1,24350215,NC_047561.1 24344014 24362615,9,-0.20348389123135335,0.4180224086086145
NC_047565.1,52939389,NC_047565.1 52908994 52950531,16,0.20347862467077293,0.418034716764742
NC_047564.1,36900255,NC_047564.1 36895709 36901141,16,-0.20347797606093576,0.4180362326043847
NC_047567.1,17702801,NC_047567.1 17687590 17705161,19,0.20346923580030465,0.4180566593966111
NC_047564.1,7241538,NC_047564.1 7235317 7249831,3,0.20339097202948153,0.41823959266436783
NC_047559.1,35299646,NC_047559.1 35296900 35311135,3,-0.20328665780957922,0.4184834822168727
NC_047561.1,34134604,NC_047561.1 34133231 34157897,7,-0.20322054186232316,0.4186381022564225
NC_047565.1,48157052,NC_047565.1 48150933 48170802,19,0.20321196136310496,0.4186581710031192
NC_047564.1,53588355,NC_047564.1 53585499 53599079,7,-0.20320728209000996,0.4186691154705289
NC_047565.1,55744227,NC_047565.1 55741038 55760777,7,-0.20312519891750294,0.41886112654323615
NC_047565.1,48426595,NC_047565.1 48417952 48426905,4,0.20304702999542015,0.4190440247640096
NC_047565.1,52204375,NC_047565.1 52202888 52210193,5,0.2029988489200612,0.41915677908566473
NC_047564.1,53730082,NC_047564.1 53725853 53731659,3,-0.2029943599679672,0.41916728504176715
NC_047561.1,8956634,NC_047561.1 8953262 8962473,6,0.2028639518197211,0.41947255365046654
NC_047568.1,53075749,NC_047568.1 53072037 53077896,6,0.20283611030773036,0.4195377423078517
NW_022994989.1,74195,NW_022994989.1 72111 79951,5,-0.2027926775429269,0.41963944736090053
NC_047559.1,3626488,NC_047559.1 3605784 3628135,3,-0.20277937184441636,0.4196706074875717
NC_047559.1,30179550,NC_047559.1 30178486 30182341,11,-0.20263048782886636,0.4200193572006844
NC_047568.1,56824776,NC_047568.1 56810577 56860161,10,0.20254116664209015,0.42022865916467744
NC_047561.1,40212183,NC_047561.1 40201879 40213943,3,0.202519341936351,0.4202798083342768
NC_047559.1,43493984,NC_047559.1 43492741 43499503,5,0.20250474778223004,0.4203140135630997
NC_047564.1,3401199,NC_047564.1 3392916 3402255,6,0.20249011638168518,0.4203483075701482
NC_047559.1,26802128,NC_047559.1 26801862 26828108,19,-0.2024475747047497,0.420448027883913
NC_047565.1,17931934,NC_047565.1 17931207 17934253,7,-0.20244435607523545,0.42045557306016546
NW_022994997.1,281335,NW_022994997.1 271927 296848,3,-0.20242435306897938,0.42050246612006537
NC_047564.1,35818860,NC_047564.1 35814025 35820945,9,0.20240498269923804,0.4205478787315826
NC_047559.1,30190615,NC_047559.1 30187925 30190724,9,-0.20239697918630029,0.4205666432222942
NC_047564.1,38489928,NC_047564.1 38466738 38492197,3,-0.20223874156354849,0.42093772746439717
NC_047563.1,7594322,NC_047563.1 7589050 7602893,8,-0.20214653627433124,0.42115403873921
NC_047565.1,40168734,NC_047565.1 40168401 40170439,14,0.2021001771826013,0.4212628182316924
NC_047561.1,24226547,NC_047561.1 24205140 24290503,8,0.20198370201435156,0.42153618753750455
NC_047564.1,18941824,NC_047564.1 18940101 18942918,15,0.20195807719590897,0.421596342045623
NC_047566.1,13537984,NC_047566.1 13523422 13556661,19,0.20188774638768509,0.4217614676443765
NC_047559.1,41510020,NC_047559.1 41509135 41512246,5,-0.20186684156284712,0.42181055546035284
NC_047563.1,61905730,NC_047563.1 61892206 61946023,4,-0.2017681694867387,0.42204229382294356
NC_047559.1,543293,NC_047559.1 543245 544234,6,-0.20175399725948262,0.4220755838340381
NC_047559.1,6383439,NC_047559.1 6381397 6387042,8,-0.20174591316014734,0.42209457369144454
NC_047559.1,12728935,NC_047559.1 12725784 12744257,11,-0.20174418582624148,0.422098631323222
NC_047565.1,25671984,NC_047565.1 25626905 25683502,7,-0.2017293742358855,0.4221334256630813
NC_047559.1,10005683,NC_047559.1 9993439 10015926,17,0.2016390663381858,0.42234560341066607
NC_047560.1,44001163,NC_047560.1 43984502 44478438,15,0.2016303156703091,0.42236616603812227
NC_047563.1,71168955,NC_047563.1 71168331 71171504,5,-0.20162039683955515,0.4223894742960326
NC_047568.1,34603192,NC_047568.1 34601046 34621911,14,-0.20160657796518625,0.42242194839948133
NW_022994867.1,110882,NW_022994867.1 105986 111390,5,-0.2014863762660206,0.42270447589186
NC_047561.1,14918202,NC_047561.1 14896619 15003700,4,0.20148556605111198,0.422706380596381
NC_047565.1,33606646,NC_047565.1 33603644 33607019,17,0.20147133283848506,0.4227398416740309
NW_022994997.1,163867,NW_022994997.1 158794 164701,6,-0.20139512904906,0.42291901414540656
NC_047559.1,33278539,NC_047559.1 33278156 33282120,6,0.20137148622258796,0.422974611974152
NC_047564.1,1621457,NC_047564.1 1604611 1623282,17,0.20133323438735368,0.4230645721311109
NC_047560.1,54958893,NC_047560.1 54872854 54963434,6,-0.20132550790051354,0.42308274440732496
NC_047568.1,44887901,NC_047568.1 44885821 44910779,10,0.20130946554445364,0.42312047647226925
NC_047561.1,19818816,NC_047561.1 19813821 19820007,14,-0.2012711915492369,0.42321050514848557
NC_047563.1,41459732,NC_047563.1 41455117 41460196,8,-0.2012481530751484,0.42326470147836914
NC_047566.1,1358959,NC_047566.1 1354633 1414618,14,-0.20119500576692287,0.4233897406293863
NW_022994991.1,205437,NW_022994991.1 204987 206458,5,-0.20115994885280264,0.4234722293665085
NC_047559.1,45164160,NC_047559.1 45151233 45177195,11,0.2010003361797723,0.4238479044444887
NC_047563.1,18758582,NC_047563.1 18740363 18786437,16,0.20099108484913333,0.42386968438912875
NC_047560.1,18814140,NC_047560.1 18809373 18841895,3,-0.20098935998148265,0.42387374522404997
NC_047568.1,21246889,NC_047568.1 21228707 21247835,3,0.20092702459737688,0.4240205144432694
NC_047566.1,29419871,NC_047566.1 29396943 29446288,7,0.20086945964118166,0.42415607546797307
NC_047561.1,18012442,NC_047561.1 17998811 18015850,5,0.20086564192619014,0.4241650667005301
NC_047568.1,45776664,NC_047568.1 45773586 45779674,3,-0.20080673002216767,0.42430382491387864
NC_047560.1,28489541,NC_047560.1 28487578 28490340,10,0.2007073013808591,0.4245380685825363
NC_047561.1,816114,NC_047561.1 809935 860336,7,-0.20070299036238995,0.4245482264421073
NC_047559.1,17277650,NC_047559.1 17277465 17280165,5,-0.20058875337308546,0.4248174446475409
NC_047565.1,44246141,NC_047565.1 44244564 44256175,10,0.20056557937963085,0.4248720689463137
NC_047561.1,44360334,NC_047561.1 44348859 44406120,6,-0.2005397535118079,0.42493294844221685
NC_047565.1,60536554,NC_047565.1 60524016 60539993,13,0.2005073795428915,0.4250092703182825
NC_047565.1,30674670,NC_047565.1 30665007 30702504,14,-0.2004721251731319,0.4250923909809168
NC_047565.1,13554372,NC_047565.1 13552673 13565696,4,0.2004663659403152,0.4251059705728687
NC_047568.1,9973675,NC_047568.1 9960668 9984391,3,-0.2004015383830124,0.42525884208358344
NC_047564.1,25865385,NC_047564.1 25810888 25865547,6,-0.20036959720440814,0.4253341740426042
NC_047565.1,3561760,NC_047565.1 3546608 3562244,5,-0.2003506762056484,0.4253788017585386
NC_047565.1,18166451,NC_047565.1 18159549 18167642,10,0.20032009009965782,0.42545094841449704
NW_022994924.1,36065,NW_022994924.1 21733 53456,20,0.2002824732982659,0.42553968795008357
NC_047562.1,47015659,NC_047562.1 46998687 47019971,16,0.20023231324406257,0.4256580326905691
NC_047565.1,55585623,NC_047565.1 55580827 55619230,8,-0.20022886789789252,0.4256661620780534
NC_047560.1,4975085,NC_047560.1 4669163 4998151,3,0.20020100222626186,0.42573191488996476
NC_047559.1,54888391,NC_047559.1 54884847 54890203,10,-0.20015745459400727,0.4258346821172784
NC_047559.1,32008913,NC_047559.1 32006507 32036177,5,0.20014721361357152,0.42585885150933944
NC_047568.1,3523633,NC_047568.1 3513249 3550658,11,0.20002064635133918,0.42615761826872833
NC_047563.1,4249519,NC_047563.1 4246745 4250456,11,0.19993222217301312,0.42636641231500283
NC_047561.1,29146945,NC_047561.1 29146865 29148355,17,0.1998406497782023,0.42658269691992645
NC_047565.1,23898388,NC_047565.1 23879889 23899562,19,0.19982317023096713,0.42662398837912285
NC_047559.1,54692943,NC_047559.1 54687185 54694451,3,0.19976298974104087,0.42676616719922267
NC_047562.1,48387873,NC_047562.1 48385004 48400118,19,0.19971633687685914,0.42687640361284174
NC_047559.1,19992123,NC_047559.1 19991237 19998820,4,0.19965355837924173,0.4270247670485142
NC_047561.1,43686789,NC_047561.1 43660313 43686789,3,-0.19962473959192698,0.427092883116853
NC_047561.1,27960000,NC_047561.1 27958084 27967402,7,0.19962305179516635,0.42709687256938866
NC_047568.1,50147717,NC_047568.1 50147368 50158369,5,0.19959185142359764,0.42717062455303023
NC_047563.1,38345379,NC_047563.1 38338011 38346315,5,0.19959130776633874,0.4271719097189256
NW_022994829.1,128331,NW_022994829.1 109708 243958,6,0.1995784573180291,0.427202287828495
NC_047568.1,5115212,NC_047568.1 5096603 5132794,5,-0.19944194029410284,0.42752508048375126
NC_047565.1,22561589,NC_047565.1 22527827 22594197,13,-0.199390715451658,0.42764623400068136
NC_047561.1,55281482,NC_047561.1 55274220 55290305,7,-0.1993600948667875,0.42771866434391215
NC_047566.1,45963103,NC_047566.1 45949296 45984413,6,0.1993332091020393,0.4277822656085486
NC_047565.1,12503967,NC_047565.1 12486623 12511177,6,-0.19932641502118031,0.4277983385485262
NC_047559.1,39164796,NC_047559.1 39156496 39171438,4,-0.19928849987471678,0.4278880412580479
NC_047566.1,8916094,NC_047566.1 8903027 8930152,4,0.19919904453533097,0.42809972107117766
NC_047560.1,62989489,NC_047560.1 62979281 62992469,5,-0.19912209602247216,0.42828184975238426
NC_047563.1,5467957,NC_047563.1 5462013 5482720,3,-0.19910692437130434,0.4283177641869209
NC_047562.1,52855505,NC_047562.1 52851727 52872031,11,-0.19904089375999956,0.4284740907135819
NW_022994945.1,225722,NW_022994945.1 190480 232078,6,0.19897848566378984,0.42862186852124273
NC_047562.1,30420312,NC_047562.1 30418656 30425188,10,0.19886777788439866,0.42888408226565056
NC_047564.1,9543993,NC_047564.1 9537713 9546635,10,-0.19884769377938621,0.4289316609180086
NC_047561.1,55450167,NC_047561.1 55446431 55473342,11,-0.1988262696758422,0.42898241704051066
NC_047564.1,18769999,NC_047564.1 18765838 18774844,16,0.19881569898386361,0.42900746136554957
NC_047566.1,33472506,NC_047566.1 33471426 33482524,6,-0.19877105288784513,0.42911324637955206
NC_047564.1,28670521,NC_047564.1 28634556 28742989,6,-0.19875107319892604,0.42916059093475767
NC_047568.1,37943099,NC_047568.1 37925767 37954381,7,0.19872491341556547,0.4292225841963796
NC_047565.1,29961282,NC_047565.1 29959610 29962781,5,0.19859824989575833,0.4295228169036067
NC_047568.1,34942749,NC_047568.1 34934123 34943785,17,-0.19853399726435828,0.4296751581059697
NC_047565.1,46557000,NC_047565.1 46554962 46574084,4,-0.1984452880380872,0.4298855317633621
NC_047564.1,26995719,NC_047564.1 26853467 26996163,5,0.198409967864513,0.4299693084720523
NC_047568.1,33268649,NC_047568.1 33248468 33270970,4,0.19838982336858835,0.4300170934837466
NW_022994978.1,93780,NW_022994978.1 77504 105679,9,-0.19831263093097004,0.4302002283994656
NC_047564.1,43324815,NC_047564.1 43324026 43331496,6,-0.19825070895577612,0.43034716449782373
NC_047561.1,47303391,NC_047561.1 47302605 47304251,9,-0.19823528775808288,0.4303837619062022
NC_047563.1,13092744,NC_047563.1 13068954 13098435,16,-0.1981736184465794,0.43053013110063043
NC_047559.1,53886088,NC_047559.1 53885641 53906150,7,-0.19817301147782201,0.430531571841833
NC_047568.1,12943861,NC_047568.1 12940066 12948384,5,0.19817106357311381,0.4305361955343876
NC_047568.1,51317933,NC_047568.1 51310810 51325837,3,-0.1981472275023941,0.43059277672405405
NC_047564.1,37123273,NC_047564.1 37122903 37136747,10,0.19808043178822277,0.4307513546849121
NC_047564.1,10949200,NC_047564.1 10946161 10950862,8,-0.19807049435617768,0.4307749494958334
NC_047563.1,2236058,NC_047563.1 2231498 2265584,7,-0.19804349309002947,0.43083906301405217
NC_047564.1,25239074,NC_047564.1 25237198 25241312,5,-0.1979855179940278,0.4309767396365711
NC_047564.1,56548851,NC_047564.1 56544759 56558669,9,0.19797285912742796,0.43100680440073724
NC_047568.1,33213799,NC_047568.1 33211452 33229480,16,0.19779964223074237,0.4314183042068691
NW_022994958.1,43177,NW_022994958.1 38466 86290,4,0.19779266138139706,0.43143489245204447
NC_047559.1,16398496,NC_047559.1 16389306 16415333,4,-0.19776549496553303,0.43149944983147603
NC_047561.1,49757716,NC_047561.1 49755947 49761167,10,-0.19776428809715343,0.431502317911143
NC_047566.1,37939119,NC_047566.1 37937610 37945712,15,0.19773566256415123,0.4315703483932546
NC_047564.1,53305141,NC_047564.1 53304650 53306695,4,0.19772787723395793,0.43158885171848593
NC_047564.1,6679207,NC_047564.1 6668310 6708001,9,-0.19766370567337027,0.431741383504767
NC_047564.1,35882868,NC_047564.1 35861265 35887615,8,-0.19763712497797442,0.4318045724125237
NC_047562.1,13269369,NC_047562.1 13246768 13275546,8,0.19756478695497603,0.43197656233065274
NC_047561.1,4281768,NC_047561.1 4253648 4367559,4,-0.19753855858845615,0.43203893139190375
NC_047563.1,26510351,NC_047563.1 26502397 26511743,4,-0.19753445691421073,0.43204868528706886
NC_047568.1,42627066,NC_047568.1 42625962 42629019,7,0.19749837452468538,0.4321344951717
NC_047565.1,60651291,NC_047565.1 60646590 60672137,4,0.1973974437627902,0.4323745725130239
NC_047563.1,5212481,NC_047563.1 5211725 5219031,21,0.19738785247897372,0.43239739029295676
NC_047564.1,32609529,NC_047564.1 32607787 32609743,5,-0.1973247967825359,0.43254741622323745
NC_047568.1,31683649,NC_047568.1 31683118 31684807,11,0.1973220389486811,0.4325539784492487
NC_047568.1,34761390,NC_047568.1 34737038 34815407,3,0.19711059709644846,0.4330572561562318
NC_047565.1,1991037,NC_047565.1 1988726 2003963,4,0.19711050272466377,0.4330574808498996
NC_047562.1,47040326,NC_047562.1 47032692 47048707,3,0.19704791744807826,0.4332065061191973
NC_047561.1,52849640,NC_047561.1 52848856 52849836,10,-0.197019520729328,0.4332741319488067
NC_047568.1,45470404,NC_047568.1 45456177 45473323,4,-0.19696613409376054,0.4334012853433219
NC_047561.1,20186436,NC_047561.1 20178932 20206294,20,-0.19683076171028752,0.4337237952467604
NC_047567.1,4354892,NC_047567.1 4351987 4358516,10,-0.1967867648696874,0.43382863986516207
NC_047566.1,7970953,NC_047566.1 7897374 7984365,3,0.19677096527471832,0.4338662935793425
NC_047559.1,16903956,NC_047559.1 16896019 16940824,10,-0.19673904350958848,0.4339423749733812
NC_047568.1,5099763,NC_047568.1 5096603 5132794,4,-0.1966804049753887,0.43408215045965426
NC_047565.1,59154926,NC_047565.1 59144510 59155711,5,-0.1966399548917766,0.4341785841891028
NC_047565.1,59725992,NC_047565.1 59720044 59726556,5,-0.1966322858432665,0.43419686859897866
NC_047568.1,46012665,NC_047568.1 46011276 46018497,9,0.19659257373348965,0.4342915559320414
NC_047563.1,10664873,NC_047563.1 10661157 10665612,6,0.19650230712063738,0.43450682264000595
NC_047568.1,8072930,NC_047568.1 8071270 8078674,12,-0.1964829284815921,0.43455304383128557
NC_047560.1,63071989,NC_047560.1 63059766 63303274,3,-0.19646933872196629,0.43458545913684665
NC_047564.1,54281293,NC_047564.1 54232921 54281927,9,-0.19645942526857407,0.43460910623835036
NC_047560.1,4974413,NC_047560.1 4826173 5232376,7,-0.19645858391367305,0.43461111319899637
NC_047560.1,46742556,NC_047560.1 46740972 46750835,4,0.1964522839505931,0.43462614122951526
NC_047560.1,65977222,NC_047560.1 65953765 65986341,4,0.1964183293933869,0.43470714162519597
NC_047565.1,6796958,NC_047565.1 6796106 6801689,18,0.19632088218798396,0.4349396507821296
NC_047564.1,20504931,NC_047564.1 20478953 20552459,17,-0.19630874464636852,0.4349686155090787
NC_047565.1,54369711,NC_047565.1 54366653 54370193,11,-0.19626221364975893,0.4350796652310154
NC_047562.1,26806242,NC_047562.1 26800610 26811585,8,-0.19624437808235048,0.4351222350688595
NC_047560.1,18800268,NC_047560.1 18792647 18800649,16,0.19620957671278236,0.435205305040262
NC_047561.1,56688277,NC_047561.1 56687511 56689200,19,0.19616846669891622,0.4353034442240371
NC_047564.1,23939835,NC_047564.1 23939502 23941958,10,-0.19614285871055304,0.4353645822854445
NC_047564.1,24140957,NC_047564.1 24139657 24214261,5,-0.1961151992288488,0.4354306232292592
NC_047563.1,18658020,NC_047563.1 18657833 18673928,4,-0.1961101837870685,0.4354425988680328
NC_047565.1,44187696,NC_047565.1 44182841 44195526,19,-0.19606813492001968,0.43554300794454204
NC_047559.1,601171,NC_047559.1 596479 618239,6,0.19601716295235316,0.4356647407791011
NC_047562.1,23821679,NC_047562.1 23821492 23826115,4,-0.19596807419157164,0.435781992820817
NC_047564.1,10242683,NC_047564.1 10241386 10243779,8,0.19588903996704385,0.4359708062657355
NC_047564.1,18629833,NC_047564.1 18621265 18651220,6,0.19583135986506028,0.43610863139430533
NC_047565.1,32652562,NC_047565.1 32648406 32657779,21,0.19574110355059246,0.4363243420316939
NC_047566.1,51561815,NC_047566.1 51532637 51570226,8,0.19567093449567455,0.43649208289113395
NC_047559.1,50558135,NC_047559.1 50554898 50575893,19,0.1956412391963139,0.4365630803357954
NC_047559.1,24944241,NC_047559.1 24943983 24974453,21,0.1955943255671268,0.43667525671477525
NC_047565.1,12411361,NC_047565.1 12404326 12414040,3,0.1955531160907519,0.4367738061108022
NC_047562.1,31358758,NC_047562.1 31346810 31373777,8,0.1955346765187272,0.436817906719118
NC_047559.1,39092381,NC_047559.1 39087595 39118950,8,-0.19546141208390097,0.43699315090620816
NC_047566.1,39193894,NC_047566.1 39188611 39194712,11,-0.19543898739938267,0.4370467967255409
NC_047562.1,13261847,NC_047562.1 13246768 13275546,3,0.19541403886800718,0.43710648428073695
NC_047562.1,47473687,NC_047562.1 47471525 47474064,4,0.1953653969432939,0.4372228687440408
NC_047562.1,41351423,NC_047562.1 41349381 41353812,7,-0.19536429216646264,0.4372255123062535
NC_047560.1,62873897,NC_047560.1 62653127 63119960,3,-0.19528446459036403,0.43741654948171516
NC_047565.1,10838778,NC_047565.1 10835333 10846072,9,-0.19522930481372092,0.4375485789165672
NC_047566.1,852161,NC_047566.1 851599 852356,3,-0.19520170230444175,0.4376146555486162
NC_047561.1,34120250,NC_047561.1 34119090 34121333,4,-0.19519552121454492,0.4376294529425965
NC_047561.1,34942106,NC_047561.1 34940349 34942956,6,-0.1951922536190426,0.43763727559973287
NC_047560.1,18822248,NC_047560.1 18809373 18841895,5,0.19504385949490888,0.43799260917795935
NC_047568.1,6118230,NC_047568.1 6117051 6123954,16,0.19504208383358276,0.43799686195158516
NC_047562.1,49640607,NC_047562.1 49637922 49643786,6,0.19504059655974892,0.4380004240431473
NC_047560.1,18814140,NC_047560.1 18807551 18945840,3,-0.1949956903562009,0.4381079836177816
NC_047568.1,36114436,NC_047568.1 36102426 36135503,6,0.19499243146762968,0.4381157898583221
NC_047565.1,589574,NC_047565.1 588405 589805,21,-0.19497041772663382,0.4381685227811565
NC_047559.1,543293,NC_047559.1 539808 544660,6,-0.19491569514104015,0.4382996225357081
NC_047559.1,37539563,NC_047559.1 37519271 37542681,7,-0.1946911633053502,0.43883775000067515
NC_047559.1,53032678,NC_047559.1 53026857 53046204,11,0.19457115354607601,0.4391255135559997
NC_047566.1,50846263,NC_047566.1 50816539 50848619,7,-0.19456359330476514,0.4391436450389409
NC_047565.1,44353847,NC_047565.1 44349825 44358063,8,-0.19447666003842337,0.4393521621737604
NC_047565.1,20939250,NC_047565.1 20916674 20966583,9,-0.19440679553601173,0.43951977554841903
NC_047565.1,47456012,NC_047565.1 47428478 47464419,9,0.19434259797835193,0.43967382244395203
NC_047566.1,50003401,NC_047566.1 49983777 50028481,10,0.19425020737023826,0.43989556978016253
NC_047560.1,65099319,NC_047560.1 65096899 65102195,6,0.1942342051630282,0.439933982671987
NC_047561.1,6250525,NC_047561.1 6241215 6257085,20,0.19418253231593874,0.44005803388919584
NC_047564.1,37423689,NC_047564.1 37415854 37428653,6,0.19408413359946206,0.4402943101710891
NC_047565.1,47374982,NC_047565.1 47370731 47378585,5,-0.19406120285932332,0.440349381196915
NC_047568.1,1818617,NC_047568.1 1803363 1875944,7,-0.19401669515692413,0.4404562821581679
NC_047568.1,19797132,NC_047568.1 19796853 19799442,3,-0.19398618621461416,0.4405295679129153
NC_047566.1,8721709,NC_047566.1 8714770 8721924,3,0.19398278589683693,0.4405377362320898
NC_047564.1,36453830,NC_047564.1 36448203 36457809,12,0.19384389190605897,0.4408714574543421
NC_047561.1,54038960,NC_047561.1 54038294 54051356,9,-0.19379416216571027,0.4409909751118656
NC_047562.1,9071007,NC_047562.1 9070587 9074659,4,0.19378850100982525,0.4410045818774805
NC_047559.1,4786915,NC_047559.1 4700983 4796629,3,0.19363987452008743,0.44136188797777265
NC_047565.1,59274833,NC_047565.1 59231046 59276919,5,0.19363051385378732,0.44138439653312345
NC_047564.1,46529072,NC_047564.1 46527100 46543004,7,0.19354581494590276,0.4415880895717704
NC_047566.1,2035917,NC_047566.1 2035198 2044505,6,-0.19350691504240752,0.44168165651910474
NC_047564.1,37912795,NC_047564.1 37851279 37912830,21,-0.19348997884592786,0.4417223967931463
NC_047566.1,31097965,NC_047566.1 31089262 31105395,6,0.19345222109901894,0.44181323060838984
NC_047565.1,10122880,NC_047565.1 10119883 10126729,4,-0.19339988941397962,0.4419391409043103
NC_047562.1,21889746,NC_047562.1 21877523 21896740,10,-0.19339099331442958,0.44196054680765173
NC_047564.1,6542829,NC_047564.1 6537912 6551945,6,-0.19326264101144247,0.4422694492921787
NC_047563.1,15699582,NC_047563.1 15690918 15722665,9,-0.19325197693988413,0.44229511927914
NC_047565.1,53883276,NC_047565.1 53799802 53902085,16,-0.19325145229725127,0.4422963821908924
NC_047559.1,51410220,NC_047559.1 51409122 51423223,4,-0.19315623449435992,0.4425256198703563
NC_047560.1,69097975,NC_047560.1 69095770 69099366,9,-0.19312321737493848,0.4426051231884769
NC_047561.1,38496232,NC_047561.1 38488553 38497609,6,-0.19302676708045732,0.4428374121539417
NC_047561.1,52626768,NC_047561.1 52624215 52629902,5,-0.19302120824864952,0.44285080185071246
NC_047566.1,37129954,NC_047566.1 37126806 37143656,4,-0.1929823428576578,0.4429444237235085
NW_022994917.1,9826,NW_022994917.1 5784 12840,10,0.19297182054363396,0.4429697724204258
NC_047559.1,3026537,NC_047559.1 3024612 3028882,4,-0.1929586875578598,0.44300141138542226
NC_047567.1,10592866,NC_047567.1 10590686 10592976,5,-0.19282763795880867,0.4433171897150925
NC_047561.1,17079887,NC_047561.1 17077188 17087795,4,0.19280670832875635,0.4433676326941417
NC_047562.1,42160178,NC_047562.1 42120717 42192630,5,-0.1927954562977154,0.4433947526943476
NC_047559.1,32935562,NC_047559.1 32915415 32979742,4,-0.19279408408062645,0.4433980601137928
NC_047560.1,70912352,NC_047560.1 70388123 71110591,4,-0.1927605328635357,0.4434789317051143
NC_047566.1,46673351,NC_047566.1 46655353 46734547,7,0.1927466240912413,0.44351245953103213
NC_047561.1,11907119,NC_047561.1 11892752 11908667,11,0.19270399961502802,0.443615216208613
NC_047562.1,51440131,NC_047562.1 51430193 51442692,9,0.1926341471163191,0.4437836391995146
NC_047567.1,32320599,NC_047567.1 32316710 32327994,11,0.19259702709701415,0.44387315355432067
NC_047563.1,46798878,NC_047563.1 46782641 46805852,6,0.1925185950322861,0.444062321870625
NC_047568.1,41172348,NC_047568.1 41166500 41181385,5,-0.19251235506761913,0.4440773736675503
NC_047563.1,66591595,NC_047563.1 66591209 66592987,4,0.19246782564670384,0.4441847934136456
NC_047566.1,19748943,NC_047566.1 19746133 19750108,11,0.19246458390100596,0.4441926141031889
NC_047559.1,49428636,NC_047559.1 49417922 49432014,4,-0.19243283352593973,0.4442692154179062
NC_047565.1,28981080,NC_047565.1 28976220 29016373,6,0.19231407513122584,0.4445557935870157
NC_047565.1,10678214,NC_047565.1 10658921 10684090,7,0.19230760616720952,0.4445714067020704
NC_047568.1,45874656,NC_047568.1 45825737 45876517,17,-0.19217952547874392,0.4448805929321755
NC_047559.1,21446162,NC_047559.1 21412783 21480279,7,-0.1921440880509817,0.44496615827478736
NC_047562.1,47324191,NC_047562.1 47316568 47324411,13,0.1920782708991022,0.44512509936874367
NC_047567.1,30923118,NC_047567.1 30920277 30926639,13,0.19197000994109506,0.4453866010676142
NC_047559.1,36679562,NC_047559.1 36674835 36681555,10,-0.19194802568666455,0.44543971314899955
NC_047559.1,4063929,NC_047559.1 4062916 4085267,4,0.19193082634944836,0.4454812675504196
NW_022994917.1,29242,NW_022994917.1 25207 36205,15,-0.19182167060704763,0.4457450393978559
NC_047565.1,13793180,NC_047565.1 13790098 13795275,12,0.19181351334680727,0.4457647544171902
NC_047561.1,2831678,NC_047561.1 2789962 2853802,3,-0.19161327928411576,0.44624883422653405
NC_047562.1,14617688,NC_047562.1 14602760 14643558,5,0.1915292760590395,0.4464519982879027
NC_047559.1,52091649,NC_047559.1 52056937 52104127,11,0.19149193089442934,0.4465423338303611
NC_047561.1,54479266,NC_047561.1 54474380 54487341,6,0.19144315299941853,0.44666033854991494
NC_047568.1,40306306,NC_047568.1 40306193 40312023,4,0.1913771203144268,0.44682011200947747
NC_047564.1,8228127,NC_047564.1 8227023 8231474,6,-0.19131139755989693,0.4469791646958605
NC_047567.1,24512142,NC_047567.1 24508009 24526216,5,-0.19121218506442225,0.44721931945090665
NC_047568.1,39033283,NC_047568.1 39029333 39037156,7,0.19100642890904618,0.4477175858779483
NC_047562.1,38504468,NC_047562.1 38501643 38524367,4,-0.19098015209743266,0.4477812392381517
NC_047565.1,27117056,NC_047565.1 26961604 27161359,4,-0.19093708271835017,0.4478855812154857
NC_047568.1,37075544,NC_047568.1 37067424 37079320,8,-0.19091055346910907,0.4479498584733064
NC_047559.1,39384916,NC_047559.1 39383961 39400389,9,-0.19089272878202487,0.44799304825525965
NC_047565.1,54412910,NC_047565.1 54404914 54424488,6,0.1908671152723338,0.4480551143400028
NC_047565.1,32446581,NC_047565.1 32443604 32452552,10,0.19082841713349954,0.44814889516811907
NC_047564.1,6716179,NC_047564.1 6709584 6719383,14,0.19082035900060826,0.4481684244629327
NC_047561.1,14506754,NC_047561.1 14492865 14517609,7,-0.1907753277818136,0.44827756794295015
NC_047568.1,44189034,NC_047568.1 44180561 44198769,7,0.1907334699498419,0.44837903220996456
NC_047559.1,3498404,NC_047559.1 3494476 3504854,4,0.19072306681152526,0.4484042514626754
NC_047559.1,8276391,NC_047559.1 8257684 8278064,16,0.1907082671238176,0.44844013006830397
NC_047565.1,24063363,NC_047565.1 24046191 24066550,8,0.19066155548435906,0.4485533818704197
NC_047559.1,17861198,NC_047559.1 17832293 17867591,6,-0.1906323768528146,0.44862413254411715
NC_047561.1,7710113,NC_047561.1 7684083 7720506,15,0.19055555264611582,0.4488104388213866
NC_047568.1,26142946,NC_047568.1 26075022 26164422,4,0.19051853504981764,0.4489002242905775
NC_047568.1,3213675,NC_047568.1 3209446 3226787,6,-0.1905164783602942,0.44890521302129993
NC_047559.1,21613565,NC_047559.1 21612358 21620186,14,-0.19046763923321797,0.4490236861357825
NC_047562.1,23474945,NC_047562.1 23472163 23476966,4,-0.19040435476180995,0.4491772243323481
NC_047561.1,9220498,NC_047561.1 9210972 9222879,6,0.19033604805502083,0.44934297743283624
NC_047562.1,42630557,NC_047562.1 42623755 42631750,17,-0.1903350741147278,0.44934534102339374
NC_047564.1,3994025,NC_047564.1 3978680 3994253,8,0.1903166926588705,0.4493899509428122
NC_047559.1,4924031,NC_047559.1 4917955 4924760,9,0.19029232662222884,0.44944908832392083
NW_022994955.1,110503,NW_022994955.1 64926 121353,7,-0.19020474764661285,0.4496616790143596
NC_047561.1,48211973,NC_047561.1 48210962 48226216,5,0.19008247765755104,0.44995856530525435
NC_047568.1,22003286,NC_047568.1 22002723 22012427,9,0.18996378090832136,0.45024687122634155
NC_047563.1,10573752,NC_047563.1 10563184 10580003,9,-0.1899197543654534,0.4503538325636691
NC_047564.1,39482900,NC_047564.1 39480816 39498633,15,0.18991056589395192,0.4503761573539973
NC_047560.1,19068835,NC_047560.1 19051199 19077259,3,0.18989507665862243,0.45041379209004906
NC_047565.1,37780723,NC_047565.1 37726332 37792203,7,-0.18983660929150462,0.450555866781745
NC_047561.1,31138331,NC_047561.1 31117997 31158475,19,0.18978362948384905,0.4506846265793143
NC_047565.1,14593713,NC_047565.1 14587014 14596234,16,-0.18966690154916918,0.45096838337459433
NC_047568.1,45330368,NC_047568.1 45328390 45332432,3,0.18961756961825163,0.4510883330060419
NC_047559.1,5047009,NC_047559.1 5043390 5051886,4,-0.18960356693597186,0.4511223832251665
NC_047568.1,9194248,NC_047568.1 9192954 9196557,5,-0.18955668464162181,0.4512363961100254
NC_047566.1,25229185,NC_047566.1 25223632 25233402,10,-0.18950749841741585,0.45135602773077654
NC_047567.1,31650702,NC_047567.1 31622929 31671735,4,-0.18949380243303884,0.45138934223329796
NC_047563.1,41416133,NC_047563.1 41327485 41452447,4,-0.189386202022355,0.45165111621339404
NC_047564.1,17671696,NC_047564.1 17671480 17672291,18,-0.1893710687524073,0.45168793916776673
NC_047566.1,5963981,NC_047566.1 5957845 5967145,6,-0.1893154312456917,0.4518233320288483
NC_047564.1,29784948,NC_047564.1 29777093 29786062,3,-0.18906909426691648,0.45242303736818124
NC_047568.1,45576375,NC_047568.1 45574618 45576482,5,-0.18906346617063913,0.4524367436632486
NC_047562.1,31642585,NC_047562.1 31606714 31647357,3,-0.18902609132243395,0.452527769279505
NC_047562.1,41436563,NC_047562.1 41427824 41442542,6,-0.18902202800632847,0.4525376659587794
NC_047560.1,19281027,NC_047560.1 19248450 19281458,3,0.1889250485228296,0.4527739035243451
NC_047559.1,46915236,NC_047559.1 46906818 46926197,20,-0.18889796521782787,0.45283988843805534
NC_047563.1,65498536,NC_047563.1 65484772 65533285,9,-0.18882176929299585,0.45302555608611084
NC_047566.1,5176141,NC_047566.1 5174709 5176398,6,-0.18868538638338003,0.45335797901242947
NC_047568.1,33262381,NC_047568.1 33248468 33270970,8,-0.188669903501558,0.4533957252059624
NW_022994810.1,7057,NW_022994810.1 1715 23271,3,-0.18866445421385813,0.45340901057278493
NC_047568.1,47078169,NC_047568.1 47073329 47082550,18,-0.18850594837644322,0.4537955346537391
NC_047559.1,37875648,NC_047559.1 37874884 37876217,12,0.18850137189290447,0.4538066971191361
NC_047563.1,28869312,NC_047563.1 28865433 28870400,10,-0.18846358924804704,0.45389885781477257
NC_047564.1,23374660,NC_047564.1 23373719 23375908,4,0.18842632275644589,0.4539897688239981
NC_047565.1,17061265,NC_047565.1 17060493 17075470,8,-0.18841210505932243,0.4540244551105045
NC_047564.1,24414958,NC_047564.1 24408052 24417301,11,0.18839378921964028,0.45406914144197263
NC_047561.1,5224484,NC_047561.1 5216349 5226054,3,-0.18836397070585506,0.45414189637487223
NC_047565.1,11878337,NC_047565.1 11876063 11879365,8,-0.18832379893536969,0.45423992185461937
NC_047568.1,19968673,NC_047568.1 19952716 19984416,3,0.18826877304430562,0.4543742112110647
NC_047565.1,25652303,NC_047565.1 25644038 25652924,5,-0.18820068497782097,0.4545404064437921
NC_047559.1,28957648,NC_047559.1 28940269 28958208,12,-0.18817559745134502,0.45460165003872444
NC_047565.1,23081485,NC_047565.1 23081443 23082477,20,-0.1881403864861437,0.45468761402022373
NC_047568.1,53755741,NC_047568.1 53754283 53758291,13,0.1880881817349342,0.45481508180949604
NC_047568.1,22660150,NC_047568.1 22636265 22660430,3,-0.18808469797008884,0.45482358872793327
NC_047564.1,48419322,NC_047564.1 48394687 48429349,13,-0.18808294646026458,0.4548278657266247
NC_047561.1,27036855,NC_047561.1 27014641 27042789,7,0.1880022422468934,0.4550249589162586
NC_047562.1,42098828,NC_047562.1 42097985 42109188,5,0.18800068134922246,0.4550287713173794
NW_022994897.1,539363,NW_022994897.1 538730 540389,16,-0.187996366981299,0.45503930899274947
NC_047559.1,3788801,NC_047559.1 3785436 3801795,9,0.18798812517419267,0.4550594396299452
NC_047564.1,4145310,NC_047564.1 4113919 4173330,11,0.18787876037649553,0.45532660630887023
NC_047564.1,44387146,NC_047564.1 44376724 44402272,3,-0.1878382515608048,0.4554255853014182
NC_047568.1,9938728,NC_047568.1 9936086 9955148,8,0.18780867998425116,0.4554978472127472
NC_047564.1,52792905,NC_047564.1 52791613 52798835,6,0.18780466006571037,0.45550767084507315
NC_047561.1,45382651,NC_047561.1 45378096 45386504,3,0.18780096868709642,0.45551669170630904
NC_047565.1,12537079,NC_047565.1 12516161 12538779,6,-0.18776346288811824,0.4556083522040265
NC_047560.1,31476604,NC_047560.1 31474589 31477638,6,0.1877310554715794,0.45568756029874335
NC_047568.1,20584970,NC_047568.1 20569886 20585815,6,-0.18771511318937567,0.45572652795188207
NC_047561.1,51298503,NC_047561.1 51295820 51346813,19,0.1876955856558184,0.45577426132570187
NC_047562.1,40587333,NC_047562.1 40582062 40589875,12,0.1876826145042049,0.45580596959191544
NC_047568.1,25903501,NC_047568.1 25742625 26027748,15,0.18758920215576524,0.45603435121615143
NC_047564.1,14907611,NC_047564.1 14906127 14919942,5,-0.18757168792082576,0.45607717781770796
NC_047566.1,7707154,NC_047566.1 7674237 7715471,5,-0.1875240462971936,0.45619368360591417
NC_047566.1,17135254,NC_047566.1 17130718 17145903,18,-0.18746748981009423,0.4563320099632926
NC_047560.1,19068785,NC_047560.1 19051199 19077259,4,-0.18736961734398722,0.4565714375875345
NC_047559.1,16280139,NC_047559.1 16268233 16287132,12,-0.1873546223844513,0.45660812572481124
NC_047567.1,20413158,NC_047567.1 20411049 20420360,6,-0.18727126559172744,0.4568121018839386
NC_047561.1,3735835,NC_047561.1 3696117 3751773,8,0.1871919170552702,0.4570063126639542
NC_047564.1,20525838,NC_047564.1 20478953 20552459,7,-0.18716999777869736,0.4570599689187518
NC_047565.1,47302305,NC_047565.1 47299275 47319425,8,-0.18710437609375258,0.45722062350673687
NC_047565.1,52582019,NC_047565.1 52578699 52586996,5,-0.1870230726383117,0.4574197098000943
NC_047566.1,5832239,NC_047566.1 5824674 5837568,3,-0.18700150368307267,0.4574725326807789
NC_047563.1,18431423,NC_047563.1 18431054 18433078,4,0.1869552754904039,0.45758575702775295
NC_047565.1,6693343,NC_047565.1 6682701 6695323,4,0.18693040154204635,0.4576466853914303
NC_047564.1,27850178,NC_047564.1 27824680 27853701,6,-0.1869258410381738,0.45765785672316406
NC_047560.1,71936817,NC_047560.1 71921522 71989278,7,-0.1868905108704445,0.45774440557420293
NC_047568.1,52357235,NC_047568.1 52356100 52359794,9,0.1868441595962103,0.45785796557113023
NW_022994945.1,479909,NW_022994945.1 470497 490286,5,0.18682040044797565,0.45791618069522877
NC_047560.1,70781032,NC_047560.1 70388123 71110591,3,-0.1868072354066219,0.45794843954795506
NC_047565.1,43290777,NC_047565.1 43283646 43293706,3,-0.1867798711794251,0.45801549494312466
NC_047561.1,56957968,NC_047561.1 56945610 56972954,12,-0.18660077609184778,0.4584544859779909
NC_047565.1,43104722,NC_047565.1 43084672 43140764,7,0.18657002205518533,0.45852989051426185
NC_047566.1,41903879,NC_047566.1 41901797 41908654,14,0.18655214864552716,0.4585737164634809
NC_047561.1,26751930,NC_047561.1 26722841 26752012,14,0.1865403214314724,0.4586027181884881
NC_047568.1,4555627,NC_047568.1 4552296 4561695,9,0.1865099139590434,0.4586772851606553
NC_047561.1,54136237,NC_047561.1 54129895 54157830,6,-0.18636619159876425,0.4590298124960849
NC_047565.1,9433178,NC_047565.1 9432090 9447212,19,0.1863454704029488,0.45908064948424077
NW_022994881.1,461047,NW_022994881.1 446636 465112,3,-0.18633466618384886,0.459107157479403
NC_047566.1,24256373,NC_047566.1 24255148 24264557,4,-0.18616796672134459,0.4595162502822382
NC_047565.1,54521792,NC_047565.1 54480987 54524436,7,0.18614856574392666,0.45956387368072615
NC_047564.1,28707366,NC_047564.1 28634556 28742989,6,-0.18608291845519576,0.45972503596746284
NC_047565.1,30182218,NC_047565.1 30181318 30187622,8,0.1860367310445024,0.4598384419013938
NC_047564.1,16029744,NC_047564.1 16014476 16038616,9,0.1860333723052425,0.4598466893094447
NC_047563.1,43087131,NC_047563.1 43086304 43092398,14,-0.18588631494121047,0.4602078629652504
NC_047561.1,1270393,NC_047561.1 1250912 1286224,17,0.18586096559049964,0.46027013557459073
NC_047559.1,24291387,NC_047559.1 24287686 24358940,4,-0.1858087337175246,0.4603984605605268
NC_047562.1,9056748,NC_047562.1 9054924 9057896,20,-0.185773099649874,0.46048601787552945
NC_047560.1,51305483,NC_047560.1 51299433 51306878,5,-0.1857670722363247,0.4605008288078075
NC_047568.1,13769138,NC_047568.1 13752429 13837039,14,-0.18570127016341859,0.4606625373611962
NC_047565.1,13153082,NC_047565.1 13119330 13220090,5,-0.1856920480615675,0.4606852029602879
NC_047559.1,41479825,NC_047559.1 41478554 41481465,14,0.18568800178331094,0.4606951478687811
NC_047562.1,16050437,NC_047562.1 15855587 16276861,3,-0.18565306924919506,0.46078100926101206
NC_047568.1,51250893,NC_047568.1 51238373 51261653,17,0.1855962900019861,0.460920585365194
NC_047568.1,53373964,NC_047568.1 53328077 53374145,7,0.18556914256190984,0.4609873273888213
NC_047568.1,26985836,NC_047568.1 26984862 26998234,3,-0.18553718096756522,0.46106591126689356
NC_047568.1,55274996,NC_047568.1 55212130 55285972,11,-0.18549301504576352,0.4611745130086282
NC_047562.1,36290371,NC_047562.1 36283958 36312402,3,-0.18545644566967448,0.46126444499635555
NC_047566.1,48821222,NC_047566.1 48815973 48825439,9,-0.1853987567524377,0.461406332472303
NC_047564.1,54759581,NC_047564.1 54757522 54799325,5,-0.18535559331977297,0.4615125085110493
NC_047562.1,17081147,NC_047562.1 17054166 17098627,10,0.18534131383960736,0.4615476367568031
NC_047566.1,40114180,NC_047566.1 40101469 40121361,9,-0.18533557514960397,0.4615617546050984
NC_047560.1,27216665,NC_047560.1 27216409 27221733,3,0.18529726430421223,0.46165600934108775
NC_047563.1,2589454,NC_047563.1 2583009 2597715,5,-0.18528232685276497,0.4616927620212995
NC_047561.1,52604496,NC_047561.1 52602096 52605390,5,0.1852322909373635,0.46181588305553123
NC_047561.1,5023282,NC_047561.1 5008667 5025381,18,0.18522495059413285,0.46183394648606035
NC_047561.1,50942159,NC_047561.1 50939807 50948556,7,-0.18521118503905973,0.46186782231259826
NC_047566.1,57606355,NC_047566.1 57594731 57610163,4,0.18520030843312013,0.4618945895736316
NC_047562.1,45941859,NC_047562.1 45936664 45945489,4,0.18516654078514003,0.4619776965303025
NW_022994958.1,43177,NW_022994958.1 17345 94191,4,0.18509201151724924,0.4621611502595947
NC_047559.1,6537838,NC_047559.1 6533064 6544639,17,0.18506627407371948,0.46222451147826116
NC_047560.1,51642212,NC_047560.1 51629755 51664241,5,0.18495200695752695,0.4625058705558549
NC_047562.1,11002494,NC_047562.1 10999798 11002943,5,0.18494312035801735,0.46252775557764625
NC_047565.1,10773200,NC_047565.1 10746531 10774392,3,0.18489428495444196,0.46264803179374414
NC_047560.1,45022047,NC_047560.1 45004223 45068635,5,0.18484378159720835,0.46277243255506106
NC_047560.1,24658537,NC_047560.1 24654147 24658790,13,-0.1847317854932031,0.4630483633925836
NC_047563.1,65979233,NC_047563.1 65976499 65986089,3,-0.1846669760534713,0.463208075706122
NC_047568.1,47676471,NC_047568.1 47671567 47680444,19,0.1846663248296446,0.46320968068184243
NC_047559.1,49279872,NC_047559.1 49242128 49283398,3,-0.18449892841702178,0.463622330802015
NC_047568.1,34856645,NC_047568.1 34823092 34873268,18,-0.18447877079988192,0.46367203395651146
NC_047560.1,31847816,NC_047560.1 31847325 31849119,4,-0.1844345768393237,0.4637810135150783
NC_047565.1,12341071,NC_047565.1 12340468 12347855,9,-0.18441479943472247,0.4638297875350599
NC_047561.1,28690870,NC_047561.1 28570909 28741658,3,0.18440840982912032,0.4638455458034376
NC_047565.1,23312858,NC_047565.1 23284220 23332287,20,-0.1843855809506929,0.46390184937855317
NC_047559.1,29491537,NC_047559.1 29483056 29566974,15,0.1843594453962141,0.46396631252916576
NC_047559.1,12316791,NC_047559.1 12285619 12320498,5,-0.18433703616915506,0.4640215883055834
NC_047568.1,42615033,NC_047568.1 42608916 42617634,3,-0.18431301008667347,0.46408085597851045
NC_047559.1,35665147,NC_047559.1 35663690 35666214,4,-0.18421212190886815,0.46432976900998923
NC_047564.1,32594440,NC_047564.1 32590819 32594565,8,-0.18418893645709875,0.46438698202726725
NC_047559.1,49265600,NC_047559.1 49242128 49283398,6,0.18413281656497615,0.4645254795739634
NC_047565.1,28099835,NC_047565.1 28095910 28111518,3,-0.1840157680065503,0.46481440891632964
NC_047568.1,13818524,NC_047568.1 13752429 13837039,9,0.1840111608499002,0.4648257833298831
NC_047562.1,19686239,NC_047562.1 19685787 19688753,7,-0.18395344850242518,0.46496827873335767
NC_047559.1,18699080,NC_047559.1 18685841 18703247,4,-0.18391492892793437,0.4650633981764811
NC_047560.1,63644088,NC_047560.1 63643674 63650273,19,-0.18387535378808775,0.46516113438074214
NC_047568.1,29627743,NC_047568.1 29613759 29695073,7,0.1838293295573736,0.465274810456204
NC_047561.1,53725065,NC_047561.1 53721423 53727098,17,-0.18378438859003834,0.4653858244083413
NC_047564.1,31840256,NC_047564.1 31838209 31847390,10,-0.18376109608978106,0.4654433671716953
NC_047560.1,4673188,NC_047560.1 4649980 4687264,5,0.18367996566652217,0.46564382301238405
NC_047561.1,5126801,NC_047561.1 5111413 5142723,4,-0.18367174797491262,0.4656641295767786
NC_047565.1,58664930,NC_047565.1 58656396 58665095,8,0.18361769894726215,0.4657977000540908
NC_047564.1,41917958,NC_047564.1 41917665 41928873,19,-0.1835781646385541,0.46589541270706947
NC_047567.1,23127547,NC_047567.1 23123855 23128274,5,0.1835628185777005,0.4659333446658003
NC_047559.1,35303244,NC_047559.1 35296900 35311135,7,-0.18355567200948755,0.46595100987912774
NC_047564.1,38807296,NC_047564.1 38789953 38819611,3,-0.18349693852469742,0.4660962027034087
NC_047561.1,45924870,NC_047561.1 45922887 45925638,4,-0.1834583824099674,0.46619152814220843
NC_047564.1,49349429,NC_047564.1 49340394 49350606,3,0.18333796299008254,0.4664893138291871
NC_047560.1,62881745,NC_047560.1 62653127 63119960,7,-0.18332109666404334,0.4665310302436101
NC_047559.1,34151189,NC_047559.1 34145103 34156889,18,-0.1832689198809323,0.4666600937903356
NC_047564.1,42584367,NC_047564.1 42574900 42634915,12,-0.18326311523001879,0.4666744531750848
NC_047565.1,60624710,NC_047565.1 60617328 60639590,5,0.18322264560829227,0.46677457195435423
NC_047567.1,10670340,NC_047567.1 10658662 10703573,5,0.1832197041586638,0.46678184929724276
NC_047564.1,39155643,NC_047564.1 39146697 39159237,4,0.1830991955531586,0.46708004447712714
NC_047564.1,31889873,NC_047564.1 31889323 31892555,6,-0.1830776783120317,0.46713329832059525
NC_047561.1,49405512,NC_047561.1 49402613 49414750,5,0.1830537078758128,0.46719262724883925
NC_047563.1,8645221,NC_047563.1 8645118 8648552,3,-0.18302274616386746,0.467269265777837
NC_047568.1,5381725,NC_047568.1 5361939 5427662,4,0.18301266675805059,0.4672942163640119
NC_047562.1,6930784,NC_047562.1 6872449 6974232,12,-0.18264675490971213,0.46820044670996996
NC_047567.1,6414778,NC_047567.1 6411575 6415784,5,0.18263914096860262,0.46821931299257513
NC_047559.1,10718157,NC_047559.1 10713705 10721177,9,-0.18260596586917885,0.4683015206898351
NC_047561.1,54168882,NC_047561.1 54165522 54235855,18,0.18260158916649902,0.4683123666713894
NC_047568.1,6758185,NC_047568.1 6754074 6771171,4,0.1825816733621959,0.4683617219510148
NC_047562.1,47029157,NC_047562.1 46999310 47030276,3,0.1825608206969636,0.46841340174182144
NC_047565.1,60136631,NC_047565.1 60127075 60136640,3,-0.18251427388947186,0.46852877038091223
NC_047559.1,7367394,NC_047559.1 7366327 7408045,3,-0.18249626025928334,0.4685734218930294
NC_047563.1,3539995,NC_047563.1 3538969 3540929,3,-0.18243195853676347,0.4687328279331119
NC_047561.1,23156934,NC_047561.1 23154662 23159056,5,0.18236904345403382,0.4688888226615846
NC_047559.1,26207160,NC_047559.1 26206811 26210694,15,-0.18228380302418537,0.4691002132966423
NC_047568.1,1975330,NC_047568.1 1972287 1976776,16,-0.18224183517834391,0.46920430825878445
NW_022994935.1,18636,NW_022994935.1 16278 25700,10,-0.1821649586388237,0.46939501891490687
NC_047560.1,4618892,NC_047560.1 4589306 4924767,5,-0.18214718735606802,0.4694391103394997
NC_047565.1,55757374,NC_047565.1 55741038 55760777,4,0.18200575880115427,0.46979007518606475
NC_047566.1,46261320,NC_047566.1 46256045 46281934,3,0.18197105896832788,0.469876205237834
NC_047564.1,21959283,NC_047564.1 21954407 21960855,5,-0.18192672470225144,0.46998626081803696
NC_047565.1,48237825,NC_047565.1 48235710 48240469,4,-0.18189885319913357,0.4700554557422729
NC_047560.1,5605481,NC_047560.1 5599458 5605612,6,-0.1816586192667487,0.470652080776234
NC_047566.1,6434123,NC_047566.1 6432867 6435722,6,-0.1815532943642616,0.47091377587105043
NC_047568.1,55374622,NC_047568.1 55373214 55377350,13,-0.18148651566918225,0.4710797348212279
NC_047568.1,12303878,NC_047568.1 12293672 12315640,11,0.1814686278994031,0.4711241945957204
NC_047561.1,32118344,NC_047561.1 32082053 32132555,5,-0.1813792444031845,0.4713463871918353
NC_047561.1,46844615,NC_047561.1 46842343 46894662,12,0.18133487702267165,0.47145669653516864
NC_047567.1,17920300,NC_047567.1 17913084 17926483,5,-0.18124557377976935,0.47167876757632854
NC_047564.1,41216847,NC_047564.1 41210471 41227223,6,0.1812390001653822,0.4716951162887102
NC_047561.1,3610208,NC_047561.1 3608710 3613792,3,-0.18121185712118965,0.47176262457603746
NC_047559.1,41478687,NC_047559.1 41478554 41481465,5,-0.1811760820111535,0.4718516092784135
NC_047559.1,18100426,NC_047559.1 18096247 18105285,6,-0.18111579459731317,0.4720015831944
NC_047564.1,30213718,NC_047564.1 30198777 30215940,3,-0.18108123574184043,0.4720875641810641
NC_047564.1,8516938,NC_047564.1 8513748 8520486,4,0.1810751827336542,0.47210262461379515
NC_047559.1,35723019,NC_047559.1 35679470 35728879,17,0.18105541830030775,0.472151801978273
NC_047562.1,14937403,NC_047562.1 14924749 14954768,4,0.18089557505397869,0.47254961350164093
NC_047565.1,32698207,NC_047565.1 32693745 32751974,18,-0.1808938160063301,0.47255399227607764
NC_047564.1,2005688,NC_047564.1 2000967 2009425,5,-0.18083025656122312,0.4727122235042416
NC_047564.1,6892303,NC_047564.1 6864574 6894068,21,0.18082836294548293,0.47271693806415405
NC_047568.1,6758185,NC_047568.1 6756750 6764539,4,0.18081015709778772,0.4727622665938127
NC_047563.1,46334052,NC_047563.1 46333811 46339285,17,0.18080271927506503,0.4727807857469062
NC_047564.1,43866533,NC_047564.1 43855463 43884856,9,-0.18068262147580594,0.4730798626004844
NC_047567.1,4178220,NC_047567.1 4173849 4197506,6,-0.18066059912720106,0.47313471455407674
NC_047563.1,55434947,NC_047563.1 55427220 55445219,13,-0.18063927704545676,0.4731878253340801
NC_047562.1,14094424,NC_047562.1 14093018 14096974,7,0.1805969067682913,0.4732933734623139
NC_047568.1,49702071,NC_047568.1 49689018 49702387,6,-0.18058959010231002,0.47331160111148607
NC_047567.1,28322125,NC_047567.1 28316714 28323113,3,-0.18055512795909134,0.47339745963657376
NC_047564.1,18217626,NC_047564.1 18186499 18235031,3,0.1805204067796972,0.4734839713400698
NC_047565.1,53657977,NC_047565.1 53649989 53661410,3,-0.180515116183892,0.4734971541404961
NC_047561.1,22737384,NC_047561.1 22735836 22737836,21,0.1805121313868212,0.47350459156547864
NC_047566.1,10682117,NC_047566.1 10679978 10682752,5,0.18044947510671186,0.47366072993031483
NC_047563.1,568681,NC_047563.1 191191 650035,3,0.18044166947661366,0.4736801832151074
NC_047564.1,48192361,NC_047564.1 48191223 48194664,11,0.18039181966853263,0.47380442885523977
NC_047561.1,45511880,NC_047561.1 45511075 45516852,6,0.1802188333308356,0.4742357053197359
NC_047568.1,29451335,NC_047568.1 29449461 29454343,3,-0.18019819627627987,0.47428716905906376
NC_047560.1,54239300,NC_047560.1 54124262 54502908,3,-0.18019699652342552,0.47429016103283905
NC_047562.1,46108556,NC_047562.1 46105351 46110415,5,0.18019576532429235,0.4742932314378645
NC_047560.1,33153946,NC_047560.1 33152221 33157082,6,0.18004180799433092,0.47467725297399943
NC_047559.1,5437001,NC_047559.1 5418592 5451582,5,-0.17994077320375051,0.47492935156098615
NC_047565.1,52611247,NC_047565.1 52607207 52614574,10,0.17990255883299783,0.4750247200517542
NC_047568.1,34707029,NC_047568.1 34702635 34718788,5,0.179865759736838,0.4751165655230998
NC_047559.1,35920042,NC_047559.1 35913319 35923323,8,0.17976959455776917,0.4753566220774704
NC_047560.1,14020942,NC_047560.1 14020787 14032597,3,0.179700679276583,0.4755286918132029
NC_047564.1,17467210,NC_047564.1 17467102 17488256,8,-0.17969536602819608,0.47554195937097143
NC_047559.1,14328404,NC_047559.1 14302134 14331183,9,0.17969449044114302,0.47554414579148396
NC_047559.1,37751298,NC_047559.1 37746666 37757159,16,-0.1796621045785096,0.47562501973247007
NC_047559.1,46649777,NC_047559.1 46636932 46674355,3,-0.17959508981601396,0.47579239054271705
NC_047566.1,44738377,NC_047566.1 44737961 44748970,13,0.17956451715873076,0.47586875609269963
NC_047563.1,8531488,NC_047563.1 8530782 8532542,5,-0.17953034086065525,0.47595413013359533
NC_047565.1,2603311,NC_047565.1 2602388 2637743,5,-0.1795278160508841,0.47596043753078654
NC_047562.1,51811617,NC_047562.1 51806802 51813458,3,0.17950615715797286,0.4760145467678044
NC_047565.1,4956755,NC_047565.1 4952583 5005246,6,0.17950238959974688,0.4760239593648494
NC_047562.1,6745312,NC_047562.1 6730172 6753152,3,-0.17945037662284322,0.4761539142635157
NC_047559.1,46907322,NC_047559.1 46906818 46926197,10,-0.17936771070525293,0.47636049192093055
NC_047568.1,40822188,NC_047568.1 40819786 40823149,10,-0.17930293644956288,0.4765223902481214
NC_047568.1,19767883,NC_047568.1 19762159 19771144,20,0.17928493460802516,0.47656738931289944
NW_022994955.1,130882,NW_022994955.1 129497 146085,19,-0.17926161573861357,0.4766256824345443
NC_047567.1,34720550,NC_047567.1 34713146 34740744,9,0.1792381440112181,0.47668436123415336
NC_047568.1,33414083,NC_047568.1 33407421 33435913,5,0.17912755693500154,0.4769608745214916
NC_047559.1,39585225,NC_047559.1 39584696 39588752,7,-0.17905603265916048,0.4771397569011838
NC_047562.1,31651468,NC_047562.1 31649110 31651774,6,0.17903534986931136,0.4771914907837418
NC_047568.1,32948985,NC_047568.1 32948357 32952834,3,0.178918183849477,0.4774846105665004
NC_047564.1,37442558,NC_047564.1 37431267 37462795,3,0.178874027410041,0.47759510188604615
NC_047560.1,50507595,NC_047560.1 50496462 50541845,7,0.17885190776598406,0.4776504559460858
NC_047561.1,15466067,NC_047561.1 15463714 15474951,4,-0.1788403330004655,0.4776794228763811
NC_047564.1,24887340,NC_047564.1 24882635 24889980,5,-0.17874871980163737,0.47790872404451845
NC_047568.1,17616988,NC_047568.1 17615705 17619524,18,-0.178633816851555,0.47819639453930696
NC_047559.1,8231420,NC_047559.1 8181461 8243209,14,-0.17861564636445193,0.47824189390815885
NC_047565.1,15508230,NC_047565.1 15505664 15511722,13,-0.17860725158076257,0.4782629153844973
NW_022994961.1,84494,NW_022994961.1 83844 112996,8,0.17856572696400314,0.4783669043679494
NC_047561.1,58130568,NC_047561.1 58128598 58131194,8,0.17837737646631166,0.47883872544345774
NC_047560.1,50499557,NC_047560.1 50496462 50541845,20,-0.17836066230226696,0.4788806057754873
NC_047562.1,34577142,NC_047562.1 34560315 34591975,8,-0.17831174211010198,0.479003194454764
NC_047562.1,35143741,NC_047562.1 35084380 35143879,9,-0.17830024401062802,0.47903200968557313
NC_047559.1,7984282,NC_047559.1 7983776 7986989,3,-0.17829119763179294,0.4790546812930321
NC_047561.1,52626014,NC_047561.1 52624215 52629902,8,0.17826458900331732,0.47912136964605134
NC_047561.1,26175977,NC_047561.1 26163362 26179943,13,-0.17824893097911235,0.47916061498825857
NC_047565.1,51652856,NC_047565.1 51644353 51674901,11,0.1781600495128393,0.479383417904404
NC_047562.1,35241583,NC_047562.1 35217104 35242189,4,0.17815840706555575,0.47938753557635394
NC_047565.1,11241442,NC_047565.1 11235772 11256558,17,0.17807303443880645,0.4796015916794666
NC_047559.1,9445429,NC_047559.1 9441756 9445880,3,-0.17802417108842067,0.4797241286858618
NC_047563.1,1415881,NC_047563.1 1409225 1459678,5,-0.17801727948279386,0.47974141234155754
NC_047560.1,5614306,NC_047560.1 5609023 5627398,18,0.17798704085745506,0.4798172522821974
NC_047560.1,44272009,NC_047560.1 43984502 44478438,6,-0.17785946502433594,0.4801372836324891
NC_047564.1,31020926,NC_047564.1 31019813 31021767,4,-0.17781128827003537,0.4802581651204163
NC_047562.1,17107686,NC_047562.1 17103342 17110911,7,0.1777339291696296,0.4804523000761939
NC_047565.1,61573760,NC_047565.1 61570354 61590349,7,0.17762965318158305,0.4807140448276448
NC_047561.1,35434475,NC_047561.1 35429440 35434908,5,-0.1774706057601554,0.48111340717388573
NC_047562.1,32919734,NC_047562.1 32898252 32939854,21,0.1774627642737729,0.48113310108024787
NC_047561.1,56062281,NC_047561.1 56061301 56065846,5,-0.17740950096150196,0.48126688246330307
NC_047562.1,28351155,NC_047562.1 28339018 28354048,3,0.17740570649115933,0.4812764137262304
NC_047568.1,4394959,NC_047568.1 4380992 4396499,3,-0.1772608779305607,0.48164027534018783
NC_047564.1,4117649,NC_047564.1 4113919 4173330,4,0.17724186550312224,0.48168805144873417
NC_047561.1,26687308,NC_047561.1 26659747 26691696,6,-0.17723772695758563,0.4816984514602596
NC_047563.1,31670996,NC_047563.1 31667291 31671562,17,0.17723331708449855,0.481709533429205
NC_047563.1,46804539,NC_047563.1 46782641 46805852,18,0.17709950229904642,0.4820458682350358
NC_047560.1,63115802,NC_047560.1 62653127 63119960,6,-0.17706208257544626,0.48213994090691203
NC_047566.1,47079484,NC_047566.1 47061842 47094867,8,0.17706196017340842,0.4821402486387396
NC_047565.1,45413322,NC_047565.1 45398934 45419968,6,0.17704941790072237,0.48217178176601916
NC_047565.1,53835671,NC_047565.1 53799802 53902085,10,-0.177047820628994,0.48217579761587204
NC_047565.1,30688765,NC_047565.1 30665007 30702504,4,-0.1770112926166049,0.482267640578931
NC_047563.1,25682875,NC_047563.1 25677208 25683952,9,-0.17699909286430549,0.48229831652242405
NC_047560.1,65098040,NC_047560.1 65096899 65102195,4,-0.1769744362749925,0.4823603177646002
NC_047561.1,3324433,NC_047561.1 3321482 3326801,5,-0.17686979687752896,0.4826234865772624
NC_047559.1,21666389,NC_047559.1 21636258 21684141,3,0.17680922141130812,0.4827758664713765
NC_047565.1,53869895,NC_047565.1 53799802 53902085,13,-0.17668971815844858,0.48307655062175503
NC_047564.1,19103729,NC_047564.1 19084348 19123477,9,-0.1766873253260947,0.48308257220482487
NC_047563.1,48693698,NC_047563.1 48665644 48719501,8,-0.1766823672518184,0.48309504935821035
NC_047560.1,22640126,NC_047560.1 22639483 22641648,4,-0.17667166075912108,0.4831219931302476
NC_047565.1,13486433,NC_047565.1 13473578 13503028,3,-0.1766170076164568,0.48325954374712443
NC_047560.1,5838365,NC_047560.1 5837548 5838564,14,-0.17659651465878015,0.48331112521481945
NC_047560.1,19068479,NC_047560.1 19019340 19084838,4,0.17656500728071783,0.48339043561324213
NC_047567.1,17485494,NC_047567.1 17479972 17502971,17,0.17646223830619703,0.4836491700736021
NC_047565.1,33371677,NC_047565.1 33350497 33374192,3,-0.1764235573154327,0.483746572140198
NC_047566.1,29808852,NC_047566.1 29795998 29820180,4,0.17638981084378683,0.48383155650797505
NC_047561.1,2449173,NC_047561.1 2442714 2451136,19,-0.1763695377565962,0.48388261411569566
NC_047560.1,24868350,NC_047560.1 24826378 24899695,4,-0.1763561444382092,0.4839163465278421
NC_047559.1,49919201,NC_047559.1 49917294 49929131,8,0.17628203896037867,0.4841030093933192
NC_047564.1,28652781,NC_047564.1 28634556 28742989,4,-0.176213360555473,0.48427603356957927
NC_047564.1,20768760,NC_047564.1 20743496 20774647,3,-0.17619812822030828,0.48431441308380296
NC_047559.1,43137488,NC_047559.1 43133991 43143988,5,-0.1761974507002099,0.48431612020346604
NC_047561.1,40754784,NC_047561.1 40751344 40770617,3,0.1761787020159742,0.48436336166392735
NC_047560.1,54353971,NC_047560.1 54124262 54502908,4,-0.17615613430201857,0.48442022900552284
NC_047568.1,37204963,NC_047568.1 37204186 37206697,4,0.17608234593984656,0.4846061876952594
NC_047566.1,7971523,NC_047566.1 7929424 7972433,13,-0.17607379114937796,0.48462774941902054
NC_047568.1,9422719,NC_047568.1 9401103 9429609,10,-0.1760153202786221,0.4847751335360745
NC_047565.1,2334828,NC_047565.1 2334252 2335345,4,0.17596626764483253,0.48489879455755924
NC_047560.1,70737874,NC_047560.1 70690070 71346242,4,0.17592135093671488,0.48501204249314755
NC_047564.1,34020694,NC_047564.1 34018669 34023115,3,0.1759044567313751,0.4850546409882823
NC_047561.1,7652859,NC_047561.1 7650555 7657594,8,-0.17590123514257003,0.48506276438563334
NW_022994937.1,217983,NW_022994937.1 217912 220916,4,-0.1758884209472527,0.4850950766785911
NC_047565.1,26096631,NC_047565.1 26091700 26097627,8,-0.17585063008811821,0.4851903762890176
NC_047564.1,19496719,NC_047564.1 19492881 19501585,7,-0.17584990014439492,0.4851922171245564
NC_047564.1,19875929,NC_047564.1 19825201 19885354,21,-0.17584313011707914,0.48520929053064255
NC_047563.1,231728,NC_047563.1 191191 650035,3,0.1758219670577804,0.48526266377542926
NC_047559.1,36759931,NC_047559.1 36756626 36760121,9,-0.17573818586142406,0.4854739881496001
NC_047563.1,7646636,NC_047563.1 7634518 7664446,4,0.17566731253821213,0.48565278962207725
NC_047561.1,45400578,NC_047561.1 45397780 45409143,19,-0.17550198965278258,0.4860699964455787
NC_047564.1,41874397,NC_047564.1 41870430 41876193,14,0.17548683505701904,0.48610824915144846
NW_022994951.1,90808,NW_022994951.1 89783 96366,8,-0.17547904905905737,0.4861279028693458
NC_047561.1,6791917,NC_047561.1 6789986 6803479,20,0.17547584533822663,0.48613598993830454
NC_047561.1,44360334,NC_047561.1 44356286 44361515,6,-0.1753295741749885,0.48650528835609685
NC_047565.1,35790854,NC_047565.1 35770505 35802362,4,0.17530104111295713,0.4865773432131161
NC_047565.1,56133297,NC_047565.1 56123070 56134572,8,0.17529071717460587,0.48660341565138354
NC_047560.1,1440155,NC_047560.1 1438814 1465355,4,0.17520269750317938,0.4868257313079061
NC_047559.1,45420298,NC_047559.1 45418873 45425559,10,-0.175163011309951,0.4869259848967268
NW_022994955.1,354345,NW_022994955.1 348766 364060,4,-0.17513204590737097,0.4870042153830635
NC_047561.1,19003368,NC_047561.1 18997453 19007221,8,-0.17512251324127387,0.4870282997882748
NC_047564.1,25323327,NC_047564.1 25311928 25325155,5,0.1751181168485608,0.48703940752746433
NC_047565.1,49010106,NC_047565.1 48860705 49011501,4,0.1750913545817921,0.48710702659881444
NC_047562.1,47000616,NC_047562.1 46998687 47019971,4,0.17505908314691232,0.48718857153530626
NC_047559.1,43437917,NC_047559.1 43436231 43440061,3,0.17504667622948433,0.4872199236720651
NW_022994881.1,52057,NW_022994881.1 50656 52149,6,-0.1749904199108742,0.4873620950763191
NC_047563.1,9715780,NC_047563.1 9709756 9818305,4,-0.17498420331118988,0.48737780695560473
NC_047565.1,58629528,NC_047565.1 58595690 58637040,15,0.17497789527174518,0.4873937501927199
NC_047560.1,65904685,NC_047560.1 65903272 65905916,15,-0.17495827405284659,0.487443343413717
NC_047561.1,52734875,NC_047561.1 52720419 52735244,12,-0.174857940321697,0.487696978366878
NC_047565.1,53869295,NC_047565.1 53868022 53875874,12,0.17458058796560436,0.48839843533742344
NC_047559.1,55102183,NC_047559.1 55083119 55111037,14,0.17451174642436404,0.4885726197731598
NC_047568.1,53008725,NC_047568.1 52999204 53008845,14,-0.17445979229507858,0.4887040953037628
NC_047561.1,53832103,NC_047561.1 53830783 53833422,9,-0.17432292063041033,0.48905054619732624
NC_047564.1,57287406,NC_047564.1 57281028 57303962,7,-0.17429474771208095,0.4891218725797388
NC_047564.1,54836742,NC_047564.1 54835913 54840684,10,0.17429313894549858,0.4891259457041295
NC_047561.1,9959144,NC_047561.1 9955994 9960256,10,-0.17427569399038775,0.4891701144334192
NC_047559.1,50445624,NC_047559.1 50431105 50464280,3,0.17426086291123627,0.4892076666379157
NC_047560.1,62962344,NC_047560.1 62653127 63119960,5,-0.17423243517682457,0.4892796494100913
NC_047565.1,30842201,NC_047565.1 30833454 30861739,10,0.17423198833107878,0.48928078092353977
NC_047565.1,2493944,NC_047565.1 2482279 2502414,3,-0.1742181088861884,0.48931592741802976
NC_047565.1,53869895,NC_047565.1 53868022 53875874,13,0.17415744715708997,0.48946955366296097
NC_047561.1,21134838,NC_047561.1 21134037 21135684,6,0.17404265975721508,0.48976031766385375
NC_047565.1,30183411,NC_047565.1 30181318 30187622,7,0.173994354811035,0.48988270233315956
NC_047565.1,19812065,NC_047565.1 19810974 19830823,8,0.173985724586801,0.48990456930040926
NC_047559.1,17572892,NC_047559.1 17569948 17601289,3,-0.1739838198943815,0.4899093954088285
NC_047565.1,2565659,NC_047565.1 2564205 2575998,9,0.17394091328028957,0.4900181182779846
NC_047565.1,5224077,NC_047565.1 5085538 5246064,4,-0.17390605706094667,0.4901064505384183
NC_047560.1,20156969,NC_047560.1 20153354 20158190,9,-0.17383575803256712,0.4902846251049967
NC_047564.1,38391488,NC_047564.1 38370960 38400469,5,-0.17383416280229133,0.4902886686190313
NC_047559.1,50413278,NC_047559.1 50370066 50421410,4,0.17376636474782492,0.4904605348737583
NC_047560.1,62720719,NC_047560.1 62716573 62825861,3,-0.17372868623978766,0.49055606152119136
NC_047561.1,29317139,NC_047561.1 29311193 29322862,10,-0.17364303922481986,0.4907732367185096
NC_047563.1,1761560,NC_047563.1 1748255 1792572,13,-0.17364226345209427,0.4907752040590765
NC_047564.1,38304744,NC_047564.1 38304558 38306837,5,0.17363049052611085,0.4908050603795806
NC_047559.1,55100600,NC_047559.1 55083119 55111037,15,-0.1736131729695959,0.49084897956905893
NC_047564.1,9941646,NC_047564.1 9937063 9943981,18,-0.17358717828874382,0.49091490845890906
NC_047566.1,9764609,NC_047566.1 9763893 9765970,10,-0.17350681805609675,0.49111874888648266
NC_047568.1,12424997,NC_047568.1 12422433 12428584,8,0.1734961739512214,0.4911457516230556
NC_047562.1,27694764,NC_047562.1 27692967 27695214,6,0.17342623036898003,0.49132320747499947
NC_047562.1,52843746,NC_047562.1 52842060 52845268,6,0.1734136950417378,0.4913550144940023
NC_047564.1,58184663,NC_047564.1 58183443 58185230,21,0.1734081506916225,0.4913690829930907
NC_047562.1,45257067,NC_047562.1 45254594 45271226,7,-0.17330167569075142,0.4916392956231933
NC_047561.1,2654558,NC_047561.1 2637666 2685662,3,0.1732953134755084,0.4916554439544698
NC_047561.1,2407151,NC_047561.1 2399536 2420598,10,-0.17320908247763875,0.49187433751615073
NC_047568.1,40355843,NC_047568.1 40354886 40368555,4,0.17318258630390998,0.49194160635630346
NC_047561.1,55235364,NC_047561.1 55233590 55241308,18,-0.1731693609599,0.4919751847034264
NC_047567.1,3388382,NC_047567.1 3388133 3396392,3,-0.1731011850722514,0.4921482967583689
NC_047560.1,67089094,NC_047560.1 67088631 67089911,6,-0.17299536020558642,0.4924170654197527
NC_047563.1,9123624,NC_047563.1 9119932 9124160,6,-0.17283840092395447,0.49281583346873215
NC_047565.1,40426371,NC_047565.1 40424058 40445833,13,-0.17281727176813871,0.49286952576490384
NC_047561.1,22183865,NC_047561.1 22153614 22188345,4,0.17281452210640924,0.4928765132683067
NC_047562.1,35996852,NC_047562.1 35961520 36018993,10,0.1727898204813069,0.4929392877527776
NC_047563.1,27384541,NC_047563.1 27383877 27389222,4,0.17277310181447875,0.4929817772605074
NC_047559.1,36759577,NC_047559.1 36756626 36760121,3,-0.17269635915748627,0.49317683692918657
NC_047565.1,41675634,NC_047565.1 41663767 41721524,19,-0.17267996301664779,0.49321851644818726
NC_047561.1,42774386,NC_047561.1 42766925 42808483,6,-0.17263409033858304,0.4933351353224328
NC_047564.1,8154368,NC_047564.1 8143674 8156561,7,0.1725671176380026,0.4935054192275773
NC_047561.1,3687231,NC_047561.1 3685562 3689617,5,-0.17249281459882157,0.4936943743878348
NC_047565.1,57636113,NC_047565.1 57630715 57647843,13,-0.1724755125009757,0.49373837922898334
NC_047561.1,10004688,NC_047561.1 10004180 10004866,6,-0.17246639946490863,0.4937615573944154
NC_047563.1,7932826,NC_047563.1 7915732 7936712,3,-0.17244956786965498,0.4938043683841409
NC_047568.1,48228586,NC_047568.1 48224653 48230240,16,0.1723833681233477,0.4939727641525625
NC_047562.1,42612159,NC_047562.1 42605640 42621531,5,0.17238134203480138,0.4939779184576816
NC_047563.1,6115593,NC_047563.1 6081452 6120772,5,-0.17233710827740978,0.4940904542095881
NC_047562.1,35887611,NC_047562.1 35882792 35903798,5,0.17231837335461397,0.494138121733687
NC_047559.1,12634792,NC_047559.1 12629148 12636225,3,-0.17227268826791345,0.49425436824242
NC_047563.1,15623216,NC_047563.1 15620946 15630870,3,0.1721808958707853,0.49448797552199253
NC_047565.1,14524507,NC_047565.1 14522947 14579224,7,-0.17213658762834325,0.4946007569547364
NC_047564.1,53304846,NC_047564.1 53304650 53306695,14,0.17213003706681995,0.49461743169367567
NC_047561.1,38931438,NC_047561.1 38924969 38937411,10,-0.17206848334824298,0.49477413260796677
NC_047559.1,20322388,NC_047559.1 20316401 20331092,5,0.17203960724332393,0.49484765245535567
NC_047566.1,54424422,NC_047566.1 54421143 54427040,4,-0.17192169117900313,0.49514792668648855
NC_047560.1,70780878,NC_047560.1 70690070 71346242,7,0.17190752554352243,0.4951840055043607
NC_047561.1,21855318,NC_047561.1 21851951 21888767,4,-0.1718568385632199,0.49531311184696714
NC_047562.1,29663984,NC_047562.1 29652578 29667717,9,0.1718500311864612,0.4953304523583978
NC_047568.1,47096248,NC_047568.1 47095406 47109813,8,-0.17184451641309226,0.49534450042047573
NC_047559.1,5027283,NC_047559.1 5022296 5033938,4,0.17183087010148296,0.49537926318819925
NC_047560.1,31128746,NC_047560.1 31070452 31128885,7,-0.1718201080443191,0.4954066794030856
NC_047559.1,4902276,NC_047559.1 4902153 4914502,4,-0.17181242723090287,0.4954262466327657
NC_047565.1,12342590,NC_047565.1 12340468 12347855,16,0.17179042114395546,0.4954823102260254
NC_047565.1,54147890,NC_047565.1 54139256 54155121,11,0.17164568784024514,0.49585111479116695
NC_047562.1,24522938,NC_047562.1 24505604 24525332,14,0.17164104572080485,0.4958629458729472
NC_047566.1,56235082,NC_047566.1 56232170 56238446,12,-0.1716295886087674,0.495892146485459
NC_047561.1,29215144,NC_047561.1 29182139 29216371,10,0.1715744237114336,0.49603275623305865
NC_047559.1,725838,NC_047559.1 717881 725870,8,0.17153638544355687,0.49612972311652104
NC_047564.1,19639894,NC_047564.1 19625096 19645622,14,-0.17146174202157427,0.4963200301260592
NC_047565.1,51851166,NC_047565.1 51849180 51862179,12,0.1714207782802636,0.4964244840954599
NC_047559.1,31875711,NC_047559.1 31874857 31876534,6,-0.17140510121371264,0.496464462047975
NC_047568.1,3782896,NC_047568.1 3781070 3785112,14,0.17137113600283913,0.496551081755079
NC_047568.1,5230703,NC_047568.1 5219934 5252478,7,-0.1713643943273993,0.49656827556362493
NC_047559.1,13460828,NC_047559.1 13431474 13495978,3,0.17132306378525114,0.4966736902564477
NC_047563.1,38161817,NC_047563.1 38161154 38162140,7,0.17126932036158904,0.4968107804496438
NC_047561.1,36247346,NC_047561.1 36246317 36260135,5,0.17120999473680726,0.4969621310088541
NC_047568.1,32307586,NC_047568.1 32143813 32338882,3,-0.17118047837331832,0.49703744093116
NC_047563.1,1458591,NC_047563.1 1409225 1459678,5,-0.17118021966464822,0.49703810104113677
NC_047563.1,1193340,NC_047563.1 1184566 1219600,4,-0.17113752190275386,0.49714705260080183
NC_047566.1,29515800,NC_047566.1 29491873 29532252,3,-0.1711366488858912,0.4971492803911969
NC_047563.1,15513068,NC_047563.1 15492112 15517798,14,0.1711254339622036,0.4971778993939353
NC_047568.1,44052311,NC_047568.1 44044695 44061100,11,0.1710742904466172,0.4973084209276586
NC_047565.1,44296036,NC_047565.1 44284948 44301663,3,0.17098588554482663,0.4975340747504119
NC_047566.1,5824987,NC_047566.1 5824674 5837568,14,0.17096375535077818,0.4975905698483595
NC_047567.1,12855806,NC_047567.1 12851309 12862689,12,0.17090385187625284,0.4977435099849813
NC_047561.1,53510784,NC_047561.1 53508564 53512640,3,0.1706673659949737,0.49834750485600254
NC_047560.1,63646146,NC_047560.1 63643674 63650273,4,-0.1706663107532721,0.49835020077586023
NW_022994966.1,284612,NW_022994966.1 281481 285654,6,-0.17063586470633574,0.49842798701565294
NC_047561.1,43984556,NC_047561.1 43984078 44008384,5,0.17046101217559956,0.49887482846272146
NC_047567.1,18076173,NC_047567.1 18075975 18077482,11,0.17040770346142173,0.49901109886448936
NC_047566.1,57107439,NC_047566.1 57105285 57115715,3,0.17031838574786098,0.49923945727862884
NC_047563.1,8743014,NC_047563.1 8711079 8786874,8,-0.17031482427141062,0.499248563936771
NC_047561.1,57865008,NC_047561.1 57862568 57900994,15,-0.17030986125902933,0.49926125444049696
NW_022994890.1,122225,NW_022994890.1 103447 131448,4,-0.170277930103722,0.49934290662459624
NC_047561.1,46847431,NC_047561.1 46842343 46894662,9,-0.17027228191890725,0.49935735044593565
NC_047564.1,51166132,NC_047564.1 51165807 51180138,4,0.17020261818936583,0.49953551449484157
NC_047559.1,45435778,NC_047559.1 45426719 45440172,14,0.17018279078952347,0.4995862283712811
NC_047565.1,8175555,NC_047565.1 8174656 8176803,7,0.1701073034352194,0.4997793300396298
NC_047568.1,26081810,NC_047568.1 26075022 26164422,5,0.17007861993804751,0.49985271370547113
NW_022994844.1,235873,NW_022994844.1 232970 236341,9,0.17007001360302634,0.49987473310167896
NC_047560.1,47683483,NC_047560.1 47681853 47685062,5,0.17003190627238532,0.4999722366804441
NC_047559.1,18549413,NC_047559.1 18548088 18558739,11,0.1698560483578767,0.5004223147066776
NC_047562.1,23691804,NC_047562.1 23677659 23704950,9,0.16966976908682865,0.5008992758183005
NC_047566.1,57482010,NC_047566.1 57477599 57521942,4,0.16952817048098512,0.5012619791689295
NC_047562.1,47024643,NC_047562.1 46999310 47030276,4,0.16952246731249682,0.5012765904055658
NC_047565.1,19585702,NC_047565.1 19563896 19588226,10,0.16945088444579282,0.5014599994982857
NW_022994985.1,119381,NW_022994985.1 117099 120923,8,0.16942246320138454,0.5015328290955867
NC_047565.1,55201164,NC_047565.1 55198218 55201309,6,0.16936196171884338,0.5016878813148935
NC_047561.1,23673260,NC_047561.1 23669445 23677455,6,-0.16935831637341345,0.5016972242786525
NC_047559.1,22546494,NC_047559.1 22537184 22555202,10,-0.1693326819077438,0.5017629273641582
NC_047564.1,7085569,NC_047564.1 7084002 7086153,5,-0.16929948560313515,0.5018480181266474
NC_047568.1,52982624,NC_047568.1 52976090 52997958,16,-0.16923772051633507,0.502006356451035
NC_047568.1,22651043,NC_047568.1 22636265 22660430,6,0.16909050094926964,0.502383858400387
NC_047566.1,33587834,NC_047566.1 33578860 33588921,20,-0.1690899616568379,0.5023852415087264
NC_047565.1,30434442,NC_047565.1 30419705 30441488,4,-0.16904809667852688,0.5024926170045677
NC_047564.1,24871982,NC_047564.1 24859906 24874607,13,-0.16904478916083474,0.50250110060855
NC_047565.1,53801437,NC_047565.1 53799802 53902085,9,0.1690215606375566,0.5025606824401956
NC_047562.1,6939256,NC_047562.1 6872449 6974232,14,0.16900873362208788,0.502593585549436
NC_047560.1,27785188,NC_047560.1 27779829 27785852,7,0.16897395942576307,0.5026827914533057
NC_047560.1,45022047,NC_047560.1 45021296 45022265,5,-0.16887811367544522,0.5029287027163163
NC_047562.1,18296015,NC_047562.1 18289613 18309537,13,-0.1688327483521602,0.5030451164456344
NC_047562.1,40001926,NC_047562.1 39989804 40021647,13,-0.1686506096213367,0.5035126391024234
NC_047564.1,48914496,NC_047564.1 48905161 48925179,15,0.16863640706827743,0.503549103615813
NC_047567.1,32785742,NC_047567.1 32782791 32795247,4,-0.16861387111224765,0.5036069664063049
NC_047561.1,55453727,NC_047561.1 55442541 55490447,12,0.16855208634030067,0.5037656197828795
NC_047564.1,1005242,NC_047564.1 1000767 1010143,3,0.16840076858105954,0.5041542800479296
NC_047561.1,28072391,NC_047561.1 28069026 28080179,4,-0.16830056364158574,0.5044117353906985
NC_047565.1,6692757,NC_047565.1 6682701 6695323,6,-0.16825600486612677,0.5045262398131906
NC_047568.1,21651458,NC_047568.1 21644375 21667283,14,-0.1682191883133782,0.5046208580765457
NC_047566.1,7709430,NC_047566.1 7674237 7715471,13,-0.16810707330221059,0.5049090448106712
NC_047568.1,3256415,NC_047568.1 3251785 3269722,3,-0.16803857735410538,0.5050851491659714
NC_047559.1,26503111,NC_047559.1 26498682 26506068,11,0.16803442491354081,0.5050958261067929
NC_047561.1,55254170,NC_047561.1 55246203 55258165,6,-0.16800911417550063,0.5051609085288855
NC_047561.1,45300575,NC_047561.1 45279519 45303349,5,0.16793570917681153,0.505349680022921
NC_047561.1,14815283,NC_047561.1 14773851 14817015,3,-0.16792322321517877,0.5053817928027735
NC_047565.1,2248120,NC_047565.1 2234653 2255023,5,0.1679038531117961,0.5054316129009098
NC_047564.1,45067169,NC_047564.1 45053666 45078520,7,0.16784279710897765,0.5055886648204563
NC_047565.1,46116649,NC_047565.1 46111010 46117359,12,0.16781775790953246,0.5056530788586462
NC_047565.1,57453412,NC_047565.1 57451805 57454145,9,-0.16774144763974047,0.5058494132024494
NC_047561.1,50235424,NC_047561.1 50217722 50271063,10,0.16772061966461985,0.5059030066026036
NC_047568.1,32985238,NC_047568.1 32981004 32986630,7,0.16762446732661046,0.506150455471744
NC_047562.1,20529934,NC_047562.1 20524687 20547301,7,-0.1676041982052043,0.5062026255633788
NC_047566.1,7712506,NC_047566.1 7674237 7715471,4,0.16760265841054528,0.5062065888996176
NC_047562.1,49647389,NC_047562.1 49643688 49655323,3,0.16754821873153927,0.5063467227352687
NC_047562.1,42145426,NC_047562.1 42120717 42192630,5,0.16749634981860045,0.5064802562601101
NC_047565.1,17087776,NC_047565.1 17083123 17089278,9,-0.16747312196183156,0.5065400604554497
NC_047559.1,31735283,NC_047559.1 31731414 31757929,21,0.16742263318427839,0.5066700642353825
NC_047568.1,37755919,NC_047568.1 37753354 37757610,11,0.16711279623058176,0.5074682113184927
NC_047564.1,16390973,NC_047564.1 16390399 16394056,4,0.16709365295629997,0.5075175443687283
NC_047559.1,30189888,NC_047559.1 30187925 30190724,7,0.1670016457826787,0.5077546825646896
NC_047563.1,25379948,NC_047563.1 25376064 25422978,11,-0.16699748156207486,0.5077654166189298
NC_047568.1,54300456,NC_047568.1 54290688 54329672,3,0.16689425443738706,0.508031538118275
NC_047565.1,18745380,NC_047565.1 18744541 18748176,3,0.16688135302360907,0.5080648028521962
NC_047564.1,38586245,NC_047564.1 38567026 38606514,10,0.1668631973747834,0.5081116167422568
NC_047559.1,53173472,NC_047559.1 53172515 53176751,14,-0.16685467829727915,0.5081335836762783
NC_047561.1,12869513,NC_047561.1 12868327 12887282,6,0.16681031469072996,0.5082479850691621
NC_047559.1,51428904,NC_047559.1 51423488 51429770,19,-0.16675844750794308,0.5083817515564824
NC_047565.1,17785249,NC_047565.1 17781134 17788368,17,-0.16674762821929817,0.5084096568157197
NC_047567.1,6662311,NC_047567.1 6660354 6669139,4,-0.16669142741120338,0.5085546223821811
NC_047568.1,51248045,NC_047568.1 51238373 51261653,4,0.1666688418787609,0.5086128854970025
NC_047568.1,47492781,NC_047568.1 47492493 47499622,20,-0.16654861422754477,0.5089230857466588
NC_047565.1,58045379,NC_047565.1 58026839 58045772,3,-0.1665420621481935,0.5089399933856121
NC_047564.1,27563642,NC_047564.1 27562763 27565794,11,0.1664951950497454,0.5090609416663667
NC_047567.1,11142438,NC_047567.1 11137171 11142782,13,0.16644234647104672,0.5091973424465139
NC_047564.1,36453830,NC_047564.1 36453324 36456527,12,0.16642665616667895,0.5092378420323184
NC_047560.1,55690415,NC_047560.1 55687982 55692856,3,0.16639488467466054,0.5093198548097629
NC_047559.1,42411768,NC_047559.1 42411463 42412365,4,-0.1663569560137739,0.5094177694609121
NC_047559.1,51036377,NC_047559.1 51034263 51039585,8,0.1663497545488434,0.5094363613917974
NC_047568.1,45210034,NC_047568.1 45193273 45212390,3,0.16633770723589997,0.5094674645041566
NC_047561.1,39094481,NC_047561.1 39087437 39097542,4,0.16631944162833417,0.5095146233909278
NC_047567.1,30950082,NC_047567.1 30934340 31071743,4,-0.16614464313448907,0.5099660295417858
NC_047568.1,51406825,NC_047568.1 51406768 51423313,9,-0.16612292571467244,0.5100221266041205
NC_047565.1,53997554,NC_047565.1 53996589 54006621,3,-0.1661164340002917,0.5100388955570985
NC_047566.1,49486718,NC_047566.1 49486499 49527750,21,-0.1660849109421575,0.5101203274682631
NC_047561.1,11244666,NC_047561.1 11241725 11247527,5,0.16600657095840943,0.5103227257405438
NC_047561.1,33098277,NC_047561.1 33095855 33158654,11,-0.1659691219284933,0.51041949200857
NC_047565.1,34308590,NC_047565.1 34288611 34396138,7,-0.1659687465686005,0.510420461962066
NC_047561.1,26650862,NC_047561.1 26647505 26658053,7,-0.1659532706680186,0.5104604534167299
NC_047561.1,49756922,NC_047561.1 49755947 49761167,4,-0.16591481814274484,0.510559825435651
NC_047564.1,53304838,NC_047564.1 53304650 53306695,3,-0.16590243941821325,0.5105918174445214
NC_047561.1,18225036,NC_047561.1 18220936 18225096,18,0.16589108891621024,0.5106211529103784
NC_047565.1,52849196,NC_047565.1 52839572 52852568,11,-0.16585235317453284,0.5107212717409978
NW_022994852.1,150206,NW_022994852.1 143158 156318,4,0.16585140633883205,0.5107237191079586
NC_047566.1,53269259,NC_047566.1 53258921 53285855,15,0.16579177524781527,0.5108778638186517
NC_047568.1,27398286,NC_047568.1 27398029 27402426,6,-0.16572972874679642,0.5110382755874796
NC_047564.1,1868952,NC_047564.1 1867655 1878571,15,-0.16556529627929392,0.5114635055050931
NC_047568.1,9190097,NC_047568.1 9187761 9192808,7,-0.165480779383728,0.5116821349386285
NC_047564.1,18391939,NC_047564.1 18391271 18400747,9,-0.16544344158991584,0.5117787348614828
NC_047559.1,26425745,NC_047559.1 26425494 26427417,5,0.16538664367905453,0.5119256982528099
NC_047568.1,23478803,NC_047568.1 23472228 23486301,14,-0.16538222183262005,0.5119371405206258
NC_047567.1,28322222,NC_047567.1 28316714 28323113,3,0.1653550486479372,0.5120074583286336
NC_047564.1,30321137,NC_047564.1 30320626 30357270,3,-0.16531517221178402,0.5121106573961105
NC_047561.1,49135461,NC_047561.1 49110524 49140908,9,0.16527143184292556,0.5122238674716276
NC_047566.1,40231559,NC_047566.1 40231147 40231763,5,-0.16515075543246996,0.5125362666899252
NC_047564.1,28086572,NC_047564.1 28085773 28093002,6,0.1650899453911867,0.5126937217194192
NC_047565.1,22236742,NC_047565.1 22230765 22236983,4,-0.1650533648152396,0.5127884505179247
NC_047559.1,12314130,NC_047559.1 12285619 12320498,6,0.16489814808389608,0.5131904902126907
NC_047568.1,32082082,NC_047568.1 32080328 32088832,20,0.1648928374256242,0.5132042484090461
NC_047568.1,44646879,NC_047568.1 44640712 44674764,10,-0.1647642920074602,0.5135373208556133
NC_047564.1,31861346,NC_047564.1 31851605 31865454,5,0.1646732857477602,0.5137731874412172
NC_047562.1,42630466,NC_047562.1 42623755 42631750,8,-0.16452282522756584,0.5141632569030471
NC_047559.1,55124822,NC_047559.1 55120030 55125368,9,0.164514034546864,0.5141860510732791
NC_047559.1,46823533,NC_047559.1 46822845 46826313,6,-0.1644988590832745,0.5142254020546981
NC_047561.1,55328887,NC_047561.1 55328009 55329854,5,-0.1644446417087307,0.5143660028409291
NC_047566.1,7025823,NC_047566.1 7019622 7026560,11,-0.1643567889761986,0.514593867794008
NC_047560.1,52370073,NC_047560.1 52369407 52379377,6,-0.16431675514050129,0.5146977198600735
NC_047559.1,53759988,NC_047559.1 53758334 53764315,6,0.16428945899267103,0.5147685346331401
NC_047568.1,16653447,NC_047568.1 16606935 16654751,6,-0.16426990740296407,0.514819260400857
NC_047568.1,19057319,NC_047568.1 19053137 19072344,8,0.16421759740336794,0.5149549879947779
NC_047564.1,26006751,NC_047564.1 26001903 26020832,11,-0.16405948197338555,0.5153653485675436
NC_047565.1,13180665,NC_047565.1 13119330 13220090,10,0.16396240456209857,0.5156173716820653
NC_047567.1,28032680,NC_047567.1 28027536 28055386,4,-0.16395543424848816,0.51563546956653
NC_047564.1,43422363,NC_047564.1 43411098 43426546,16,-0.16388839083348078,0.5158095578433533
NC_047566.1,23964551,NC_047566.1 23955092 23974214,15,0.163856925845182,0.5158912708914813
NC_047559.1,20322343,NC_047559.1 20316401 20331092,8,-0.16381753013299372,0.515993588189806
NC_047564.1,3398293,NC_047564.1 3392916 3402255,4,0.16376855293731712,0.516120803460627
NC_047565.1,37367670,NC_047565.1 37367564 37369959,6,0.1637615258020403,0.5161390572190889
NC_047566.1,2209063,NC_047566.1 2207687 2211323,4,0.16363540533363968,0.5164667204114562
NC_047564.1,51117509,NC_047564.1 51113881 51117841,8,0.16349327156427654,0.516836103042392
NC_047566.1,6982980,NC_047566.1 6932125 6985111,6,0.16341658732328235,0.5170354442478962
NC_047565.1,4076041,NC_047565.1 4039387 4094952,16,0.16330855491791144,0.5173163361904025
NC_047563.1,41461409,NC_047563.1 41460723 41464279,5,0.16329664850530642,0.517347298072534
NC_047562.1,21046000,NC_047562.1 21044137 21046374,5,0.1632119025974258,0.517567699523807
NC_047562.1,3555168,NC_047562.1 3549092 3558386,3,-0.163163720899466,0.517693026793692
NC_047559.1,36837067,NC_047559.1 36835891 36837369,17,-0.16311880193033107,0.517809880018759
NC_047566.1,50371407,NC_047566.1 50364393 50371931,8,-0.16307803523741002,0.5179159420784791
NC_047564.1,39065772,NC_047564.1 39058985 39122177,10,-0.16306245322181617,0.5179564842409725
NC_047566.1,8775189,NC_047566.1 8773343 8776009,10,-0.163040010336555,0.518014880002829
NW_022994972.1,80999,NW_022994972.1 60642 94302,16,-0.1630163298075851,0.5180764994112244
NC_047567.1,16167474,NC_047567.1 16107132 16187917,7,0.1629753182155132,0.5181832242944285
NC_047561.1,55450804,NC_047561.1 55442541 55490447,4,-0.16294839122998958,0.518253302242356
NC_047568.1,16983310,NC_047568.1 16975093 16996711,12,0.1629085898102063,0.5183568942284973
NC_047568.1,16988175,NC_047568.1 16975093 16996711,3,-0.16289613230548836,0.5183893196211682
NC_047568.1,24393257,NC_047568.1 24388670 24412286,16,-0.16288405619399685,0.5184207531962648
NC_047564.1,38273615,NC_047564.1 38263411 38302155,10,0.16287490814881148,0.5184445657384082
NC_047559.1,51151323,NC_047559.1 51134618 51158588,15,-0.16270835857953964,0.5188781867459398
NC_047565.1,21448183,NC_047565.1 21440869 21459504,9,0.16269666705053212,0.5189086326379595
NC_047565.1,61713558,NC_047565.1 61670769 61721276,5,0.16268924838038004,0.518927952016958
NC_047567.1,6005898,NC_047567.1 6005060 6019299,12,0.16261569333554735,0.5191195190163782
NC_047568.1,4310592,NC_047568.1 4307261 4330818,14,-0.16259510004147096,0.519173158163786
NC_047562.1,1836380,NC_047562.1 1826016 1837420,10,-0.1625594592219748,0.5192659975534136
NC_047565.1,16683578,NC_047565.1 16673399 16687037,6,0.16255889652046523,0.5192674633748001
NC_047561.1,8970582,NC_047561.1 8962559 8986747,8,-0.16252238120675136,0.519362588847804
NC_047564.1,8962828,NC_047564.1 8958394 8969583,16,0.16249205449495302,0.5194415986616903
NW_022994956.1,287708,NW_022994956.1 277733 293422,4,0.16244749826391813,0.5195576906247947
NC_047568.1,5080732,NC_047568.1 5079470 5083881,9,0.16240972052884323,0.5196561305755842
NC_047567.1,16882057,NC_047567.1 16878913 16886630,16,0.1623953642581079,0.5196935419402191
NC_047559.1,45435230,NC_047559.1 45426719 45440172,3,0.162355461957062,0.5197975309307384
NC_047566.1,47112710,NC_047566.1 47109765 47113541,19,0.16233349223302526,0.5198547901456742
NC_047564.1,35059468,NC_047564.1 35058452 35059665,3,0.1622294563268497,0.52012597654125
NC_047565.1,1084040,NC_047565.1 1062117 1090229,19,-0.16222751899965768,0.5201310271218575
NC_047561.1,3542583,NC_047561.1 3499872 3545425,5,0.1621823912182174,0.5202486809745163
NC_047566.1,5638525,NC_047566.1 5637206 5650881,5,-0.16213980636548744,0.520359716444206
NC_047568.1,20020681,NC_047568.1 19996071 20036801,6,0.16211231040011073,0.5204314151034001
NC_047567.1,15467921,NC_047567.1 15465875 15469653,16,0.16211191091221988,0.5204324568445058
NC_047564.1,38814587,NC_047564.1 38789953 38819611,4,0.16210387367469603,0.520453415685106
NC_047559.1,6657335,NC_047559.1 6653678 6658195,7,0.16210336653475102,0.5204547381757096
NC_047568.1,44468073,NC_047568.1 44460764 44474174,8,0.16210285998615825,0.5204560591257795
NC_047564.1,35785755,NC_047564.1 35779537 35801362,5,-0.16208906996573702,0.5204920205955712
NC_047559.1,40680677,NC_047559.1 40676370 40685499,5,-0.16208522424322228,0.5205020496362758
NC_047568.1,34411986,NC_047568.1 34409304 34416891,3,-0.1620678366208127,0.5205473949482646
NC_047561.1,17705947,NC_047561.1 17704756 17706783,21,0.16200015947581853,0.5207239081776445
NW_022994810.1,10797,NW_022994810.1 1715 23271,5,0.16199150987704444,0.5207464697727722
NC_047560.1,19461177,NC_047560.1 19456137 19473726,3,-0.16197355017974494,0.5207933172607702
NC_047568.1,13836736,NC_047568.1 13752429 13837039,19,0.1619295628648797,0.5209080655109208
NC_047561.1,12893659,NC_047561.1 12893047 12895467,11,-0.1619222612378193,0.5209271141606788
NW_022994948.1,254265,NW_022994948.1 249775 281092,5,-0.16192088992920958,0.5209306916976996
NC_047559.1,51658893,NC_047559.1 51657544 51660150,21,-0.16187474567538185,0.5210510817432139
NC_047565.1,25660910,NC_047565.1 25626905 25683502,6,0.16182196500714457,0.5211888020008633
NC_047559.1,17654069,NC_047559.1 17635596 17654528,16,-0.16180497152726678,0.5212331465776614
NC_047564.1,48273308,NC_047564.1 48268482 48274763,5,0.16173440588700094,0.521417306745747
NC_047563.1,61580970,NC_047563.1 61576798 61583642,5,-0.16172453983749632,0.5214430572845457
NC_047564.1,52816863,NC_047564.1 52802490 52843628,18,-0.16167986416359426,0.5215596688636461
NC_047565.1,46567532,NC_047565.1 46554962 46574084,13,0.1616475368061131,0.5216440566578403
NC_047564.1,6685656,NC_047564.1 6668310 6708001,7,0.161641901603388,0.5216587675201518
NC_047564.1,28404567,NC_047564.1 28402537 28405398,4,0.1616212290177851,0.5217127355618563
NC_047564.1,25865385,NC_047564.1 25847505 25884064,6,-0.1616013715181085,0.5217645781736413
NC_047560.1,70737874,NC_047560.1 70595196 71158665,4,0.16155901280632734,0.5218751734138256
NC_047565.1,53866647,NC_047565.1 53799802 53902085,11,-0.16154779791593388,0.5219044564258127
NC_047568.1,23509056,NC_047568.1 23497726 23530800,8,-0.1615112010937563,0.5220000190785112
NC_047562.1,47013630,NC_047562.1 46999310 47030276,4,0.16149827694655133,0.5220337689158685
NC_047561.1,8688920,NC_047561.1 8686642 8690037,17,0.16145955201351492,0.5221349004276475
NC_047560.1,4975085,NC_047560.1 4826173 5232376,3,-0.16140710476129672,0.522271882745962
NC_047567.1,17920300,NC_047567.1 17914941 17922450,5,-0.1612592159461232,0.522658230164299
NC_047564.1,37856066,NC_047564.1 37851279 37912830,4,0.16124481274855548,0.5226958644181879
NC_047564.1,41855106,NC_047564.1 41811830 41856828,3,0.16123274587689157,0.5227273950307623
NC_047561.1,29435205,NC_047561.1 29428027 29454883,8,-0.16118503283285693,0.5228520773639946
NC_047565.1,9388282,NC_047565.1 9381336 9390918,6,0.1611655239627094,0.5229030613438682
NC_047567.1,20664743,NC_047567.1 20661068 20665873,5,0.1611039696877816,0.523063940807183
NC_047565.1,22567057,NC_047565.1 22527827 22594197,17,-0.1611018419185616,0.5230695023967428
NC_047566.1,29500287,NC_047566.1 29491873 29532252,5,0.16109155730536312,0.5230963848324995
NC_047561.1,23003435,NC_047561.1 22995803 23005909,9,-0.1610468835586302,0.5232131627326116
NC_047565.1,52759925,NC_047565.1 52741742 52794894,7,-0.1609674323986919,0.5234208791915128
NC_047565.1,41333494,NC_047565.1 41330360 41334938,7,-0.16092537380214675,0.5235308522977116
NC_047564.1,31069573,NC_047564.1 31069033 31072500,4,0.16092328380488738,0.5235363174165036
NC_047566.1,26485285,NC_047566.1 26482060 26488848,4,-0.16090534242031992,0.5235832333006234
NC_047559.1,52987335,NC_047559.1 52961431 53010809,7,-0.16087436038008401,0.5236642544743192
NC_047567.1,19718517,NC_047567.1 19716136 19718827,3,0.16083156451925223,0.5237761795310875
NC_047564.1,1110624,NC_047564.1 1093827 1119467,20,-0.16076271912817316,0.5239562557902626
NC_047567.1,31587398,NC_047567.1 31573036 31589584,4,-0.16071256049348392,0.5240874718527575
NC_047568.1,12302271,NC_047568.1 12293672 12315640,7,0.16062299541234476,0.5243218138293001
NC_047568.1,22492131,NC_047568.1 22488388 22495438,3,-0.1606191052853718,0.5243319932249062
NC_047565.1,13216300,NC_047565.1 13119330 13220090,8,-0.16057357294197472,0.5244511456780627
NC_047562.1,27505923,NC_047562.1 27472225 27513413,13,-0.1605536735746975,0.5245032237672622
NW_022994917.1,2563,NW_022994917.1 42 4732,4,0.160475893805122,0.5247068020084396
NC_047565.1,32718652,NC_047565.1 32693745 32751974,18,-0.16033754106170509,0.525069012225672
NC_047565.1,14075185,NC_047565.1 14069378 14076426,10,0.1602765648980407,0.5252286856936033
NC_047559.1,12778466,NC_047559.1 12774443 12780925,4,-0.16017601775954887,0.5254920295233034
NC_047568.1,12840942,NC_047568.1 12833942 12842872,18,-0.16013128194288678,0.525609217057817
NC_047561.1,51970924,NC_047561.1 51964148 51972678,5,0.16005547385297317,0.5258078273836964
NC_047561.1,25340966,NC_047561.1 25339788 25342273,5,-0.15997015301173803,0.5260314016737082
NC_047568.1,55200696,NC_047568.1 55199488 55203352,5,0.15991717435396455,0.526170248741018
NC_047561.1,22185830,NC_047561.1 22168210 22202321,6,0.15989827956205763,0.5262197725151965
NC_047561.1,29555275,NC_047561.1 29554307 29555384,17,-0.15981537762532455,0.5264370861986685
NC_047562.1,27974999,NC_047562.1 27955005 27999613,14,-0.15978812511839255,0.5265085331632652
NC_047559.1,32125453,NC_047559.1 32114106 32125761,6,-0.15978508753574996,0.5265164969665972
NC_047559.1,25809526,NC_047559.1 25805205 25812708,3,0.15976650248738386,0.5265652236551438
NC_047559.1,54463547,NC_047559.1 54451092 54480039,8,-0.15972482975456292,0.5266744896982907
NC_047565.1,40071071,NC_047565.1 40067737 40105589,16,-0.15964806375153875,0.5268757977638479
NC_047568.1,5405317,NC_047568.1 5361939 5427662,4,-0.15964294251381939,0.5268892287521476
NC_047559.1,54214083,NC_047559.1 54209081 54216962,13,0.15963391194930038,0.5269129127483523
NC_047564.1,7673425,NC_047564.1 7663926 7674717,4,0.159624265551697,0.5269382124000652
NC_047561.1,4262689,NC_047561.1 4262163 4269006,13,0.1595839493540612,0.5270439559356171
NC_047565.1,7464659,NC_047565.1 7460923 7471247,5,0.15956919868279448,0.5270826472479968
NC_047563.1,15695176,NC_047563.1 15690918 15722665,4,-0.15954261869343717,0.5271523704063963
NC_047561.1,49073328,NC_047561.1 49070089 49076966,9,0.15950297835677082,0.5272563606366462
NC_047561.1,11132703,NC_047561.1 11116331 11139350,17,0.15950295516459242,0.5272564214804678
NC_047559.1,50896569,NC_047559.1 50890907 50904070,8,0.15945186650373444,0.5273904585392675
NC_047564.1,47211831,NC_047564.1 47168916 47238399,11,-0.15941448591495477,0.5274885408102645
NC_047561.1,51970924,NC_047561.1 51964797 51972546,5,0.15929527616333056,0.5278013892639979
NC_047565.1,25222413,NC_047565.1 25221159 25237004,12,0.15927569146512213,0.5278527945868069
NC_047568.1,1861064,NC_047568.1 1803363 1875944,3,-0.15927010070801148,0.5278674694594105
NC_047568.1,9865626,NC_047568.1 9795797 9880602,5,-0.15926540634119382,0.5278797915911261
NC_047562.1,27634387,NC_047562.1 27628317 27635772,14,0.15925841909752603,0.5278981324857798
NC_047566.1,29577744,NC_047566.1 29571126 29577760,7,-0.15923958085464363,0.5279475826625266
NC_047568.1,11799123,NC_047568.1 11797477 11800527,5,-0.15922874288412325,0.5279760331794645
NC_047563.1,62639870,NC_047563.1 62637641 62645857,7,-0.15909606189296707,0.5283243882736426
NC_047559.1,46640697,NC_047559.1 46636932 46674355,7,-0.15909146800824397,0.5283364514503068
NC_047568.1,23567686,NC_047568.1 23521404 23580068,4,-0.15908802961282065,0.5283454804866439
NC_047560.1,33122922,NC_047560.1 33042787 33217066,10,-0.15903062658395284,0.5284962281451768
NC_047564.1,23940031,NC_047564.1 23939502 23941958,16,0.15902344958853215,0.5285150772387859
NC_047563.1,19014693,NC_047563.1 19006454 19024339,19,-0.15898293115548057,0.5286214974455673
NC_047559.1,31876022,NC_047559.1 31850203 31884767,3,0.1589818539255645,0.5286243268855706
NC_047568.1,42379296,NC_047568.1 42377710 42380712,9,0.1588817199709047,0.5288873679947848
NC_047568.1,40806078,NC_047568.1 40800930 40811640,5,-0.15887802111371427,0.5288970856454742
NC_047561.1,8729176,NC_047561.1 8682706 8734273,4,0.15878894946460975,0.5291311197629854
NC_047559.1,20741153,NC_047559.1 20734037 20743392,3,0.15877008333704115,0.5291806962679924
NC_047566.1,24126288,NC_047566.1 24124417 24142507,6,0.15875065570199323,0.5292317505341535
NC_047563.1,8518334,NC_047563.1 8515382 8518677,3,-0.1587258432250322,0.5292969590213611
NC_047559.1,11005707,NC_047559.1 10999736 11015637,6,0.1587030985294249,0.5293567365112164
NC_047559.1,51215223,NC_047559.1 51204892 51220090,10,0.1586874108972721,0.5293979684697481
NC_047561.1,28575420,NC_047561.1 28570909 28741658,12,-0.15868685179470376,0.5293994379917568
NC_047561.1,29803175,NC_047561.1 29799321 29819244,9,0.1585141664899949,0.5298534064656918
NC_047561.1,54050270,NC_047561.1 54038294 54051356,8,-0.15847924980753092,0.5299452198371382
NC_047565.1,15523102,NC_047565.1 15517921 15525299,3,0.1584389679326669,0.530051150039144
NW_022994939.1,109531,NW_022994939.1 96668 123730,21,0.15831953157195222,0.5303652917358446
NC_047559.1,6579926,NC_047559.1 6577785 6589665,7,0.15831771722000723,0.5303700645050142
NC_047561.1,3603038,NC_047561.1 3598156 3606753,12,-0.15829085510414329,0.5304407293271217
NC_047564.1,15717341,NC_047564.1 15680917 15732828,8,-0.1581799778175811,0.5307324543047032
NC_047566.1,24303455,NC_047566.1 24297809 24404515,11,-0.15815994202912867,0.5307851775389925
NC_047563.1,58537201,NC_047563.1 58484749 58537272,3,0.15807855587389597,0.5309993660388661
NC_047568.1,47989562,NC_047568.1 47987474 48005309,4,0.1580271234938514,0.5311347439182448
NC_047568.1,49842517,NC_047568.1 49841499 49847686,3,0.15797690358111693,0.5312669456440393
NC_047568.1,54990127,NC_047568.1 54983371 55023742,5,-0.15797657991936057,0.5312677977183173
NC_047566.1,4697669,NC_047566.1 4656332 4699521,3,-0.15789994481497857,0.5314695654549433
NC_047563.1,21832993,NC_047563.1 21831508 21833441,4,0.15789503468567018,0.5314824942201626
NC_047565.1,14294683,NC_047565.1 14293614 14296130,10,-0.15779321985371123,0.5317506132855936
NC_047564.1,28413914,NC_047564.1 28413659 28420707,3,-0.1577882946012138,0.5317635850086837
NC_047568.1,6118958,NC_047568.1 6117051 6123954,9,0.15778327826828087,0.5317767967606764
NC_047566.1,47302349,NC_047566.1 47302045 47313937,3,0.15777029650150853,0.531810988147444
NC_047568.1,4353967,NC_047568.1 4341559 4381805,9,0.15776278624847517,0.5318307691164407
NC_047561.1,36485826,NC_047561.1 36485237 36488479,9,0.15775254068999472,0.5318577550447704
NC_047566.1,44584187,NC_047566.1 44582742 44589929,10,-0.15765494738199717,0.5321148388932511
NC_047563.1,58467833,NC_047563.1 58442202 58478139,10,-0.15765044558067157,0.5321266990728943
NC_047566.1,8124218,NC_047566.1 8120724 8124758,7,0.15760705515246554,0.5322410191253051
NC_047563.1,26514352,NC_047563.1 26512609 26514594,10,-0.1575657316420895,0.5323499039382777
NC_047565.1,5223777,NC_047565.1 5085538 5246064,5,-0.15751478353806278,0.5324841629520293
NC_047563.1,69284006,NC_047563.1 69282561 69284143,14,0.15748631629010282,0.532559186898867
NC_047565.1,12545151,NC_047565.1 12544932 12560246,9,0.15748354030295175,0.5325665031265863
NC_047564.1,15789513,NC_047564.1 15760614 15805071,10,0.1574750527314342,0.5325888727534163
NC_047565.1,43266152,NC_047565.1 43265389 43272359,6,-0.157458218662779,0.5326332414649451
NC_047566.1,32043387,NC_047566.1 32034714 32043727,3,0.15743545707757045,0.5326932357197223
NC_047561.1,30735009,NC_047561.1 30723201 30765386,8,0.1573595243886509,0.5328933989814314
NC_047561.1,45264572,NC_047561.1 45217176 45268546,10,0.1573396664447139,0.5329457514137161
NC_047564.1,55097044,NC_047564.1 55088931 55106595,3,-0.15733035545782426,0.5329702992153528
NC_047566.1,44766849,NC_047566.1 44757715 44767629,15,0.1573258853502989,0.5329820845418549
NC_047566.1,32933381,NC_047566.1 32931500 32934317,9,-0.15730427051965398,0.5330390731799097
NC_047561.1,49106053,NC_047561.1 49106052 49107919,6,-0.15727000198613506,0.5331294296720646
NC_047564.1,6958182,NC_047564.1 6951326 6958280,15,-0.15726858362923538,0.5331331696312644
NC_047559.1,5188036,NC_047559.1 5141559 5193888,8,0.15726213322230453,0.5331501783778116
NC_047559.1,15032691,NC_047559.1 15031428 15035056,6,-0.1572478403099027,0.5331878675064363
NC_047559.1,19598281,NC_047559.1 19597121 19603198,15,-0.15722784606732923,0.53324059257188
NC_047564.1,41755497,NC_047564.1 41749123 41768840,5,0.15709662798500787,0.5335866753188538
NC_047568.1,19237091,NC_047568.1 19216849 19247977,13,-0.15708097157929476,0.5336279753392726
NC_047566.1,8584004,NC_047566.1 8583694 8588258,3,0.15702563917552806,0.5337739483250594
NC_047563.1,21202203,NC_047563.1 21201270 21203203,5,0.1569903318652939,0.5338671024202075
NC_047559.1,25455790,NC_047559.1 25440479 25460765,5,-0.1569573084724419,0.5339542373819457
NC_047561.1,18140490,NC_047561.1 18137526 18148420,20,0.15684240262327465,0.5342574765154792
NC_047561.1,34721109,NC_047561.1 34719582 34773310,4,0.1567774044755166,0.5344290428385279
NC_047561.1,56763284,NC_047561.1 56709983 56806832,9,-0.15670585964587605,0.5346179185154909
NC_047562.1,38540581,NC_047562.1 38538714 38551464,21,-0.1566589895254794,0.5347416703610882
NC_047563.1,14765950,NC_047563.1 14764207 14770827,6,-0.15659923079038696,0.5348994711137409
NC_047563.1,26611240,NC_047563.1 26602458 26613380,8,0.15659700501554402,0.5349053489726613
NC_047559.1,1264650,NC_047559.1 1263895 1266021,12,-0.15659546205110458,0.5349094236730886
NC_047564.1,41547820,NC_047564.1 41546569 41555635,8,-0.15656792460486818,0.5349821476501794
NC_047563.1,5972299,NC_047563.1 5967224 5986920,3,-0.15653288850834135,0.5350746814091532
NC_047562.1,52843655,NC_047562.1 52842060 52845268,4,0.1565320891333554,0.535076792721694
NC_047566.1,50004200,NC_047566.1 49983777 50028481,6,0.15648981398482045,0.5351884554220226
NC_047565.1,53004861,NC_047565.1 53004627 53006211,4,-0.15642296943158954,0.5353650357104592
NC_047563.1,327931,NC_047563.1 191191 650035,14,-0.1563730016672148,0.5354970506434256
NC_047559.1,32805123,NC_047559.1 32780734 32806516,5,0.15632113732205274,0.5356340920040676
NC_047559.1,54216021,NC_047559.1 54209081 54216962,9,-0.15624390086979487,0.5358382037349176
NC_047563.1,7173223,NC_047563.1 7172645 7177536,12,0.156237994821947,0.5358538130229936
NC_047565.1,24072099,NC_047565.1 24068575 24074234,8,0.15623050289529308,0.5358736139797153
NC_047561.1,47663822,NC_047561.1 47659724 47668234,4,-0.1561765622668848,0.536016187398521
NC_047566.1,23759582,NC_047566.1 23758626 23767016,8,0.15616512079460695,0.5360464311942538
NC_047565.1,17819616,NC_047565.1 17788562 17848716,5,-0.15593401557885692,0.5366574887311404
NC_047566.1,3964580,NC_047566.1 3911431 3984108,3,0.1559247471175429,0.5366820017523841
NC_047562.1,14904681,NC_047562.1 14883845 14910291,5,-0.15579678547671358,0.5370204838119895
NC_047561.1,44264899,NC_047561.1 44256547 44276915,4,-0.15576883852907725,0.5370944215111195
NC_047560.1,1146616,NC_047560.1 1146165 1149998,5,-0.15571181402893644,0.537245302413774
NC_047562.1,14937901,NC_047562.1 14924749 14954768,5,0.15571050347300436,0.5372487702346027
NC_047562.1,48528894,NC_047562.1 48519277 48535790,4,-0.15562341244913222,0.5374792418072879
NC_047564.1,30199647,NC_047564.1 30198777 30215940,15,0.15555355554483055,0.5376641386109609
NC_047568.1,54130533,NC_047568.1 54093436 54153085,18,-0.15552780947121228,0.5377322904233104
NC_047565.1,53985677,NC_047565.1 53974838 53995877,3,-0.1555031608590984,0.5377975408402755
NC_047561.1,37588154,NC_047561.1 37569574 37611430,3,-0.15548260730897684,0.5378519534512209
NC_047564.1,3479710,NC_047564.1 3475849 3481426,4,-0.15531780144713203,0.5382883437956798
NC_047565.1,18709617,NC_047565.1 18705990 18731780,3,0.155220506425358,0.538546047067475
NC_047567.1,27841222,NC_047567.1 27838440 27858608,6,0.1552070627970018,0.5385816593135451
NC_047565.1,44370440,NC_047565.1 44364288 44384129,3,0.15519149724066308,0.5386228938902511
NC_047561.1,18227513,NC_047561.1 18225192 18228454,3,0.1551831670594265,0.5386449618861948
NC_047563.1,41452415,NC_047563.1 41327485 41452447,5,-0.15515282666811622,0.5387253419442823
NC_047566.1,17901805,NC_047566.1 17874252 17907672,3,0.15510743084469691,0.538845618127734
NC_047560.1,62881417,NC_047560.1 62653127 63119960,4,-0.15502130028181826,0.5390738543493845
NC_047564.1,18059419,NC_047564.1 18056687 18066118,20,-0.15501382221017873,0.5390936724538831
NC_047563.1,329514,NC_047563.1 191191 650035,5,-0.15498306502586562,0.5391751874531621
NC_047561.1,14544033,NC_047561.1 14539361 14548557,10,-0.1548902006977931,0.5394213372862605
NC_047562.1,45938369,NC_047562.1 45936664 45945489,3,0.15481667679351255,0.5396162586598554
NC_047562.1,12457432,NC_047562.1 12452527 12458281,9,-0.15475910231622617,0.5397689182615548
NC_047568.1,28943954,NC_047568.1 28916900 28968881,7,-0.15462977632193298,0.54011189923131675
NC_047564.1,28653031,NC_047564.1 28648023 28653618,3,0.15458479955113635,0.5402312036222093
NC_047567.1,19946157,NC_047567.1 19908659 19951762,5,-0.15458317740749625,0.5402355067069824
NC_047568.1,2031362,NC_047568.1 2030417 2038572,8,0.15453493786798284,0.5403634795301029
NC_047563.1,73354319,NC_047563.1 73345179 73365563,18,0.15436734282131512,0.540808192329489
NC_047564.1,7905461,NC_047564.1 7902204 7908956,21,0.15435888348931298,0.5408306435101782
NC_047561.1,6470033,NC_047561.1 6464092 6475338,6,-0.1543353267347822,0.5408931656684822
NC_047565.1,57007063,NC_047565.1 57002736 57017173,5,-0.15420910926728928,0.5412282159127781
NC_047560.1,55350076,NC_047560.1 55300845 55435494,3,0.1541071567691443,0.541498921941157
NC_047562.1,51337915,NC_047562.1 51333268 51339872,11,-0.1540967144649092,0.5415266519715319
NC_047561.1,46275376,NC_047561.1 46274731 46278424,7,-0.1539957513868298,0.5417947971759483
NC_047565.1,14294775,NC_047565.1 14293614 14296130,4,-0.15396142480262998,0.5418859778766815
NC_047564.1,56220847,NC_047564.1 56201682 56229705,17,-0.15395145107974031,0.541912472080502
NC_047564.1,54849221,NC_047564.1 54844901 54856049,3,0.15394015582685816,0.5419424775018657
NC_047559.1,33571539,NC_047559.1 33548412 33575949,7,-0.15393335711082876,0.5419605384001431
NC_047560.1,55652025,NC_047560.1 55648591 55654423,21,-0.15392720873682722,0.5419768718877793
NC_047564.1,43198813,NC_047564.1 43181328 43224256,3,0.1538071794969227,0.5422957804427455
NC_047561.1,6609406,NC_047561.1 6605642 6610661,4,-0.1537665732408976,0.5424036872904121
NC_047564.1,18794025,NC_047564.1 18776232 18807010,4,0.1537167897947199,0.5425359947374562
NC_047564.1,24925041,NC_047564.1 24913777 24941512,5,-0.15367859800400746,0.542637505353214
NW_022994945.1,27339,NW_022994945.1 25522 28991,6,-0.1536683408386056,0.5426647695045057
NC_047564.1,17467723,NC_047564.1 17467102 17488256,6,-0.15366135707076845,0.5426833331243872
NC_047561.1,47595133,NC_047561.1 47588647 47599246,4,0.15365312837032438,0.5427052062780635
NC_047561.1,3146169,NC_047561.1 3141906 3148138,8,0.15347810633384867,0.5431705357103926
NC_047565.1,48671715,NC_047565.1 48645805 48674574,6,-0.15347469703708305,0.5431796017557695
NC_047567.1,16172093,NC_047567.1 16107132 16187917,11,-0.15346954411357733,0.5431933046046657
NC_047559.1,21617236,NC_047559.1 21612358 21620186,6,0.15346472298011304,0.543206125285633
NC_047562.1,29658080,NC_047562.1 29652578 29667717,16,0.15339870767040484,0.5433816912979526
NC_047561.1,42985902,NC_047561.1 42985561 42988266,10,0.15337446093600812,0.5434461812636764
NC_047563.1,9458343,NC_047563.1 9452608 9460584,21,-0.15336146234132741,0.5434807555383525
NC_047564.1,55371281,NC_047564.1 55370789 55374566,6,-0.1533056886233747,0.5436291163173845
NC_047568.1,31125580,NC_047568.1 31119197 31139849,3,0.15326933064841317,0.543725840077045
NC_047568.1,4486128,NC_047568.1 4476608 4489192,14,-0.15314940788497577,0.5440449274864364
NC_047568.1,42227651,NC_047568.1 42224279 42237470,3,-0.1531186377310203,0.5441268134697146
NC_047566.1,45963154,NC_047566.1 45949296 45984413,8,0.15307328236131115,0.5442475239271953
NC_047561.1,24218008,NC_047561.1 24205140 24290503,10,0.15299530673222012,0.5444550792316656
NC_047559.1,21164927,NC_047559.1 21150477 21170096,6,-0.15288645541198057,0.5447448787262894
NC_047568.1,15982670,NC_047568.1 15971843 15992335,6,0.1528541422700734,0.5448309206878773
NC_047562.1,33941141,NC_047562.1 33773323 33944877,6,0.15280476496460862,0.5449624120937677
NC_047567.1,17772151,NC_047567.1 17766198 17781658,7,-0.15279547570349328,0.5449871509182629
NC_047559.1,45848802,NC_047559.1 45840444 45856882,3,-0.15268986158405679,0.5452684540126533
NC_047564.1,36344458,NC_047564.1 36343738 36355442,20,0.15265523699230246,0.5453606907323597
NC_047561.1,22541559,NC_047561.1 22515795 22547236,8,-0.1526326794089191,0.5454207858141109
NC_047564.1,24462186,NC_047564.1 24449158 24462449,13,0.1526182929320481,0.5454591140086753
NC_047561.1,28633935,NC_047561.1 28570909 28741658,8,-0.15259912813173085,0.5455101744009568
NC_047559.1,49821482,NC_047559.1 49819012 49834306,11,-0.1525731302096752,0.5455794435634025
NC_047560.1,62666580,NC_047560.1 62653127 63119960,6,-0.1525512240425838,0.5456378136643352
NC_047566.1,38017862,NC_047566.1 38012773 38021478,9,0.15254765606659443,0.5456473209833645
NC_047568.1,40966897,NC_047568.1 40957034 40969896,7,0.15254297409715828,0.5456597967900213
NC_047564.1,40939854,NC_047564.1 40938573 40942882,13,0.15239779788118177,0.5460467038580509
NC_047559.1,33278426,NC_047559.1 33278156 33282120,12,-0.15237716925530703,0.54610169087439
NC_047565.1,11236796,NC_047565.1 11235772 11256558,5,0.15236735206730065,0.546127860132025
NC_047565.1,43029096,NC_047565.1 43021625 43033859,7,0.1523474983387177,0.5461807850806616
NC_047563.1,15571330,NC_047563.1 15570810 15578312,5,-0.15233720187154384,0.5462082337250089
NC_047560.1,62829610,NC_047560.1 62653127 63119960,4,-0.15230582557050026,0.5462918814552409
NC_047565.1,54048768,NC_047565.1 54020182 54080189,9,-0.152287064582791,0.5463419000956959
NC_047561.1,2534793,NC_047561.1 2530038 2536318,7,0.15225533874399597,0.5464264889660307
NC_047560.1,32306956,NC_047560.1 32288608 32310531,9,-0.15221677677135254,0.5465293125315756
NC_047563.1,8276347,NC_047563.1 8274037 8279388,5,-0.1522118232572608,0.5465425214554105
NC_047563.1,15696869,NC_047563.1 15690918 15722665,3,-0.15217855444101627,0.5466312389945107
NC_047560.1,27782675,NC_047560.1 27779829 27785852,4,0.15204769510656158,0.5469802624070939
NC_047568.1,52500686,NC_047568.1 52499816 52503700,4,0.15195651216618924,0.5472235211843572
NC_047561.1,4570110,NC_047561.1 4569004 4573699,10,0.15191075303935161,0.5473456160547875
NC_047566.1,54511707,NC_047566.1 54510097 54512095,5,0.15185549624248676,0.5474930688968058
NC_047568.1,1696050,NC_047568.1 1694627 1707662,8,-0.1518253996085387,0.5475733892673542
NC_047559.1,40827921,NC_047559.1 40823033 40830529,3,0.15176207665982938,0.5477423995158051
NC_047563.1,3756816,NC_047563.1 3756477 3777557,6,-0.15176123827196222,0.5477446373463559
NC_047561.1,55453727,NC_047561.1 55446431 55473342,12,0.1517589143171168,0.5477508404836371
NC_047562.1,41809588,NC_047562.1 41798011 41824395,4,0.15170459590680072,0.5478958369785737
NC_047565.1,9854184,NC_047565.1 9842383 9882001,21,0.15166898165286083,0.547990914260692
NC_047562.1,48179472,NC_047562.1 48178183 48180530,4,0.1516305812670013,0.5480934377611772
NC_047561.1,41594808,NC_047561.1 41586414 41606152,6,-0.15161903113334077,0.5481242766283478
NC_047568.1,39627420,NC_047568.1 39627048 39628319,8,-0.15148006656884921,0.5484953727941326
NC_047565.1,6159468,NC_047565.1 6151868 6160300,16,-0.15146243974537946,0.5485424521243745
NC_047565.1,40627367,NC_047565.1 40625615 40628180,14,-0.15146241609187466,0.5485425153015259
NC_047563.1,18758723,NC_047563.1 18740363 18786437,10,-0.1514124896154309,0.5486758732768482
NC_047561.1,47303026,NC_047561.1 47302605 47304251,19,-0.15139204529445804,0.5487304860111762
NC_047562.1,37720389,NC_047562.1 37719547 37727899,6,-0.15138204887524784,0.5487571902393349
NW_022994939.1,99730,NW_022994939.1 96668 123730,9,-0.15133444602564075,0.5488843634536109
NC_047560.1,27781942,NC_047560.1 27779829 27785852,9,0.1513069956502939,0.5489577043686846
NC_047562.1,38419229,NC_047562.1 38416039 38422819,17,-0.15130019236567263,0.5489758818121886
NC_047565.1,33993716,NC_047565.1 33993233 34000347,3,-0.15128995475329862,0.5490032358137069
NC_047568.1,26876783,NC_047568.1 26873896 26878792,7,0.15117147022300698,0.5493198602373106
NC_047565.1,9090076,NC_047565.1 9077882 9093520,15,0.151166377609455,0.5493334709735223
NC_047564.1,39856702,NC_047564.1 39849817 39860467,8,-0.1511561921886527,0.5493606934140118
NC_047561.1,38496191,NC_047561.1 38488553 38497609,5,-0.15115110599880383,0.5493742874316618
NC_047566.1,50004766,NC_047566.1 49983777 50028481,3,-0.15112024898450394,0.5494567631422344
NC_047565.1,46324602,NC_047565.1 46321152 46325658,8,-0.15110537133339957,0.549496530619088
NC_047565.1,23331732,NC_047565.1 23284220 23332287,16,0.15110217250068822,0.5495050811620533
NC_047561.1,55454950,NC_047561.1 55446431 55473342,4,-0.15107859327416223,0.5495681107267156
NC_047568.1,18698638,NC_047568.1 18673990 18711170,8,0.15101054258392213,0.5497500348752093
NW_022994868.1,162351,NW_022994868.1 162280 167912,4,-0.15096740888346113,0.54986536075354
NW_022994899.1,110606,NW_022994899.1 110278 135244,4,0.15087544066181785,0.5501112906269163
NC_047568.1,8420906,NC_047568.1 8385204 8422169,7,-0.15086725783014565,0.5501331744970891
NC_047559.1,5027229,NC_047559.1 5022296 5033938,4,-0.15084688373444055,0.5501876639260087
NC_047562.1,11110300,NC_047562.1 11103021 11123992,7,0.15081043436283917,0.5502851518054939
NC_047568.1,36513364,NC_047568.1 36504267 36516796,4,0.1507754542153305,0.5503787173018582
NW_022994985.1,39558,NW_022994985.1 38743 46423,7,0.15075851409131513,0.5504240315760062
NC_047563.1,18405330,NC_047563.1 18403130 18406256,5,-0.15074534180588245,0.550459268151743
NC_047568.1,17620476,NC_047568.1 17619716 17623698,16,0.15070739033140718,0.5505607960019357
NC_047563.1,42385037,NC_047563.1 42351908 42406505,18,-0.15068063579270582,0.550632374789761
NC_047559.1,18622391,NC_047559.1 18592234 18623423,14,0.1506760157575177,0.5506447355978017
NC_047562.1,23712751,NC_047562.1 23711677 23713743,7,-0.15062700008969473,0.5507758835880747
NC_047562.1,1848531,NC_047562.1 1847889 1849293,8,-0.1505921964292328,0.5508690138690358
NC_047564.1,42060431,NC_047564.1 42057592 42078668,19,0.15053622949187756,0.5510187891179301
NC_047563.1,7646614,NC_047563.1 7634518 7664446,4,-0.15050133375238314,0.5511121840826922
NC_047562.1,51937052,NC_047562.1 51932017 51947794,21,-0.15047054986480332,0.5511945799193787
NC_047561.1,5167097,NC_047561.1 5162322 5167369,5,-0.15035403232648573,0.5515064990661929
NC_047565.1,48594251,NC_047565.1 48589128 48631568,10,-0.15033194917081283,0.551565624821041
NC_047563.1,8749278,NC_047563.1 8711079 8786874,3,0.15031483496595138,0.5516114485702037
NC_047564.1,4773225,NC_047564.1 4748569 4776624,7,0.1503074544695322,0.5516312105712882
NC_047562.1,39868621,NC_047562.1 39867921 39875994,17,0.15028258774515363,0.5516977959694152
NC_047563.1,6098557,NC_047563.1 6081452 6120772,8,-0.15022932852909954,0.5518404196715871
NC_047561.1,38947240,NC_047561.1 38946526 38959766,9,-0.15021703531172775,0.5518733421960548
NC_047559.1,29068376,NC_047559.1 29051058 29072731,7,0.15018931889877102,0.5519475728495433
NC_047562.1,40020192,NC_047562.1 39989804 40021647,10,0.15013279652231645,0.5520989659283249
NC_047561.1,56359431,NC_047561.1 56329378 56361076,4,-0.15004555166286604,0.5523326841542304
NC_047559.1,52731250,NC_047559.1 52712488 52750617,10,-0.14987408686170497,0.5527921449071211
NC_047568.1,41679730,NC_047568.1 41669196 41684029,7,-0.14977336886341894,0.5530621098729631
NC_047567.1,9553378,NC_047567.1 9543762 9554270,3,0.14976416433192172,0.5530867846489746
NC_047562.1,38421778,NC_047562.1 38416039 38422819,12,0.1497056338059701,0.5532437000246679
NC_047565.1,21045704,NC_047565.1 21044242 21046074,4,-0.14966187823434238,0.5533610178642409
NC_047564.1,13755213,NC_047564.1 13714742 13772334,10,-0.14961064013610503,0.5534984119083152
NC_047563.1,65944959,NC_047563.1 65943074 65974956,16,0.14960222414337668,0.553520980684639
NC_047561.1,47254628,NC_047561.1 47253178 47255313,9,-0.1495130319238293,0.5537601883171774
NW_022994945.1,225638,NW_022994945.1 190480 232078,6,-0.14934719319480236,0.5542050782433188
NC_047560.1,51215446,NC_047560.1 50935047 51246957,4,-0.14931690207596965,0.5542863562476966
NC_047568.1,51578222,NC_047568.1 51570661 51582818,11,-0.1491733609207497,0.5546715815831718
NW_022994865.1,3464869,NW_022994865.1 3464360 3471812,9,-0.1491265601967804,0.5547972075099057
NC_047566.1,31097965,NC_047566.1 31096865 31103066,6,0.14907370761091643,0.5549390933816536
NC_047560.1,70826652,NC_047560.1 70388123 71110591,10,0.14906130344725882,0.5549723954071285
NC_047565.1,37586331,NC_047565.1 37572757 37610817,6,-0.14905537113254788,0.5549883224754026
NC_047562.1,38773973,NC_047562.1 38773006 38776523,3,-0.14896542779858304,0.555229826885052
NC_047560.1,68443211,NC_047560.1 68440911 68443272,7,-0.14895690204074416,0.5552527215709402
NC_047559.1,33987721,NC_047559.1 33983055 33988908,3,-0.14894053906874613,0.5552966631247358
NC_047559.1,43943879,NC_047559.1 43936358 43950720,7,-0.14889836610008544,0.5554099225881857
NC_047563.1,7720301,NC_047563.1 7720167 7722088,17,-0.14882464780108168,0.5556079244516108
NC_047562.1,31580166,NC_047562.1 31571984 31598148,3,-0.1486458471984455,0.5560882987464535
NC_047568.1,9784154,NC_047568.1 9778971 9795629,6,-0.1486149032108125,0.5561714529130419
NC_047561.1,20187847,NC_047561.1 20178932 20206294,4,0.1485998786053354,0.5562118297274508
NC_047565.1,55889627,NC_047565.1 55888772 55893196,5,-0.1485992198284351,0.5562136001404201
NC_047564.1,27118739,NC_047564.1 27072847 27133383,3,0.1485459922836012,0.5563566533296375
NC_047561.1,55454950,NC_047561.1 55442541 55490447,4,-0.1485435079510059,0.5563633305633408
NC_047562.1,47015772,NC_047562.1 46998687 47019971,8,0.14845803750281567,0.5565930741666375
NC_047561.1,49757716,NC_047561.1 49734890 49767198,10,-0.14834298603092577,0.5569023971281339
NC_047560.1,5717512,NC_047560.1 5715897 5724575,19,0.14830594218934626,0.5570020078631157
NC_047563.1,42385037,NC_047563.1 42369077 42388161,18,-0.14825035746104706,0.5571514896612552
NC_047564.1,59463699,NC_047564.1 59461368 59464159,17,0.14821189841644986,0.5572549263611715
NC_047568.1,47357545,NC_047568.1 47355385 47389142,5,0.14815559075942758,0.5574063826385718
NC_047567.1,34529993,NC_047567.1 34529685 34555816,6,0.14807409306363556,0.5576256270888543
NC_047561.1,14815807,NC_047561.1 14773851 14817015,10,-0.1480496457470899,0.5576914024500389
NC_047568.1,54132665,NC_047568.1 54093436 54153085,5,-0.14804106461670433,0.557714490738815
NC_047565.1,36651709,NC_047565.1 36651309 36657144,20,0.1480345929804754,0.5577319035250605
NC_047561.1,22185830,NC_047561.1 22153614 22188345,6,0.14800436272111608,0.5578132451662539
NW_022994963.1,123552,NW_022994963.1 123486 124837,21,-0.14793511765119124,0.5579995849865603
NC_047559.1,36741311,NC_047559.1 36741035 36751661,4,0.14790569196363965,0.5580787783531411
NC_047560.1,70747199,NC_047560.1 70388123 71110591,5,-0.14786402802314383,0.5581909169732285
NC_047559.1,52012564,NC_047559.1 52009166 52016391,3,0.14783734283866407,0.5582627454218745
NC_047562.1,34353314,NC_047562.1 34351364 34364474,7,0.14778346333031583,0.5584077851298428
NC_047564.1,41649087,NC_047564.1 41647011 41649726,7,-0.1477362081424424,0.5585350062569037
NC_047566.1,36486186,NC_047566.1 36470861 36493635,7,-0.14761085551698724,0.558872544059045
NC_047563.1,20089629,NC_047563.1 20034492 20095236,9,-0.1475914875377904,0.5589247043131393
NC_047565.1,36556052,NC_047565.1 36555925 36563685,10,0.14754938592656475,0.5590380962825774
NC_047560.1,71935825,NC_047560.1 71921522 71989278,4,-0.14735986503731238,0.5595486563470895
NC_047568.1,32726374,NC_047568.1 32726330 32730707,4,-0.1472387787894198,0.5598749636809337
NC_047559.1,31928240,NC_047559.1 31916762 31953766,10,0.14723098434613616,0.5598959712643183
NC_047568.1,1827334,NC_047568.1 1803363 1875944,16,-0.14720263724848168,0.559972375270132
NC_047564.1,28737698,NC_047564.1 28634556 28742989,4,0.14713344435926565,0.5601588902024144
NC_047568.1,12303878,NC_047568.1 12169358 12325905,11,0.14704878640703478,0.560387129403136
NC_047562.1,33555456,NC_047562.1 33506154 33566571,3,0.14703840126985593,0.5604151307002662
NC_047561.1,8459900,NC_047561.1 8457823 8471759,17,-0.1469980486852361,0.5605239386054321
NC_047568.1,34099525,NC_047568.1 34074378 34099919,9,0.14699206194306733,0.5605400822212647
NC_047564.1,57404778,NC_047564.1 57398566 57414810,3,-0.14697439483782274,0.5605877238344674
NC_047564.1,41000543,NC_047564.1 40990505 41001945,6,-0.1469326064375938,0.5607004186556028
NC_047565.1,26112717,NC_047565.1 26110601 26116763,9,-0.1469200710915112,0.5607342258666181
NC_047563.1,42526491,NC_047563.1 42526242 42532521,5,0.146877075950302,0.56085018841299
NC_047561.1,47120652,NC_047561.1 47117211 47186158,4,-0.14680154384108202,0.5610539320541835
NC_047564.1,49387717,NC_047564.1 49366001 49396142,14,-0.14668246418684805,0.5613752084157169
NC_047565.1,57525387,NC_047565.1 57514782 57537244,4,-0.14666538654800482,0.5614212903921456
NC_047568.1,3801512,NC_047568.1 3785450 3802109,4,0.146579758284763,0.5616523729687811
NC_047562.1,2033234,NC_047562.1 2032824 2038154,18,-0.1465668678914929,0.5616871635036316
NC_047566.1,23929102,NC_047566.1 23920113 23932583,4,-0.14655314275806477,0.5617242079946982
NC_047564.1,57449992,NC_047564.1 57448199 57465186,6,-0.14652801298487186,0.5617920366671351
NC_047559.1,36742014,NC_047559.1 36741035 36751661,16,-0.14649212476335086,0.5618889100490427
NC_047562.1,51751717,NC_047562.1 51719248 51772729,3,-0.1464799032590753,0.5619219013229146
NC_047568.1,19303663,NC_047568.1 19286938 19366463,6,0.14646023497852098,0.5619749965310343
NC_047568.1,55100508,NC_047568.1 55099726 55100748,14,0.14628304686047983,0.5624534206530555
NC_047561.1,24904660,NC_047561.1 24902518 24919861,8,0.1462704711697565,0.5624873829134621
NC_047564.1,21397323,NC_047564.1 21369543 21426265,14,0.14622992267989696,0.5625968953802803
NC_047562.1,50426058,NC_047562.1 50415953 50453033,3,-0.1461676583920656,0.5627650754793542
NC_047568.1,16613916,NC_047568.1 16606935 16654751,8,-0.14615442903540252,0.5628008116971597
NC_047564.1,8532699,NC_047564.1 8531874 8541965,11,-0.14614552900030695,0.5628248537544467
NC_047561.1,44341867,NC_047561.1 44339113 44348860,5,-0.14612269829730523,0.5628865293849372
NC_047564.1,31295004,NC_047564.1 31276681 31296504,11,0.14604856286537274,0.5630868216347602
NC_047561.1,4097892,NC_047561.1 4094433 4111801,5,-0.14602735847676518,0.563144115396239
NC_047561.1,49758750,NC_047561.1 49755947 49761167,5,-0.1460164881665572,0.5631734877038765
NC_047568.1,36318245,NC_047568.1 36313895 36324366,10,-0.1458468554596224,0.5636319330462838
NC_047561.1,47176128,NC_047561.1 47117211 47186158,6,-0.14584428917309628,0.5636388698779304
NC_047568.1,46240646,NC_047568.1 46240027 46241571,9,0.14581970941278313,0.5637053123758117
NC_047565.1,56578881,NC_047565.1 56552542 56584616,5,-0.1457477504834295,0.5638998469154328
NC_047560.1,63007195,NC_047560.1 63005267 63011867,9,-0.14574497300333186,0.5639073561699136
NC_047565.1,2263144,NC_047565.1 2255407 2275591,13,-0.14568156395816487,0.5640788020440162
NC_047563.1,232982,NC_047563.1 175641 457526,3,0.14565129530105303,0.5641606506654531
NC_047562.1,52857611,NC_047562.1 52851727 52872031,3,-0.14565004311800167,0.5641640367694868
NC_047559.1,45432683,NC_047559.1 45426719 45440172,6,-0.14558914100330486,0.5643287365280535
NC_047564.1,1105098,NC_047564.1 1093827 1119467,5,0.14554657791998704,0.5644438537917922
NC_047565.1,40935079,NC_047565.1 40917508 40937094,8,0.1454631989587955,0.5646693923415176
NC_047561.1,50383576,NC_047561.1 50381432 50388165,3,-0.1453782564489656,0.5648992004964888
NC_047566.1,51182342,NC_047566.1 51178404 51192027,9,0.14530640095811373,0.5650936340009134
NC_047561.1,4245156,NC_047561.1 4242181 4245573,7,0.14527915931493107,0.5651673546528896
NC_047568.1,33311751,NC_047568.1 33310445 33314319,13,0.14526912957537835,0.5651944979336961
NC_047566.1,21186569,NC_047566.1 21182106 21190726,12,0.14511600396037114,0.5656089689001589
NC_047568.1,44486051,NC_047568.1 44478848 44488498,12,0.1450831560131037,0.5656978968610957
NC_047561.1,18210653,NC_047561.1 18210288 18215311,3,0.1449446878736045,0.5660728328456763
NC_047559.1,51151323,NC_047559.1 51130411 51234319,15,-0.14481101721090828,0.5664348806002191
NC_047563.1,10342305,NC_047563.1 10324355 10366465,12,0.14473291200317626,0.5666464753992972
NC_047566.1,46268591,NC_047566.1 46256045 46281934,5,-0.14471369256707284,0.566698548013697
NC_047565.1,27560539,NC_047565.1 27543112 27633600,13,0.14465002849637398,0.5668710524965063
NC_047566.1,5638525,NC_047566.1 5617295 5650849,5,-0.1445355883430416,0.567181197220423
NC_047561.1,21154324,NC_047561.1 21149024 21158440,11,-0.14442605782317666,0.5674781050350048
NC_047562.1,1826464,NC_047562.1 1826016 1837420,9,-0.14437582304496663,0.5676143004914699
NC_047565.1,5103342,NC_047565.1 5101993 5105888,3,0.14426613785732778,0.5679117257093118
NC_047559.1,51961777,NC_047559.1 51952770 51966975,4,0.14411707319395453,0.5683160412115265
NC_047566.1,53214542,NC_047566.1 53213789 53216116,8,0.14399237065683454,0.5686543735215748
NC_047564.1,9542959,NC_047564.1 9537713 9546635,3,0.1439838919972892,0.5686773802534274
NC_047561.1,27832960,NC_047561.1 27745396 27849895,21,0.1439830981621275,0.56867953433532
NW_022994991.1,27287,NW_022994991.1 25538 31500,9,0.14394420884582745,0.5687850653035922
NC_047568.1,12587733,NC_047568.1 12578905 12589401,15,-0.14383850281985358,0.5690719543484537
NC_047568.1,12986248,NC_047568.1 12980024 12988002,19,-0.14373592103676033,0.5693504237407652
NC_047565.1,37609106,NC_047565.1 37572757 37610817,10,0.14371309716131936,0.5694123896142362
NC_047564.1,8024697,NC_047564.1 8012269 8046935,4,0.1436844930438722,0.5694900527071423
NC_047568.1,34206713,NC_047568.1 34203798 34207869,4,0.14366751895679625,0.5695361412401269
NC_047561.1,6577180,NC_047561.1 6573518 6595181,15,0.14365282010292407,0.5695760532920826
NC_047565.1,9696231,NC_047565.1 9695156 9739723,12,-0.14357469600262543,0.5697882052274824
NC_047565.1,29991245,NC_047565.1 29991077 29995005,3,0.1435149807239537,0.5699503895477248
NC_047566.1,6768683,NC_047566.1 6766061 6771366,14,0.14348104379749285,0.5700425697444269
NC_047567.1,25576416,NC_047567.1 25558969 25580392,3,0.14346137570333917,0.5700959955742066
NW_022994922.1,72559,NW_022994922.1 70949 82299,6,0.14340779729793726,0.5702415453012626
NC_047563.1,7142078,NC_047563.1 7129300 7147214,5,0.14336402552815958,0.5703604664378796
NC_047565.1,17839807,NC_047565.1 17788562 17848716,9,-0.14335185981161497,0.5703935207049209
NC_047564.1,9576715,NC_047564.1 9573164 9633552,4,0.14321940772093855,0.5707534465100779
NC_047559.1,28714403,NC_047559.1 28705954 28729110,3,0.14320350486884278,0.5707966675438265
NC_047561.1,51677272,NC_047561.1 51677100 51677798,20,-0.14319091835962158,0.5708308763636039
NC_047564.1,19880931,NC_047564.1 19825201 19885354,5,-0.14310336312231436,0.5710688667531196
NC_047563.1,27504426,NC_047563.1 27504250 27517278,6,0.14306202609605773,0.5711812428058044
NC_047559.1,13222628,NC_047559.1 13219836 13222841,4,-0.14304815369422516,0.5712189575109987
NC_047566.1,46452268,NC_047566.1 46445190 46469150,5,-0.14303261219849361,0.5712612112289572
NC_047562.1,50875676,NC_047562.1 50872190 50883045,15,-0.1429730112347422,0.5714232648542725
NC_047563.1,15641434,NC_047563.1 15637243 15643250,5,-0.14289805147682097,0.5716271067027265
NC_047566.1,57403851,NC_047566.1 57402390 57410144,17,0.142669641981547,0.5722484245338377
NC_047559.1,12777769,NC_047559.1 12774443 12780925,4,0.1426691310958267,0.5722498145659423
NC_047568.1,29383657,NC_047568.1 29368830 29430265,18,-0.14262098644803664,0.5723808143621707
NC_047565.1,22805564,NC_047565.1 22801942 22805577,10,0.1426063272001919,0.5724207041835436
NC_047564.1,15076288,NC_047564.1 15059967 15077281,8,-0.14254483149280162,0.5725880554113478
NC_047564.1,18480507,NC_047564.1 18476309 18480944,12,0.1425356326304514,0.5726130905208799
NC_047563.1,28869595,NC_047563.1 28865433 28870400,4,-0.14248683225697986,0.5727459107338444
NC_047563.1,39634637,NC_047563.1 39486038 39676714,12,-0.14247798729109765,0.572769985533323
NC_047562.1,18234549,NC_047562.1 18217108 18236871,5,0.1424081253214801,0.572960155589536
NC_047568.1,42485761,NC_047568.1 42482968 42490863,4,-0.14239687256082934,0.5729907890627217
NC_047566.1,46226098,NC_047566.1 46217151 46248257,11,-0.1423173205438543,0.5732073741096557
NC_047559.1,6848943,NC_047559.1 6827016 6858683,10,0.14231213844050614,0.5732214839067673
NW_022994997.1,159494,NW_022994997.1 158794 164701,7,-0.14217419971926057,0.5735971171974907
NC_047559.1,5023888,NC_047559.1 5022296 5033938,3,0.14217208297822073,0.5736028823050174
NC_047566.1,37074447,NC_047566.1 37073516 37078580,15,-0.1421394038194343,0.5736918896606957
NC_047565.1,29145812,NC_047565.1 29142447 29150140,21,0.1419123961942411,0.5743103472920486
NW_022994829.1,114301,NW_022994829.1 109708 243958,12,-0.14190868069245052,0.5743204721425398
NC_047564.1,16855164,NC_047564.1 16853446 16855427,6,0.14187624660942663,0.5744088592014329
NC_047567.1,8412984,NC_047567.1 8410398 8420298,4,-0.1418427348307088,0.5745001892242076
NC_047561.1,53274629,NC_047561.1 53273822 53275758,4,0.14179925016747988,0.5746187077060851
NC_047565.1,40070770,NC_047565.1 40067737 40105589,10,0.1417644801025207,0.5747134818560227
NC_047564.1,52047139,NC_047564.1 52040182 52083870,3,0.14176303608474772,0.5747174180171032
NC_047561.1,52674364,NC_047561.1 52665525 52676193,7,-0.1417490962452926,0.5747554163778992
NC_047564.1,21164718,NC_047564.1 21157069 21181141,7,-0.14168199579087087,0.5749383393232098
NC_047564.1,24920497,NC_047564.1 24913777 24941512,3,0.14162384502195516,0.575096884575192
NC_047566.1,42650332,NC_047566.1 42632844 42654414,12,-0.14159965953907766,0.5751628306148603
NC_047563.1,47032514,NC_047563.1 47008895 47033428,13,0.14155694499512597,0.5752793073307987
NC_047568.1,9465426,NC_047568.1 9463515 9465883,4,-0.14142148674807328,0.575648749972452
NC_047565.1,51263743,NC_047565.1 51260079 51267754,9,-0.14127559442786006,0.5760467631285653
NC_047566.1,44050008,NC_047566.1 44026541 44055181,8,-0.14126629232255875,0.576072144453005
NC_047565.1,61720089,NC_047565.1 61670769 61721276,13,-0.14122199502525606,0.5761930186895846
NC_047568.1,5276907,NC_047568.1 5274654 5278125,12,-0.14120670521782866,0.5762347425644908
NC_047566.1,53564547,NC_047566.1 53560164 53568258,6,-0.14120038448818042,0.576251991380907
NW_022994810.1,6620,NW_022994810.1 1715 23271,8,0.1411990445997434,0.5762556478682925
NC_047560.1,53299786,NC_047560.1 53299049 53312358,3,-0.1411928114717638,0.5762726578873842
NC_047565.1,10028826,NC_047565.1 10004603 10034048,20,-0.14106385040914599,0.5766246367259205
NC_047564.1,16855164,NC_047564.1 16852457 16883491,6,0.14102523614015036,0.5767300460688634
NC_047559.1,15361485,NC_047559.1 15358637 15367940,4,-0.14093995742982898,0.5769628691865584
NC_047562.1,38782729,NC_047562.1 38777270 38784581,11,-0.1408953229032516,0.5770847437873643
NC_047562.1,47021464,NC_047562.1 46999310 47030276,5,0.14086580290934658,0.5771653541628328
NC_047567.1,19918186,NC_047567.1 19908659 19951762,4,-0.14081701494643892,0.5772985901602821
NC_047562.1,28943412,NC_047562.1 28929402 28967220,8,-0.14069218901847305,0.577639539229403
NC_047560.1,69008328,NC_047560.1 69005114 69008447,12,-0.14067421201408997,0.577688648598792
NC_047559.1,52987899,NC_047559.1 52961431 53010809,5,0.14066019499787027,0.5777269413498021
NC_047564.1,16135789,NC_047564.1 16127496 16166291,9,0.14062993956897565,0.577809599107306
NC_047560.1,47728470,NC_047560.1 47727567 47768797,3,-0.1405962924768805,0.5779015287797435
NC_047563.1,2589506,NC_047563.1 2583009 2597715,6,0.14053403546313584,0.5780716420824432
NC_047564.1,39312596,NC_047564.1 39306139 39366021,3,0.1405124784914963,0.5781305500819329
NC_047562.1,47513553,NC_047562.1 47506854 47524615,8,0.14035109459726444,0.5785716392668847
NC_047566.1,21174744,NC_047566.1 21173208 21176006,6,0.14033258555364236,0.5786222367042726
NC_047565.1,3533222,NC_047565.1 3527032 3537559,4,0.14031175697834533,0.5786791771977366
NC_047565.1,43138563,NC_047565.1 43084672 43140764,6,0.1403029579522028,0.5787032324082542
NC_047563.1,15376342,NC_047563.1 15372194 15378299,4,-0.1402690304835876,0.5787959889610896
NC_047565.1,28572029,NC_047565.1 28566326 28593273,4,0.140233878424412,0.578892100152763
NC_047567.1,34593070,NC_047567.1 34587143 34593446,5,-0.14019998133468137,0.5789847864711911
NC_047559.1,21335437,NC_047559.1 21335090 21338834,16,0.14011714034902234,0.5792113287287886
NC_047559.1,8141897,NC_047559.1 8141679 8154758,13,0.1400657951777956,0.5793517593705353
NC_047566.1,37339297,NC_047566.1 37326913 37342867,7,0.14005016937014836,0.5793944993036082
NC_047562.1,49463296,NC_047562.1 49444769 49474039,13,0.14002960464098022,0.5794507502812452
NC_047560.1,56538954,NC_047560.1 56520543 56542167,17,0.14000723137260848,0.5795119508075237
NC_047559.1,9329522,NC_047559.1 9323520 9339413,20,-0.139973811958347,0.5796033723995125
NC_047564.1,3320644,NC_047564.1 3318858 3323427,7,0.13996051309795868,0.5796397542387868
NC_047559.1,7684291,NC_047559.1 7678472 7723830,6,0.139879731537425,0.5798607700207786
NC_047568.1,50566274,NC_047568.1 50546604 50567018,7,0.13987234579919194,0.5798809789455015
NC_047565.1,28576043,NC_047565.1 28566326 28593273,5,0.13984775756838616,0.579948259636442
NC_047559.1,52060853,NC_047559.1 52056937 52104127,3,0.13984409907505327,0.5799582706414524
NC_047568.1,51317158,NC_047568.1 51310810 51325837,14,-0.13978697618263627,0.5801145897080184
NC_047565.1,53005488,NC_047565.1 53004627 53006211,17,0.13977833792050626,0.5801382302074903
NC_047562.1,31496411,NC_047562.1 31490130 31499080,19,0.13976135802019235,0.5801847006179328
NC_047566.1,48818419,NC_047566.1 48815973 48825439,4,0.1397601232292312,0.5801880800421143
NC_047565.1,43125817,NC_047565.1 43084672 43140764,4,-0.1397254083864772,0.5802830923889435
NC_047560.1,6384843,NC_047560.1 6382480 6492964,21,0.1397193721982276,0.580299613729156
NC_047568.1,16374241,NC_047568.1 16368300 16383360,17,0.13968689150704153,0.5803885183729423
NC_047565.1,56226071,NC_047565.1 56213017 56240235,7,-0.13968301867810096,0.5803991192853197
NC_047563.1,63800524,NC_047563.1 63798703 63806438,10,-0.13960944459824176,0.580600525703346
NC_047568.1,46263476,NC_047568.1 46254867 46266770,13,-0.13959776485698058,0.5806325012955404
NC_047565.1,19073895,NC_047565.1 19058973 19076216,13,0.13956237948522948,0.5807293802641507
NC_047559.1,36184266,NC_047559.1 36177455 36184914,3,-0.13955193930701743,0.5807579649541219
NC_047568.1,36345765,NC_047568.1 36344720 36347353,8,0.13949299549889158,0.58091936133123
NC_047568.1,37136011,NC_047568.1 37135625 37140115,4,0.13949278563728373,0.580919935995471
NC_047563.1,7944381,NC_047563.1 7943806 7976781,13,-0.13946300961808664,0.5810014741318388
NC_047568.1,56715747,NC_047568.1 56714540 56717548,11,-0.13944540335431183,0.5810496890947874
NC_047564.1,6143927,NC_047564.1 6142847 6148373,10,-0.13937242081255927,0.5812495706761971
NC_047568.1,50176754,NC_047568.1 50176045 50184430,3,-0.13933627457576914,0.5813485772518059
NC_047565.1,13343344,NC_047565.1 13293470 13376285,17,-0.1391861172435597,0.5817599428330782
NC_047562.1,19590950,NC_047562.1 19583045 19614182,4,-0.1391314692924976,0.5819096848516138
NC_047561.1,11970927,NC_047561.1 11965781 11971957,6,0.13912915772553563,0.5819160191840054
NC_047568.1,55823000,NC_047568.1 55821792 55824466,3,0.13909478019933225,0.5820102265400429
NC_047562.1,32263299,NC_047562.1 32259688 32263842,10,-0.1390458894700308,0.5821442166098036
NC_047561.1,41922883,NC_047561.1 41908643 41925264,8,-0.13904529459610443,0.5821458470030372
NC_047566.1,28671011,NC_047566.1 28669548 28686763,19,-0.13895228103075175,0.5824007964430955
NC_047561.1,31609036,NC_047561.1 31608375 31610384,7,-0.1389418332624141,0.582429436632014
NC_047568.1,7283244,NC_047568.1 7280850 7287253,10,0.13892592265872014,0.5824730530860454
NC_047568.1,48151063,NC_047568.1 48145900 48158652,4,0.1389172148478782,0.5824969247826002
NC_047560.1,51582020,NC_047560.1 51556988 51604444,6,-0.13891504462632717,0.5825028743180314
NC_047568.1,49700700,NC_047568.1 49689018 49702387,5,-0.13886686658212674,0.5826349582010053
NC_047565.1,8887244,NC_047565.1 8884040 8890497,5,-0.1388493720117314,0.5826829240588494
NC_047561.1,31614901,NC_047561.1 31611956 31618003,3,0.13883761854520613,0.5827151501400689
NC_047561.1,48647746,NC_047561.1 48632137 48658099,4,0.1387430793107913,0.5829743885446483
NC_047562.1,50717903,NC_047562.1 50713042 50744457,7,-0.13873261495828212,0.5830030860924189
NC_047565.1,52717798,NC_047565.1 52716115 52724523,9,0.13851836717046193,0.5835907721131455
NC_047565.1,48196529,NC_047565.1 48195762 48207869,9,-0.13851828403492378,0.5835910002039588
NC_047560.1,66525301,NC_047560.1 66524951 66686620,3,-0.13847696630650255,0.5837043642378927
NC_047565.1,40124678,NC_047565.1 40120337 40129046,12,-0.1383986552717473,0.5839192527300398
NW_022994917.1,382,NW_022994917.1 42 4732,4,0.13837127615731407,0.5839943899175546
NC_047568.1,4116478,NC_047568.1 4112790 4156088,14,-0.13836014041128022,0.5840249511858824
NC_047566.1,7713173,NC_047566.1 7674237 7715471,6,-0.13834122302702057,0.5840768701512566
NC_047568.1,53036709,NC_047568.1 53015487 53041984,17,-0.138301225950558,0.5841866489443175
NC_047562.1,14952532,NC_047562.1 14924749 14954768,3,-0.13828974863762364,0.5842181519863103
NC_047561.1,44136183,NC_047561.1 44120129 44146756,5,0.1382881578525584,0.5842225184451968
NC_047568.1,3940523,NC_047568.1 3926251 3944627,20,-0.13825327974399995,0.5843182569024107
NC_047562.1,49759694,NC_047562.1 49741437 49759695,6,-0.13821975325531224,0.5844102914499103
NC_047568.1,16854292,NC_047568.1 16778801 16860973,6,-0.13820639555085742,0.5844469617721066
NC_047565.1,60583261,NC_047565.1 60582146 60586105,4,0.13818944197513988,0.5844935050739151
NC_047560.1,48926352,NC_047560.1 48913352 48939412,3,-0.13813769771097567,0.5846355702107604
NC_047565.1,42826785,NC_047565.1 42756995 42830880,18,0.13809588904394993,0.5847503675104102
NC_047567.1,23035604,NC_047567.1 23032549 23047893,8,-0.13807047909697362,0.5848201421945763
NC_047559.1,45835806,NC_047559.1 45799959 45838345,18,-0.13805116268533593,0.5848731866152949
NC_047568.1,10777742,NC_047568.1 10776694 10782741,5,-0.13802096829374147,0.5849561068885202
NC_047564.1,19706093,NC_047564.1 19684794 19725243,4,-0.13799000556485141,0.5850411423025736
NW_022994956.1,430465,NW_022994956.1 425256 430637,4,0.1379896519759971,0.5850421134218181
NC_047568.1,27731335,NC_047568.1 27729940 27732202,5,0.1379162842363313,0.5852436299414462
NC_047568.1,52554684,NC_047568.1 52546732 52588783,13,0.13791171162712143,0.5852561903254923
NC_047559.1,10115583,NC_047559.1 10106809 10121309,10,-0.13786720849995715,0.5853784407380874
NC_047559.1,3909425,NC_047559.1 3907899 3918342,3,-0.13783217888682467,0.5854746748684445
NC_047566.1,24849139,NC_047566.1 24848060 24854679,7,0.13783031325930684,0.5854798003477504
NC_047564.1,8517311,NC_047564.1 8513748 8520486,9,0.1377906837180915,0.5855886798964832
NC_047564.1,40012765,NC_047564.1 40011694 40026974,3,-0.13771928143578355,0.5857848743693422
NC_047565.1,44200478,NC_047565.1 44197946 44215690,17,0.13761374164643095,0.5860749200517612
NC_047561.1,52626850,NC_047561.1 52624215 52629902,8,0.13760415223415673,0.5861012767666139
NC_047565.1,13490603,NC_047565.1 13473578 13503028,5,0.13757636299679962,0.586177658912153
NC_047560.1,54251786,NC_047560.1 53957867 54344220,15,-0.13755764564437145,0.5862291082120548
NC_047566.1,48820037,NC_047566.1 48815973 48825439,20,-0.13749754179000187,0.5863943313893287
NC_047562.1,5027873,NC_047562.1 5004642 5029954,4,-0.1374955563511802,0.5863997896165689
NC_047564.1,52766528,NC_047564.1 52764990 52772101,3,0.1374776067684478,0.5864491362981741
NC_047559.1,40206059,NC_047559.1 40182188 40220422,20,0.13742425526772242,0.5865958195763767
NW_022994978.1,93816,NW_022994978.1 77504 105679,19,-0.1373309879328433,0.5868522833105856
NC_047567.1,22154975,NC_047567.1 22100297 22170859,10,0.13732762961364633,0.586861518790994
NC_047559.1,22398027,NC_047559.1 22392383 22398290,3,-0.1373256671557201,0.5868669156383908
NC_047568.1,40182545,NC_047568.1 40172278 40204346,7,0.13727485959584063,0.5870066459322163
NC_047561.1,50235424,NC_047561.1 50181020 50245978,10,-0.1372248600161516,0.5871441677060469
NC_047562.1,27456890,NC_047562.1 27447976 27460445,13,-0.13720493230935527,0.587198981791216
NC_047559.1,28467328,NC_047559.1 28437761 28493312,6,-0.13718612490161075,0.5872507162908072
NC_047562.1,49638908,NC_047562.1 49637922 49643786,5,0.13715161348413057,0.5873456535680904
NC_047566.1,24858538,NC_047566.1 24857301 24860574,19,-0.13705779680988867,0.5876037657682861
NC_047562.1,51752130,NC_047562.1 51719248 51772729,9,-0.13704804311534471,0.5876306032424361
NC_047565.1,1575903,NC_047565.1 1558470 1585073,4,0.1369766954595518,0.5878269332251267
NC_047565.1,53795993,NC_047565.1 53794799 53799754,10,-0.13692416727922782,0.5879714944598278
NC_047561.1,50385598,NC_047561.1 50381432 50388165,5,0.13687551271297188,0.5881054084717138
NC_047568.1,15986640,NC_047568.1 15971843 15992335,5,-0.13686780427446696,0.5881266258994287
NC_047567.1,12859210,NC_047567.1 12851309 12862689,6,-0.13650754638338372,0.5891185894628931
NC_047564.1,5629537,NC_047564.1 5620052 5630214,7,0.13647578016477724,0.5892060905891178
NC_047565.1,15514197,NC_047565.1 15513036 15517439,16,-0.13646431344848456,0.5892376773773248
NC_047568.1,34856645,NC_047568.1 34853080 34860370,18,-0.13643318902152193,0.589323417829416
NC_047568.1,28367564,NC_047568.1 28360833 28390811,4,-0.1363703722518252,0.5894964790266322
NC_047565.1,57805870,NC_047565.1 57778945 57807822,8,0.13627368817485125,0.5897628865176272
NC_047562.1,36290371,NC_047562.1 36288253 36291647,3,-0.1362502169779876,0.5898275676242695
NC_047561.1,52582019,NC_047561.1 52579741 52585774,5,-0.13623858026769273,0.5898596367592411
NC_047559.1,30412641,NC_047559.1 30411530 30414981,14,0.13620329614531088,0.5899568792653114
NC_047559.1,28384975,NC_047559.1 28383377 28385578,4,0.13617263125471052,0.590041396653221
NW_022994901.1,129839,NW_022994901.1 124667 130263,5,-0.13617014193025903,0.5900482578541363
NC_047565.1,37396171,NC_047565.1 37373058 37412667,8,0.13616591302816247,0.590059913842264
NC_047564.1,40939529,NC_047564.1 40938573 40942882,7,-0.13611235366588886,0.5902075460904747
NC_047566.1,19513043,NC_047566.1 19484801 19514804,3,0.13591928178085885,0.5907398612303194
NW_022994965.1,28736,NW_022994965.1 23230 30682,5,0.13583411795027656,0.5909747283007496
NC_047562.1,13272644,NC_047562.1 13246768 13275546,7,-0.135816577192553,0.5910231074814012
NC_047562.1,24392979,NC_047562.1 24372791 24401245,3,0.13576567675728463,0.5911635053266489
NC_047568.1,33178337,NC_047568.1 33169425 33190167,3,0.1357409636853365,0.5912316759831452
NC_047561.1,50685845,NC_047561.1 50685266 50689329,14,-0.13572662609553665,0.5912712275152505
NC_047559.1,40670877,NC_047559.1 40640552 40674846,7,-0.13569444284635981,0.5913600119027305
NC_047563.1,9351938,NC_047563.1 9351892 9353547,14,0.1356931373379606,0.5913636135440519
NC_047568.1,26814569,NC_047568.1 26813737 26818451,15,-0.13567890573628877,0.5914028763288062
NC_047560.1,55347742,NC_047560.1 55300845 55435494,4,0.13561526804410065,0.591578456091784
NC_047559.1,35141680,NC_047559.1 35136455 35147495,4,0.13551938835154081,0.5918430340509803
NC_047568.1,22598104,NC_047568.1 22573519 22607147,11,-0.13551821824295684,0.591846263243482
NC_047566.1,48806596,NC_047566.1 48805479 48808461,9,-0.13548598177757815,0.5919352302967356
NC_047568.1,27891490,NC_047568.1 27832144 27893867,6,-0.13546335004757737,0.5919976932573818
NC_047559.1,48116457,NC_047559.1 48083686 48122878,6,-0.1353746777298011,0.5922424527582126
NC_047568.1,46813659,NC_047568.1 46803954 46815758,12,-0.13531134365907035,0.5924172975219704
NC_047562.1,38781936,NC_047562.1 38777270 38784581,7,-0.13529603189664277,0.5924595715244438
NC_047565.1,61994705,NC_047565.1 61988757 62005372,7,0.13528162014334152,0.5924993618469514
NC_047562.1,16476864,NC_047562.1 16471631 16477495,6,0.13525205002755808,0.5925810073162354
NC_047559.1,28404941,NC_047559.1 28391209 28406098,3,0.13523013764321726,0.5926415121768134
NC_047563.1,69777362,NC_047563.1 69777191 69836127,8,0.13519233917085569,0.5927458879918305
NC_047565.1,32533167,NC_047565.1 32530830 32567104,13,-0.13517564085936637,0.5927920007400176
NC_047566.1,46050042,NC_047566.1 46043317 46093089,4,0.13516825358619214,0.5928124013281955
NC_047565.1,19838546,NC_047565.1 19837525 19838840,14,-0.13513982065658764,0.5928909240114972
NW_022994945.1,449913,NW_022994945.1 449323 451851,14,-0.1351027876439177,0.5929932038329764
NC_047561.1,45840805,NC_047561.1 45838267 45846306,12,-0.1350913218165775,0.5930248722683008
NC_047565.1,55208718,NC_047565.1 55206356 55214840,13,-0.13508456559729848,0.5930435331675421
NC_047568.1,19360585,NC_047568.1 19286938 19366463,9,-0.13503353683132727,0.5931844841366164
NC_047565.1,44287332,NC_047565.1 44284948 44301663,7,-0.13503269488581515,0.5931868098633128
NC_047561.1,6745164,NC_047561.1 6743932 6748734,17,-0.1349651385805498,0.5933734345863062
NC_047564.1,26532176,NC_047564.1 26469137 26583552,8,0.13492521677377448,0.5934837302388918
NC_047565.1,6153380,NC_047565.1 6151868 6160300,4,-0.13487553821837894,0.5936209935901096
NC_047561.1,4689280,NC_047561.1 4688648 4690248,6,-0.13481821045941714,0.5937794082218204
NC_047561.1,54522061,NC_047561.1 54491204 54522223,4,-0.13476928956939913,0.5939146058368419
NC_047564.1,51435861,NC_047564.1 51431261 51438226,10,-0.13464209927484358,0.5942661680006722
NC_047562.1,32801193,NC_047562.1 32797488 32804667,3,0.13462782639315063,0.5943056245235827
NC_047568.1,21167173,NC_047568.1 21149053 21179316,5,0.1346186361880499,0.5943310308649252
NC_047561.1,40417174,NC_047561.1 40406054 40418704,4,-0.13453324299636385,0.5945671219490464
NC_047567.1,27721658,NC_047567.1 27718074 27721819,9,-0.1345185984121016,0.5946076144930781
NC_047564.1,15730124,NC_047564.1 15680917 15732828,7,0.13449553531642128,0.5946713866815356
NC_047565.1,52534429,NC_047565.1 52533293 52538754,5,0.13447529940864267,0.5947273436839808
NC_047561.1,3701644,NC_047561.1 3696117 3751773,9,0.13447229546009998,0.5947356504870627
NC_047562.1,29973713,NC_047562.1 29972875 29976433,10,0.13447026244020108,0.5947412724134264
NC_047559.1,1766253,NC_047559.1 1744821 1783121,7,-0.13437649503791319,0.5950005919778144
NC_047564.1,42162963,NC_047564.1 42155003 42165626,3,0.1343421141366544,0.5950956861662596
NC_047561.1,4577899,NC_047561.1 4577145 4578390,4,-0.13428247367658505,0.5952606606609407
NC_047561.1,49759395,NC_047561.1 49734890 49767198,20,0.13427756866206422,0.5952742295082647
NC_047565.1,60650262,NC_047565.1 60646590 60672137,11,-0.13422162785656558,0.5954289887755639
NC_047564.1,46573344,NC_047564.1 46572402 46575321,13,-0.13418524261105488,0.595529656818323
NC_047560.1,69047745,NC_047560.1 69043078 69048696,11,-0.13416909815523026,0.59557432636537
NC_047565.1,28577213,NC_047565.1 28566326 28593273,5,-0.13415901736913782,0.5956022192499782
NC_047564.1,55368307,NC_047564.1 55363053 55368428,10,-0.13411279776579157,0.5957301127950985
NC_047568.1,16639788,NC_047568.1 16606935 16654751,6,0.13408440336269972,0.5958086881108058
NC_047566.1,38157755,NC_047566.1 38156715 38169974,17,0.13402722686501428,0.5959669245340369
NC_047559.1,6412901,NC_047559.1 6405313 6415134,21,-0.13397577164816737,0.5961093420456712
NC_047568.1,55366811,NC_047568.1 55366160 55373426,19,0.13397249148306728,0.5961184213461163
NC_047561.1,43357577,NC_047561.1 43350653 43385739,6,-0.13396781610042832,0.5961313626234215
NC_047560.1,70747199,NC_047560.1 70690070 71346242,5,-0.13389811770274446,0.5963242987772097
NW_022994997.1,153752,NW_022994997.1 151322 156367,4,-0.1337878623290838,0.5966295554523419
NC_047567.1,34588795,NC_047567.1 34587143 34593446,9,-0.13373513066351486,0.5967755727818416
NC_047564.1,20165910,NC_047564.1 20161861 20187075,15,0.13372886114621588,0.5967929344497427
NC_047565.1,8194877,NC_047565.1 8184980 8204155,7,-0.13370047985283745,0.5968715310689459
NC_047562.1,26634663,NC_047562.1 26631246 26645819,12,-0.1336849805464822,0.5969144552586674
NC_047562.1,47477852,NC_047562.1 47473414 47491360,9,0.133642985941089,0.5970307626025297
NC_047559.1,33282059,NC_047559.1 33278156 33282120,5,-0.13358566692713755,0.5971895271118158
NC_047563.1,9996122,NC_047563.1 9964510 10020501,4,-0.1335303214256973,0.5973428417515639
NC_047568.1,24058906,NC_047568.1 24053258 24059980,6,0.1334641117138412,0.5975262729640423
NC_047564.1,42541038,NC_047564.1 42533584 42542131,8,0.1333963396467353,0.5977140565457795
NC_047564.1,55363741,NC_047564.1 55363053 55368428,14,0.13339533407613346,0.5977168429739741
NC_047561.1,3385884,NC_047561.1 3383787 3386601,5,-0.13335765966302746,0.5978212423137015
NC_047563.1,20154756,NC_047563.1 20096754 20197685,4,0.13332625479893778,0.597908273857643
NC_047561.1,46207979,NC_047561.1 46204656 46209396,4,0.13325687558508859,0.5981005612143542
NC_047563.1,41457438,NC_047563.1 41455117 41460196,15,-0.13324242599236952,0.5981406120460839
NC_047568.1,31646723,NC_047568.1 31628610 31659772,10,-0.13317005662104653,0.5983412192529769
NC_047568.1,21246889,NC_047568.1 21228348 21256185,3,0.13316867347542652,0.5983450535878523
NC_047559.1,54687281,NC_047559.1 54687185 54694451,7,-0.13312703137282936,0.5984604978932124
NC_047561.1,45807775,NC_047561.1 45752446 45810498,3,0.13311832416494587,0.5984846380187788
NC_047561.1,38463412,NC_047561.1 38452274 38488611,6,0.13310779343272958,0.5985138342709855
NC_047559.1,51602270,NC_047559.1 51599015 51604536,5,0.13308510489729924,0.5985767397804902
NC_047568.1,14207520,NC_047568.1 14207205 14214582,4,-0.133078346110128,0.5985954795015456
NC_047560.1,5585732,NC_047560.1 5581081 5589967,8,-0.13305129775523586,0.5986704774062332
NC_047562.1,15073977,NC_047562.1 15073048 15075045,5,-0.13301750653192337,0.5987641768990768
NC_047568.1,31711200,NC_047568.1 31710311 31718078,11,-0.13293338988799147,0.5989974495342432
NC_047568.1,49128753,NC_047568.1 49108627 49135358,4,0.13288981066146383,0.599118318252024
NC_047559.1,12838800,NC_047559.1 12832141 12852961,5,-0.13282632813060152,0.5992944074264207
NC_047563.1,29073135,NC_047563.1 29072338 29076327,16,-0.13260701967392038,0.5999028926006887
NC_047565.1,44838495,NC_047565.1 44834742 44839695,3,0.13258074319997812,0.5999758152657455
NC_047565.1,48177304,NC_047565.1 48176738 48195530,7,0.13257876524631013,0.5999813046439357
NC_047563.1,327653,NC_047563.1 175641 457526,8,0.13256609448475795,0.6000164700604572
NC_047566.1,50809623,NC_047566.1 50802399 50810225,11,-0.13254580883910566,0.6000727709688124
NC_047567.1,32845682,NC_047567.1 32841893 32869362,13,-0.13250253227676223,0.6001928882216452
NC_047563.1,72417498,NC_047563.1 72415550 72423458,4,-0.1324817884185032,0.6002504677923479
NC_047564.1,3586795,NC_047564.1 3584911 3610085,11,-0.1324746902962762,0.6002701708566145
NC_047565.1,26595120,NC_047565.1 26573739 26625290,9,0.1324591165688615,0.6003134015461884
NW_022994966.1,475777,NW_022994966.1 463288 477769,13,-0.1324426799868767,0.6003590287888697
NC_047562.1,27488055,NC_047562.1 27472225 27513413,5,-0.1324188203727686,0.6004252645671294
NC_047562.1,50432378,NC_047562.1 50415953 50453033,11,0.13238110994232566,0.600529957157397
NC_047567.1,17148295,NC_047567.1 17141021 17190590,4,0.1322957528813711,0.6007669549570889
NC_047564.1,9862580,NC_047564.1 9861842 9864525,7,0.13226516682192374,0.6008518878383441
NC_047568.1,37655447,NC_047568.1 37645882 37657041,8,-0.1321545749349808,0.6011590257050266
NC_047564.1,21819490,NC_047564.1 21812670 21831281,6,0.13208930269863253,0.6013403310079122
NC_047563.1,8260221,NC_047563.1 8255494 8263130,8,-0.13201252037084352,0.6015536361588663
NC_047567.1,24125713,NC_047567.1 24125439 24126353,8,-0.1319884788036269,0.6016204311705116
NC_047566.1,23822006,NC_047566.1 23820797 23829805,18,0.13190370470871654,0.6018559842827977
NC_047561.1,11893902,NC_047561.1 11892752 11908667,18,0.13187767624720723,0.6019283144398724
NC_047564.1,13920867,NC_047564.1 13900611 13928073,6,-0.13182928175399378,0.6020628066776486
NC_047561.1,54600248,NC_047561.1 54590279 54609725,6,0.13180799920251549,0.6021219564920395
NC_047568.1,33397837,NC_047568.1 33376115 33406778,13,0.13175656344429962,0.6022649197679966
NC_047567.1,10672151,NC_047567.1 10658662 10703573,19,0.13172671064233213,0.6023479005612491
NC_047565.1,57508393,NC_047565.1 57501960 57512849,17,-0.1317199749982324,0.6023666240392823
NC_047561.1,14800603,NC_047561.1 14773851 14817015,5,-0.13170816373806782,0.6023994570862138
NC_047565.1,41121426,NC_047565.1 41110551 41157061,18,0.1315460669163374,0.602850128786169
NC_047561.1,27382124,NC_047561.1 27369961 27389030,9,-0.1315283166729228,0.6028994874410213
NC_047566.1,9764518,NC_047566.1 9763893 9765970,3,-0.13148465841100893,0.6030208963145445
NC_047565.1,47441684,NC_047565.1 47428478 47464419,6,0.1314690535028965,0.6030642942740777
NC_047565.1,38385791,NC_047565.1 38384809 38392514,6,0.13142379492108888,0.6031901676231419
NC_047564.1,17487019,NC_047564.1 17467102 17488256,8,0.13129534596343045,0.6035474684642466
NC_047561.1,14745837,NC_047561.1 14737267 14746382,9,0.13121541927941735,0.6037698403561076
NC_047565.1,55200674,NC_047565.1 55198218 55201309,7,-0.13117512981056573,0.6038819462476885
NC_047559.1,36974556,NC_047559.1 36971893 36980606,3,-0.13116703144202457,0.603904481066333
NC_047566.1,24126555,NC_047566.1 24124417 24142507,3,0.13107136233485753,0.604170719251713
NC_047564.1,40701679,NC_047564.1 40697258 40701895,6,0.13104563952981807,0.6042423115285136
NC_047566.1,19490648,NC_047566.1 19484801 19514804,18,0.13103146289387238,0.604281769722956
NC_047564.1,16001098,NC_047564.1 15951484 16004880,9,0.1310212612812516,0.6043101647790334
NC_047563.1,26355605,NC_047563.1 26346390 26357608,11,-0.13100397838047792,0.6043582710482478
NC_047566.1,44585409,NC_047566.1 44582742 44589929,10,-0.13098631339621308,0.6044074424350574
NW_022994965.1,25162,NW_022994965.1 23230 30682,21,0.13077554790907042,0.604994243921027
NC_047562.1,47541742,NC_047562.1 47540673 47564186,11,0.13073778638736194,0.6050994017868737
NC_047566.1,46055339,NC_047566.1 46043317 46093089,19,-0.13067587548757406,0.6052718265721349
NC_047564.1,54388621,NC_047564.1 54363989 54410301,4,-0.13059604057503954,0.6054941999114207
NC_047564.1,6746191,NC_047564.1 6722259 6754635,8,0.1305364418642579,0.6056602285667461
NC_047565.1,60907438,NC_047565.1 60892052 60985539,16,-0.13053081631091296,0.6056759010483319
NC_047562.1,50733216,NC_047562.1 50713042 50744457,7,-0.13051789365569766,0.6057119034742949
NC_047568.1,4385988,NC_047568.1 4380992 4396499,12,0.1305077947789014,0.6057400394756087
NC_047561.1,46844800,NC_047561.1 46842343 46894662,7,-0.1304908073258682,0.6057873686036297
NC_047561.1,44100498,NC_047561.1 44085306 44106366,3,0.13046362332188596,0.6058631096821974
NC_047565.1,7515139,NC_047565.1 7509234 7516751,4,-0.13045130306878533,0.6058974380875642
NC_047568.1,28890490,NC_047568.1 28890344 28895234,3,-0.13036251710244187,0.606144849147064
NC_047564.1,23940154,NC_047564.1 23939502 23941958,7,0.13020928393337505,0.6065719447731336
NC_047564.1,18552253,NC_047564.1 18550197 18559684,5,0.13020069406756682,0.6065958902728439
NC_047567.1,11460373,NC_047567.1 11454833 11465408,3,0.1300808577908362,0.6069299910825434
NC_047566.1,7930539,NC_047566.1 7929424 7972433,14,0.13007486619232508,0.6069466974702198
NC_047560.1,14020973,NC_047560.1 14018613 14022286,5,-0.12994182263425882,0.6073177108825238
NC_047568.1,45584299,NC_047568.1 45576538 45586349,7,0.12990340718067192,0.6074248555683027
NC_047559.1,47026706,NC_047559.1 47024392 47028353,7,-0.12989058348138113,0.6074606238913509
NC_047561.1,52843012,NC_047561.1 52842801 52844281,15,0.12982696657921486,0.6076380789849494
NW_022994848.1,383530,NW_022994848.1 383369 387174,11,-0.12979320415235235,0.6077322654948911
NC_047568.1,46814992,NC_047568.1 46803954 46815758,6,-0.12979011027084772,0.6077408967413436
NC_047564.1,42915994,NC_047564.1 42913265 42921485,3,-0.12963098720896796,0.6081848814832975
NC_047562.1,7735332,NC_047562.1 7734207 7737816,5,-0.12960127868520485,0.6082677885791685
NC_047564.1,55317034,NC_047564.1 55294839 55323283,6,0.1295694907936031,0.6083565035669749
NC_047562.1,7636917,NC_047562.1 7594163 7647781,3,-0.12955144396793636,0.6084068717242668
NC_047565.1,368350,NC_047565.1 368130 370682,11,0.12933617034160808,0.6090078233031166
NC_047568.1,49854702,NC_047568.1 49852536 49863338,7,-0.12927464331992553,0.609179624140459
NC_047568.1,36156674,NC_047568.1 36154516 36159033,10,-0.1292505991627952,0.609246767512027
NC_047564.1,18062950,NC_047564.1 18056687 18066118,5,0.1292253393574778,0.609317308784413
NC_047559.1,52963421,NC_047559.1 52961431 53010809,6,-0.1291774714057371,0.6094509952215599
NC_047566.1,9764509,NC_047566.1 9763893 9765970,4,-0.1291729702754071,0.6094635666610613
NC_047559.1,712545,NC_047559.1 703983 736455,6,-0.12915229102603898,0.6095213241425428
NC_047560.1,70166807,NC_047560.1 70130124 70184488,5,-0.12908747226694797,0.6097023782261125
NC_047562.1,14775130,NC_047562.1 14748886 14775468,4,0.12905426399112555,0.6097951451303252
NC_047564.1,37382091,NC_047564.1 37358897 37405391,5,-0.1290192940159662,0.6098928394384262
NC_047559.1,36575806,NC_047559.1 36575581 36593153,21,-0.1289502530136367,0.6100857351214537
NC_047568.1,51514610,NC_047568.1 51503314 51518204,7,-0.1289211179765901,0.610167143693408
NC_047562.1,52852444,NC_047562.1 52851727 52872031,6,0.1288732922879813,0.6103007867700646
NC_047559.1,37539691,NC_047559.1 37519271 37542681,3,-0.12882242522202755,0.6104429414756161
NC_047565.1,28553205,NC_047565.1 28526117 28566194,5,-0.12873625440780936,0.610683787408796
NC_047565.1,9683071,NC_047565.1 9682255 9684147,6,-0.1287075406211351,0.6107640503955378
NC_047566.1,17153837,NC_047566.1 17147341 17156762,4,0.1287073949688424,0.6107644575448032
NC_047560.1,63745784,NC_047560.1 63742268 63746893,5,0.12865462201113786,0.6109119836298036
NC_047561.1,22888569,NC_047561.1 22886572 22902486,4,0.12854122758351302,0.6112290244406811
NC_047564.1,27941483,NC_047564.1 27932990 27956978,3,-0.1284111406885587,0.611592816943691
NC_047568.1,1704316,NC_047568.1 1694627 1707662,9,-0.12824481747267924,0.612058071582532
NC_047568.1,15127611,NC_047568.1 15117486 15129318,9,-0.12821884383926277,0.6121307401831619
NC_047568.1,34516621,NC_047568.1 34512598 34518463,11,-0.1282051721688482,0.6121689919396918
NC_047565.1,38969559,NC_047565.1 38963162 38970230,7,0.12818481515764354,0.6122259502769066
NC_047562.1,14859977,NC_047562.1 14819506 14866507,5,-0.12805981737364674,0.6125757368823426
NC_047561.1,44962943,NC_047561.1 44948047 44968230,5,-0.12798807093372147,0.6127765439985032
NC_047559.1,7245167,NC_047559.1 7244568 7247189,5,-0.12794068931193453,0.6129091721728019
NC_047565.1,22597989,NC_047565.1 22597758 22607045,4,0.1279171785441545,0.6129749865408421
NC_047559.1,12775632,NC_047559.1 12774443 12780925,5,0.12789395758438896,0.6130399924063099
NC_047561.1,19927453,NC_047561.1 19913689 19933109,5,-0.12780140362521433,0.6132991196851412
NC_047564.1,40673138,NC_047564.1 40669532 40690356,3,0.1277439404683352,0.6134600236970837
NC_047566.1,19491173,NC_047566.1 19484801 19514804,21,-0.1276761502802595,0.6136498662991998
NC_047563.1,20682858,NC_047563.1 20680958 20683755,4,-0.12761713102996902,0.613815165427992
NC_047565.1,53894939,NC_047565.1 53799802 53902085,15,0.12760106375627986,0.6138601691759811
NC_047564.1,18796799,NC_047564.1 18776232 18807010,10,-0.12759791276155996,0.6138689951317509
NC_047562.1,19922706,NC_047562.1 19922313 19936129,17,0.12755321858097576,0.6139941892469756
NC_047562.1,32932906,NC_047562.1 32898252 32939854,6,-0.12748845820875887,0.6141756093524076
NC_047563.1,15425205,NC_047563.1 15422655 15427344,8,0.12745088477657587,0.6142808775692907
NC_047559.1,40679796,NC_047559.1 40676370 40685499,10,0.12741092854500038,0.614392829465904
NC_047568.1,52882360,NC_047568.1 52882153 52900022,4,-0.12736362418418226,0.6145253803012256
NC_047564.1,38222293,NC_047564.1 38222023 38236314,20,0.1273055418122516,0.6146881475829085
NC_047568.1,49504374,NC_047568.1 49494265 49508311,4,0.12724166284409447,0.6148671787477352
NC_047562.1,23573660,NC_047562.1 23570109 23579485,8,0.12720106878772536,0.6149809609343166
NC_047560.1,24865145,NC_047560.1 24826378 24899695,10,0.1271952270313116,0.6149973356407503
NC_047562.1,47474044,NC_047562.1 47473414 47491360,5,-0.12719418110399391,0.6150002674404222
NC_047562.1,13268580,NC_047562.1 13246768 13275546,7,0.12719070424760015,0.6150100133261884
NC_047565.1,36649919,NC_047565.1 36640444 36650064,19,0.127124624517302,0.6151952513581884
NC_047567.1,23392147,NC_047567.1 23385936 23393643,7,0.12706100414704474,0.6153736161114087
NW_022994922.1,78284,NW_022994922.1 70949 82299,4,0.1270262982047572,0.6154709256228676
NC_047564.1,23940166,NC_047564.1 23939502 23941958,8,0.12693399475083497,0.6157297583857491
NC_047562.1,50424432,NC_047562.1 50415953 50453033,7,-0.12691145255622882,0.6157929766462718
NC_047565.1,45358585,NC_047565.1 45357693 45397421,4,-0.1269077119319228,0.615803467256359
NC_047568.1,49700058,NC_047568.1 49689018 49702387,5,-0.12688709646226376,0.6158612847734586
NC_047561.1,45250707,NC_047561.1 45217176 45268546,14,-0.12684515244763472,0.6159789263201949
NC_047562.1,36388262,NC_047562.1 36383609 36417823,5,0.12681723731945446,0.6160572255944226
NC_047564.1,2194967,NC_047564.1 2180582 2198425,3,0.12677460400702137,0.6161768155843239
NC_047563.1,55320657,NC_047563.1 55318295 55327231,7,0.12672454265237967,0.6163172535912017
NW_022994922.1,81000,NW_022994922.1 70949 82299,7,0.12661379272342574,0.6166279873726715
NC_047566.1,7713114,NC_047566.1 7674237 7715471,8,0.12661347157974173,0.6166288885035273
NC_047568.1,16190484,NC_047568.1 16187721 16192005,19,-0.12653576469318076,0.6168469497556265
NC_047559.1,53986514,NC_047559.1 53978838 53986943,16,-0.12653491290939875,0.616849340202395
NC_047568.1,29664552,NC_047568.1 29613759 29695073,3,-0.12645806075849664,0.6170650332308358
NC_047559.1,52012810,NC_047559.1 52009166 52016391,9,0.1264313914546447,0.6171398901950663
NC_047559.1,45585064,NC_047559.1 45582091 45585180,5,-0.12642602394259705,0.617154956476423
NC_047565.1,31011834,NC_047565.1 31007622 31025408,10,0.12641514361076472,0.6171854973554294
NC_047562.1,22411002,NC_047562.1 22357516 22612185,6,0.12627132391704954,0.61758925257408
NC_047559.1,52772708,NC_047559.1 52761013 52775398,5,0.12625184388128652,0.6176439482837306
NC_047566.1,14321398,NC_047566.1 14316674 14384458,4,-0.12624259128421897,0.6176699282371699
NC_047562.1,21561594,NC_047562.1 21555788 21572999,6,0.12620767617118936,0.6177679687095502
NC_047564.1,35820167,NC_047564.1 35814025 35820945,8,0.1261937790703606,0.6178069930151271
NC_047559.1,17068257,NC_047559.1 17041574 17072661,20,0.12617927868623882,0.6178477124322659
NC_047564.1,42498671,NC_047564.1 42488710 42520356,13,-0.12609271785036702,0.6180908112650134
NC_047564.1,45067183,NC_047564.1 45053666 45078520,20,-0.1260110594970074,0.6183201764914892
NC_047564.1,24271332,NC_047564.1 24269118 24279339,3,0.12598623309713528,0.6183899165264608
NC_047566.1,28042878,NC_047566.1 28042649 28051338,15,0.12597984812236301,0.6184078531109599
NC_047561.1,29619972,NC_047561.1 29608305 29624482,11,-0.12590333196643141,0.6186228172233927
NC_047565.1,27258321,NC_047565.1 27212923 27342150,8,-0.12583630893778072,0.6188111355965615
NC_047559.1,12254330,NC_047559.1 12252642 12254472,9,-0.12567974244160693,0.6192511373099505
NC_047565.1,52761097,NC_047565.1 52741742 52794894,12,0.1256736637634869,0.6192682228160042
NC_047559.1,53164111,NC_047559.1 53162805 53167705,6,0.12556213016861348,0.6195817462757041
NC_047567.1,5661487,NC_047567.1 5629969 5721745,6,0.1255527441566619,0.6196081334177084
NC_047568.1,37033285,NC_047568.1 37006851 37042840,8,-0.1255052577985596,0.6197416398430179
NC_047563.1,18466040,NC_047563.1 18464627 18469615,4,0.12550015113543017,0.6197559977423504
NC_047559.1,19332358,NC_047559.1 19327553 19340281,13,-0.12538300600947525,0.6200853990304196
NC_047562.1,16437044,NC_047562.1 16436763 16439159,17,-0.1253511795973783,0.6201749038568601
NC_047567.1,31650610,NC_047567.1 31622929 31671735,7,0.12531280765727434,0.6202828233031114
NC_047562.1,28192889,NC_047562.1 28192848 28195098,6,-0.12528763319898634,0.6203536294040732
NC_047564.1,29078345,NC_047564.1 29065644 29180332,17,-0.1251616729959476,0.6207079548685968
NC_047565.1,53673172,NC_047565.1 53646791 53701665,4,-0.1250115732938187,0.6211302883856591
NC_047566.1,17803467,NC_047566.1 17797021 17822603,11,-0.12499860073292078,0.6211667943997955
NC_047565.1,23977608,NC_047565.1 23972826 23982785,20,0.12492142908706182,0.6213839801139348
NC_047568.1,27009591,NC_047568.1 27002897 27015501,12,-0.12490683496439108,0.6214250559954968
NC_047559.1,52428894,NC_047559.1 52428057 52429223,5,-0.12488769384805756,0.6214789312303423
NC_047564.1,4145312,NC_047564.1 4113919 4173330,4,0.12468407543012618,0.6220521558637749
NC_047568.1,5151378,NC_047568.1 5151307 5177962,8,-0.12466294851931144,0.6221116439997894
NC_047561.1,47307330,NC_047561.1 47307011 47309577,8,0.12464381790876437,0.6221655129721251
NW_022994936.1,71171,NW_022994936.1 69846 76813,16,0.12462962147191997,0.6222054892212208
NC_047566.1,2037346,NC_047566.1 2035198 2044505,4,0.1245409875337691,0.6224550994058653
NC_047568.1,54269680,NC_047568.1 54267237 54287904,6,-0.12451865086187185,0.6225180099446271
NC_047563.1,19022575,NC_047563.1 19006454 19024339,7,0.12451485973275074,0.6225286877884029
NC_047564.1,41705420,NC_047564.1 41703817 41715426,11,-0.12443618654310819,0.6227502896708438
NC_047564.1,7415743,NC_047564.1 7400485 7416902,20,-0.12419135257996876,0.623440120502762
NC_047566.1,49890135,NC_047566.1 49870040 49906377,3,0.12411386794930881,0.6236584991430518
NC_047568.1,5185344,NC_047568.1 5183895 5186816,8,-0.12406446154831287,0.6237977591586863
NC_047560.1,8595678,NC_047560.1 8595100 8596413,6,0.12406262914303394,0.6238029243258914
NC_047565.1,8939551,NC_047565.1 8932662 8945075,15,0.12394660491914548,0.6241300063333571
NC_047561.1,14813437,NC_047561.1 14773851 14817015,4,0.12394289817802968,0.6241404570499514
NC_047559.1,24643448,NC_047559.1 24641211 24644860,3,-0.12389963142566124,0.6242624475711552
NC_047564.1,44409241,NC_047564.1 44404855 44409643,4,0.12389047909697386,0.6242882537350594
NC_047566.1,10126664,NC_047566.1 10120003 10129169,21,-0.1238674821705179,0.6243530983530257
NC_047568.1,54739546,NC_047568.1 54729958 54793813,16,0.12384314824126536,0.6244217157883205
NC_047565.1,14294844,NC_047565.1 14293614 14296130,3,-0.12382734999492535,0.624466265660971
NC_047559.1,5025789,NC_047559.1 5022296 5033938,5,-0.12379492244087499,0.6245577128190778
NC_047561.1,5920546,NC_047561.1 5920112 5921397,5,0.123776490507391,0.6246096940255773
NC_047563.1,11816515,NC_047563.1 11811587 11826042,3,-0.12374601910399777,0.6246956322952161
NW_022994931.1,106003,NW_022994931.1 104492 106261,21,-0.12370432300402308,0.6248132349577141
NC_047565.1,31995060,NC_047565.1 31986596 32002112,4,-0.12368279636244374,0.6248739536130995
NC_047559.1,52960301,NC_047559.1 52957691 52961846,3,0.12365639235146107,0.6249484326534598
NC_047559.1,39096515,NC_047559.1 39087595 39118950,4,0.12364609734120373,0.6249774732118053
NC_047565.1,48184062,NC_047565.1 48176738 48195530,14,0.12360557048002939,0.6250917980369078
NC_047567.1,16703525,NC_047567.1 16701847 16704816,16,0.12354041365383774,0.6252756201798289
NC_047561.1,35095692,NC_047561.1 35093397 35096744,3,0.12353787727394824,0.6252827763066084
NC_047561.1,12375604,NC_047561.1 12358069 12391042,7,-0.12351886691351409,0.6253364130366506
NC_047566.1,53631568,NC_047566.1 53626410 53659339,12,-0.12351349672841551,0.6253515650552401
NC_047562.1,1891672,NC_047562.1 1891129 1900677,4,0.12350827221825586,0.6253663061879902
NC_047565.1,52939555,NC_047565.1 52908994 52950531,7,0.12340041491896511,0.6256706594255004
NC_047559.1,2118250,NC_047559.1 2091473 2156950,5,0.12337994651857136,0.6257284239475922
NC_047565.1,35647789,NC_047565.1 35644625 35649583,13,0.12329107947295022,0.6259792425013289
NW_022994944.1,4968,NW_022994944.1 2516 9152,5,-0.12327339863724297,0.6260291495933432
NC_047565.1,17142531,NC_047565.1 17138770 17144041,12,-0.12324930642232096,0.6260971563559801
NC_047568.1,45982750,NC_047568.1 45979369 45986239,5,0.12324131236084264,0.6261197223809677
NC_047563.1,67090330,NC_047563.1 67089334 67107735,18,-0.12322625252989905,0.6261622348616823
NC_047568.1,55010761,NC_047568.1 54983371 55023742,10,0.12314193460148856,0.6264002771270905
NC_047563.1,4067144,NC_047563.1 4058937 4079024,11,-0.12313498065754534,0.6264199107313919
NC_047568.1,49404955,NC_047568.1 49401951 49413971,9,-0.12313319952833202,0.6264249395688146
NC_047561.1,3720115,NC_047561.1 3696117 3751773,18,-0.12306668318017414,0.6266127529458203
NC_047563.1,66769353,NC_047563.1 66737942 66776831,6,-0.1230402505556179,0.6266873933057096
NC_047568.1,41991901,NC_047568.1 41978829 41997175,5,-0.12299301753115932,0.6268207783598969
NC_047565.1,11072026,NC_047565.1 11026122 11074255,7,-0.12296798539654154,0.626891473040512
NC_047561.1,9051538,NC_047561.1 9035985 9053724,11,0.12296015202880103,0.6269135963370971
NC_047568.1,33202439,NC_047568.1 33200032 33209745,3,-0.12295948775897589,0.62691547240726
NW_022994829.1,134591,NW_022994829.1 109708 243958,16,0.12283423572921366,0.6272692555202601
NC_047568.1,9582449,NC_047568.1 9577106 9589727,14,0.12282503203707222,0.62729525504466
NC_047562.1,13669938,NC_047562.1 13667161 13680362,5,0.122790676173268,0.6273923106685633
NC_047562.1,24523106,NC_047562.1 24505604 24525332,3,0.12274244402442816,0.6275285767428787
NC_047563.1,21238719,NC_047563.1 21237352 21243758,4,0.12273979526655641,0.6275360603791722
NC_047559.1,8615529,NC_047559.1 8610186 8618358,4,-0.12260477801569533,0.6279175755468701
NC_047559.1,44876103,NC_047559.1 44873357 44880007,10,0.12253584714271958,0.6281123865653433
NC_047560.1,19385493,NC_047560.1 19384059 19395951,11,-0.12253040087569378,0.6281277796905752
NC_047568.1,12424890,NC_047568.1 12422433 12428584,7,0.1225167569853861,0.6281663429123943
NC_047559.1,37539646,NC_047559.1 37519271 37542681,8,0.12249742387573236,0.6282209877670369
NC_047561.1,36282526,NC_047561.1 36280914 36285794,4,-0.12248432418517417,0.628258014966012
NC_047562.1,40497079,NC_047562.1 40490071 40523133,3,-0.12247007905532506,0.6282982807883073
NC_047559.1,9535367,NC_047559.1 9527127 9542343,12,-0.12244484276381065,0.6283696170946524
NC_047566.1,50072367,NC_047566.1 50067896 50094239,4,0.12243944346475152,0.6283848798887082
NC_047562.1,13836096,NC_047562.1 13835334 13836699,6,-0.12242043597487141,0.6284386115974334
NC_047568.1,5132009,NC_047568.1 5096603 5132794,19,0.12235482088228704,0.6286241106085081
NC_047560.1,71640131,NC_047560.1 71459177 71712320,6,-0.12235358029984347,0.62862761803625955
NC_047568.1,48056186,NC_047568.1 48055606 48056993,15,0.12232878629885088,0.6286977182831799
NC_047566.1,36957208,NC_047566.1 36947904 36958673,4,-0.12231543308751741,0.6287354731600512
NC_047568.1,36538468,NC_047568.1 36532823 36550162,4,0.12231376270281327,0.6287401960683343
NC_047562.1,38421685,NC_047562.1 38416039 38422819,4,-0.12230553326061926,0.6287634645016777
NC_047559.1,54594928,NC_047559.1 54594819 54608485,4,0.12224081551223216,0.6289464630625079
NC_047564.1,1162254,NC_047564.1 1155704 1181464,4,0.1222251944264002,0.6289906369688562
NC_047561.1,2848263,NC_047561.1 2789962 2853802,19,0.12219913079528007,0.6290643433741947
NC_047561.1,41641392,NC_047561.1 41640079 41643366,3,0.12214221859062227,0.6292252993146497
NC_047561.1,50942159,NC_047561.1 50942032 50944379,7,-0.12212328235907927,0.62927885724043775
NC_047565.1,44290609,NC_047565.1 44284948 44301663,6,0.12209289683844896,0.6293648012208687
NC_047563.1,8005795,NC_047563.1 7999205 8014629,3,-0.12205521317336031,0.6294713939457045
NC_047559.1,1761515,NC_047559.1 1744821 1783121,6,-0.12200148634298819,0.6296233787185397
NC_047560.1,55756991,NC_047560.1 55754865 55762717,14,0.12195352815136262,0.6297590568774982
NC_047568.1,46587749,NC_047568.1 46577321 46605051,18,-0.12194252479353569,0.6297901879850326
NC_047567.1,24098747,NC_047567.1 24081705 24123476,3,0.12191284664878457,0.6298741574511639
NC_047568.1,38776679,NC_047568.1 38775117 38791948,5,-0.12183856587649573,0.6300843416965468
NC_047565.1,35917631,NC_047565.1 35917277 35919498,5,-0.121835156273031,0.6300939901307272
NC_047561.1,3723952,NC_047561.1 3696117 3751773,7,0.12180602388456398,0.6301764307586806
NC_047559.1,20275768,NC_047559.1 20275361 20285200,14,0.12167003404996539,0.6305613181567999
NW_022994810.1,11134,NW_022994810.1 1715 23271,20,-0.12166059024190276,0.6305880500069831
NC_047568.1,46352781,NC_047568.1 46340155 46358248,8,0.12165824751098342,0.6305946814600596
NC_047566.1,48537118,NC_047566.1 48535701 48538289,8,-0.12161818754409111,0.630708081392065
NW_022994987.1,140496,NW_022994987.1 123012 150079,6,-0.12159835846902033,0.6307642155408368
NC_047566.1,25234589,NC_047566.1 25234293 25240015,12,0.12155529837823296,0.6308861210186237
NC_047564.1,37899235,NC_047564.1 37851279 37912830,5,-0.12149632823983236,0.6310530834246243
NC_047564.1,3991956,NC_047564.1 3978680 3994253,10,0.12148739621947738,0.631078374174753
NC_047563.1,20305781,NC_047563.1 20294697 20355501,4,-0.1214754008323833,0.6311123393702645
NC_047568.1,20443710,NC_047568.1 20406756 20447609,13,0.1213643176201076,0.631426907269554
NC_047565.1,20104175,NC_047565.1 20095724 20150190,4,-0.12129622523647972,0.6316197625848758
NC_047568.1,24979505,NC_047568.1 24969682 25044988,3,0.12128947701115857,0.6316388765445282
NC_047562.1,28194278,NC_047562.1 28192848 28195098,17,-0.12125844535816391,0.6317267747760981
NC_047564.1,43372895,NC_047564.1 43371697 43390831,15,-0.12116493942131823,0.631991661992261
NC_047566.1,4553322,NC_047566.1 4542552 4554464,8,0.1211601493811551,0.6320052325508263
NC_047560.1,20157528,NC_047560.1 20153354 20158190,6,-0.12115602669867949,0.6320169125224525
NC_047566.1,13376011,NC_047566.1 13374347 13377276,7,-0.12112024789061977,0.6321182809438057
NC_047559.1,29659059,NC_047559.1 29635800 29716850,3,0.12111663445710669,0.6321285188608188
NC_047562.1,51601510,NC_047562.1 51600340 51621110,11,-0.1210433111566082,0.6323362790284246
NC_047559.1,51880159,NC_047559.1 51870137 51881970,17,0.12093578179441188,0.6326410087988796
NC_047565.1,29991245,NC_047565.1 29986127 30002587,3,0.12089226854577229,0.6327643379346333
NC_047560.1,51433904,NC_047560.1 51429988 51443345,3,-0.12088823381287009,0.6327757740020151
NC_047564.1,39490296,NC_047564.1 39480816 39498633,9,0.12084611543715394,0.6328951592707878
NC_047568.1,42683991,NC_047568.1 42683506 42684914,4,-0.12084050267539517,0.6329110693936199
NC_047559.1,45137469,NC_047559.1 45129581 45139683,3,-0.12081082901156862,0.6329951859046079
NC_047561.1,4245111,NC_047561.1 4242181 4245573,15,0.12076080809576337,0.6331369908635843
NC_047565.1,40168674,NC_047565.1 40168401 40170439,5,0.12057268783883147,0.6336704043971786
NC_047560.1,6820309,NC_047560.1 6809017 7204627,3,0.12056095293541527,0.6337036843237405
NC_047561.1,49520955,NC_047561.1 49514230 49525896,3,-0.12050313965639158,0.6338676512687085
NC_047568.1,4609682,NC_047568.1 4595887 4615941,7,0.12046351371328756,0.6339800456336493
NC_047563.1,55334793,NC_047563.1 55334060 55335296,5,-0.1202800242112532,0.6345005915306194
NC_047565.1,33596497,NC_047565.1 33594733 33596845,11,0.12024030659891544,0.6346132889019341
NC_047566.1,22014696,NC_047566.1 22009074 22029569,4,-0.12023551556828849,0.6346268838048499
NC_047559.1,45584830,NC_047559.1 45582091 45585180,3,0.12011395436555204,0.6349718598976966
NC_047562.1,47474031,NC_047562.1 47473414 47491360,14,-0.12009809289798423,0.6350168781165222
NC_047566.1,5640669,NC_047566.1 5617295 5650849,3,-0.12009654572179125,0.6350212693968652
NC_047560.1,43778542,NC_047560.1 43774715 43794197,16,0.12007509046978192,0.6350821660648223
NC_047559.1,21296486,NC_047559.1 21251667 21313294,9,0.1200561293828547,0.635135985372754
NW_022994890.1,119124,NW_022994890.1 103447 131448,15,0.11995477650466271,0.6354236957390323
NC_047562.1,41857604,NC_047562.1 41851909 41872735,15,-0.1199481086311358,0.6354426255708185
NC_047560.1,9973090,NC_047560.1 9893931 10130683,9,0.11990000206465729,0.6355792046010711
NC_047561.1,5979192,NC_047561.1 5977831 5984272,5,0.11989510311427161,0.6355931138061264
NC_047561.1,52596491,NC_047561.1 52593397 52600712,3,0.11988977411902264,0.635608244135557
NC_047562.1,28471603,NC_047562.1 28465995 28473119,5,0.11987061422034447,0.6356626449390679
NC_047560.1,63649814,NC_047560.1 63643674 63650273,5,-0.11983095737502852,0.6357752484714224
NW_022994829.1,112107,NW_022994829.1 109708 243958,8,-0.11979850384792737,0.6358674042149122
NC_047559.1,21586099,NC_047559.1 21579623 21587044,7,0.11979621206628038,0.6358739122004669
NC_047564.1,52392633,NC_047564.1 52389067 52400214,20,0.11970517064580352,0.6361324635718705
NC_047566.1,54675489,NC_047566.1 54661304 54678663,5,0.11965415083718735,0.6362773738201664
NC_047562.1,47040901,NC_047562.1 47032692 47048707,8,0.11962067604567386,0.6363724582353263
NC_047562.1,7391677,NC_047562.1 7391390 7416625,5,-0.11960379976505815,0.6364203969928641
NC_047565.1,25639883,NC_047565.1 25626905 25683502,3,-0.11955227399978906,0.6365667695689435
NC_047566.1,7709893,NC_047566.1 7674237 7715471,14,-0.11952662948277509,0.6366396243815577
NC_047562.1,21769888,NC_047562.1 21751223 21780030,9,-0.11950099718404872,0.63671244765214
NC_047565.1,21464200,NC_047565.1 21462653 21479546,7,-0.11949735773788339,0.6367227878467466
NC_047561.1,38932280,NC_047561.1 38924969 38937411,4,0.1194409206894661,0.6368831418634102
NC_047559.1,11718638,NC_047559.1 11704534 11719614,6,0.11943525362431355,0.6368992444868075
NC_047561.1,3385323,NC_047561.1 3383787 3386601,7,0.11941524869837325,0.6369560885134065
NW_022994946.1,138847,NW_022994946.1 121566 154910,8,-0.1193980441425966,0.6370049768266404
NC_047565.1,32533041,NC_047565.1 32530830 32567104,17,-0.11939366849008295,0.637017410869563
NW_022994921.1,320718,NW_022994921.1 306874 323136,6,-0.11936706055529886,0.6370930231108778
NC_047561.1,45073853,NC_047561.1 45065316 45102372,10,-0.11933576389224371,0.6371819637599584
NC_047565.1,55735069,NC_047565.1 55724680 55739213,8,-0.11931626698091352,0.6372373735840002
NC_047562.1,46255186,NC_047562.1 46245752 46257386,6,0.11923025483974155,0.6374818401827993
NC_047568.1,55104964,NC_047568.1 55104116 55108520,5,0.11922179077654099,0.6375058989524791
NC_047562.1,10503308,NC_047562.1 10502456 10504896,3,-0.11920742775617263,0.6375467260669072
NC_047562.1,40586001,NC_047562.1 40582062 40589875,20,0.11918140799734649,0.6376206901744883
NC_047561.1,19008276,NC_047561.1 19007575 19030260,16,-0.11917889200256436,0.6376278423469737
NC_047564.1,15730011,NC_047564.1 15680917 15732828,3,-0.11913746804981402,0.6377456018404053
NC_047563.1,51411957,NC_047563.1 51411525 51414663,4,0.11910068455077713,0.6378501764288433
NC_047560.1,70787899,NC_047560.1 70388123 71110591,6,0.11905417771133676,0.6379824035496555
NC_047561.1,19929858,NC_047561.1 19913689 19933109,5,-0.11905056927373305,0.6379926634068618
NC_047559.1,22193729,NC_047559.1 22193483 22203242,11,-0.11904870443156196,0.6379979657301975
NC_047568.1,42341695,NC_047568.1 42339558 42345604,4,0.11894315136440699,0.638298113006893
NW_022994918.1,4947,NW_022994918.1 4622 19175,5,0.11892252387999407,0.6383567749047092
NC_047560.1,70913086,NC_047560.1 70388123 71110591,4,-0.11888902233165037,0.6384520533298719
NC_047568.1,36039497,NC_047568.1 36037658 36047460,16,-0.11887422712558154,0.6384941326211266
NC_047568.1,16289895,NC_047568.1 16288850 16292131,3,0.11886980777471637,0.6385067019741594
NC_047568.1,27964408,NC_047568.1 27962907 27980876,3,-0.11884292266539763,0.6385831696203765
NC_047566.1,28671005,NC_047566.1 28669548 28686763,12,0.11883691595752284,0.6386002546006317
NC_047562.1,52858236,NC_047562.1 52851727 52872031,3,-0.1188307966287328,0.6386176600885363
NC_047564.1,58837456,NC_047564.1 58835275 58838270,8,0.11858589994182733,0.6393143784272829
NC_047565.1,44404496,NC_047565.1 44399219 44406562,8,-0.1184843852884365,0.6396032666145344
NC_047561.1,4058710,NC_047561.1 4038964 4063290,5,-0.11847809251650102,0.6396211760722222
NC_047568.1,43516207,NC_047568.1 43492747 43549328,6,0.11842035426855133,0.6397855100743581
NC_047564.1,17671766,NC_047564.1 17671480 17672291,20,-0.11838457031542278,0.6398873659992144
NC_047564.1,53121433,NC_047564.1 53119869 53127937,10,-0.11818404406534773,0.6404582599346191
NC_047564.1,20320466,NC_047564.1 20320149 20329461,8,0.11817862957070774,0.6404736775499407
NC_047564.1,20336472,NC_047564.1 20333294 20362176,15,-0.11812581267477937,0.6406240794648634
NC_047564.1,8331044,NC_047564.1 8319741 8349006,10,-0.11811513126163324,0.6406544975823862
NC_047568.1,23832308,NC_047568.1 23814947 23833550,19,-0.11811293129532154,0.6406607626295029
NC_047562.1,32117241,NC_047562.1 32085011 32122428,15,-0.11808140621193668,0.6407505420576811
NC_047560.1,70104388,NC_047560.1 70082324 70127553,3,-0.11799374869775384,0.6410002044475476
NC_047568.1,53369692,NC_047568.1 53328077 53374145,3,0.11795759147995952,0.6411031965739702
NC_047564.1,25239059,NC_047564.1 25237198 25241312,8,0.11791744611826939,0.6412175560462091
NC_047563.1,62867230,NC_047563.1 62865288 62869889,7,-0.11789039293676219,0.6412946250141753
NC_047562.1,24523106,NC_047562.1 24514721 24523439,3,0.11780960808715804,0.6415247852560211
NC_047565.1,53005250,NC_047565.1 53004627 53006211,9,0.1177887298364641,0.6415842735372941
NC_047565.1,25652303,NC_047565.1 25626905 25683502,5,0.1177698690779387,0.6416380151752099
NC_047568.1,8170355,NC_047568.1 8163871 8173081,3,-0.11765899148936697,0.6419539828156751
NC_047566.1,45985954,NC_047566.1 45985102 46018522,3,-0.11765532386901886,0.6419644354261831
NC_047561.1,12864017,NC_047561.1 12863233 12864365,20,-0.11764189780143669,0.6420026998715609
NC_047568.1,40364581,NC_047568.1 40354886 40368555,7,-0.11747494031515983,0.6424786022560924
NC_047566.1,29575680,NC_047566.1 29571126 29577760,4,0.11745599361908565,0.6425326170621426
NC_047563.1,41555243,NC_047563.1 41552196 41576093,3,-0.1174065650535271,0.6426735401316073
NC_047566.1,54573851,NC_047566.1 54572147 54616687,10,0.11739773525929245,0.6426987154955005
NC_047564.1,56461161,NC_047564.1 56460867 56490930,18,-0.11727557905366319,0.6430470432617572
NC_047565.1,1132527,NC_047565.1 1114839 1143349,13,0.11727299895886273,0.6430544011524324
NC_047561.1,26401796,NC_047561.1 26354518 26443353,4,-0.11726191562721429,0.6430860088553788
NC_047560.1,5563741,NC_047560.1 5562746 5570944,16,-0.11724642343488875,0.6431301908269389
NC_047568.1,52282562,NC_047568.1 52275006 52289407,13,-0.11723775083152496,0.643154924603321
NC_047568.1,11257275,NC_047568.1 11251121 11266405,13,-0.1171766082675489,0.6433293098812802
NC_047567.1,30903675,NC_047567.1 30901878 30904104,11,0.11707896146202891,0.64360784602435706
NC_047560.1,68443203,NC_047560.1 68440911 68443272,9,0.11706561944850585,0.6436459074416775
NC_047562.1,3555568,NC_047562.1 3549092 3558386,3,0.11698758321808582,0.6438685421282437
NC_047565.1,11315755,NC_047565.1 11284951 11337318,3,-0.11697706761728704,0.6438985449825629
NC_047561.1,50106076,NC_047561.1 50086480 50121986,8,-0.11697629409704459,0.6439007519922342
NC_047563.1,9637178,NC_047563.1 9637025 9666320,8,0.11694949350634462,0.6439772212474364
NC_047567.1,29724364,NC_047567.1 29719544 29730668,7,0.11687172090055696,0.6441991465567394
NC_047566.1,53307582,NC_047566.1 53305694 53423619,8,0.11683676889332156,0.6442988919657102
NC_047568.1,46575896,NC_047568.1 46566847 46578110,16,-0.11682423329850258,0.6443346672292463
NC_047563.1,15503990,NC_047563.1 15492112 15517798,6,0.11676929644078214,0.6444914599882153
NC_047568.1,39031273,NC_047568.1 39029333 39037156,5,0.11676406621187022,0.6445063880883974
NC_047568.1,9615562,NC_047568.1 9612735 9629542,4,0.11673129766232107,0.644599918907146
NC_047559.1,8534072,NC_047559.1 8529541 8548063,7,-0.11653150788616125,0.6451702859290014
NC_047564.1,44881040,NC_047564.1 44875658 44882601,3,0.11649326860391737,0.6452794743041064
NC_047560.1,55347742,NC_047560.1 55225485 55583389,4,0.1164302222220414,0.6454595118980337
NC_047566.1,13166571,NC_047566.1 13162076 13180507,3,-0.11637889548347094,0.6456060962939706
NC_047559.1,47861336,NC_047559.1 47858691 47862115,8,0.11636871979530988,0.645635158590042
NC_047564.1,53202192,NC_047564.1 53200979 53218994,4,-0.11635390361391933,0.6456774752500725
NC_047559.1,20199356,NC_047559.1 20197929 20209196,3,-0.1162998559823201,0.6458318500664435
NC_047564.1,19707161,NC_047564.1 19684794 19725243,4,0.11627636954193463,0.6458989380559862
NC_047564.1,54455035,NC_047564.1 54452056 54486355,6,0.11618565724589236,0.646158078172925
NC_047566.1,49690206,NC_047566.1 49688350 49710266,8,-0.11610176127917102,0.6463977804128098
NC_047564.1,19842378,NC_047564.1 19825201 19885354,3,-0.11608481712140722,0.646446196209348
NC_047561.1,6479690,NC_047561.1 6476164 6487502,4,-0.11601195918180662,0.6466543939919078
NC_047567.1,10935298,NC_047567.1 10869286 10952099,8,-0.11599040383606496,0.6467159950206054
NC_047568.1,4062380,NC_047568.1 4062212 4078001,6,-0.11597961304482995,0.6467468338456894
NC_047563.1,19601246,NC_047563.1 19585090 19637179,3,-0.11590590461945328,0.6469574985900883
NC_047561.1,9220498,NC_047561.1 9219779 9221802,6,-0.11589388316215257,0.6469918593270527
NC_047568.1,23838007,NC_047568.1 23837066 23849319,8,0.1158732334830463,0.6470508835565065
NC_047562.1,14664083,NC_047562.1 14643756 14697449,13,-0.11586263108587326,0.6470811898097011
NC_047563.1,22601633,NC_047563.1 22544644 22636846,6,-0.11584948196535153,0.6471187764375423
NC_047566.1,24491335,NC_047566.1 24489013 24496678,17,0.11570733868207513,0.6475251434225511
NC_047564.1,18130941,NC_047564.1 18129899 18158058,9,-0.11569773803725067,0.6475525936911877
NC_047560.1,70747199,NC_047560.1 70595196 71158665,5,-0.11560474498585906,0.6478185028280066
NC_047564.1,9192079,NC_047564.1 9191319 9193758,6,-0.1155814167355742,0.6478852151981386
NC_047566.1,30637232,NC_047566.1 30631544 30642875,9,-0.11557457855654826,0.6479047709903734
NC_047567.1,11822976,NC_047567.1 11821433 11832649,11,0.11545856749480059,0.6482365722908799
NC_047568.1,41074998,NC_047568.1 41069902 41076714,4,0.11537905421631414,0.6484640233202805
NC_047566.1,17801620,NC_047566.1 17797021 17822603,10,-0.11525188403669573,0.6488278604317645
NC_047564.1,46944244,NC_047564.1 46943734 46954851,9,0.11522654516098038,0.6489003646412486
NC_047568.1,4395228,NC_047568.1 4380992 4396499,13,-0.11521432328834236,0.6489353371646169
NC_047559.1,17861107,NC_047559.1 17832293 17867591,11,-0.11519503923746521,0.6489905193209706
NC_047559.1,15555484,NC_047559.1 15534913 15564775,4,0.11518487455539078,0.6490196067040271
NC_047561.1,26748863,NC_047561.1 26744874 26749809,16,0.1151297669415718,0.6491773117603032
NC_047566.1,30974301,NC_047566.1 30972686 30974653,6,-0.1151106134724314,0.6492321278183322
NC_047567.1,11208111,NC_047567.1 11202327 11208829,5,-0.11510259071043882,0.6492550889823713
NC_047559.1,12769451,NC_047559.1 12757289 12773910,3,-0.11505387458590702,0.6493945211063714
NC_047563.1,31730164,NC_047563.1 31730088 31742206,17,-0.1150525959649168,0.6493981808415825
NC_047566.1,49825702,NC_047566.1 49825353 49828834,5,-0.11497097884825441,0.6496318053816379
NC_047562.1,51974808,NC_047562.1 51970813 51999150,10,-0.11488141662365318,0.6498882081524413
NC_047559.1,50413273,NC_047559.1 50370066 50421410,11,0.11485124343989367,0.6499745977325291
NC_047566.1,13287459,NC_047566.1 13265838 13288420,17,-0.11478106241757509,0.6501755511605278
NC_047565.1,60900131,NC_047565.1 60892052 60985539,3,-0.11472786019331883,0.6503279035074548
NC_047559.1,13456664,NC_047559.1 13431474 13495978,8,-0.11471448709344802,0.6503662014091207
NC_047566.1,43729069,NC_047566.1 43719818 43733595,4,0.11471411424416371,0.6503672691873539
NC_047565.1,61413566,NC_047565.1 61225939 61469303,5,-0.11461151633359583,0.6506611171230048
NC_047568.1,37039779,NC_047568.1 37006851 37042840,6,-0.11451594300242599,0.650934890252004
NC_047568.1,15769296,NC_047568.1 15762997 15844008,8,-0.11449003175154436,0.6510091212567815
NC_047561.1,53507805,NC_047561.1 53498024 53508765,7,0.1143419162958571,0.6514335049550466
NC_047568.1,25950308,NC_047568.1 25742625 26027748,5,-0.11434163429649864,0.6514343130431698
NC_047566.1,33585788,NC_047566.1 33578860 33588921,12,-0.11429162480006921,0.6515776244619453
NC_047563.1,68718148,NC_047563.1 68717982 68719478,16,-0.11425635073027564,0.6516787157917456
NC_047562.1,41976634,NC_047562.1 41973552 41979771,5,-0.1141787697925217,0.6519010739549502
NC_047566.1,43179110,NC_047566.1 43178528 43179130,16,0.1140371070424479,0.6523071719210485
NC_047560.1,6906674,NC_047560.1 6894723 6908624,4,-0.11401672162892339,0.6523656174926515
NC_047564.1,37899476,NC_047564.1 37851279 37912830,3,-0.11398954487935457,0.6524435370182735
NC_047560.1,69052724,NC_047560.1 69052172 69054301,12,0.1139781152304239,0.6524763084362861
NC_047559.1,14782228,NC_047559.1 14781733 14783246,4,-0.11381877804609856,0.6529332276336681
NC_047568.1,27401598,NC_047568.1 27398029 27402426,3,-0.11377568699307102,0.6530568167879667
NC_047568.1,16187595,NC_047568.1 16166729 16187636,17,0.11376580314164877,0.6530851658064349
NC_047565.1,5880323,NC_047565.1 5814753 5975394,3,-0.11360176911902915,0.6535557167687441
NC_047561.1,49819145,NC_047561.1 49811158 49836187,4,-0.11357422347987517,0.6536347468883489
NC_047559.1,35570677,NC_047559.1 35568511 35574941,13,-0.11344711852293846,0.6539994641781374
NC_047568.1,18877033,NC_047568.1 18874691 18878718,15,0.11334154161704688,0.6543024652008351
NC_047566.1,30443643,NC_047566.1 30426511 30486083,7,0.1132023095463146,0.6547021336713943
NC_047563.1,18936189,NC_047563.1 18932088 18936903,18,0.11317955682232721,0.6547674543207089
NC_047564.1,14104991,NC_047564.1 14096906 14107534,7,0.11315197260151806,0.6548466488823848
NC_047560.1,54252039,NC_047560.1 54124262 54502908,18,-0.11311731019254251,0.6549461699600901
NC_047568.1,37138826,NC_047568.1 37135625 37140115,11,0.11309523195233386,0.6550095628496451
NC_047560.1,62879483,NC_047560.1 62653127 63119960,3,0.11307544607130574,0.6550663756331144
NC_047561.1,7822975,NC_047561.1 7808688 7823193,4,-0.11303319441132001,0.655187702239722
NC_047566.1,33010418,NC_047566.1 33008927 33012238,5,-0.11302474550878557,0.655211964442282
NC_047560.1,20289996,NC_047560.1 20253508 20302512,3,0.1129129145757969,0.6555331335187714
NC_047559.1,14770627,NC_047559.1 14770426 14773418,13,0.11290300881548025,0.6555615848066453
NC_047566.1,13375292,NC_047566.1 13374347 13377276,10,0.11278270517729064,0.6559071564756126
NC_047565.1,21650287,NC_047565.1 21648646 21653643,7,-0.11276729254035654,0.6559514340135286
NC_047563.1,13346428,NC_047563.1 13344843 13351891,7,-0.11271570215813902,0.6560996511861009
NC_047565.1,11166244,NC_047565.1 11159025 11166487,3,0.11271164769382436,0.6561113000233243
NC_047559.1,41135454,NC_047559.1 41130725 41138012,8,-0.11265460288946509,0.6562752028302343
NC_047562.1,18581879,NC_047562.1 18580788 18583825,12,-0.11258807106057302,0.6564663829031951
NC_047563.1,22661119,NC_047563.1 22660727 22664493,14,-0.11258705252992585,0.6564693098220642
NC_047565.1,2334828,NC_047565.1 2332057 2345568,4,0.11256104846504368,0.6565440384814629
NC_047564.1,42956916,NC_047564.1 42922595 42960325,18,0.11255575240938978,0.6565592582952642
NC_047562.1,41858596,NC_047562.1 41851909 41872735,13,-0.11247768276445921,0.6567836298973206
NC_047559.1,8917980,NC_047559.1 8912667 8929437,4,0.11242503087660513,0.6569349668229825
NC_047565.1,42751126,NC_047565.1 42750271 42754173,21,-0.11233885464448018,0.6571826899265834
NC_047561.1,10838090,NC_047561.1 10836820 10854718,10,-0.11231843221781225,0.6572414014343735
NC_047565.1,37903037,NC_047565.1 37899248 37909642,6,0.11226232234106216,0.6574027190026268
NC_047565.1,14507582,NC_047565.1 14500274 14508494,15,-0.11225357194608437,0.6574278779478844
NC_047560.1,44272009,NC_047560.1 44263019 44274980,6,0.11224583919927492,0.65745011126491
NC_047559.1,40119039,NC_047559.1 40118678 40163194,17,-0.11217980040281059,0.6576399982111503
NC_047560.1,16707088,NC_047560.1 16699364 16708127,8,0.11210275314032017,0.65786156394245
NC_047562.1,41351685,NC_047562.1 41349381 41353812,20,0.11189002659304252,0.6584734450456984
NC_047562.1,35778378,NC_047562.1 35775802 35782864,9,-0.11184069284698694,0.6586153768610417
NC_047568.1,10894653,NC_047568.1 10866110 10904984,5,-0.111823752505725,0.6586641163127646
NC_047564.1,49988529,NC_047564.1 49984569 49992179,10,0.11179505294370136,0.6587466914805697
NC_047562.1,35881174,NC_047562.1 35878548 35881386,8,0.11172258894427912,0.6589552036026292
NC_047565.1,58659479,NC_047565.1 58656396 58665095,4,0.11171746402428846,0.6589699512515006
NC_047568.1,49699823,NC_047568.1 49689018 49702387,10,0.11167732155530027,0.6590854707637522
NC_047565.1,26573868,NC_047565.1 26573739 26625290,4,-0.1116756525288857,0.6590902739436413
NC_047565.1,28555168,NC_047565.1 28526117 28566194,4,0.11158768372015748,0.6593434514754175
NC_047559.1,42769305,NC_047559.1 42759642 42771073,4,0.1115423919565368,0.6594738166123129
NC_047566.1,28681985,NC_047566.1 28669548 28686763,4,0.11154196119333545,0.6594750565404934
NC_047561.1,56639629,NC_047561.1 56639482 56668001,10,0.11152195063628743,0.6595326567591049
NC_047559.1,43941992,NC_047559.1 43936358 43950720,8,-0.11146391609105172,0.6596997190101492
NC_047560.1,62962344,NC_047560.1 62938772 62979083,5,-0.11137031781427323,0.6599691897527844
NC_047562.1,29627278,NC_047562.1 29625371 29627512,7,-0.11133278623070607,0.6600772548919456
NC_047560.1,22374110,NC_047560.1 22359364 22385065,6,-0.11117300632414226,0.6605373827060604
NC_047565.1,8787898,NC_047565.1 8783071 8793153,8,0.11115673171551843,0.6605842561807667
NC_047565.1,11678546,NC_047565.1 11661371 11681648,4,0.11114399631004045,0.66062093702293
NC_047566.1,23821996,NC_047566.1 23820797 23829805,17,0.11102357458837411,0.6609678151322294
NC_047566.1,30637232,NC_047566.1 30635707 30642341,9,-0.11094460639168136,0.661195320908649
NC_047561.1,40019202,NC_047561.1 40014188 40037848,8,-0.11074093198008257,0.661782233138714
NC_047565.1,17062305,NC_047565.1 17060493 17075470,17,-0.11072430749180799,0.6618301468821517
NC_047559.1,39093755,NC_047559.1 39087595 39118950,4,-0.1106627140854834,0.662007677265904
NC_047565.1,55954472,NC_047565.1 55952766 55955568,6,-0.11057567606198804,0.6622585757910123
NC_047561.1,46322104,NC_047561.1 46295841 46343507,3,0.11054356479017945,0.6623511493903957
NC_047564.1,36866099,NC_047564.1 36865901 36872196,5,-0.11051445025204254,0.6624350877308494
NC_047563.1,15515390,NC_047563.1 15492112 15517798,5,-0.11051359983148824,0.6624375395837696
NC_047564.1,32548559,NC_047564.1 32545000 32556467,13,-0.11049872894241472,0.6624804144667029
NC_047564.1,5611843,NC_047564.1 5586807 5619819,3,-0.1104848643945652,0.662520388824587
NC_047568.1,38770526,NC_047568.1 38761394 38772563,6,0.1102742856919063,0.6631276373997239
NC_047568.1,39032255,NC_047568.1 39029333 39037156,8,0.11022618305867264,0.6632663796519531
NC_047568.1,41339133,NC_047568.1 41325699 41342867,5,-0.11018410209844685,0.6633877621643927
NC_047560.1,14020973,NC_047560.1 14020787 14032597,5,-0.11017731769272401,0.6634073325266281
NC_047566.1,1367343,NC_047566.1 1354633 1414618,6,0.1101378509941774,0.6635211826567643
NC_047564.1,14190181,NC_047564.1 14185899 14193053,3,0.11010779465129716,0.6636078913086411
NC_047560.1,62829610,NC_047560.1 62826420 62831929,4,-0.11010056807413245,0.663628739653191
NC_047566.1,5878338,NC_047566.1 5873352 5878640,4,-0.11003138221922207,0.6638283495767947
NC_047560.1,6797453,NC_047560.1 6752072 6802483,16,0.10993352514270699,0.6641107163623586
NC_047568.1,24275971,NC_047568.1 24271157 24283051,11,-0.10991883790605776,0.6641531001288008
NC_047567.1,5661844,NC_047567.1 5629969 5721745,13,-0.10988136112277663,0.664261253336754
NC_047560.1,70779712,NC_047560.1 70690070 71346242,10,0.10987919228325566,0.664267512523707
NC_047559.1,51612137,NC_047559.1 51610926 51626467,3,-0.10979517831968819,0.6645099898375948
NC_047568.1,42065562,NC_047568.1 42064882 42068366,12,-0.10971974630172697,0.6647277253339385
NC_047563.1,6765864,NC_047563.1 6752536 6768390,10,-0.10967879077279387,0.6648459546963175
NC_047562.1,47294664,NC_047562.1 47281879 47295834,5,-0.10966085015060878,0.6648977475913193
NC_047568.1,42820103,NC_047568.1 42817371 42821983,3,-0.1096383302548126,0.6649627624638901
NC_047562.1,6939270,NC_047562.1 6872449 6974232,5,-0.10960343397885652,0.6650635124026891
NC_047565.1,47298122,NC_047565.1 47297347 47299660,13,0.10951248931019607,0.665326106758105
NC_047560.1,45412512,NC_047560.1 45398897 45421310,7,-0.1095051306394594,0.6653473558632499
NC_047561.1,1977924,NC_047561.1 1957435 1984796,15,-0.10950149837222878,0.6653578445899806
NC_047563.1,39915576,NC_047563.1 39899519 39927142,13,-0.10948731129767826,0.6653988125022269
NC_047563.1,33855525,NC_047563.1 33851468 33871580,9,-0.10945199801882746,0.665500790316765
NC_047565.1,47019273,NC_047565.1 47013506 47035252,3,0.10935566762714354,0.6657790019649001
NW_022994975.1,49424,NW_022994975.1 18968 71921,9,0.10933339367391878,0.6658433372458779
NC_047564.1,54476569,NC_047564.1 54457535 54481674,6,0.10930298521053035,0.6659311715359676
NC_047568.1,49362948,NC_047568.1 49357031 49379664,19,0.1091988718677131,0.6662319323433514
NC_047568.1,55730429,NC_047568.1 55730325 55741391,20,-0.1091850665262466,0.6662718166120185
NC_047565.1,19261041,NC_047565.1 19257826 19261463,7,0.10913505846863918,0.6664162993293374
NC_047566.1,8721376,NC_047566.1 8714770 8721924,9,-0.10913128564217184,0.666427200190434
NC_047565.1,4360401,NC_047565.1 4338201 4361892,20,0.10912255839399296,0.6664524161499699
NC_047564.1,19400705,NC_047564.1 19399057 19401947,6,-0.10891613457318758,0.6670489432473179
NC_047565.1,28559657,NC_047565.1 28526117 28566194,8,-0.10886351322733188,0.6672010397255744
NC_047560.1,33153946,NC_047560.1 33042787 33217066,6,0.10884206462462491,0.6672630382026223
NC_047566.1,22308753,NC_047566.1 22308285 22309902,16,0.10884079377357142,0.667266711738435
NC_047564.1,10169266,NC_047564.1 10167553 10169569,7,-0.10884027010710534,0.667268225456485
NC_047564.1,31257184,NC_047564.1 31256854 31263585,3,0.10877722409359479,0.6674504761285736
NC_047564.1,38107087,NC_047564.1 38106266 38111183,5,0.10876336089895758,0.6674905536236978
NC_047560.1,51031262,NC_047560.1 50992354 51073373,3,-0.10872394929619406,0.6676044943991213
NC_047563.1,46680230,NC_047563.1 46669959 46680776,6,0.10865026364624106,0.6678175415926184
NC_047564.1,1868952,NC_047564.1 1865911 1872155,15,-0.10852576041164705,0.6681775724857446
NC_047564.1,32550336,NC_047564.1 32545000 32556467,4,-0.10851835932942372,0.6681989766569008
NC_047560.1,51200306,NC_047560.1 50935047 51246957,7,0.10847361994491571,0.6683283696012519
NW_022994810.1,3073,NW_022994810.1 1715 23271,6,-0.10844423009906397,0.6684133742419633
NC_047561.1,3706232,NC_047561.1 3696117 3751773,3,-0.10843872151618056,0.6684293072163918
NC_047567.1,32326809,NC_047567.1 32326563 32327895,10,-0.10839391311610684,0.6685589156288261
NC_047562.1,14883066,NC_047562.1 14830381 14885029,4,-0.10838564576166583,0.6685828299474113
NC_047562.1,50347402,NC_047562.1 50343692 50392921,7,0.10828393669492298,0.6688770605086758
NC_047562.1,40496846,NC_047562.1 40490071 40523133,3,0.10819018694166734,0.6691483065147832
NW_022994844.1,233776,NW_022994844.1 232970 236341,6,-0.10815896887160692,0.6692386383569465
NC_047563.1,22905015,NC_047563.1 22904763 22907173,15,-0.10811028492989198,0.6693795176397523
NC_047559.1,39087910,NC_047559.1 39087595 39118950,16,0.10807509253747052,0.6694813622578644
NC_047565.1,23989992,NC_047565.1 23962115 23991459,4,0.10801687039587848,0.6696498656006229
NC_047559.1,27181505,NC_047559.1 27168478 27216487,6,-0.10800988598092175,0.6696700805215516
NC_047562.1,45896909,NC_047562.1 45893210 45898805,16,-0.10794240328899969,0.6698654061128082
NC_047568.1,39843661,NC_047568.1 39842290 39850993,5,-0.10788474341922379,0.6700323159591717
NC_047563.1,14684109,NC_047563.1 14683727 14685660,4,0.10782958926154566,0.6701919862046115
NC_047566.1,4558874,NC_047566.1 4557167 4560196,12,0.1078057973785842,0.6702608674098325
NC_047559.1,54952994,NC_047559.1 54950819 54972757,3,0.1077640025853514,0.6703818759022602
NC_047566.1,23929178,NC_047566.1 23920113 23932583,4,-0.10764844872890243,0.6707164792302742
NC_047565.1,37507561,NC_047565.1 37460628 37513316,3,0.10743397394792441,0.6713376789956305
NC_047565.1,48279193,NC_047565.1 48241763 48281629,6,0.10736216174455622,0.6715457195192065
NC_047568.1,20650219,NC_047568.1 20610607 20657409,3,-0.1072985958036142,0.6717298895107535
NC_047564.1,30321137,NC_047564.1 30316734 30347307,3,-0.10728035994463461,0.6717827276616715
NC_047565.1,48747190,NC_047565.1 48745217 48752526,10,-0.10720221637255603,0.6720091641644915
NC_047561.1,10993002,NC_047561.1 10980091 11000754,7,-0.10717389233014456,0.6720912453313737
NC_047568.1,43474501,NC_047568.1 43467320 43492500,12,0.10712680962007821,0.6722276956616732
NC_047559.1,28410347,NC_047559.1 28406524 28426386,5,0.10711868225119942,0.6722512505636598
NC_047561.1,50534990,NC_047561.1 50526504 50545284,3,-0.10707376051759031,0.6723814488630919
NC_047565.1,1463653,NC_047565.1 1456555 1473690,5,0.10706556873807332,0.6724051923527985
NC_047559.1,25046528,NC_047559.1 25042706 25057840,8,0.10704758673080748,0.6724573133938643
NC_047565.1,54052781,NC_047565.1 54049465 54073057,9,0.1070238721163789,0.672526052630879
NC_047565.1,12741691,NC_047565.1 12737629 12743821,15,-0.10698646056645375,0.6726344988606261
NC_047567.1,3134905,NC_047567.1 3112592 3138540,5,-0.10698021486486503,0.6726526041033885
NC_047561.1,14529938,NC_047561.1 14525813 14537466,5,-0.10686643678265122,0.672982457685743
NC_047563.1,26611991,NC_047563.1 26602458 26613380,5,0.1067968934595658,0.6731840984286857
NC_047559.1,26353270,NC_047559.1 26351530 26354298,3,-0.1067889462430215,0.6732071427196534
NC_047565.1,60717232,NC_047565.1 60715171 60718312,6,0.1067254527829189,0.6733912626299399
NC_047565.1,44879652,NC_047565.1 44866971 44879716,21,-0.10667026695709307,0.6735513062094239
NC_047559.1,26956008,NC_047559.1 26946570 26963664,14,-0.10656993284559003,0.6738423178259647
NC_047559.1,53739727,NC_047559.1 53737104 53740453,4,-0.10656265337657243,0.6738634330986016
NC_047566.1,5640669,NC_047566.1 5637206 5650881,3,-0.10641595333151746,0.6742890096320432
NC_047568.1,10891465,NC_047568.1 10866110 10904984,7,0.10639506564430702,0.6743496124249866
NC_047562.1,39504106,NC_047562.1 39457951 39554698,9,-0.10628730503156443,0.674662295527513
NC_047565.1,58867130,NC_047565.1 58856519 58875341,4,0.10628156528018079,0.6746789516745736
NC_047561.1,54038956,NC_047561.1 54038294 54051356,3,-0.1062752738689728,0.6746972088449591
NW_022994989.1,84069,NW_022994989.1 80139 84715,4,0.10626823964803875,0.6747176217942226
NC_047564.1,46176552,NC_047564.1 46175335 46178462,3,-0.10622974487785992,0.6748293354740964
NC_047560.1,70780878,NC_047560.1 70595196 71158665,7,0.10621582129130848,0.6748697439870186
NC_047564.1,8025718,NC_047564.1 8012269 8046935,9,-0.10617396351826112,0.6749912271481476
NC_047568.1,27392573,NC_047568.1 27371365 27394847,11,0.105995266772625,0.6755099418764908
NC_047559.1,52742191,NC_047559.1 52712488 52750617,3,0.10598432072350158,0.6755417202133498
NC_047563.1,20846435,NC_047563.1 20833778 20859000,5,-0.10597585357733563,0.6755663022099627
NC_047562.1,35133917,NC_047562.1 35084380 35143879,5,-0.10595868625186568,0.6756161437084288
NC_047565.1,44568890,NC_047565.1 44562691 44573876,14,0.10592635589484996,0.6757100111702825
NC_047568.1,41389508,NC_047568.1 41383696 41392873,13,-0.1059262297690989,0.675710377370764
NC_047565.1,3528879,NC_047565.1 3527032 3537559,15,0.1059028301214566,0.67577831840048
NC_047568.1,7165901,NC_047568.1 7161417 7183516,9,-0.10586082393590186,0.6759002896150784
NC_047563.1,11478923,NC_047563.1 11478307 11487805,3,0.10583316483145784,0.6759806061366611
NC_047564.1,15996576,NC_047564.1 15951484 16004880,6,0.10581022930885836,0.6760472088435541
NC_047562.1,23273448,NC_047562.1 23227607 23285097,3,0.10577202843172322,0.6761581458550676
NC_047562.1,9071641,NC_047562.1 9070587 9074659,3,-0.10577113847768768,0.6761607303960182
NC_047566.1,9099240,NC_047566.1 9096518 9107782,15,-0.1057440745014682,0.6762393293078983
NC_047564.1,9494457,NC_047564.1 9494212 9500491,6,0.10574225119781852,0.6762446246414809
NC_047564.1,35849813,NC_047564.1 35831947 35850726,5,-0.10571318533802312,0.6763290411796283
NC_047564.1,18803946,NC_047564.1 18776232 18807010,7,-0.10560007571581043,0.67665758258577835
NC_047559.1,756431,NC_047559.1 754858 762105,3,0.10558919435495584,0.6766891918247034
NC_047560.1,18800950,NC_047560.1 18800648 18803627,19,0.10557877502231869,0.6767194594008715
NC_047568.1,17704506,NC_047568.1 17700239 17721270,5,-0.10554773271696374,0.6768096383488276
NC_047561.1,54098035,NC_047561.1 54096663 54102593,4,0.105528598785061,0.6768652251527244
NC_047563.1,10343263,NC_047563.1 10324355 10366465,7,-0.10547261982349605,0.6770278611524247
NC_047565.1,21588378,NC_047565.1 21562057 21614393,8,0.10544831583120608,0.6770984759142795
NC_047564.1,40373806,NC_047564.1 40372035 40374744,16,-0.10535848943435508,0.6773594869380392
NC_047564.1,40884640,NC_047564.1 40882787 40885335,7,-0.10534759780554151,0.6773911374203552
NC_047561.1,31009196,NC_047561.1 31003236 31015208,8,-0.10531413867850598,0.6774883710434222
NC_047568.1,55354871,NC_047568.1 55351672 55360506,10,-0.10528388794576134,0.6775762851137412
NC_047564.1,39482810,NC_047564.1 39480816 39498633,4,-0.10524899274682462,0.6776777017617539
NC_047562.1,46478800,NC_047562.1 46477001 46480155,9,0.10524702339149324,0.677683425497638
NC_047564.1,1162307,NC_047564.1 1155704 1181464,4,0.10519312822685369,0.6778400729647045
NC_047568.1,28890965,NC_047568.1 28890344 28895234,5,-0.10518543655315084,0.677862430006799
NC_047565.1,10169619,NC_047565.1 10144736 10192561,6,0.1051810635645207,0.677875140890395
NC_047562.1,15073977,NC_047562.1 15051011 15094597,5,-0.10515381040825991,0.6779543589909223
NC_047562.1,23134325,NC_047562.1 23121693 23149133,9,-0.10515374598224211,0.6779545462650305
NC_047561.1,11970927,NC_047561.1 11962566 11973720,6,0.10514767708702537,0.6779721874629048
NC_047565.1,31380295,NC_047565.1 31372748 31381674,9,-0.10512009795691016,0.6780523570914196
NC_047565.1,2519235,NC_047565.1 2497725 2525969,6,0.10502577947479,0.6783265558552125
NC_047561.1,16650766,NC_047561.1 16647371 16659157,6,-0.10502239621746182,0.6783363922346266
NC_047563.1,27414445,NC_047563.1 27402074 27437089,6,0.10500581034274992,0.678384614217888
NC_047564.1,36445788,NC_047564.1 36442351 36447220,8,-0.10499044869190884,0.6784292779375951
NC_047562.1,13272911,NC_047562.1 13246768 13275546,3,0.1049646881610455,0.6785041785001176
NC_047565.1,56398348,NC_047565.1 56392641 56437538,5,0.10494682494535944,0.6785561187444908
NC_047563.1,47498927,NC_047563.1 47493673 47501817,5,-0.10489909052338281,0.6786949212080114
NC_047559.1,541608,NC_047559.1 539808 544660,5,-0.10485714921803622,0.6788168865296604
NC_047568.1,2001378,NC_047568.1 1982237 2027958,3,-0.10467892551211617,0.6793352457464032
NC_047568.1,22124843,NC_047568.1 22076687 22149649,11,0.10466470899807181,0.6793766000226
NC_047566.1,4839349,NC_047566.1 4832022 4848682,11,-0.10462118615722447,0.679503208595748
NC_047568.1,41382530,NC_047568.1 41381241 41384447,16,-0.10457151818363943,0.6796477034189587
NC_047561.1,555476,NC_047561.1 554932 577971,4,0.10455604433403894,0.6796927223478547
NC_047562.1,35221332,NC_047562.1 35217104 35242189,11,0.10455212175091219,0.6797041347003168
NC_047561.1,3292486,NC_047561.1 3291373 3294159,6,-0.10454196230042791,0.6797336928853489
NC_047565.1,23935996,NC_047565.1 23931398 23936172,18,0.10443207829723297,0.6800534208178419
NC_047560.1,53729625,NC_047560.1 53728246 53730919,3,-0.10441957151877852,0.6800898149074751
NC_047564.1,1109711,NC_047564.1 1093827 1119467,4,0.10441417002632195,0.6801055331840085
NC_047561.1,6185797,NC_047561.1 6181461 6186400,13,-0.10440369727141946,0.6801360091292965
NC_047561.1,30837885,NC_047561.1 30831841 30842870,9,0.10433828337515734,0.6803263756667126
NC_047559.1,32277888,NC_047559.1 32263524 32287111,3,-0.10433731578956763,0.6803291916578029
NC_047559.1,39601396,NC_047559.1 39590719 39610357,20,0.10433007970948739,0.6803502511492667
NC_047563.1,232982,NC_047563.1 191191 650035,3,0.1043289636977195,0.6803534991488709
NC_047568.1,45693665,NC_047568.1 45661140 45704393,7,0.10429698276810481,0.6804465775445057
NC_047560.1,70913086,NC_047560.1 70595196 71158665,4,-0.10426970390399594,0.6805259743600458
NC_047566.1,1438805,NC_047566.1 1437068 1440917,5,0.10419462799622499,0.6807445039196621
NC_047559.1,41314696,NC_047559.1 41313435 41319811,10,-0.1041716978199319,0.6808112534758162
NC_047564.1,4139066,NC_047564.1 4113919 4173330,3,0.10416360776463031,0.6808348040993895
NC_047566.1,45734410,NC_047566.1 45727650 45734740,5,0.10410695244215412,0.6809997389230975
NC_047563.1,54275654,NC_047563.1 54242386 54292698,3,0.10408551800245905,0.681062142397229
NC_047560.1,51717035,NC_047560.1 51713278 51720044,11,0.1039668982240828,0.681407523466623
NC_047566.1,48117685,NC_047566.1 48117038 48121243,14,-0.10384944558813126,0.6817495656102421
NC_047564.1,8228133,NC_047564.1 8227023 8231474,6,0.10383026163695006,0.6818054381654548
NC_047564.1,25928571,NC_047564.1 25904702 25958280,3,-0.10381333501192044,0.6818547376489117
NC_047563.1,67520904,NC_047563.1 67505289 67525234,6,-0.10367903618510918,0.6822459318811191
NC_047559.1,25913911,NC_047559.1 25902515 25936705,3,0.10365792152164281,0.6823074430419146
NC_047562.1,8688262,NC_047562.1 8681517 8692168,3,-0.10365590675451072,0.6823133125537764
NW_022994918.1,340369,NW_022994918.1 335598 404469,18,0.10360656482521022,0.6824570631354778
NC_047563.1,21831814,NC_047563.1 21831508 21833441,3,0.10357938040567162,0.6825362654576287
NC_047561.1,48062636,NC_047561.1 48047821 48087252,4,-0.10356118485459673,0.6825892803042326
NC_047568.1,9951377,NC_047568.1 9936086 9955148,9,-0.10355612380204483,0.6826040265186459
NC_047560.1,27781659,NC_047560.1 27779829 27785852,3,0.10352127998749425,0.6827055527086958
NC_047564.1,46232525,NC_047564.1 46227059 46237153,4,0.10349587122516256,0.6827795907761558
NC_047562.1,9271039,NC_047562.1 9261120 9307537,7,-0.10347175333566062,0.6828498699448823
NC_047561.1,57303409,NC_047561.1 57298286 57319025,11,-0.10347052426418578,0.682853451507218
NC_047562.1,12457478,NC_047562.1 12452527 12458281,18,0.10345093069485806,0.6829105488047535
NC_047568.1,50821461,NC_047568.1 50816152 50823578,3,-0.10344589341197968,0.6829252281324618
NC_047568.1,44880282,NC_047568.1 44868007 44884906,16,-0.10328500909847817,0.6833941238271876
NW_022994829.1,116610,NW_022994829.1 109708 243958,3,0.10325820937585838,0.6834722420644315
NC_047559.1,3817181,NC_047559.1 3810845 3817983,5,-0.10321119607796485,0.6836092880352966
NC_047567.1,17463956,NC_047567.1 17462375 17465896,9,-0.10315059913139137,0.6837859448609944
NC_047561.1,51531777,NC_047561.1 51530242 51533692,12,0.10313511620588574,0.6838310843692017
NC_047565.1,6964788,NC_047565.1 6964671 6967476,7,0.10312845531555064,0.6838505040952982
NC_047561.1,57946310,NC_047561.1 57923731 57965548,9,0.1031251938554279,0.6838600129023242
NC_047566.1,22627945,NC_047566.1 22547955 22650625,3,-0.10307946638743483,0.6839933363810018
NC_047568.1,25745712,NC_047568.1 25742625 26027748,5,0.10303014108213757,0.6841371597210727
NC_047568.1,45371588,NC_047568.1 45366945 45375445,7,-0.10299021407345958,0.6842535869654836
NC_047568.1,45289782,NC_047568.1 45284891 45311391,3,-0.10298199101222577,0.6842775662713665
NC_047564.1,42053520,NC_047564.1 42052593 42056991,8,0.1029254234367307,0.6844425310189541
NC_047564.1,40503430,NC_047564.1 40499808 40519185,5,-0.10288672772590812,0.6845553849104561
NC_047562.1,35976582,NC_047562.1 35961520 36018993,6,0.1028847824944184,0.6845610582379116
NC_047564.1,39863446,NC_047564.1 39860497 39864509,10,0.10287424165657989,0.684591801194999
NC_047561.1,41417263,NC_047561.1 41404872 41420703,6,-0.10283245307417972,0.6847136846298014
NC_047567.1,12315257,NC_047567.1 12314189 12367040,6,0.10282608735414787,0.6847322519743462
NC_047568.1,8429016,NC_047568.1 8427244 8438204,7,0.10278351666573823,0.6848564253234107
NC_047562.1,30685207,NC_047562.1 30662986 30685984,4,0.10274383317075443,0.6849721840157035
NC_047563.1,6040277,NC_047563.1 6039735 6041423,5,-0.10268832885266248,0.6851341040237169
NC_047564.1,40682320,NC_047564.1 40669532 40690356,6,0.10254655044317522,0.6855477664471399
NC_047568.1,56273350,NC_047568.1 56267998 56279938,3,-0.10246591456957817,0.6857830731806469
NC_047564.1,41703911,NC_047564.1 41703817 41715426,3,0.10243584130459064,0.685870838209204
NC_047566.1,1396717,NC_047566.1 1354633 1414618,7,-0.10241691484693015,0.6859260746486917
NC_047559.1,35303315,NC_047559.1 35296900 35311135,7,-0.10239674977980044,0.6859849276087919
NC_047563.1,8518334,NC_047563.1 8516992 8527952,3,0.10233860656728647,0.6861546316931442
NC_047563.1,13158838,NC_047563.1 13158383 13159540,21,0.10232382099302517,0.6861977890064699
NC_047561.1,44370183,NC_047561.1 44348859 44406120,7,-0.1022950439934202,0.6862817882564782
NC_047565.1,48197236,NC_047565.1 48195762 48207869,10,-0.10225455252495148,0.6863999876350232
NC_047568.1,46989896,NC_047568.1 46979258 46991334,16,0.102179573187174,0.6866188794573417
NC_047565.1,47038892,NC_047565.1 47037489 47050208,21,-0.10217590699465813,0.6866295830086747
NW_022994865.1,1352762,NW_022994865.1 1349598 1354288,3,0.10217432960680692,0.6866341882539675
NC_047561.1,53472995,NC_047561.1 53467121 53481388,4,0.10213709903630604,0.6867428874037094
NC_047564.1,52087717,NC_047564.1 52084760 52088283,3,-0.10213346528857087,0.686753496882613
NC_047559.1,6122875,NC_047559.1 6122209 6126494,19,-0.10207026487793254,0.6869380324760346
NC_047563.1,2586550,NC_047563.1 2583009 2597715,3,-0.10200344571134587,0.6871331526028379
NC_047566.1,8991815,NC_047566.1 8989720 8999074,6,0.10196864738053656,0.6872347754300907
NC_047563.1,1821338,NC_047563.1 1808080 2151853,6,0.10181888085552082,0.6876722022497808
NC_047565.1,59508603,NC_047565.1 59508371 59522643,18,-0.1017394816021559,0.6879041439128947
NC_047559.1,33489937,NC_047559.1 33487867 33501662,3,-0.10165652063848851,0.6881465183861415
NC_047559.1,17788040,NC_047559.1 17787118 17795427,7,-0.10157297148178719,0.688390640519571
NW_022994945.1,225643,NW_022994945.1 190480 232078,5,0.1015635845259526,0.6884180700810268
NC_047563.1,6098529,NC_047563.1 6081452 6120772,6,-0.10155253198431845,0.6884503671139185
NC_047563.1,3143827,NC_047563.1 3142759 3146903,10,0.10153816969322932,0.6884923364518974
NC_047568.1,42513598,NC_047568.1 42513282 42521512,3,-0.10153592494320984,0.6884988961153478
NW_022994844.1,225884,NW_022994844.1 224024 226891,3,0.10149503099694322,0.6886184011078427
NC_047559.1,37540090,NC_047559.1 37519271 37542681,8,0.10149048064785351,0.6886316990950924
NC_047566.1,26641374,NC_047566.1 26634676 26641783,9,0.10146753137629784,0.6886987676075179
NC_047564.1,53131483,NC_047564.1 53128860 53140395,9,-0.10140868294950274,0.6888707603484548
NC_047565.1,27706877,NC_047565.1 27704078 27707454,3,0.10138587282155756,0.6889374300361286
NC_047566.1,52974363,NC_047566.1 52973939 52976665,20,0.1013663493539401,0.6889944951698668
NW_022994922.1,56414,NW_022994922.1 54479 65717,6,0.10132103305448574,0.6891269563157691
NC_047566.1,37988024,NC_047566.1 37986336 37989186,9,-0.10131774944492289,0.6891365547569688
NC_047566.1,47330714,NC_047566.1 47327010 47333766,16,-0.10130516273565354,0.6891733478532236
NC_047562.1,47000651,NC_047562.1 46998687 47019971,4,-0.10129083951017356,0.6892152178895747
NC_047565.1,22550285,NC_047565.1 22527827 22594197,21,0.10127707781063845,0.689255447267638
NC_047566.1,56198582,NC_047566.1 56191955 56228374,18,0.10118314398667431,0.6895300638402906
NC_047567.1,25374939,NC_047567.1 25351037 25375601,5,-0.10115938348266741,0.6895995337884467
NC_047565.1,40124678,NC_047565.1 40124550 40166090,12,0.10114808551300737,0.689632567138815
NC_047564.1,29321971,NC_047564.1 29321508 29332315,6,-0.10111132703458908,0.6897400464004352
NC_047565.1,61952623,NC_047565.1 61945971 61963176,14,0.10110562479018018,0.6897567198770311
NC_047559.1,52948355,NC_047559.1 52937917 52948520,9,-0.10101228421279877,0.6900296689146537
NC_047563.1,61579871,NC_047563.1 61576798 61583642,4,-0.10093131195180512,0.6902664796755615
NC_047559.1,48629974,NC_047559.1 48627815 48647868,6,0.10092849524795974,0.6902747178756236
NC_047560.1,16998773,NC_047560.1 16961317 17035334,16,0.10089452792519224,0.6903740669596121
NC_047564.1,53885860,NC_047564.1 53874838 53897891,5,-0.10086922304120499,0.6904480829010615
NC_047566.1,45969617,NC_047566.1 45949296 45984413,5,0.10082169859074318,0.690587097554583
NC_047565.1,56957678,NC_047565.1 56951833 56993421,13,-0.10081778996341155,0.6905985311723948
NC_047561.1,23645168,NC_047561.1 23643047 23653396,17,-0.10074818544356724,0.6908021507846606
NC_047565.1,9584442,NC_047565.1 9582102 9614386,6,-0.10073967486762697,0.6908270488321412
NC_047559.1,15498062,NC_047559.1 15482684 15515373,4,-0.10071498531845818,0.6908992808538759
NC_047559.1,35573827,NC_047559.1 35568511 35574941,5,0.10058803707749356,0.691270722150761
NC_047562.1,28240717,NC_047562.1 28234576 28247869,7,-0.10056809590283314,0.6913290746725845
NC_047560.1,29174403,NC_047560.1 29174010 29175422,9,0.10051739946031871,0.6914774317235992
NC_047564.1,14990641,NC_047564.1 14961116 15028523,10,-0.10051548641281173,0.6914830302367814
NC_047561.1,27897224,NC_047561.1 27896188 27900804,4,0.1004088936709643,0.6917949968132975
NC_047559.1,27169245,NC_047559.1 27168478 27216487,11,-0.10039123189576406,0.6918466923575872
NC_047566.1,51776185,NC_047566.1 51774775 51777179,5,-0.10030687852569961,0.6920936102960212
NC_047567.1,17991707,NC_047567.1 17990229 18033137,8,-0.10029518349088912,0.6921278461619267
NC_047567.1,6328760,NC_047567.1 6327744 6329023,6,-0.1002816382884286,0.6921674988900812
NC_047565.1,22594009,NC_047565.1 22527827 22594197,18,0.10019656566356891,0.6924165610602098
NC_047559.1,26962698,NC_047559.1 26946570 26963664,11,-0.10018368928842153,0.6924542610907038
NW_022994915.1,29695,NW_022994915.1 7208 40319,5,0.10012514592511022,0.6926256756547426
NC_047565.1,19670261,NC_047565.1 19667272 19671449,19,0.10002570943565775,0.6929168575713223
NC_047561.1,45400578,NC_047561.1 45387403 45401418,19,-0.0999709560824336,0.6930772104297187
NC_047559.1,11528029,NC_047559.1 11527270 11532728,6,0.09994523494206298,0.6931525426748272
NC_047560.1,53464509,NC_047560.1 53459123 53479050,7,-0.09993379998554502,0.6931860343301255
NC_047568.1,24038013,NC_047568.1 24018683 24052668,3,0.09992738885687982,0.6932048120157814
NC_047562.1,26962351,NC_047562.1 26938591 26964432,6,-0.09981046679092394,0.6935472972744505
NC_047564.1,37139401,NC_047564.1 37138040 37140778,10,0.09977042383683636,0.6936646031137601
NC_047568.1,30025773,NC_047568.1 30015214 30031060,11,0.09969733902446122,0.6938787221658931
NC_047564.1,15704674,NC_047564.1 15680917 15732828,12,-0.09968654832636621,0.6939103379094085
NC_047559.1,29080278,NC_047559.1 29078469 29082613,15,-0.0996560102588653,0.693999814217905
NC_047561.1,22372672,NC_047561.1 22325572 22384869,9,-0.09964594150601389,0.6940293164322999
NC_047561.1,44100498,NC_047561.1 44096325 44103371,3,0.09964129530624667,0.6940429302933946
NC_047565.1,21464262,NC_047565.1 21462653 21479546,21,-0.09959199399290863,0.6941873938916592
NC_047560.1,53729657,NC_047560.1 53728246 53730919,10,-0.099584097195515,0.6942105341620024
NC_047564.1,57271763,NC_047564.1 57253835 57280390,8,-0.09955457205436821,0.6942970550278953
NC_047562.1,41305964,NC_047562.1 41304239 41307087,10,-0.09949920073835099,0.6944593255633937
NC_047564.1,46974191,NC_047564.1 46969555 46974905,7,-0.09949503463936706,0.6944715351961214
NC_047563.1,67521270,NC_047563.1 67517309 67522883,5,-0.09940904001773732,0.6947235765722835
NC_047564.1,7003403,NC_047564.1 7002838 7004591,13,0.0993945243349667,0.6947661235490661
NC_047568.1,10092988,NC_047568.1 10088286 10121220,8,0.09936686477966881,0.6948471989867188
NC_047560.1,69096095,NC_047560.1 69095770 69099366,6,-0.09929578296887122,0.6950555677970958
NC_047565.1,16393961,NC_047565.1 16390633 16397409,4,-0.09915607781330345,0.6954651592740276
NW_022994910.1,24743,NW_022994910.1 23136 26240,7,0.09913712152345046,0.6955207420380505
NC_047564.1,3457193,NC_047564.1 3443231 3458582,8,-0.09910360896317795,0.6956190096441627
NC_047565.1,12341213,NC_047565.1 12340468 12347855,17,-0.09907980746344897,0.6956888046793486
NC_047561.1,4256747,NC_047561.1 4253648 4367559,21,0.09900260315196395,0.6959152130514192
NC_047559.1,12883128,NC_047559.1 12867784 12891979,9,0.09889507873780803,0.6962305785331874
NC_047566.1,29493319,NC_047566.1 29491873 29532252,4,0.09887381242816964,0.6962929575202428
NC_047561.1,8957728,NC_047561.1 8953262 8962473,20,-0.09884869485530036,0.696366635538462
NC_047564.1,16615781,NC_047564.1 16611462 16625831,3,-0.09881740153168664,0.6964584326624503
NC_047565.1,48275399,NC_047565.1 48241763 48281629,16,0.09876112725448158,0.6966235200414964
NC_047567.1,33675810,NC_047567.1 33663702 33685116,3,0.09871351288097417,0.6967632126802606
NC_047565.1,54953543,NC_047565.1 54942794 54994945,9,-0.09871202996895816,0.696767563446122
NC_047568.1,45374440,NC_047568.1 45366945 45375445,5,0.09868845735306926,0.6968367251524945
NC_047563.1,29044447,NC_047563.1 29041181 29056216,3,-0.09865180612236618,0.6969442638390235
NC_047564.1,52394903,NC_047564.1 52389067 52400214,10,-0.0986343913334517,0.6969953626453828
NC_047568.1,12302271,NC_047568.1 12169358 12325905,7,0.09856572640011291,0.697196852695064
NC_047567.1,30969300,NC_047567.1 30934340 31071743,3,-0.09842617408371604,0.6976064137372605
NC_047560.1,18265020,NC_047560.1 18264314 18271985,11,-0.09841029777257428,0.6976530129064019
NC_047559.1,7360694,NC_047559.1 7359003 7360788,3,0.09831672838148513,0.6979276729153783
NC_047561.1,48654469,NC_047561.1 48632137 48658099,11,-0.09830631972677677,0.6979582282903909
NC_047566.1,54425710,NC_047566.1 54421143 54427040,17,-0.09829935311016474,0.6979786795551497
NC_047560.1,70170071,NC_047560.1 70130124 70184488,11,0.09824446669776693,0.6981398115433028
NC_047562.1,39504106,NC_047562.1 39435833 39560224,9,-0.09817421176826932,0.6983460793553002
NC_047568.1,9116512,NC_047568.1 9116402 9124090,3,0.0981409195169981,0.6984438321161592
NC_047566.1,23925660,NC_047566.1 23920113 23932583,6,0.0980168412043918,0.6988081908141384
NC_047561.1,54758239,NC_047561.1 54756738 54759220,6,0.0979798077175607,0.6989169526061376
NC_047565.1,23414554,NC_047565.1 23404770 23417011,5,-0.097909043983358,0.6991247905845027
NC_047564.1,51627845,NC_047564.1 51626763 51629871,11,-0.09788095791069086,0.6992072869648427
NC_047559.1,5989988,NC_047559.1 5965822 5995935,4,-0.0978440624624347,0.6993156637320458
NC_047568.1,2638916,NC_047568.1 2634773 2652577,9,0.09783624588518358,0.6993386248724901
NC_047561.1,52267117,NC_047561.1 52265926 52275520,6,-0.09779951348616758,0.6994465293586112
NC_047561.1,12516950,NC_047561.1 12460797 12526039,19,-0.0977712552153893,0.6995295441153857
NC_047568.1,53024598,NC_047568.1 53015487 53041984,3,0.09775986251737953,0.6995630135366554
NC_047562.1,32905071,NC_047562.1 32898252 32939854,21,-0.09775126148968902,0.6995882819494257
NC_047568.1,27464289,NC_047568.1 27463607 27475578,15,0.09767888989932126,0.6998009097381872
NC_047563.1,62914820,NC_047563.1 62903228 62919188,4,-0.09767092883644064,0.6998243006445481
NW_022994913.1,5391,NW_022994913.1 4516 16116,3,-0.09766508207500675,0.6998414795507808
NC_047560.1,55652244,NC_047560.1 55648591 55654423,10,0.09761481659597514,0.6999891748861873
NC_047562.1,27085747,NC_047562.1 27083765 27118285,6,0.09759423417257955,0.7000496552911202
NC_047565.1,4665692,NC_047565.1 4655980 4671381,6,0.09753969888167786,0.7002099127732937
NC_047567.1,24151835,NC_047567.1 24139347 24153069,10,-0.09752898531369951,0.7002413970954418
NC_047563.1,48580316,NC_047563.1 48548539 48633959,5,-0.0975048092210928,0.700312445899483
NC_047564.1,25987339,NC_047564.1 25985977 25995814,5,0.09747930756617082,0.7003873928372509
NC_047566.1,12667878,NC_047566.1 12664379 12668201,4,-0.097465876560661,0.7004268663434511
NC_047562.1,15021650,NC_047562.1 15015610 15022631,4,0.09745596317631486,0.7004560020869028
NC_047565.1,61257687,NC_047565.1 61225939 61469303,10,0.09745502083682417,0.7004587716725429
NC_047561.1,34942080,NC_047561.1 34940349 34942956,4,0.09743406536602212,0.7005203618391893
NC_047559.1,35503877,NC_047559.1 35502629 35515481,5,-0.09743328922930315,0.7005226430146243
NC_047559.1,20749065,NC_047559.1 20747827 20791081,14,0.09742965612710336,0.7005333212475318
NC_047559.1,3802993,NC_047559.1 3801627 3804826,5,-0.09740910837221352,0.7005937151900465
NC_047564.1,18016867,NC_047564.1 18009289 18026352,9,0.09738657900341174,0.7006599354540324
NC_047561.1,1192622,NC_047561.1 1192433 1223068,3,-0.0972800414717538,0.7009731075655381
NC_047565.1,46735079,NC_047565.1 46724952 46744846,9,-0.09723479827152211,0.7011061159725529
NC_047559.1,37730582,NC_047559.1 37729163 37731306,6,0.09722050585337978,0.7011481353155387
NC_047568.1,53363356,NC_047568.1 53328077 53374145,21,0.09719336469611324,0.7012279318935941
NC_047566.1,37939759,NC_047566.1 37937610 37945712,13,-0.09710759224834188,0.7014801274236824
NC_047559.1,1264988,NC_047559.1 1263895 1266021,4,-0.09708940025548658,0.701533620903281
NC_047568.1,21827049,NC_047568.1 21825509 21828141,3,-0.09707892338636714,0.7015644286994918
NC_047566.1,20766779,NC_047566.1 20741812 20779123,3,0.09704424989568547,0.7016663911185373
NC_047565.1,61526447,NC_047565.1 61505775 61526917,3,-0.09703823576071786,0.7016840770465971
NC_047565.1,1796074,NC_047565.1 1789864 1813980,4,-0.09696638682363999,0.7018953764225982
NC_047565.1,25670505,NC_047565.1 25626905 25683502,3,-0.09694159325854734,0.7019682962462064
NC_047568.1,27656064,NC_047568.1 27635689 27693364,5,0.09693041343070541,0.7020011778088988
NC_047561.1,4265919,NC_047561.1 4253648 4367559,3,-0.09692506634174063,0.7020169045833946
NC_047566.1,48108450,NC_047566.1 48104317 48117487,17,0.09688920510617353,0.7021223820656299
NC_047565.1,27610041,NC_047565.1 27543112 27633600,4,0.09683236530169678,0.7022895737384092
NC_047562.1,23733539,NC_047562.1 23732772 23735378,5,-0.09680912609447875,0.7023579345445258
NC_047564.1,54849378,NC_047564.1 54844901 54856049,4,0.09680143927989229,0.702380546673856
NC_047568.1,18117519,NC_047568.1 18114037 18117602,6,-0.09677324628318361,0.7024634834125589
NC_047566.1,54403814,NC_047566.1 54401588 54408113,8,0.09671014025998782,0.7026491371242923
NC_047568.1,32309508,NC_047568.1 32304765 32309909,4,-0.09664574539657599,0.7028385990248822
NC_047563.1,67519990,NC_047563.1 67505289 67525234,6,-0.09656646628548035,0.7030718760905896
NC_047559.1,18617280,NC_047559.1 18592234 18623423,8,-0.09656349981066926,0.7030806053683982
NC_047559.1,20147026,NC_047559.1 20145930 20159593,5,-0.09653577392922152,0.7031621944615528
NC_047562.1,26904316,NC_047562.1 26890087 26905311,13,-0.09641450309067312,0.7035190950374766
NC_047564.1,54349308,NC_047564.1 54348903 54362598,8,-0.09640146037970439,0.7035574833030476
NC_047559.1,9544182,NC_047559.1 9542421 9544310,6,-0.0962713722447807,0.7039404055785288
NC_047565.1,14126407,NC_047565.1 14125283 14128037,3,0.09616549427637275,0.7042521137987412
NW_022994897.1,478778,NW_022994897.1 465521 523306,5,-0.09615719271084688,0.7042765557773282
NC_047563.1,62860171,NC_047563.1 62856711 62862740,16,0.09613759912557412,0.7043342455065595
NC_047568.1,32970724,NC_047568.1 32952982 32970820,9,0.09608562319716932,0.7044872865629415
NC_047564.1,38623952,NC_047564.1 38609653 38683906,4,0.09599084707032597,0.7047663789024896
NC_047561.1,16385548,NC_047561.1 16381546 16386051,11,-0.09593071284393292,0.7049434779882833
NC_047564.1,54829208,NC_047564.1 54820583 54835744,4,-0.09593061962120339,0.7049437525463051
NC_047565.1,32731060,NC_047565.1 32693745 32751974,19,-0.09592180187644124,0.7049697225773438
NC_047565.1,14345489,NC_047565.1 14344769 14347927,7,-0.09591195736845258,0.7049987169991987
NC_047559.1,47024499,NC_047559.1 47024392 47028353,6,-0.09584965360443387,0.7051822254001673
NW_022994997.1,112652,NW_022994997.1 111375 119851,20,-0.09572515600710052,0.70554896479242
NW_022994865.1,218432,NW_022994865.1 178811 233709,5,-0.0956730990681474,0.7057023300842273
NC_047561.1,32191220,NC_047561.1 32164950 32195952,6,0.09566829205102517,0.7057164926135369
NC_047559.1,17654069,NC_047559.1 17652666 17660435,16,0.09559441338250389,0.7059341669869581
NC_047566.1,45975173,NC_047566.1 45949296 45984413,8,0.09556887356564324,0.7060094219567188
NC_047563.1,5725373,NC_047563.1 5715837 5729969,11,-0.09556072209793402,0.7060334414089315
NC_047561.1,6574174,NC_047561.1 6573518 6595181,10,-0.0955108354432634,0.7061804452496409
NC_047567.1,13568699,NC_047567.1 13552033 13570005,5,0.09532558571400296,0.706726417729216
NC_047559.1,33283325,NC_047559.1 33283099 33285553,8,0.09531822968363769,0.7067481004134992
NC_047564.1,54084763,NC_047564.1 54071697 54094060,4,-0.09530680605067372,0.7067817732161872
NC_047559.1,37905489,NC_047559.1 37904645 37906403,3,0.09528984763636604,0.706831761538842
NC_047568.1,25017498,NC_047568.1 24969682 25044988,13,0.09525781697314159,0.706926181447326
NC_047563.1,2101090,NC_047563.1 2101070 2110123,18,0.09524001958415812,0.7069786463049992
NC_047561.1,44336331,NC_047561.1 44334693 44337303,5,-0.0952002750086577,0.7070958137287648
NC_047564.1,37426123,NC_047564.1 37415854 37428653,12,-0.09515088046783013,0.7072414380801351
NC_047565.1,7694847,NC_047565.1 7685237 7711057,8,-0.095150768322471,0.7072417687166475
NC_047568.1,52997415,NC_047568.1 52976090 52997958,3,0.09514705887531731,0.7072527052532067
NC_047559.1,12877031,NC_047559.1 12867784 12891979,6,-0.0951292270807831,0.7073052793668545
NC_047561.1,49107649,NC_047561.1 49106052 49107919,9,0.09509730092231357,0.7073994115419275
NC_047559.1,50561620,NC_047559.1 50554898 50575893,4,-0.0949571140248461,0.7078127911476024
NC_047563.1,39419936,NC_047563.1 39258392 39460768,11,-0.0949509257018812,0.7078310409116044
NC_047560.1,21042597,NC_047560.1 21033054 21066957,15,0.09485651389542206,0.7081094862061217
NC_047568.1,16729496,NC_047568.1 16687745 16739639,10,0.09470553773816551,0.7085548278765812
NC_047561.1,33043337,NC_047561.1 33042636 33044849,6,-0.09468521804973498,0.7086147727155466
NW_022994852.1,148378,NW_022994852.1 143158 156318,3,-0.09467496263548703,0.7086450276935761
NC_047568.1,5132009,NC_047568.1 5121974 5140066,19,0.09461873808960497,0.7088109057334465
NC_047564.1,19088533,NC_047564.1 19084348 19123477,3,0.09461803006903804,0.7088129946704328
NC_047568.1,23478790,NC_047568.1 23472228 23486301,14,-0.09450395123232833,0.7091495975701023
NC_047565.1,11477696,NC_047565.1 11474700 11494062,3,-0.09442800471616263,0.70937371504399
NC_047562.1,51751693,NC_047562.1 51719248 51772729,14,0.09436797918591139,0.7095508658993992
NC_047564.1,48684448,NC_047564.1 48672673 48689472,8,0.09420608240244553,0.7100287358083408
NC_047566.1,6770038,NC_047566.1 6766061 6771366,6,0.09420530346231296,0.7100310352509609
NC_047567.1,1872253,NC_047567.1 1645006 2210384,8,-0.09420333428769904,0.710036848293739
NC_047560.1,51016047,NC_047560.1 50935047 51246957,18,0.09418939577253624,0.7100779955042811
NW_022994923.1,7566,NW_022994923.1 4902 29989,10,-0.0941315527693526,0.7102487591644746
NC_047565.1,1534208,NC_047565.1 1524012 1541977,7,-0.09412715886035662,0.7102617313649647
NC_047562.1,37441320,NC_047562.1 37431591 37442434,10,-0.09410581133865561,0.7103247570376232
NC_047568.1,37517265,NC_047568.1 37506479 37518641,6,-0.09395001938957132,0.7107847658406148
NC_047567.1,32326809,NC_047567.1 32316710 32327994,10,-0.09393133428678027,0.7108399439637796
NC_047559.1,31734032,NC_047559.1 31731414 31757929,8,0.09390535005742248,0.7109166790778008
NC_047561.1,30498459,NC_047561.1 30481172 30499308,6,-0.09388120998388272,0.7109879705080033
NC_047568.1,2084563,NC_047568.1 2053516 2084775,3,0.09384684237498338,0.7110894702415758
NC_047567.1,28035907,NC_047567.1 28027536 28055386,4,-0.09384617745024812,0.7110914340456584
NC_047568.1,16007127,NC_047568.1 16000556 16013199,4,-0.09380928183398483,0.7112004051238834
NC_047563.1,42565144,NC_047563.1 42563199 42565591,3,0.09377934847356982,0.711288817117286
NC_047564.1,39312404,NC_047564.1 39306139 39366021,3,-0.09377873276745931,0.7112906357205199
NC_047565.1,54055256,NC_047565.1 54049465 54073057,6,-0.09377444779854563,0.711303292219265
NC_047566.1,37437717,NC_047566.1 37430331 37440466,16,-0.09376856170875988,0.7113206780606283
NC_047566.1,39192373,NC_047566.1 39188611 39194712,6,-0.09375936161852318,0.7113478527917527
NC_047560.1,55727952,NC_047560.1 55718748 55738122,10,-0.09374761093324434,0.7113825618146508
NC_047562.1,27690030,NC_047562.1 27688457 27690406,3,0.09368841383121437,0.7115574256645103
NC_047568.1,23148378,NC_047568.1 23126214 23157702,16,-0.09366421788862683,0.7116289026288753
NC_047559.1,19621205,NC_047559.1 19613581 19626331,5,0.09364015333290349,0.7116999937341055
NC_047566.1,7709912,NC_047566.1 7674237 7715471,8,-0.09361892138671613,0.7117627186707818
NC_047559.1,40920918,NC_047559.1 40914691 40921337,10,-0.09361862535346693,0.7117635932458655
NC_047566.1,14378388,NC_047566.1 14316674 14384458,8,0.09352590711709605,0.7120375288412171
NW_022994775.1,109687,NW_022994775.1 105777 109928,7,-0.09350547151134313,0.7120979102562441
NC_047561.1,19500916,NC_047561.1 19500706 19519718,8,-0.09341070646894324,0.712377935355264
NC_047560.1,51601924,NC_047560.1 51556988 51604444,5,-0.09336905771567007,0.7125010160361623
NC_047562.1,38837829,NC_047562.1 38829869 38855054,5,0.0933336547393006,0.7126056444697619
NC_047559.1,20154420,NC_047559.1 20145930 20159593,5,-0.09322302981840942,0.7129326120614203
NC_047563.1,8799125,NC_047563.1 8796381 8813780,8,-0.09313802864906398,0.7131838773912782
NC_047562.1,45635409,NC_047562.1 45626967 45662991,4,-0.09306404694498319,0.7134025918071042
NC_047560.1,3948710,NC_047560.1 3947383 3949996,19,0.09296463942836053,0.7136965068284369
NC_047568.1,6545117,NC_047568.1 6514219 6547105,8,0.09293316842618021,0.7137895641291883
NC_047568.1,22395046,NC_047568.1 22390291 22397069,7,-0.0929073915159367,0.71386578730726
NC_047567.1,16407447,NC_047567.1 16406333 16408965,4,-0.0928594333689606,0.7140076079969778
NC_047563.1,36600835,NC_047563.1 36596842 36602202,20,-0.09273396988539287,0.714378667799868
NC_047563.1,61980119,NC_047563.1 61949086 61990294,11,-0.09273042934106544,0.7143891398883628
NC_047564.1,16662601,NC_047564.1 16661905 16669003,7,0.09266774923561738,0.7145745407772013
NW_022994960.1,21662,NW_022994960.1 17619 32399,10,-0.09260239031249028,0.7147678815117124
NW_022994923.1,9874,NW_022994923.1 4902 29989,12,0.0925980460879798,0.7147807329144691
NC_047564.1,52569340,NC_047564.1 52547237 52576291,7,0.092584891344329,0.7148196486847027
NC_047565.1,12382976,NC_047565.1 12380888 12391866,4,-0.09258351949312672,0.7148237070802582
NC_047565.1,6757186,NC_047565.1 6741163 6757763,12,0.09252430248190739,0.714998897779787
NC_047563.1,3122959,NC_047563.1 3118401 3132567,4,0.09248134391420663,0.7151259971344268
NC_047564.1,36718816,NC_047564.1 36718195 36728273,12,0.09244897444322825,0.7152217717717383
NC_047568.1,41658415,NC_047568.1 41653028 41665054,6,-0.09242996258242417,0.7152780258620672
NC_047564.1,35209482,NC_047564.1 35206747 35214437,7,0.09241933064667457,0.7153094852468562
NC_047565.1,48145130,NC_047565.1 48141254 48147150,7,-0.09237106186459045,0.7154523157322015
NC_047567.1,18070686,NC_047567.1 18057291 18072739,3,0.09233940016846931,0.715546009647462
NC_047565.1,30317850,NC_047565.1 30315629 30330369,15,-0.09233160007332254,0.715569092436654
NC_047562.1,27564795,NC_047562.1 27560226 27571330,13,-0.09229812495414078,0.7156681578831214
NC_047568.1,19221906,NC_047568.1 19216849 19247977,5,0.09229242039514715,0.7156850402461185
NC_047560.1,64510502,NC_047560.1 64509422 64511791,4,-0.09228730757168997,0.7157001715034257
NC_047564.1,29853364,NC_047564.1 29840947 29866721,17,0.09215278940157137,0.7160983104503129
NC_047559.1,11707389,NC_047559.1 11704534 11719614,19,0.09213792088435277,0.716142321689804
NC_047568.1,2728772,NC_047568.1 2726684 2738207,3,0.09212897902305196,0.7161687902669271
NC_047559.1,39711754,NC_047559.1 39709777 39712391,7,0.09212100219333248,0.7161924025383488
NC_047564.1,37136454,NC_047564.1 37122903 37136747,3,-0.09210145855282097,0.7162502548455745
NC_047559.1,37023652,NC_047559.1 37017890 37023665,7,-0.09209686177459322,0.7162638622592329
NC_047562.1,28193179,NC_047562.1 28192848 28195098,6,0.09208844021266102,0.7162887920342105
NW_022994945.1,226048,NW_022994945.1 190480 232078,12,0.09206963718484686,0.7163444543392103
NC_047565.1,36789962,NC_047565.1 36786081 36792731,16,0.09205847780639026,0.7163774899136497
NC_047567.1,8542798,NC_047567.1 8539669 8545430,17,0.09205067651522256,0.7164005846865353
NC_047566.1,50843541,NC_047566.1 50816539 50848619,7,0.09200705595143062,0.7165297223706837
NC_047563.1,4070170,NC_047563.1 4058937 4079024,11,0.09193893523787583,0.7167314068260828
NC_047566.1,51775977,NC_047566.1 51774775 51777179,3,0.09189544890463497,0.7168601657951338
NC_047562.1,34608821,NC_047562.1 34607711 34616124,3,0.09185241823362092,0.716987582742332
NC_047565.1,46976733,NC_047565.1 46974173 46988089,7,0.09180352796944509,0.7171323590000973
NC_047568.1,21709220,NC_047568.1 21699251 21727819,3,0.09179457383715554,0.7171588754117343
NC_047563.1,51413457,NC_047563.1 51411525 51414663,9,-0.09175749455866526,0.7172686837892684
NC_047559.1,25506105,NC_047559.1 25500462 25506480,3,0.09148951108355974,0.7180624597873557
NC_047561.1,17760001,NC_047561.1 17752726 17773708,14,-0.09146103680884936,0.7181468177031732
NC_047561.1,49758750,NC_047561.1 49734890 49767198,5,0.09129097352134095,0.7186507119281254
NC_047566.1,21700095,NC_047566.1 21696220 21702498,4,0.0912824595118224,0.7186759416781976
NC_047559.1,14438880,NC_047559.1 14422484 14441486,3,0.09123867987703915,0.7188056791955607
NC_047564.1,9941784,NC_047564.1 9937063 9943981,6,-0.09120268396039577,0.7189123557549453
NC_047568.1,40506590,NC_047568.1 40502950 40520819,8,-0.0911898457374965,0.71895040397361
NC_047568.1,24027044,NC_047568.1 24018683 24052668,5,-0.09113504535101102,0.7191128211454515
NC_047565.1,54178516,NC_047565.1 54171371 54196829,6,-0.09107670732803685,0.7192857357347373
NC_047561.1,50184603,NC_047561.1 50179859 50185757,7,-0.0910648338959266,0.7193209303165835
NC_047562.1,27378346,NC_047562.1 27366231 27395967,6,0.0910627376210713,0.7193271440363231
NC_047568.1,56580449,NC_047568.1 56560954 56584182,8,-0.09097097596243262,0.7195991578023249
NC_047566.1,41341870,NC_047566.1 41338177 41342448,4,-0.09079702740089117,0.7201148903556778
NC_047565.1,45115790,NC_047565.1 45106460 45124218,3,0.09076317677100171,0.7202152659945666
NC_047562.1,6810401,NC_047562.1 6766085 6810476,9,0.09076199337516304,0.7202187751398922
NC_047564.1,52728650,NC_047564.1 52725793 52732939,3,-0.09073377698646976,0.7203024472890772
NC_047565.1,530476,NC_047565.1 527431 532111,20,0.09072652924270691,0.7203239400491264
NC_047565.1,7112941,NC_047565.1 7100055 7118263,10,0.09070072327079945,0.720400467768533
NC_047560.1,19612968,NC_047560.1 19597009 19621157,3,-0.09058559222071645,0.720741920182818
NC_047562.1,27303555,NC_047562.1 27303039 27308598,3,-0.09058024212237278,0.7207577885760392
NC_047559.1,7680601,NC_047559.1 7678472 7723830,13,-0.09052599054670823,0.720918704895327
NC_047565.1,22677487,NC_047565.1 22676762 22678536,9,0.09051905314364521,0.7209392828233239
NC_047565.1,48279550,NC_047565.1 48241763 48281629,19,0.09049687998457871,0.7210050547198048
NC_047564.1,18550770,NC_047564.1 18550197 18559684,13,-0.09047509438634008,0.7210696788150551
NC_047565.1,10871281,NC_047565.1 10853704 10873815,8,0.09041603505670122,0.7212448795467779
NC_047565.1,48438404,NC_047565.1 48435212 48440867,4,0.09039989885780998,0.7212927502142963
NC_047561.1,32113927,NC_047561.1 32082053 32132555,10,0.09028693922684135,0.7216278909880847
NC_047562.1,13267527,NC_047562.1 13246768 13275546,8,-0.09022871487721085,0.7218006560941472
NC_047566.1,5814467,NC_047566.1 5814426 5819130,6,-0.0902098755344911,0.7218565595230836
NC_047565.1,54206886,NC_047565.1 54202466 54247925,4,0.0901994859016625,0.7218873900524589
NC_047562.1,19608952,NC_047562.1 19583045 19614182,5,0.09013788962706898,0.7220701811859946
NC_047564.1,50371202,NC_047564.1 50369868 50373179,6,-0.09012354106017081,0.7221127635915054
NC_047563.1,10330444,NC_047563.1 10324355 10366465,20,0.09003857758525219,0.7223649265877237
NC_047565.1,53428393,NC_047565.1 53420368 53432069,11,-0.09002712788431358,0.7223989102239647
NW_022994899.1,110711,NW_022994899.1 110278 135244,5,0.08999763957144824,0.7224864361922355
NC_047568.1,54739597,NC_047568.1 54729958 54793813,6,0.08998736415536283,0.7225169360198037
NC_047565.1,4717744,NC_047565.1 4712997 4730091,6,-0.0899250087702997,0.7227020298576328
NC_047564.1,41647992,NC_047564.1 41647011 41649726,11,-0.08986871022460678,0.7228691573410558
NC_047568.1,10927512,NC_047568.1 10912387 10932018,11,-0.08979438633043832,0.7230898130299209
NC_047561.1,53609228,NC_047561.1 53602013 53624325,3,-0.08976236488378969,0.7231848859628045
NC_047564.1,48318817,NC_047564.1 48293775 48343163,5,0.08959937352031509,0.7236688734772405
NC_047568.1,49641751,NC_047568.1 49640684 49646674,14,-0.08943007602778183,0.7241716920754575
NC_047561.1,13857843,NC_047561.1 13840905 13879732,11,0.08939431411443154,0.7242779197760709
NC_047566.1,17803373,NC_047566.1 17797021 17822603,3,-0.08934550351000843,0.7244229152306043
NC_047565.1,59017788,NC_047565.1 59015737 59019923,11,0.08910068268551755,0.7251503078615298
NC_047561.1,46373803,NC_047561.1 46373638 46413648,4,0.08910020374755807,0.7251517310644864
NC_047561.1,20226351,NC_047561.1 20207391 20238820,7,-0.08908128180362569,0.725207959839973
NC_047560.1,21043420,NC_047560.1 21033054 21066957,21,-0.08907599733488873,0.7252236634975098
NC_047562.1,19601405,NC_047562.1 19583045 19614182,5,-0.08898980077011694,0.7254798253198496
NC_047559.1,37905172,NC_047559.1 37904645 37906403,7,-0.08897340638475307,0.7255285498397556
NC_047565.1,37607709,NC_047565.1 37572757 37610817,8,0.08892173593854817,0.7256821222485279
NC_047565.1,22236579,NC_047565.1 22230765 22236983,10,-0.08891594494620882,0.7256993345773639
NC_047562.1,32590625,NC_047562.1 32567449 32607621,7,0.08889197101608733,0.7257705926363891
NC_047559.1,37780919,NC_047559.1 37765920 37781095,14,-0.0888630514169883,0.7258565536304424
NC_047561.1,13505493,NC_047561.1 13496277 13512269,10,0.08884511903002652,0.7259098576575369
NC_047562.1,31651473,NC_047562.1 31649110 31651774,7,0.08881152167935359,0.7260097290210661
NC_047562.1,46446296,NC_047562.1 46439804 46446945,4,-0.08874668972884997,0.7262024601290265
NC_047564.1,44853640,NC_047564.1 44853341 44872424,10,-0.08871951208971086,0.7262832579191061
NC_047562.1,13269302,NC_047562.1 13246768 13275546,13,0.08871004691158822,0.726311398075576
NC_047568.1,35986558,NC_047568.1 35964215 36001099,14,0.08870642102118736,0.7263221780057522
NC_047568.1,16289383,NC_047568.1 16288850 16292131,21,-0.08865611799371577,0.7264717361456035
NC_047562.1,34502428,NC_047562.1 34499166 34528507,11,-0.08863682705366138,0.7265290933836607
NC_047560.1,6371910,NC_047560.1 6361780 6373693,3,-0.08859560114023272,0.7266516739322497
NC_047561.1,2432532,NC_047561.1 2426330 2433763,10,-0.08856716326136017,0.7267362344018382
NC_047566.1,52845795,NC_047566.1 52844175 52848956,11,-0.08845750830318368,0.727062323232697
NC_047568.1,51032332,NC_047568.1 51027467 51039225,6,-0.08840033169356414,0.7272323711338902
NC_047559.1,33455158,NC_047559.1 33446095 33467549,11,-0.08837474577293764,0.7273084696773462
NC_047568.1,39021576,NC_047568.1 39021249 39028637,20,0.08833608040417767,0.7274234741814525
NC_047568.1,5997379,NC_047568.1 5991404 5999979,7,0.08831812518638131,0.7274768812445895
NC_047567.1,16135554,NC_047567.1 16133652 16136006,7,-0.08829271724953056,0.7275524581585682
NC_047564.1,7940318,NC_047564.1 7923092 7946772,7,-0.08823684226458274,0.7277186689275376
NC_047562.1,38030897,NC_047562.1 37996040 38042601,20,-0.08823382575341356,0.7277276424427171
NC_047566.1,5636191,NC_047566.1 5617295 5650849,4,-0.08822030058382135,0.7277678775214254
NC_047561.1,50938485,NC_047561.1 50936474 50938562,4,0.08817865743778004,0.7278917630500044
NC_047563.1,1152053,NC_047563.1 1151070 1153334,13,0.08815883349779806,0.7279507401791259
NC_047568.1,42969776,NC_047568.1 42957263 42973452,16,0.08813154938140642,0.7280319140528275
NC_047565.1,53991508,NC_047565.1 53974838 53995877,5,0.0881012041036957,0.7281221985233313
NC_047561.1,53555313,NC_047561.1 53524208 53564586,8,0.0881001698239786,0.7281252758132785
NC_047568.1,49034919,NC_047568.1 49017715 49042658,3,-0.08807521915771596,0.7281995126692511
NC_047564.1,29321832,NC_047564.1 29321508 29332315,6,-0.08801738180112331,0.728371607647027
NC_047561.1,1949246,NC_047561.1 1948623 1949906,9,0.08801248457195525,0.7283861799136648
NC_047565.1,60315938,NC_047565.1 60301595 60331352,11,0.08798141697133476,0.7284786271839865
NC_047565.1,22123321,NC_047565.1 22119124 22125637,6,0.08796428511183144,0.7285296076587966
NC_047559.1,41837413,NC_047559.1 41829812 41858928,3,-0.08793602373545302,0.7286137093857705
NC_047567.1,605478,NC_047567.1 563894 655288,5,0.08790895831871796,0.7286942548760229
NC_047564.1,42273014,NC_047564.1 42272168 42279580,13,0.08790827765931448,0.7286962805233401
NC_047561.1,44331854,NC_047561.1 44330068 44333425,4,-0.08785562756194533,0.7288529727758506
NC_047559.1,40627726,NC_047559.1 40623154 40628426,4,-0.08782017947161969,0.7289584757986971
NC_047564.1,19355748,NC_047564.1 19338153 19358838,4,0.08781792400602627,0.7289651888259674
NC_047568.1,9805968,NC_047568.1 9795797 9880602,18,0.08768339147114704,0.7293656369969649
NC_047563.1,38296850,NC_047563.1 38294920 38297969,7,0.08761563082531013,0.7295673578894959
NC_047559.1,42582358,NC_047559.1 42581789 42586472,4,0.08753725012204609,0.7298007153691171
NC_047562.1,3555667,NC_047562.1 3549092 3558386,3,-0.08751703248081788,0.7298609116281669
NC_047562.1,49621748,NC_047562.1 49599249 49631376,3,-0.08749676066254419,0.7299212707033536
NC_047566.1,42649306,NC_047566.1 42632844 42654414,3,-0.08749123663037237,0.7299377186991665
NC_047559.1,52547319,NC_047559.1 52535253 52547676,13,0.0874348078039692,0.7301057438939667
NC_047562.1,38774259,NC_047562.1 38773006 38776523,20,-0.08738728775351833,0.7302472509600879
NC_047568.1,51065940,NC_047568.1 51048473 51080525,4,0.08738075143819658,0.730266715704359
NC_047561.1,23968105,NC_047561.1 23938074 23978368,19,0.08737673675722657,0.7302786712546607
NC_047568.1,31534712,NC_047568.1 31529446 31537881,4,-0.08736488225945889,0.7303139737934179
NC_047564.1,46333942,NC_047564.1 46326227 46353502,6,0.08735984247492035,0.7303289823618855
NC_047565.1,47667684,NC_047565.1 47663151 47695398,8,-0.08735064088491677,0.7303563851019188
NC_047568.1,33426271,NC_047568.1 33407421 33435913,8,-0.08721723752053367,0.7307537010857486
NC_047564.1,20956579,NC_047564.1 20954216 20956666,4,-0.08711096708269388,0.7310702535993892
NC_047561.1,12724517,NC_047561.1 12721456 12725102,20,-0.08707862191924311,0.7311666097953676
NC_047566.1,1396650,NC_047566.1 1354633 1414618,5,-0.08706266503506155,0.7312141467410486
NC_047561.1,19528627,NC_047561.1 19527957 19544955,4,0.0870144769311165,0.7313577089476804
NC_047565.1,56034132,NC_047565.1 56025099 56037030,12,-0.08698723386218149,0.7314388753737535
NC_047564.1,58225153,NC_047564.1 58216041 58225394,6,-0.08698613721930017,0.7314421427050314
NC_047562.1,31224997,NC_047562.1 31222343 31238557,5,0.0869793010736027,0.73146251037599
NC_047561.1,24352756,NC_047561.1 24344014 24362615,5,-0.08691198672336983,0.7316630764484613
NC_047563.1,63739994,NC_047563.1 63715935 63743560,7,-0.086908006245189,0.7316749369770605
NC_047568.1,32309387,NC_047568.1 32143813 32338882,7,-0.08690741397465622,0.7316767017553016
NC_047559.1,46532461,NC_047559.1 46518589 46537114,10,-0.08682303954974098,0.7319281238571533
NC_047566.1,27152967,NC_047566.1 27116040 27161692,12,-0.08682143410304109,0.7319329080799091
NC_047562.1,16582772,NC_047562.1 16490268 16585530,12,0.0867826812241162,0.732048394309804
NC_047564.1,16736044,NC_047564.1 16684948 16736210,5,-0.08670495661883446,0.7322800354616253
NC_047563.1,8735750,NC_047563.1 8711079 8786874,18,-0.08661970648092492,0.7325341301363146
NC_047565.1,11408190,NC_047565.1 11384271 11464307,6,-0.0866173496745897,0.7325411551572218
NC_047566.1,23925429,NC_047566.1 23920113 23932583,11,-0.08654358893010325,0.7327610267918421
NC_047568.1,5230173,NC_047568.1 5219934 5252478,16,0.08654125252594021,0.7327679916465734
NC_047565.1,58653502,NC_047565.1 58637860 58656165,10,0.0865402999274704,0.7327708313621429
NC_047562.1,11050806,NC_047562.1 11048137 11051161,4,-0.08640237079286717,0.7331820357772172
NC_047561.1,52396367,NC_047561.1 52380166 52411828,7,0.08632244509585643,0.7334203477472052
NC_047559.1,49871384,NC_047559.1 49867700 49873198,20,0.08631112997159025,0.7334540875766024
NC_047568.1,33862032,NC_047568.1 33861636 34040626,3,0.08627851125745611,0.7335513537889959
NW_022994943.1,34921,NW_022994943.1 34462 42528,19,0.08626937237742756,0.7335786058391652
NC_047566.1,3140396,NC_047566.1 3140205 3158078,7,0.08624243103574372,0.7336589464179966
NC_047561.1,41413124,NC_047561.1 41404872 41420703,7,0.086217122191620435,0.7337344211968748
NC_047561.1,9045962,NC_047561.1 9035985 9053724,6,-0.08620255799748909,0.7337778548668524
NC_047560.1,51045610,NC_047560.1 50935047 51246957,5,-0.0861731763414225,0.7338654798486413
NC_047561.1,14296877,NC_047561.1 14267409 14306382,5,0.08617200435470805,0.7338689751322756
NC_047562.1,13840592,NC_047562.1 13839599 13844144,4,-0.0861287072016266,0.7339981062204612
NC_047561.1,30973212,NC_047561.1 30967195 30979646,16,-0.08609177553750565,0.7341082579983559
NC_047566.1,19490648,NC_047566.1 19490579 19493693,18,-0.0860434256395909,0.7342524730804316
NC_047566.1,23705382,NC_047566.1 23680848 23734191,4,-0.08597315914344299,0.7344620747193011
NC_047559.1,48340267,NC_047559.1 48338103 48341950,5,0.08591289479175934,0.7346418546614665
NC_047560.1,71640131,NC_047560.1 71634750 71640627,6,0.08590151874709914,0.7346757930243979
NC_047560.1,4908064,NC_047560.1 4826173 5232376,8,-0.08582243979488573,0.7349117236389686
NC_047565.1,17149388,NC_047565.1 17148579 17154087,3,-0.08577478454143642,0.7350539131272686
NC_047561.1,23689957,NC_047561.1 23689741 23700359,4,-0.08575495267726928,0.7351130880878334
NC_047568.1,53708074,NC_047568.1 53706620 53719393,13,-0.08572699899480471,0.735196499603951
NC_047565.1,52723335,NC_047565.1 52716115 52724523,18,0.08570239292922321,0.7352699244364136
NC_047566.1,43834672,NC_047566.1 43832746 43851783,6,0.08565794155063616,0.7354025734868732
NC_047568.1,31010018,NC_047568.1 31007367 31013352,3,0.08564837813224466,0.7354311129789024
NC_047568.1,42379068,NC_047568.1 42377710 42380712,3,-0.08564502986546417,0.7354411050731922
NC_047564.1,53658871,NC_047564.1 53658557 53662644,5,-0.08559676162500962,0.7355851544796754
NC_047559.1,52653294,NC_047559.1 52648255 52661159,7,-0.08556954349535864,0.7356663866531916
NC_047565.1,42986236,NC_047565.1 42986093 42989693,6,-0.08555337875633223,0.7357146313811618
NC_047561.1,56400426,NC_047561.1 56399405 56403160,5,-0.08553254062873879,0.7357768255333699
NW_022994810.1,11343,NW_022994810.1 1715 23271,6,0.0855174695871317,0.7358218080277457
NC_047564.1,16018936,NC_047564.1 16005369 16024024,4,0.08550939991771471,0.7358458938828731
NC_047567.1,16390462,NC_047567.1 16382235 16393609,5,0.08550352701711277,0.7358634231043304
NC_047561.1,10781533,NC_047561.1 10752720 10809101,3,0.08541020927350497,0.7361419711852744
NW_022994966.1,93568,NW_022994966.1 92629 96361,6,-0.08525932629368344,0.7365924144039246
NC_047565.1,13042938,NC_047565.1 13041759 13044993,3,-0.08520764654016698,0.7367467169676734
NC_047564.1,19520740,NC_047564.1 19502457 19537826,12,-0.08516652591128189,0.7368694995241842
NC_047564.1,49391262,NC_047564.1 49366001 49396142,3,-0.08514649277637598,0.7369293188879804
NC_047559.1,3700824,NC_047559.1 3699794 3705842,14,-0.08513445159083571,0.7369652748146418
NC_047562.1,47295315,NC_047562.1 47281879 47295834,5,-0.08512528959271339,0.7369926336095484
NC_047559.1,43494299,NC_047559.1 43492741 43499503,8,0.085095934103323,0.7370802945509065
NC_047561.1,47482672,NC_047561.1 47474996 47483726,3,-0.08506057471247488,0.737185888356713
NC_047565.1,28550430,NC_047565.1 28526117 28566194,7,-0.08505327806517368,0.7372076789038262
NC_047564.1,54055874,NC_047564.1 54053418 54058456,8,0.08503732749358645,0.7372553140042901
NC_047561.1,17081764,NC_047561.1 17077188 17087795,3,0.08503435957295431,0.7372641775613422
NC_047565.1,5817593,NC_047565.1 5814753 5975394,13,-0.08503105666301757,0.7372740415854733
NW_022994897.1,334811,NW_022994897.1 314050 338438,20,-0.0849825396700213,0.7374189403762723
NC_047562.1,46101363,NC_047562.1 46095136 46103654,3,0.08494946220272316,0.7375177329656494
NC_047565.1,2178472,NC_047565.1 2175657 2186074,10,0.08494013526622585,0.737545590467708
NC_047568.1,13332318,NC_047568.1 13311416 13332809,15,-0.08491383178173878,0.7376241548504316
NC_047562.1,4043247,NC_047562.1 3994033 4101694,3,0.08489813638359595,0.7376710357218854
NC_047564.1,55511726,NC_047564.1 55504297 55518524,8,-0.08485495468860799,0.7378000204608979
NC_047562.1,20741140,NC_047562.1 20728357 20745120,4,-0.08484274060745783,0.7378365054180381
NC_047559.1,31876022,NC_047559.1 31874857 31876534,3,-0.08481438503174285,0.7379212090529803
NC_047565.1,52662326,NC_047565.1 52647418 52666601,10,-0.08478047469817386,0.7380225096047861
NC_047564.1,44409178,NC_047564.1 44404855 44409643,9,-0.08477831070635954,0.7380289742505012
NC_047559.1,28666355,NC_047559.1 28659194 28683438,6,0.08473374265554652,0.7381621192577015
NC_047559.1,25926499,NC_047559.1 25902515 25936705,4,0.08471147194479098,0.738228654641407
NC_047564.1,5737131,NC_047564.1 5734529 5740165,3,-0.08468419636839175,0.738310144840129
NC_047566.1,4696597,NC_047566.1 4656332 4699521,4,0.08465078755454707,0.7384099626948499
NC_047566.1,33583853,NC_047566.1 33578860 33588921,3,0.08464754905733719,0.7384196387916084
NC_047568.1,41327780,NC_047568.1 41325699 41342867,11,0.08457577378812883,0.7386341010836295
NC_047568.1,42226919,NC_047568.1 42224279 42237470,4,-0.08433799348480024,0.7393447123731143
NC_047564.1,48465666,NC_047564.1 48465290 48468469,3,0.08425737757429437,0.7395856803100003
NW_022994964.1,52906,NW_022994964.1 51583 53788,5,-0.0842506107182034,0.7396059080790249
NC_047560.1,55348640,NC_047560.1 55300845 55435494,3,-0.08421825277968562,0.7397026360287378
NC_047561.1,22505676,NC_047561.1 22499249 22514856,3,-0.0842112272968188,0.7397236378748633
NC_047565.1,53454034,NC_047565.1 53450748 53469242,9,0.08419625504864393,0.7397683962160015
NC_047567.1,8613462,NC_047567.1 8612494 8658818,3,-0.08408665563753194,0.740096059128176
NC_047559.1,24759414,NC_047559.1 24756151 24825917,3,0.08403399645863138,0.7402535063245974
NC_047560.1,51013077,NC_047560.1 50992354 51073373,7,-0.08401503375794808,0.740310205855847
NC_047562.1,52855273,NC_047562.1 52851727 52872031,3,0.08399614358714243,0.7403666897850627
NC_047568.1,13555073,NC_047568.1 13508162 13570381,9,-0.08396523041719395,0.7404591266832681
NC_047563.1,58234123,NC_047563.1 58233729 58311477,9,-0.08396441370344082,0.7404615688755213
NC_047565.1,11820378,NC_047565.1 11793624 11821175,6,-0.08395290052805153,0.7404959965961764
NC_047568.1,32308136,NC_047568.1 32143813 32338882,4,0.08394619407870646,0.7405160510335134
NC_047563.1,327561,NC_047563.1 191191 650035,7,-0.08389748954464002,0.7406616980071415
NC_047561.1,23744145,NC_047561.1 23742336 23745420,7,0.08372849896814014,0.7411671157111273
NC_047565.1,36257424,NC_047565.1 36231600 36273618,4,-0.08369104844129331,0.741279136555139
NC_047564.1,39244953,NC_047564.1 39235179 39246973,9,0.08367857848923202,0.741316437384198
NC_047561.1,30834814,NC_047561.1 30831841 30842870,10,0.08351586568812838,0.7418032034275345
NC_047561.1,5356059,NC_047561.1 5354341 5361896,6,-0.0835143619058038,0.7418077025264522
NC_047568.1,19858320,NC_047568.1 19857630 19862765,3,-0.08347002752118239,0.7419403481629783
NC_047567.1,9031186,NC_047567.1 9028080 9033944,7,-0.08345354595302487,0.7419896617230515
NW_022994963.1,157169,NW_022994963.1 153799 160109,10,-0.08345091882748974,0.7419975222838953
NC_047563.1,4078432,NC_047563.1 4058937 4079024,18,-0.08338138974955206,0.7422055674393245
NW_022994852.1,150300,NW_022994852.1 143158 156318,3,-0.0833752352322152,0.742223983827502
NC_047565.1,41281758,NC_047565.1 41278854 41282688,6,0.08334635759595979,0.7423103972176237
NC_047562.1,34696394,NC_047562.1 34687843 34704671,14,0.0833272506196501,0.7423675745133087
NC_047561.1,56355503,NC_047561.1 56329378 56361076,8,-0.08329894905390449,0.742452268816941
NC_047565.1,12342938,NC_047565.1 12340468 12347855,7,-0.08327951894202504,0.7425104163389926
NC_047564.1,58620926,NC_047564.1 58616118 58625165,14,0.08322009204905795,0.7426882684548097
NC_047564.1,4777458,NC_047564.1 4776535 4793852,15,0.08314451446838746,0.7429144740736946
NC_047562.1,47041908,NC_047562.1 47032692 47048707,4,-0.08313499699059836,0.7429429615475327
NC_047566.1,46261300,NC_047566.1 46256045 46281934,6,-0.08302356219801109,0.7432765289827203
NC_047568.1,34056987,NC_047568.1 34055396 34070814,6,-0.0830211021716367,0.7432838932841878
NC_047559.1,10178246,NC_047559.1 10164125 10196884,7,-0.08297729486094552,0.7434150378032249
NC_047562.1,13268762,NC_047562.1 13246768 13275546,8,-0.0829755606207549,0.7434202296799035
NC_047559.1,30746641,NC_047559.1 30745894 30748127,7,0.08288505780007524,0.743691186855347
NC_047567.1,18339600,NC_047567.1 18296483 18360680,5,-0.08283629934274953,0.7438371771002058
NC_047563.1,8761292,NC_047563.1 8711079 8786874,9,0.08278091676073038,0.7440030110657088
NC_047565.1,13152974,NC_047565.1 13119330 13220090,3,-0.08276289460308016,0.7440569777423341
NC_047568.1,42969776,NC_047568.1 42962964 42970186,16,0.08274657491870065,0.7441058474054579
NC_047565.1,28566712,NC_047565.1 28566326 28593273,7,-0.08273705667995689,0.744134350415678
NC_047565.1,55743750,NC_047565.1 55741038 55760777,15,-0.08265047357020898,0.7443936439250987
NC_047568.1,5226576,NC_047568.1 5219934 5252478,9,0.08264205549866903,0.7444188552181074
NW_022994815.1,386301,NW_022994815.1 378285 405797,4,0.08263826151728305,0.7444302178985427
NC_047560.1,60500542,NC_047560.1 60492097 60501252,4,-0.08259494838394775,0.7445599409372448
NC_047564.1,1172250,NC_047564.1 1155704 1181464,8,-0.08253080635504662,0.7447520586327032
NC_047568.1,42577830,NC_047568.1 42575057 42595142,19,0.08242737853880311,0.7450618749984401
NC_047564.1,18198714,NC_047564.1 18186499 18235031,5,-0.08241230403008129,0.7451070335575147
NC_047565.1,30742472,NC_047565.1 30702867 30757908,6,-0.08239806505317467,0.745149689848332
NC_047562.1,38780151,NC_047562.1 38777270 38784581,9,-0.0823873888218075,0.7451816735380632
NC_047567.1,30081686,NC_047567.1 30081046 30108656,6,0.08226752494539312,0.74554078710288
NC_047568.1,19523317,NC_047568.1 19508182 19523869,4,-0.0821902170659592,0.7457724288910464
NC_047565.1,29131278,NC_047565.1 29130724 29132249,5,-0.08216941129677514,0.7458347738885183
NC_047564.1,52833845,NC_047564.1 52802490 52843628,9,-0.08215083533102666,0.7458904384947982
NC_047562.1,23682729,NC_047562.1 23677659 23704950,4,-0.0820628470422635,0.746154119835686
NC_047566.1,43967196,NC_047566.1 43965079 43967411,8,-0.08203337980811135,0.746242432585795
NC_047564.1,56392188,NC_047564.1 56378684 56394278,13,-0.08200909531237345,0.7463152150274637
NC_047560.1,28489558,NC_047560.1 28487578 28490340,5,-0.08200108111177544,0.7463392346317009
NC_047559.1,5457575,NC_047559.1 5455071 5465032,8,0.08197227109122945,0.7464255838574585
NC_047564.1,21960610,NC_047564.1 21954407 21960855,3,-0.08196794644482593,0.7464385459106024
NC_047565.1,32300604,NC_047565.1 32296627 32340454,3,-0.08189670168244556,0.7466520937045306
NC_047563.1,18757823,NC_047563.1 18740363 18786437,13,0.08179665758129408,0.7469519937713582
NC_047565.1,47016892,NC_047565.1 47013506 47035252,5,0.08177091179008195,0.7470291769781838
NC_047568.1,39889183,NC_047568.1 39854640 39895673,4,0.08177051357826215,0.7470303707938286
NC_047565.1,5498367,NC_047565.1 5463391 5530511,5,0.08176985409186191,0.7470323478965235
NC_047561.1,32113901,NC_047561.1 32082053 32132555,5,-0.08166588935962352,0.7473440470304712
NC_047559.1,46328932,NC_047559.1 46322694 46348928,5,-0.08165567113823038,0.7473746845367719
NC_047568.1,49017870,NC_047568.1 49017715 49042658,3,0.08162303581021149,0.7474725381341005
NC_047559.1,37730212,NC_047559.1 37729163 37731306,20,0.08161943133211293,0.747483346007746
NW_022994925.1,45884,NW_022994925.1 14240 61540,11,-0.08156918096129732,0.7476340242650313
NC_047561.1,23139466,NC_047561.1 23127957 23140271,3,0.08154233034192639,0.7477145407625696
NC_047564.1,46410704,NC_047564.1 46409282 46420702,4,0.08150441626832639,0.7478282372838589
NC_047559.1,21469753,NC_047559.1 21412783 21480279,8,0.08143795964279117,0.7480275390027402
NC_047561.1,7879262,NC_047561.1 7858244 7890966,11,-0.08143619948821673,0.7480328178679596
NC_047568.1,20392632,NC_047568.1 20391840 20405801,17,0.08128517256570324,0.7484858011697408
NC_047561.1,20220913,NC_047561.1 20207391 20238820,21,0.0812827168372298,0.7484931674182911
NC_047559.1,41317588,NC_047559.1 41313435 41319811,10,-0.08126220523576035,0.7485546952067668
NC_047560.1,53493148,NC_047560.1 53481736 53503637,5,0.08124375908500085,0.74861002858396
NC_047561.1,52542915,NC_047561.1 52538251 52547726,4,0.08123110842291784,0.7486479777652337
NC_047568.1,31643397,NC_047568.1 31628610 31659772,12,-0.0811260795874509,0.7489630621991874
NC_047559.1,22772754,NC_047559.1 22767397 22782251,6,-0.08100117776003163,0.7493378144665803
NC_047568.1,37023797,NC_047568.1 37006851 37042840,13,-0.0809883080305443,0.7493764315135865
NC_047568.1,41388735,NC_047568.1 41383696 41392873,12,-0.0809617449987206,0.749456138622546
NC_047565.1,37507491,NC_047565.1 37460628 37513316,16,-0.08096092793566027,0.7494585904041107
NC_047561.1,10992975,NC_047561.1 10980091 11000754,8,-0.08094648775751992,0.749501921785012
NC_047561.1,3602367,NC_047561.1 3598156 3606753,17,-0.0809289489987246,0.7495545521952577
NW_022994986.1,29435,NW_022994986.1 15995 63286,10,-0.08088964892478503,0.7496724879096905
NC_047563.1,24223206,NC_047563.1 24221282 24223441,5,-0.0808042462474936,0.7499287912830183
NC_047567.1,25377919,NC_047567.1 25377373 25379699,18,0.08064305702167157,0.7504126068083481
NC_047564.1,55243946,NC_047564.1 55243489 55251281,3,0.08059788294657605,0.7505482144014942
NC_047559.1,42412084,NC_047559.1 42411463 42412365,10,-0.08057154271231069,0.75062728809229
NC_047562.1,39936578,NC_047562.1 39928211 39947167,9,-0.08052708103136712,0.7507607679420722
NC_047564.1,40476308,NC_047564.1 40460993 40499367,3,0.08052355011238835,0.7507713685167839
NC_047562.1,46639593,NC_047562.1 46637383 46648894,10,-0.08051523793564977,0.7507963236185862
NC_047564.1,35816435,NC_047564.1 35814025 35820945,10,0.0804937091404465,0.7508609591992828
NC_047560.1,21045678,NC_047560.1 21033054 21066957,19,-0.08037688921560443,0.7512117134260188
NC_047559.1,35562795,NC_047559.1 35562201 35567860,7,-0.08035056890546287,0.7512907471070744
NC_047562.1,9772454,NC_047562.1 9756955 9776095,5,0.08034160907415543,0.7513176519037974
NC_047564.1,43348828,NC_047564.1 43347282 43351201,8,-0.08033234128083719,0.7513454817433822
NC_047562.1,5048625,NC_047562.1 5030986 5049275,18,-0.08022701620892027,0.7516617781684438
NC_047564.1,17320646,NC_047564.1 17316824 17344427,8,0.08021891290915945,0.7516861143411506
NC_047561.1,23649001,NC_047561.1 23643047 23653396,4,-0.08018931288580268,0.7517750122778422
NC_047566.1,51178884,NC_047566.1 51178404 51192027,5,0.08016468296377224,0.7518489857442823
NC_047562.1,48684431,NC_047562.1 48649022 48686020,7,0.08013076396281937,0.7519508613833269
NC_047561.1,53564987,NC_047561.1 53564060 53568814,8,-0.08011002021660792,0.7520131670987402
NC_047564.1,3402309,NC_047564.1 3400060 3404913,5,0.08007091131425953,0.7521306381872825
NC_047562.1,35532420,NC_047562.1 35459231 35560615,9,-0.08006783813248743,0.752139869297801
NC_047565.1,59354959,NC_047565.1 59353704 59359047,20,-0.08004351272631381,0.752212938188504
NC_047568.1,20387795,NC_047568.1 20387423 20388385,5,0.08002021349883708,0.7522829265133116
NC_047566.1,1362870,NC_047566.1 1354633 1414618,6,0.07993347063226199,0.7525435087348408
NC_047562.1,30772975,NC_047562.1 30771634 30774153,16,-0.07988305488433811,0.7526949732070258
NC_047563.1,1693347,NC_047563.1 1660746 1695898,6,-0.07986360667346183,0.7527534039345636
NC_047561.1,24074218,NC_047561.1 24067116 24074272,5,0.07985806018516416,0.7527700681874574
NC_047561.1,51356316,NC_047561.1 51353930 51359112,8,0.07979958783308852,0.7529457528905487
NC_047563.1,27504426,NC_047563.1 27500582 27504887,6,0.07974926904321328,0.7530969488327028
NC_047560.1,56583966,NC_047560.1 56581804 56589527,3,0.07974344035125196,0.75311446321212006
NC_047561.1,19999346,NC_047561.1 19994936 20009736,3,0.07960946047504812,0.7535170850377023
NC_047565.1,52996617,NC_047565.1 52995526 52997218,4,0.07956975254450281,0.7536364226420342
NC_047560.1,4619610,NC_047560.1 4589306 4924767,4,0.07954801640899245,0.7537017503398373
NC_047566.1,54473176,NC_047566.1 54467382 54491980,13,0.07949928342503511,0.7538482225292304
NC_047560.1,70811718,NC_047560.1 70690070 71346242,3,0.07948518883671518,0.7538905868109418
NW_022994958.1,46762,NW_022994958.1 38466 86290,4,0.07941589694652043,0.7540988680407945
NC_047564.1,7025389,NC_047564.1 7010348 7038070,3,-0.07941160625709824,0.7541117657531515
NC_047565.1,57560305,NC_047565.1 57555533 57560527,20,0.07936103854866008,0.7542637757695853
NC_047563.1,7123461,NC_047563.1 7105704 7126966,12,-0.07923536342652565,0.7546416010606082
NC_047564.1,33429404,NC_047564.1 33429007 33467067,6,-0.07917444100352462,0.754824775183722
NC_047559.1,20264202,NC_047559.1 20262664 20275178,4,0.07907914435143733,0.7551113265146144
NC_047561.1,5147927,NC_047561.1 5144800 5149149,4,-0.07902249440816062,0.7552816839252401
NC_047565.1,58801298,NC_047565.1 58800332 58804823,4,0.07892474006131704,0.7555756755436195
NC_047565.1,2782347,NC_047565.1 2782018 2783941,4,-0.07883706547256004,0.7558393799459353
NC_047564.1,42539476,NC_047564.1 42533584 42542131,4,-0.0787790236198549,0.7560139702236744
NC_047561.1,26684801,NC_047561.1 26659747 26691696,4,-0.07877527837969348,0.7560252363172546
NC_047566.1,1606663,NC_047566.1 1603153 1607912,7,-0.07876785148678309,0.7560475773649886
NC_047559.1,36352861,NC_047559.1 36343544 36353973,3,-0.07870568598259711,0.7562345864045154
NC_047564.1,28710320,NC_047564.1 28634556 28742989,3,0.07862627225293096,0.7564735010742425
NC_047565.1,46886544,NC_047565.1 46882241 46891442,7,-0.07857590366557868,0.7566250448881551
NC_047566.1,24302346,NC_047566.1 24297809 24404515,7,-0.07847599176423478,0.7569256745164288
NC_047565.1,32000686,NC_047565.1 31986596 32002112,5,0.07838249195026827,0.7572070405916402
NC_047568.1,6883627,NC_047568.1 6861982 6890466,14,0.07836599777193876,0.7572566790234088
NC_047563.1,25330037,NC_047563.1 25329917 25333638,8,-0.07831640839349471,0.7574059213016681
NC_047565.1,33606961,NC_047565.1 33603644 33607019,7,-0.07830938650934947,0.7574270547530468
NC_047565.1,24421259,NC_047565.1 24420057 24424568,7,-0.07828534930398091,0.7574993996966585
NC_047568.1,27656064,NC_047568.1 27624334 27668639,5,0.0782047918682763,0.7577418679489414
NC_047562.1,28047803,NC_047562.1 28040713 28047965,3,-0.0781652127694322,0.7578610041900187
NC_047560.1,63645495,NC_047560.1 63643674 63650273,21,-0.07808555533586707,0.7581007951491414
NC_047559.1,22128481,NC_047559.1 22123660 22138067,7,-0.07806829742272826,0.7581527490219802
NC_047562.1,50728572,NC_047562.1 50713042 50744457,6,-0.07803788992496012,0.7582442912994684
NC_047565.1,6298498,NC_047565.1 6297202 6299335,10,-0.07800354269623766,0.7583476978825969
NC_047565.1,58973133,NC_047565.1 58971362 58974236,3,0.07797463610292037,0.7584347277837366
NC_047561.1,54497894,NC_047561.1 54491204 54522223,8,0.07793497015298476,0.7585541556823518
NC_047561.1,3613206,NC_047561.1 3608710 3613792,4,0.07790082399827378,0.7586569685163447
NC_047568.1,36692699,NC_047568.1 36692355 36694160,8,0.07783225860137273,0.7588634280730425
NC_047568.1,27657289,NC_047568.1 27635689 27693364,14,-0.07781880534500449,0.7589039394443371
NC_047566.1,23957642,NC_047566.1 23955092 23974214,13,-0.07780122756161903,0.758956871775369
NC_047559.1,22978292,NC_047559.1 22922174 22986171,5,0.07777830937226142,0.7590258873091424
NC_047559.1,10044968,NC_047559.1 10043017 10047742,5,-0.07766789430740145,0.7593584140582726
NC_047562.1,46462479,NC_047562.1 46462036 46463383,17,0.07763234311227944,0.7594654888269157
NC_047568.1,19229353,NC_047568.1 19216849 19247977,4,-0.07760008553572262,0.7595626473214904
NC_047559.1,16870522,NC_047559.1 16868298 16876041,10,0.0775488411251937,0.7597170004223797
NC_047568.1,52008661,NC_047568.1 52004971 52009042,9,-0.07751835774775251,0.759808823390366
NC_047561.1,47303060,NC_047561.1 47302605 47304251,7,-0.07749287394275012,0.7598855888377637
NC_047560.1,70787381,NC_047560.1 70595196 71158665,5,0.07748427999047112,0.759911477077822
NC_047562.1,45226217,NC_047562.1 45225703 45232427,6,-0.07743308363759684,0.7600657049190402
NC_047565.1,48145944,NC_047565.1 48141254 48147150,12,-0.07735205730176527,0.7603098124987205
NC_047566.1,54577184,NC_047566.1 54572147 54616687,6,-0.07730593386982429,0.7604487779250346
NC_047564.1,4166980,NC_047564.1 4113919 4173330,3,-0.07716007418921773,0.7608882849067727
NC_047567.1,16384151,NC_047567.1 16382235 16393609,6,-0.07711295436941588,0.761030282080021
NC_047565.1,44404370,NC_047565.1 44399219 44406562,16,0.07704177133272286,0.7612448083520311
NW_022994829.1,127537,NW_022994829.1 109708 243958,6,-0.07702264761277701,0.7613024448561929
NC_047559.1,1440429,NC_047559.1 1437367 1441727,6,0.07698912420992599,0.7614034830915928
NC_047564.1,42652041,NC_047564.1 42651750 42655343,10,-0.07692278102549868,0.7616034496998272
NC_047567.1,35347558,NC_047567.1 35346762 35349050,15,0.07690424122439275,0.7616593335358525
NC_047564.1,31257632,NC_047564.1 31256854 31263585,5,0.07688534222660817,0.7617163012400948
NC_047568.1,27657289,NC_047568.1 27624334 27668639,14,-0.0768843115989044,0.7617194079195302
NC_047566.1,5685834,NC_047566.1 5676533 5686292,15,-0.07684962984087179,0.7618239531272353
NC_047565.1,36578971,NC_047565.1 36578573 36587470,4,-0.07682470925511344,0.7618990765349756
NC_047566.1,30635067,NC_047566.1 30631544 30642875,4,0.07672838550338812,0.7621894646915479
NC_047565.1,21078781,NC_047565.1 21075103 21080933,8,-0.0766798948353457,0.7623356614232123
NC_047561.1,58018936,NC_047561.1 58014726 58026240,8,0.07667298987095811,0.7623564801387708
NC_047567.1,19918153,NC_047567.1 19908659 19951762,5,0.07660645692974323,0.7625570872969404
NC_047564.1,35785960,NC_047564.1 35779537 35801362,6,0.07655662227677142,0.7627073559535815
NC_047559.1,49674440,NC_047559.1 49670409 49677095,10,0.076532931139463245,0.7627787957306087
NC_047565.1,18895076,NC_047565.1 18892713 18896169,11,-0.07652058468195852,0.7628160267545945
NC_047565.1,59521819,NC_047565.1 59508371 59522643,11,-0.07649615021552619,0.7628897109051384
NC_047564.1,28738567,NC_047564.1 28634556 28742989,5,-0.07648614019778903,0.7629198975000033
NC_047568.1,34859853,NC_047568.1 34823092 34873268,6,0.07644954271784975,0.7630302650394211
NC_047563.1,15707626,NC_047563.1 15690918 15722665,3,0.07640140787720091,0.7631754325819244
NC_047566.1,1356212,NC_047566.1 1354633 1414618,5,-0.07637614446688892,0.763251626290366
NC_047561.1,49915610,NC_047561.1 49910402 49915936,6,-0.07631087595462953,0.763448483801318
NC_047566.1,53214312,NC_047566.1 53213789 53216116,12,-0.07619020961384342,0.763812464032376
NC_047568.1,28235218,NC_047568.1 28233230 28235312,6,-0.07603987288511292,0.7642660085047122
NC_047560.1,51215446,NC_047560.1 51212382 51223212,4,0.07597968577734779,0.764447604900503
NC_047561.1,18169508,NC_047561.1 18167130 18170991,6,0.07594510807558175,0.7645519379480532
NC_047561.1,46951325,NC_047561.1 46949680 46960248,9,0.07592229834625151,0.7646207650095018
NC_047564.1,9697160,NC_047564.1 9696182 9697489,4,-0.07590542158382113,0.764671690760989
NC_047559.1,26261417,NC_047559.1 26257118 26267434,7,0.07582070986330222,0.7649273228582195
NC_047565.1,778955,NC_047565.1 778039 781970,6,-0.07571246616822798,0.7652540003545454
NC_047564.1,4264449,NC_047564.1 4244547 4269249,5,0.0756756100867466,0.765365239941953
NC_047566.1,43265744,NC_047566.1 43253489 43270127,7,0.0756537747521115,0.7654311457430245
NC_047565.1,22397801,NC_047565.1 22387024 22400303,6,0.0756041518176934,0.765580928824468
NC_047564.1,20360675,NC_047564.1 20333294 20362176,6,-0.07552243729736388,0.7658275951760803
NC_047565.1,36661090,NC_047565.1 36658268 36665191,14,-0.07548762395009695,0.7659326904943672
NC_047565.1,55744985,NC_047565.1 55741038 55760777,11,-0.07547132739510133,0.765981888238713
NC_047566.1,38158080,NC_047566.1 38156715 38169974,16,-0.07541155772013383,0.7661623344749682
NC_047562.1,27997128,NC_047562.1 27955005 27999613,5,-0.07536191941856432,0.7663122025310131
NC_047565.1,55241080,NC_047565.1 55225819 55255999,4,0.0753198320010773,0.7664392791274487
NC_047560.1,53891634,NC_047560.1 53890845 53902331,3,0.07531648585194355,0.7664493825624953
NC_047561.1,19000630,NC_047561.1 18997453 19007221,3,-0.07531353971870373,0.7664582782105811
NC_047562.1,41305964,NC_047562.1 41299047 41315017,10,0.07521355507146833,0.7667601914927735
NC_047560.1,18822248,NC_047560.1 18807551 18945840,5,0.07520368596095633,0.7667899939576204
NC_047568.1,18876829,NC_047568.1 18874691 18878718,3,-0.07519218139474501,0.7668247355191221
NC_047561.1,43691908,NC_047561.1 43687772 43713405,3,0.07518896506150255,0.7668344482981921
NC_047561.1,13747330,NC_047561.1 13746522 13747374,3,0.07507952866021343,0.767164947304805
NC_047561.1,2620954,NC_047561.1 2619603 2623761,7,-0.07503725459948665,0.7672926256237831
NC_047564.1,23295119,NC_047564.1 23267019 23301868,20,-0.07496424625580632,0.7675131426505766
NC_047568.1,12897162,NC_047568.1 12888874 12910320,9,-0.07485805665874412,0.7678339118561824
NC_047562.1,34232547,NC_047562.1 34218658 34232609,8,-0.07476604600509595,0.7681118794538798
NC_047567.1,605478,NC_047567.1 376615 1277185,5,-0.07468164202670162,0.7683668906803998
NC_047563.1,67520904,NC_047563.1 67517309 67522883,6,-0.07459253521674623,0.7686361352123168
NC_047568.1,18613336,NC_047568.1 18612598 18614951,3,0.07457700195976567,0.7686830729758215
NC_047563.1,67521270,NC_047563.1 67505289 67525234,5,-0.07454210409473773,0.7687885287150764
NW_022994943.1,156983,NW_022994943.1 152088 162790,4,0.0745331034237209,0.7688157279228538
NC_047565.1,53533844,NC_047565.1 53527958 53540062,6,0.07453222511688683,0.7688183820998424
NC_047568.1,50331639,NC_047568.1 50317358 50335766,6,-0.07451091650842095,0.7688827758564745
NC_047564.1,22049778,NC_047564.1 22022942 22072092,19,-0.07445273318005444,0.7690586108612723
NC_047568.1,3263971,NC_047568.1 3251785 3269722,6,-0.0742053177600285,0.769806441124399
NC_047564.1,18690073,NC_047564.1 18688184 18690631,4,0.07420511976917177,0.7698070396429801
NC_047564.1,37424158,NC_047564.1 37415854 37428653,11,-0.07416883366134094,0.7699167332112944
NC_047560.1,70913086,NC_047560.1 70690070 71346242,4,-0.07413463760492939,0.7700201123197511
NC_047566.1,50491552,NC_047566.1 50491350 50495763,19,0.07405627150548541,0.7702570371031853
NC_047564.1,56336412,NC_047564.1 56334319 56337169,5,-0.0740273863394438,0.7703443707135699
NC_047560.1,4618892,NC_047560.1 4387457 4700231,5,0.07400779592606949,0.770403603357164
NC_047563.1,65496013,NC_047563.1 65484772 65533285,8,0.07386148035865385,0.7708460343710994
NC_047564.1,15786682,NC_047564.1 15760614 15805071,8,0.07384800461330766,0.7708867859012952
NC_047559.1,41459342,NC_047559.1 41449498 41461221,3,-0.0738281802080982,0.7709467372293685
NC_047564.1,1162307,NC_047564.1 1158895 1163096,4,0.07381845317238857,0.7709761533787075
NC_047563.1,25854580,NC_047563.1 25854145 25856384,4,-0.07380419207581723,0.7710192818083091
NC_047565.1,55993545,NC_047565.1 55991686 55998372,4,0.07379196962188582,0.7710562454803017
NC_047561.1,42005364,NC_047561.1 42003557 42093238,20,0.07378067211182043,0.7710904123145554
NW_022994923.1,10829,NW_022994923.1 4902 29989,3,-0.07377853030549432,0.77109688978189606
NC_047561.1,45729313,NC_047561.1 45720805 45729387,4,0.07376212907389167,0.7711464925231257
NC_047565.1,30733471,NC_047565.1 30702867 30757908,16,-0.0737408748815516,0.771210773477021
NC_047564.1,3320821,NC_047564.1 3318858 3323427,4,0.07372899966794957,0.7712466893646668
NC_047563.1,1388258,NC_047563.1 1378792 1390227,10,-0.0737169242528981,0.7712832112037749
NC_047559.1,11792529,NC_047559.1 11786067 11800302,11,-0.07364518867045244,0.7715001833978142
NC_047561.1,53565076,NC_047561.1 53564060 53568814,3,-0.0736443803175451,0.7715026284424495
NC_047564.1,49067034,NC_047564.1 49066798 49077406,11,0.07360542474785338,0.7716204607266193
NC_047564.1,19107918,NC_047564.1 19084348 19123477,17,-0.07358083328563567,0.7716948471002919
NC_047565.1,45517882,NC_047565.1 45486908 45527378,14,0.0735053064300012,0.7719233190833262
NC_047561.1,3158495,NC_047561.1 3154006 3172426,3,-0.07342770031874016,0.7721580995025009
NC_047568.1,46455615,NC_047568.1 46454351 46456571,3,-0.07334051199220494,0.7724218912941954
NC_047564.1,51100748,NC_047564.1 51089910 51112456,5,-0.07329858698177148,0.7725487455563596
NC_047568.1,56026783,NC_047568.1 56025953 56036599,7,-0.07328451684191349,0.7725913193984633
NC_047561.1,2702752,NC_047561.1 2695918 2715956,16,-0.07324365342720908,0.7727149686207424
NC_047563.1,73345817,NC_047563.1 73345436 73350691,11,-0.07319593913066025,0.7728593546218222
NC_047567.1,22192460,NC_047567.1 22190391 22210466,5,-0.0731783380003367,0.7729126183713768
NC_047564.1,19304955,NC_047564.1 19302206 19305457,5,0.0731692484852249,0.7729401250316211
NC_047562.1,22288295,NC_047562.1 22259983 22289724,3,0.07311627518517136,0.7731004377774422
NC_047564.1,1109020,NC_047564.1 1093827 1119467,3,0.07311117608992483,0.7731158695967182
NW_022994945.1,27277,NW_022994945.1 25522 28991,9,-0.07306937028722463,0.7732423930539407
NC_047561.1,47241208,NC_047561.1 47226147 47251013,12,0.07302810287325236,0.7733672924363739
NC_047560.1,70845733,NC_047560.1 70831766 70847437,3,0.07297235400646032,0.7735360295954694
NC_047562.1,26904795,NC_047562.1 26890087 26905311,10,-0.07293249929465957,0.7736566652502607
NC_047561.1,28147215,NC_047561.1 28145360 28159367,21,-0.07291689664260317,0.7737038940381433
NC_047561.1,4616207,NC_047561.1 4598604 4616289,7,0.07290432130075825,0.7737419597937791
NC_047566.1,46824415,NC_047566.1 46822524 46825513,11,0.072892440799011,0.7737779227088508
NC_047559.1,3714267,NC_047559.1 3713018 3725617,14,0.07289115443675308,0.7737818166226007
NW_022994966.1,332997,NW_022994966.1 313489 353544,17,-0.07286163382893064,0.7738711790990943
NC_047564.1,25185682,NC_047564.1 25184781 25187309,6,0.07283907032897226,0.7739394833866596
NC_047563.1,2339263,NC_047563.1 2323302 2362798,10,-0.07282477807381048,0.7739827497572134
NC_047559.1,37905836,NC_047559.1 37904645 37906403,7,0.0727530004063223,0.7742000489921945
NC_047564.1,15772381,NC_047564.1 15760614 15805071,7,0.07263111411474357,0.774569083324184
NC_047565.1,59513439,NC_047565.1 59508371 59522643,7,0.0726039407421721,0.7746513622385275
NC_047559.1,17654060,NC_047559.1 17652666 17660435,3,0.07259907199046375,0.7746661046913673
NC_047565.1,24071328,NC_047565.1 24068575 24074234,18,0.07251990950221007,0.7749058169226939
NC_047564.1,43850747,NC_047564.1 43848481 43852703,11,-0.07244410741463853,0.7751353716651664
NC_047563.1,67519990,NC_047563.1 67517309 67522883,6,-0.07241257840249342,0.7752308575626969
NC_047568.1,762684,NC_047568.1 756852 776951,8,0.07239460517473492,0.7752852910181174
NC_047562.1,21162366,NC_047562.1 21158857 21167570,6,-0.07236057826237834,0.7753883471583193
NC_047568.1,21167173,NC_047568.1 21166650 21168585,5,0.07234128061113955,0.775446794878587
NC_047559.1,40921086,NC_047559.1 40914691 40921337,6,-0.07233349535232118,0.7754703747898266
NC_047565.1,23915804,NC_047565.1 23912771 23925107,3,-0.07225374224666278,0.7757119409294946
NC_047568.1,34995994,NC_047568.1 34984825 34999108,18,0.07224688926124778,0.7757326990195884
NC_047559.1,35005770,NC_047559.1 35004853 35008269,5,-0.07219330958286925,0.7758949999566511
NW_022994959.1,10056,NW_022994959.1 4360 44720,3,-0.0721770918247657,0.7759441277372454
NC_047566.1,24340124,NC_047566.1 24297809 24404515,5,-0.07216521523497872,0.7759801055104454
NC_047561.1,16798709,NC_047561.1 16791938 16799645,9,0.07214754266412404,0.7760336418620268
NC_047562.1,36566881,NC_047562.1 36561029 36569314,7,0.07210723965567994,0.7761557372576731
NC_047563.1,21007003,NC_047563.1 20978220 21097239,7,-0.07209979651476539,0.7761782863250827
NC_047568.1,22505170,NC_047568.1 22503928 22508767,6,-0.07207963303862999,0.7762393726266154
NC_047568.1,39033065,NC_047568.1 39029333 39037156,4,0.07204910374489384,0.7763318650905908
NC_047559.1,10045378,NC_047559.1 10043017 10047742,20,0.07191023205402969,0.7767526310472054
NC_047568.1,16860566,NC_047568.1 16778801 16860973,19,0.07187522611217355,0.7768587045390853
NC_047559.1,39092997,NC_047559.1 39087595 39118950,4,0.07181922947896359,0.7770283909252227
NC_047566.1,7937416,NC_047566.1 7897374 7984365,11,-0.07180661315386595,0.7770666234533953
NC_047563.1,1749470,NC_047563.1 1748255 1792572,7,0.07174968344527369,0.7772391493781166
NC_047564.1,57427565,NC_047564.1 57417761 57437483,5,0.07172813294601679,0.7773044609217922
NC_047559.1,39135904,NC_047559.1 39135395 39137153,20,-0.07172421272093148,0.7773163418179345
NC_047560.1,53379214,NC_047560.1 53361924 53426505,8,-0.07161833327343553,0.777637244920782
NC_047564.1,54788938,NC_047564.1 54757522 54799325,6,0.07150643229004784,0.7779764355240305
NC_047563.1,8612419,NC_047563.1 8601120 8616002,18,0.07148839788481924,0.7780311043989776
NC_047561.1,52450913,NC_047561.1 52450057 52461353,18,0.07148417353986365,0.778043910076179
NC_047559.1,52612943,NC_047559.1 52604476 52624639,16,0.07145384548880589,0.7781358481126344
NC_047563.1,50252810,NC_047563.1 50241240 50261136,4,0.07138994475589439,0.778329569304138
NC_047559.1,28721172,NC_047559.1 28705954 28729110,6,-0.0713838692952611,0.7783479882924444
NC_047561.1,24228363,NC_047561.1 24205140 24290503,6,0.07136326999711687,0.7784104400697521
NC_047566.1,6053115,NC_047566.1 6018830 6059833,15,0.07134508301891956,0.7784655793868395
NC_047565.1,24296241,NC_047565.1 24263360 24314551,7,0.07133862350450113,0.7784851635979526
NC_047561.1,7014820,NC_047561.1 6999607 7031000,4,0.07133150477433153,0.7785067465925269
NC_047561.1,34942162,NC_047561.1 34940349 34942956,9,-0.07132463327725923,0.778527580157196
NC_047561.1,45805347,NC_047561.1 45752446 45810498,5,0.07130070588380882,0.7786001262992603
NC_047568.1,17934758,NC_047568.1 17932952 17954696,4,0.07126260379472657,0.7787156526971697
NC_047559.1,47249685,NC_047559.1 47215373 47265433,7,-0.07125938688875375,0.7787254066311097
NC_047561.1,52812846,NC_047561.1 52812785 52814923,6,0.07121398225470689,0.7788630807188027
NC_047559.1,54215996,NC_047559.1 54209081 54216962,5,-0.0712123123451927,0.7788681442700773
NC_047568.1,34465125,NC_047568.1 34462698 34466798,17,0.07117741032308045,0.7789739771998638
NC_047561.1,20209124,NC_047561.1 20207391 20238820,6,0.07114422622985021,0.7790746043080875
NC_047566.1,21173722,NC_047566.1 21173208 21176006,8,-0.07113656974268492,0.779097822236906
NC_047561.1,24041364,NC_047561.1 24040442 24041440,11,-0.071067179744332007,0.7793082521790202
NC_047564.1,55096971,NC_047564.1 55088931 55106595,14,0.07094164019690789,0.7796889965875533
NC_047568.1,4090052,NC_047568.1 4082135 4090392,3,-0.07091826918734435,0.7797598829582522
NC_047561.1,50463630,NC_047561.1 50460664 50465028,7,0.07090851171909458,0.7797894787248807
NC_047565.1,53396349,NC_047565.1 53392753 53396995,10,0.07088445437775845,0.7798624492385118
NC_047565.1,15200602,NC_047565.1 15199709 15201700,18,0.070790236386903,0.7801482472612016
NC_047568.1,2600097,NC_047568.1 2596527 2602859,7,0.07070561256621662,0.7804049654817732
NC_047568.1,39928686,NC_047568.1 39922090 39957908,6,-0.0706239564188969,0.780652701339413
NC_047559.1,35570801,NC_047559.1 35568511 35574941,8,0.07060719555740488,0.7807035544550369
NC_047568.1,5047447,NC_047568.1 5045322 5051847,4,-0.07059117987800458,0.7807521474499067
NC_047565.1,36660805,NC_047565.1 36658268 36665191,13,-0.07057324160424097,0.780806574684701
NC_047566.1,2082624,NC_047566.1 2048165 2087819,9,-0.07055971974210078,0.7808476025489692
NC_047564.1,19643642,NC_047564.1 19625096 19645622,4,-0.07055517701959084,0.7808613861441543
NC_047561.1,55980984,NC_047561.1 55980091 55987882,7,-0.07055252710963827,0.7808694265684558
NC_047564.1,6683591,NC_047564.1 6668310 6708001,8,0.07054973505483032,0.7808778983151822
NC_047560.1,3363856,NC_047560.1 3218183 3644996,7,0.07053911888869296,0.7809101104583522
NC_047559.1,12675122,NC_047559.1 12634797 12686971,3,0.07053794324341586,0.780913677685457
NC_047567.1,4183921,NC_047567.1 4173849 4197506,19,-0.07045699706291483,0.781159300389657
NC_047565.1,36481952,NC_047565.1 36480487 36482035,12,0.07042206348433823,0.781265308763877
NC_047560.1,51661877,NC_047560.1 51629755 51664241,10,0.07037946864269097,0.7813945707382922
NC_047566.1,17976097,NC_047566.1 17972755 17982365,3,-0.0703092982165455,0.7816075278437795
NC_047563.1,26601933,NC_047563.1 26594300 26602595,4,-0.07030370363785206,0.7816245072183069
NC_047561.1,4689220,NC_047561.1 4688648 4690248,6,-0.07027415660350193,0.7817141831185602
NC_047563.1,7136823,NC_047563.1 7129300 7147214,10,0.07026516248859703,0.7817414809756187
NC_047564.1,42358197,NC_047564.1 42355508 42360017,10,-0.07024268081157425,0.7818097157224456
NC_047566.1,56202912,NC_047566.1 56191955 56228374,4,-0.07022302280903654,0.7818693815007767
NC_047562.1,14859977,NC_047562.1 14830381 14885029,5,0.07021996305538708,0.7818786685395605
NC_047567.1,14607357,NC_047567.1 14607210 14614252,18,-0.07020033804935306,0.7819382355031904
NC_047565.1,48802674,NC_047565.1 48785323 48828509,7,-0.07013490216519679,0.7821368586590343
NC_047565.1,60924235,NC_047565.1 60892052 60985539,4,0.07011536086052284,0.7821961765458377
NC_047565.1,49129891,NC_047565.1 49109536 49143893,8,0.07002981374061758,0.7824558694071763
NC_047561.1,53512337,NC_047561.1 53508564 53512640,7,0.06998633361303326,0.7825878691358713
NC_047563.1,10342178,NC_047563.1 10324355 10366465,3,-0.06994461337960706,0.7827145313791155
NC_047561.1,46480637,NC_047561.1 46462626 46499059,4,0.06987973531779035,0.7829115109052702
NC_047561.1,53157722,NC_047561.1 53155028 53158215,17,0.06987693313213793,0.7829200190443197
NC_047563.1,38297521,NC_047563.1 38294920 38297969,21,0.06982595943626528,0.7830747920705978
NC_047563.1,25636274,NC_047563.1 25634901 25642283,12,-0.06975893995192782,0.7832782972190027
NC_047559.1,28708965,NC_047559.1 28705954 28729110,10,-0.06972556391503393,0.7833796487898429
NC_047561.1,4267917,NC_047561.1 4262163 4269006,17,-0.06967919339646259,0.7835204656496855
NC_047566.1,7909633,NC_047566.1 7897374 7984365,4,-0.06956036862619683,0.7838813390218488
NC_047562.1,31206952,NC_047562.1 31204678 31220158,12,0.06947614232486526,0.7841371615219741
NC_047563.1,20845956,NC_047563.1 20833778 20859000,6,-0.06942918514076447,0.7842797948125386
NC_047560.1,51207870,NC_047560.1 51190855 51210631,5,0.0693637939016312,0.7844784327738115
NC_047562.1,13256987,NC_047562.1 13246768 13275546,3,0.06914993108636237,0.7851281690136126
NC_047559.1,9535370,NC_047559.1 9527127 9542343,11,-0.0691089085581935,0.7852528149478604
NC_047566.1,36157665,NC_047566.1 36129426 36164224,12,-0.06908110740647319,0.7853372908839318
NW_022994848.1,641604,NW_022994848.1 637661 647308,5,0.06907480064413456,0.785356454783609
NC_047564.1,36344056,NC_047564.1 36343738 36355442,3,-0.06906727641486968,0.785379318265055
NC_047561.1,2620488,NC_047561.1 2619603 2623761,4,-0.06906105370594866,0.7853982270110635
NC_047564.1,9081910,NC_047564.1 9078894 9083356,5,-0.06897396221078511,0.785662881135019
NC_047565.1,35829048,NC_047565.1 35818965 35831561,9,-0.06893191335253991,0.7857906674484879
NC_047562.1,17081383,NC_047562.1 17054166 17098627,5,-0.06893009960339166,0.7857961795421977
NC_047559.1,22544470,NC_047559.1 22537184 22555202,6,-0.06885241021846784,0.7860322913940057
NC_047560.1,62883186,NC_047560.1 62653127 63119960,5,-0.06881959093941528,0.786132040356502
NC_047568.1,8892099,NC_047568.1 8881118 8921742,16,-0.0687795624387996,0.7862537048874625
NC_047568.1,47042869,NC_047568.1 47028599 47043169,12,-0.06875798343252201,0.7863192951016387
NC_047568.1,13519876,NC_047568.1 13508162 13570381,8,0.06874958621288157,0.7863448191416417
NC_047568.1,36518132,NC_047568.1 36516734 36519327,6,0.06873993617218103,0.7863741514903005
NW_022994955.1,96502,NW_022994955.1 64926 121353,3,0.0687283478622808,0.7864093757807576
NC_047568.1,42213498,NC_047568.1 42208938 42215534,15,-0.06867311922628132,0.7865772563736072
NC_047566.1,48788456,NC_047566.1 48776895 48805326,6,-0.06865132710728913,0.786643501174156
NC_047561.1,36442282,NC_047561.1 36419703 36464017,8,-0.0686343759051187,0.7866950312715341
NC_047565.1,15363363,NC_047565.1 15361707 15364948,5,0.06859987438598342,0.7867999153249778
NC_047564.1,46600428,NC_047564.1 46577131 46616684,16,0.0685663403548421,0.7869018615771111
NC_047565.1,10259215,NC_047565.1 10245088 10317111,7,-0.0685351971737716,0.7869965423986054
NC_047564.1,51605872,NC_047564.1 51600037 51610730,3,-0.06841399734241577,0.7873650385351434
NC_047562.1,29979144,NC_047562.1 29978894 29985962,4,-0.06841058544482222,0.787375412695691
NC_047563.1,327561,NC_047563.1 175641 457526,7,-0.06836868703260397,0.7875028111058274
NC_047563.1,20035770,NC_047563.1 20034492 20095236,9,0.06836622909363006,0.7875102849975762
NC_047562.1,45264722,NC_047562.1 45254594 45271226,3,-0.06835607572256672,0.7875411586918154
NC_047559.1,49267094,NC_047559.1 49242128 49283398,6,-0.068350143246102,0.7875591979104865
NC_047564.1,4020417,NC_047564.1 4019993 4022185,7,-0.0683363009070283,0.7876012894984586
NC_047568.1,10784453,NC_047568.1 10780887 10794453,6,-0.06827501206289328,0.7877876624727373
NC_047560.1,16705369,NC_047560.1 16699364 16708127,9,0.068250393362969,0.7878625284568201
NC_047563.1,40269445,NC_047563.1 40266095 40278563,7,0.06823632622945065,0.7879053077000043
NC_047565.1,12261812,NC_047565.1 12258362 12266155,7,0.06816082876960212,0.7881349111916444
NC_047562.1,30361970,NC_047562.1 30358697 30369439,11,-0.0681271140052207,0.7882374501774878
NC_047564.1,32550294,NC_047564.1 32545000 32556467,16,0.06807375137237887,0.7883997523207207
NC_047562.1,50424855,NC_047562.1 50415953 50453033,15,-0.06796045169331937,0.7887443801356692
NC_047562.1,32284228,NC_047562.1 32281764 32295584,11,0.06793806862151548,0.7888124679682873
NC_047560.1,44524955,NC_047560.1 44485029 44652907,3,-0.06789634495060404,0.7889393925187087
NC_047568.1,36545401,NC_047568.1 36532823 36550162,10,0.06775396421686673,0.7893725566700137
NC_047562.1,51200728,NC_047562.1 51198482 51201262,3,-0.06765746370467421,0.7896661730911683
NC_047565.1,20129158,NC_047565.1 20095724 20150190,3,-0.06759975413175885,0.7898417754934803
NC_047561.1,694851,NC_047561.1 689536 695905,12,-0.06750713047521642,0.7901236368550917
NC_047561.1,6806330,NC_047561.1 6805912 6808482,6,0.06747874312396217,0.7902100268506129
NC_047559.1,9982627,NC_047559.1 9982422 9987008,4,-0.06735795510980416,0.7905776417871951
NC_047564.1,59671466,NC_047564.1 59670505 59680984,4,0.06734267895929046,0.7906241373212174
NC_047562.1,45635375,NC_047562.1 45626967 45662991,3,0.067103449916661,0.7913523588217293
NC_047567.1,14612848,NC_047567.1 14607210 14614252,9,0.06707001747839093,0.7914541414303133
NC_047568.1,33214426,NC_047568.1 33211452 33229480,7,-0.06704344367725705,0.7915350457103034
NC_047568.1,31621148,NC_047568.1 31614916 31625556,5,0.06701575765956358,0.79161933830405
NC_047563.1,48693734,NC_047563.1 48665644 48719501,17,-0.06701034256441092,0.7916358253099278
NC_047560.1,51444506,NC_047560.1 51444373 51452348,6,0.06700074733370122,0.7916650395230683
NC_047565.1,37596013,NC_047565.1 37572757 37610817,10,-0.06695415400879375,0.7918069041006478
NC_047565.1,2517309,NC_047565.1 2504700 2522642,15,-0.06693183024580429,0.7918748763687767
NC_047559.1,25712955,NC_047559.1 25707903 25715868,5,0.06686655883693009,0.7920736255031837
NC_047559.1,37905878,NC_047559.1 37904645 37906403,15,-0.06674993056330238,0.7924287848420823
NC_047565.1,37492497,NC_047565.1 37460628 37513316,9,-0.066678663158396,0.792645829271819
NC_047566.1,54593681,NC_047566.1 54572147 54616687,11,-0.06661839648770207,0.7928293823548498
NC_047568.1,7621863,NC_047568.1 7580055 7645629,8,-0.06649997576263661,0.7931900843447326
NC_047565.1,5494858,NC_047565.1 5491879 5495414,17,0.06649439398405836,0.7932070870732815
NC_047565.1,22998025,NC_047565.1 22993329 23012287,3,-0.06638876001319627,0.7935288768132187
NC_047566.1,49767988,NC_047566.1 49764985 49769050,6,0.06637522609357853,0.7935701070993458
NC_047564.1,26331899,NC_047564.1 26318584 26333091,10,0.06634902969224903,0.7936499143671653
NC_047568.1,39886147,NC_047568.1 39854640 39895673,4,-0.06629193631312949,0.7938238559538663
NC_047559.1,33014573,NC_047559.1 33012224 33018126,5,0.0662550628088701,0.7939362002725874
NC_047564.1,56459698,NC_047564.1 56458123 56460861,4,0.06624950716293951,0.7939531272668564
NC_047562.1,21558245,NC_047562.1 21555788 21572999,6,0.066237010398803,0.7939912028455041
NC_047561.1,6263620,NC_047561.1 6257560 6268925,12,-0.06616617391777821,0.7942070382904509
NC_047561.1,51684978,NC_047561.1 51683213 51720877,11,0.0661035174681207,0.7943979614189822
NC_047565.1,9584466,NC_047565.1 9582102 9614386,4,0.06606861937666911,0.7945043056975377
NC_047565.1,18702035,NC_047565.1 18697298 18705202,6,-0.06604436517598948,0.7945782170847006
NC_047562.1,31562914,NC_047562.1 31560112 31563316,7,0.06595085826823958,0.7948631822807186
NW_022994970.1,35450,NW_022994970.1 27000 35967,5,-0.06588444670593277,0.7950655885826003
NC_047561.1,3701585,NC_047561.1 3696117 3751773,4,-0.06579769920804113,0.7953299926290728
NC_047560.1,51050278,NC_047560.1 50935047 51246957,3,-0.06573814219222895,0.7955115331032364
NC_047567.1,36940259,NC_047567.1 36938411 36941487,7,-0.06569588359666607,0.7956403509495418
NC_047563.1,19596369,NC_047563.1 19585090 19637179,3,-0.06564211878996429,0.7958042507115652
NC_047564.1,22088720,NC_047564.1 22087007 22089559,18,0.06563782731846848,0.7958173334333254
NW_022994829.1,108902,NW_022994829.1 56836 109595,7,-0.06542741798430002,0.7964588381553575
NC_047561.1,49884585,NC_047561.1 49880717 49885376,20,-0.06538938437537595,0.7965748098661751
NC_047565.1,46046631,NC_047565.1 46043556 46050421,3,-0.06531988677862842,0.7967867317365915
NC_047564.1,48602297,NC_047564.1 48596064 48606452,4,-0.06529810418089059,0.7968531570896078
NC_047559.1,52650825,NC_047559.1 52648255 52661159,6,-0.0652931638054956,0.7968682227952497
NC_047568.1,35750917,NC_047568.1 35741289 35755535,6,-0.06528828386783232,0.7968831042627309
NC_047563.1,12227963,NC_047563.1 12226857 12232812,4,0.06526813289176804,0.7969445557730984
NC_047561.1,42207772,NC_047561.1 42203055 42229310,3,-0.06526070860169382,0.796967196840701
NW_022994982.1,97134,NW_022994982.1 95137 99898,9,-0.06523862404467015,0.7970345466764902
NC_047568.1,37035920,NC_047568.1 37006851 37042840,6,-0.06503923025476867,0.7976426866494901
NC_047566.1,13371816,NC_047566.1 13369398 13372441,3,-0.06501200000469667,0.7977257460114711
NC_047561.1,3146385,NC_047561.1 3141906 3148138,19,0.06497422727285812,0.7978409661140473
NC_047561.1,8957845,NC_047561.1 8953262 8962473,11,0.06486887783258864,0.7981623399191801
NC_047568.1,51797565,NC_047568.1 51772467 51803461,9,0.06480942721298082,0.7983437106789052
NC_047561.1,6702419,NC_047561.1 6673076 6713129,14,-0.06478436321400885,0.7984201783697364
NC_047559.1,15617612,NC_047559.1 15605800 15634608,16,0.06471368968344363,0.7986358054634521
NC_047566.1,52974719,NC_047566.1 52973939 52976665,15,-0.06469850498649737,0.7986821362462182
NC_047565.1,56139978,NC_047565.1 56138184 56146525,4,0.06460657316645876,0.7989626476463654
NC_047568.1,49127225,NC_047568.1 49108627 49135358,18,-0.06455838998298541,0.7991096782666749
NC_047565.1,24124888,NC_047565.1 24106691 24152676,3,0.06450126857891188,0.7992839921290065
NC_047568.1,34484173,NC_047568.1 34475354 34489246,3,0.0644801161071259,0.7993485441125423
NC_047563.1,4249519,NC_047563.1 4244862 4256908,11,0.064382957372704,0.7996450638424493
NC_047565.1,5234533,NC_047565.1 5085538 5246064,20,-0.06427376602335919,0.7999783371516189
NC_047565.1,48237755,NC_047565.1 48235710 48240469,9,-0.06425089046617527,0.8000481619846521
NC_047563.1,57383718,NC_047563.1 57378280 57398436,19,0.06423453368205473,0.8000980899469704
NC_047565.1,61113869,NC_047565.1 61112305 61118081,13,-0.06407695863518702,0.8005791147226077
NC_047564.1,8268373,NC_047564.1 8256907 8276100,13,-0.06402638456694747,0.8007335151960318
NC_047564.1,31872239,NC_047564.1 31862684 31874903,16,0.06401740144543312,0.8007609410181266
NC_047562.1,40020192,NC_047562.1 40018820 40024602,10,0.06398318275747451,0.8008654140443363
NC_047561.1,27714875,NC_047561.1 27713605 27724183,4,0.06392932635856043,0.8010298494495723
NC_047565.1,41155701,NC_047565.1 41110551 41157061,6,-0.06391800147533382,0.8010644278163903
NC_047559.1,10005683,NC_047559.1 9994206 10005888,17,0.06391585063882486,0.8010709950244195
NC_047562.1,49651514,NC_047562.1 49643688 49655323,7,-0.0638020847958882,0.8014183774680141
NC_047566.1,10417663,NC_047566.1 10415747 10420195,3,-0.06379791802196257,0.8014311013284154
NC_047564.1,49178406,NC_047564.1 49169705 49182752,11,0.06367910447694577,0.8017939360556201
NC_047564.1,37007973,NC_047564.1 36982659 37023129,5,-0.06367297953026779,0.8018126415635088
NC_047560.1,51046158,NC_047560.1 50935047 51246957,3,0.06362213630950236,0.8019679200595464
NC_047568.1,19968676,NC_047568.1 19952716 19984416,4,0.0635983727839644,0.8020404978304426
NC_047566.1,50026139,NC_047566.1 49983777 50028481,9,0.06359774008200296,0.8020424302288467
NC_047561.1,5957799,NC_047561.1 5952973 5960090,10,-0.06359127431166325,0.8020621780480264
NC_047563.1,9986680,NC_047563.1 9964510 10020501,5,0.06358545916211034,0.8020799388323061
NC_047565.1,24290914,NC_047565.1 24263360 24314551,7,0.06357044677055461,0.802125790504254
NC_047559.1,49858353,NC_047559.1 49855603 49865696,15,0.06350227687397254,0.8023340064878474
NC_047560.1,54251786,NC_047560.1 54124262 54502908,15,-0.0634211058969987,0.8025819490861223
NC_047564.1,20078052,NC_047564.1 20075200 20103807,13,0.06337352744978217,0.8027272892237329
NC_047559.1,12847595,NC_047559.1 12832141 12852961,5,-0.06336166383605675,0.802763530526516
NC_047565.1,55201170,NC_047565.1 55198218 55201309,12,-0.06334665996775017,0.8028093653162021
NC_047565.1,3499225,NC_047565.1 3495577 3499525,7,-0.06333711181162364,0.8028385339614432
NC_047566.1,3852943,NC_047566.1 3851039 3865884,15,-0.06323066305642769,0.803163740858448
NC_047568.1,4345806,NC_047568.1 4341559 4381805,13,-0.06319620010026131,0.8032690337115334
NC_047566.1,27970563,NC_047566.1 27942051 27982575,3,0.06314961861322513,0.8034113567956916
NC_047559.1,7017957,NC_047559.1 7017056 7023693,9,0.06306222343110823,0.8036783961736342
NC_047565.1,16316731,NC_047565.1 16304033 16357216,7,0.06301830403125773,0.8038126014200799
NC_047568.1,21805804,NC_047568.1 21802156 21822482,3,0.06291887010234672,0.804116462629393
NC_047566.1,49690206,NC_047566.1 49688414 49693896,8,-0.06291446418190431,0.8041299273474488
NC_047560.1,24666108,NC_047560.1 24663389 24666322,15,0.06283657188905606,0.8043679788341926
NC_047560.1,70175215,NC_047560.1 70130124 70184488,4,-0.06277645249109269,0.8045517246693765
NC_047565.1,32252948,NC_047565.1 32233557 32270869,3,0.06277560976415596,0.8045543004059281
NC_047562.1,14201860,NC_047562.1 14201686 14203803,3,-0.06277337697182687,0.8045611247903953
NC_047563.1,8713084,NC_047563.1 8711079 8786874,5,0.06276937478472863,0.8045733572484867
NC_047565.1,31011877,NC_047565.1 31007622 31025408,7,0.06271693485961712,0.8047336408978709
NC_047561.1,44264899,NC_047561.1 44262847 44268114,4,-0.06261779983114693,0.8050366692761437
NC_047568.1,39460123,NC_047568.1 39454175 39473614,3,0.06259499249484712,0.8051063887412202
NC_047560.1,70811718,NC_047560.1 70595196 71158665,3,0.06257854445871618,0.8051566694083004
NC_047564.1,18494336,NC_047564.1 18490470 18512897,9,-0.06256990867293352,0.8051830687824602
NC_047568.1,56414656,NC_047568.1 56413614 56415346,20,0.06256052785690507,0.8052117459220258
NC_047568.1,17103933,NC_047568.1 17101661 17107382,6,-0.06254529315914505,0.805258318872661
NC_047560.1,51007492,NC_047560.1 50935047 51246957,4,-0.06253351435101265,0.8052943274874651
NC_047559.1,35530125,NC_047559.1 35529821 35532937,5,-0.06243225421574577,0.8056039019547133
NC_047562.1,35268276,NC_047562.1 35262895 35269424,3,-0.06241201933243766,0.8056657677350071
NC_047564.1,33333522,NC_047564.1 33311795 33337887,7,0.06238500555784719,0.8057483608910978
NC_047566.1,37219786,NC_047566.1 37145945 37220037,8,-0.0623167880978933,0.805956940794717
NC_047561.1,52588738,NC_047561.1 52586319 52593089,18,-0.06223351807149729,0.8062115619173102
NC_047564.1,42013877,NC_047564.1 42013024 42020901,6,-0.062213308900591124,0.8062733598409293
NC_047568.1,56497599,NC_047568.1 56475389 56502107,19,-0.06217864751646122,0.8063793539442605
NC_047566.1,51178406,NC_047566.1 51178404 51192027,3,-0.062150518566721984,0.8064653743004403
NC_047564.1,38755096,NC_047564.1 38754533 38764195,3,0.06203930914806175,0.8068054814073591
NW_022994991.1,206088,NW_022994991.1 204987 206458,18,-0.06201922828674631,0.8068668973812437
NC_047559.1,52110553,NC_047559.1 52108823 52110985,21,0.06200126453682454,0.8069218392222058
NC_047564.1,3690202,NC_047564.1 3687697 3700263,11,-0.06190300708953696,0.8072223732593231
NC_047562.1,29604498,NC_047562.1 29603437 29609100,5,-0.06179924952602448,0.8075397580529844
NC_047568.1,53831028,NC_047568.1 53829865 53849748,3,0.061770744478984,0.8076269573665977
NC_047564.1,667125,NC_047564.1 664303 687802,6,0.061746357115653926,0.8077015620554966
NC_047566.1,8906991,NC_047566.1 8903027 8930152,7,0.06173921786556415,0.8077234024164663
NC_047566.1,19749075,NC_047566.1 19746133 19750108,5,0.061715134429933906,0.8077970793496225
NC_047566.1,14378252,NC_047566.1 14316674 14384458,3,0.061693910394259185,0.8078620099768965
NC_047567.1,35345258,NC_047567.1 35344771 35346756,5,-0.06158724989763447,0.808188334189482
NC_047563.1,7634963,NC_047563.1 7634518 7664446,8,-0.061555291509082996,0.8082861156753982
NC_047564.1,40357685,NC_047564.1 40354490 40364190,3,-0.06155039238322418,0.8083011055251963
NC_047564.1,51909665,NC_047564.1 51907919 51915823,5,-0.061525594738333605,0.8083769798253502
NC_047564.1,34030329,NC_047564.1 34028106 34076107,7,0.061517401411896516,0.80840204961643
NC_047565.1,24160712,NC_047565.1 24152820 24162125,9,0.06150940246772065,0.8084265248115128
NC_047559.1,8231411,NC_047559.1 8181461 8243209,7,0.06144531612422544,0.8086226225187387
NC_047560.1,56022529,NC_047560.1 56021521 56023745,19,0.06141805437652706,0.8087060439906812
NC_047559.1,52738860,NC_047559.1 52712488 52750617,8,-0.0613567687458218,0.808893586363686
NC_047562.1,9377307,NC_047562.1 9369971 9389079,7,-0.06130372767419304,0.8090559072642783
NC_047565.1,13419447,NC_047565.1 13403639 13456801,6,0.06128883210457828,0.8091014933161973
NC_047563.1,41331689,NC_047563.1 41327485 41452447,4,-0.06122313200878746,0.8093025673253331
NC_047561.1,23698706,NC_047561.1 23689741 23700359,3,-0.06119631002612432,0.8093846588082214
NC_047565.1,18585772,NC_047565.1 18584579 18589313,10,0.061183386754768504,0.8094242125076873
NC_047563.1,2986383,NC_047563.1 2985423 2997449,7,0.06117909927412356,0.8094373351119426
NC_047561.1,11519805,NC_047561.1 11517593 11521744,3,-0.06113992561792111,0.8095572353592593
NC_047565.1,12862583,NC_047565.1 12858959 12862692,10,-0.0611392646395517,0.8095592584746414
NC_047568.1,4312012,NC_047568.1 4307261 4330818,7,0.0611104123328163,0.8096475704198038
NC_047566.1,1146918,NC_047566.1 1123256 1348320,4,0.06106714535784116,0.8097800072842453
NC_047565.1,33616533,NC_047565.1 33612007 33616632,3,-0.0610558710106122,0.8098145179969882
NC_047563.1,30124186,NC_047563.1 30073419 30628537,5,0.060957983320665904,0.810114165684571
NC_047564.1,51909665,NC_047564.1 51907014 51917099,5,-0.06091301399876094,0.8102518313916657
NC_047561.1,6180583,NC_047561.1 6166862 6180622,8,-0.060817178871007,0.8105452315345294
NC_047563.1,40478347,NC_047563.1 40471365 40510310,7,0.0608015089433457,0.8105932074519133
NC_047567.1,17047701,NC_047567.1 17045869 17048626,8,0.060784429214966594,0.8106455004247493
NC_047560.1,6906674,NC_047560.1 6809017 7204627,4,0.06068162059950349,0.8109602854820807
NC_047568.1,16692237,NC_047568.1 16687745 16739639,4,0.06059651094631984,0.8112208997669076
NW_022994784.1,341304,NW_022994784.1 333289 343433,11,0.06055123516973177,0.8113595464285699
NC_047561.1,19019247,NC_047561.1 19007575 19030260,9,0.06053352902776145,0.8114137688725924
NC_047565.1,17300471,NC_047565.1 17295790 17304022,5,-0.06049068273510159,0.8115449826926793
NC_047560.1,4673188,NC_047560.1 4670883 4675544,5,-0.060390677755747364,0.8118512596415594
NC_047560.1,21042119,NC_047560.1 21033054 21066957,11,-0.060339377828400195,0.8120083817596304
NC_047561.1,8688643,NC_047561.1 8686642 8690037,11,0.060323320774064534,0.8120575629295039
NC_047565.1,46131214,NC_047565.1 46129444 46133060,21,-0.060322338890410276,0.8120605703637773
NC_047560.1,55348640,NC_047560.1 55225485 55583389,3,-0.06020558668321801,0.8124181912455597
NC_047566.1,8909405,NC_047566.1 8903027 8930152,12,0.06020000458875271,0.812435290510353
NC_047562.1,35287103,NC_047562.1 35286906 35296849,13,-0.06018746755179741,0.8124736946897672
NC_047561.1,34344537,NC_047561.1 34341087 34345256,3,-0.060176153257931415,0.812508353641116
NC_047568.1,32993996,NC_047568.1 32993577 33025191,6,-0.0601580469912705,0.8125638190575057
NC_047566.1,23925764,NC_047566.1 23920113 23932583,6,-0.060026620349089996,0.812966447273836
NC_047559.1,53185142,NC_047559.1 53184201 53186271,13,-0.059980137949136716,0.8131088577493106
NC_047561.1,49645262,NC_047561.1 49637625 49647209,6,-0.05997817369891609,0.813114875844764
NC_047559.1,32805072,NC_047559.1 32780734 32806516,19,0.05992684779840617,0.8132721323385048
NC_047559.1,33492863,NC_047559.1 33487867 33501662,4,-0.05991486542651298,0.8133088458886903
NC_047565.1,51411385,NC_047565.1 51409239 51416777,13,0.05991044410225009,0.813322392758415
NC_047561.1,49026273,NC_047561.1 49024093 49066507,9,0.05985342268128941,0.8134971100344704
NC_047568.1,33444130,NC_047568.1 33440363 33445114,11,0.05980078940579361,0.81365838918874
NC_047563.1,20339027,NC_047563.1 20294697 20355501,4,0.05972452824358764,0.8138920816876934
NC_047559.1,8945253,NC_047559.1 8942805 8954386,11,0.05966810216443621,0.8140650017595228
NC_047562.1,40631777,NC_047562.1 40631551 40645409,5,0.05958385290562295,0.8143232023477555
NC_047565.1,58652709,NC_047565.1 58637860 58656165,6,0.05957382060571564,0.8143539497755998
NC_047561.1,34592675,NC_047561.1 34585199 34628533,3,-0.059449253028042146,0.8147357513826872
NC_047568.1,21561570,NC_047568.1 21559385 21564391,19,-0.059419316446066336,0.8148275134064488
NC_047559.1,14183358,NC_047559.1 14177679 14232929,8,0.059385208433537826,0.8149320645514866
NC_047559.1,40794276,NC_047559.1 40791230 40798004,10,-0.05932022590175989,0.8151312634612018
NC_047559.1,20379204,NC_047559.1 20375470 20399536,8,-0.059111208764777996,0.8157720623806901
NC_047565.1,54632289,NC_047565.1 54631891 54634866,21,-0.05906465594060642,0.815914797893109
NW_022994829.1,115370,NW_022994829.1 109708 243958,5,-0.059037080883111895,0.8159993483172494
NC_047564.1,16717705,NC_047564.1 16684948 16736210,7,0.059033411518802745,0.8160105994390002
NC_047565.1,42687283,NC_047565.1 42671754 42704352,3,-0.05896891861657942,0.8162083552182153
NC_047568.1,12840542,NC_047568.1 12833942 12842872,17,0.058924646905633066,0.8163441125013243
NC_047565.1,24070518,NC_047565.1 24068575 24074234,21,0.058901161352221044,0.8164161319531407
NC_047563.1,73345817,NC_047563.1 73345179 73365563,11,-0.05887905023725906,0.8164839379099733
NC_047564.1,9192013,NC_047564.1 9191319 9193758,3,-0.05885780256417693,0.816549097203954
NW_022994922.1,76673,NW_022994922.1 70949 82299,13,-0.05881891750763768,0.8166683472416557
NC_047562.1,52853944,NC_047562.1 52851727 52872031,3,0.05880595361100589,0.8167081048869348
NC_047568.1,2459351,NC_047568.1 2448655 2465905,20,-0.05878862753977822,0.816761241103004
NC_047561.1,49761044,NC_047561.1 49755947 49761167,10,0.0587477191722804,0.8168867033669258
NC_047559.1,20738692,NC_047559.1 20734037 20743392,9,0.05870773242233099,0.8170093432070858
NC_047568.1,56713509,NC_047568.1 56711021 56713896,3,0.0587035846450033,0.8170220647213152
NC_047562.1,13142025,NC_047562.1 13137260 13177690,8,-0.05865185155373433,0.8171807372742169
NC_047566.1,852161,NC_047566.1 851610 859416,3,-0.05862493094893039,0.8172633091720378
NC_047565.1,5308817,NC_047565.1 5255329 5422969,9,0.058538783286114233,0.8175275568426029
NC_047561.1,51326118,NC_047561.1 51295820 51346813,3,0.05848935009565534,0.8176791957076504
NC_047564.1,35785980,NC_047564.1 35779537 35801362,16,-0.05848611426809417,0.81768912199067
NC_047561.1,19329827,NC_047561.1 19325749 19332475,12,0.05836454633095495,0.8180620650960478
NC_047562.1,45476238,NC_047562.1 45447624 45502600,5,-0.058293195990365615,0.8182809692196273
NC_047568.1,17142722,NC_047568.1 17135103 17150454,6,-0.058209713447215795,0.8185371113946677
NC_047568.1,39663835,NC_047568.1 39663381 39669046,3,0.057983768824693104,0.8192304451269619
NC_047559.1,20636966,NC_047559.1 20634011 20641533,11,0.05787363041623434,0.8195684621706129
NC_047566.1,40116753,NC_047566.1 40101469 40121361,5,-0.057827804008815695,0.8197091132784216
NC_047566.1,17802553,NC_047566.1 17797021 17822603,10,0.057802983511758645,0.8197852949122714
NW_022994948.1,254062,NW_022994948.1 249775 281092,4,0.057773985414937605,0.8198743008115509
NC_047561.1,32024692,NC_047561.1 32022438 32043619,3,-0.05776850289738345,0.8198911289239825
NC_047560.1,62720719,NC_047560.1 62653127 63119960,3,-0.057728371510458114,0.8200143110170026
NC_047565.1,2608092,NC_047565.1 2602388 2637743,6,-0.057704116256093216,0.8200887637392968
NC_047561.1,37529342,NC_047561.1 37502732 37532848,6,-0.057700151910678475,0.820100932635976
NC_047565.1,5410506,NC_047565.1 5255329 5422969,8,0.0576986942749044,0.8201054069832517
NC_047564.1,59445069,NC_047564.1 59441608 59447737,3,-0.05765967271053452,0.8202251892339172
NC_047563.1,43609871,NC_047563.1 43575889 43663500,3,-0.05756798023635232,0.8205066672404926
NC_047560.1,16705426,NC_047560.1 16699364 16708127,3,0.05752701571316347,0.8206324270814803
NC_047562.1,13272916,NC_047562.1 13246768 13275546,4,-0.05752028260006736,0.8206530979324431
NC_047566.1,23644254,NC_047566.1 23569181 23647175,5,-0.05751954835815058,0.820655352083057
NW_022994829.1,111954,NW_022994829.1 109708 243958,20,0.05746221954785691,0.8208313578383359
NC_047565.1,37778728,NC_047565.1 37726332 37792203,17,0.05742380795399837,0.8209492902148212
NC_047564.1,32914626,NC_047564.1 32911223 32918581,12,0.05741980920707241,0.8209615674922822
NC_047561.1,43493719,NC_047561.1 43492157 43496786,21,-0.057400166385984046,0.8210218770512727
NC_047566.1,4180262,NC_047566.1 4142173 4232562,10,-0.057389659482128735,0.8210541369001615
NC_047568.1,21585175,NC_047568.1 21577363 21593762,3,0.0573890654567163,0.8210559607729268
NC_047568.1,49964799,NC_047568.1 49945579 49991936,5,-0.05736547891811459,0.8211283806790242
NC_047566.1,25230760,NC_047566.1 25223632 25233402,3,-0.05726774421183062,0.8214284791457621
NC_047566.1,5812329,NC_047566.1 5703482 5813652,3,-0.05721819070472034,0.8215806442595863
NC_047566.1,46139965,NC_047566.1 46137978 46144273,7,0.05720056323412987,0.8216347748075771
NC_047559.1,29576713,NC_047559.1 29569512 29577777,12,-0.0571954447698231,0.8216504927637207
NC_047559.1,14531915,NC_047559.1 14530898 14532943,9,0.057189997555622984,0.8216672203273301
NC_047566.1,6547364,NC_047566.1 6537629 6578431,14,-0.05717398996956402,0.8217163776050633
NC_047564.1,39198114,NC_047564.1 39197135 39200999,6,0.05713722025951689,0.8218292951394156
NC_047563.1,3922353,NC_047563.1 3921258 3930129,6,-0.0570854030264882,0.8219884283541911
NC_047568.1,34930257,NC_047568.1 34928715 34931041,8,-0.05701351383093251,0.8222092144794605
NC_047567.1,3134943,NC_047567.1 3112592 3138540,3,-0.05698570398440142,0.8222946275013294
NC_047561.1,4972773,NC_047561.1 4965075 5004466,8,0.05696161413691814,0.8223686167412747
NC_047564.1,28155241,NC_047564.1 28152424 28159477,18,-0.05693339681572974,0.8224552848629545
NC_047564.1,32549872,NC_047564.1 32545000 32556467,3,0.05674978299479305,0.8230192934560687
NC_047565.1,52787389,NC_047565.1 52741742 52794894,5,-0.05674201919689344,0.8230431434203008
NC_047565.1,44523347,NC_047565.1 44523028 44537832,3,-0.05673313108796098,0.8230704473879525
NC_047559.1,19572466,NC_047559.1 19571638 19573452,8,0.056677923178186755,0.8232400485346207
NC_047568.1,21161971,NC_047568.1 21149053 21179316,4,0.056574944479389225,0.8235564235766923
NC_047566.1,44592403,NC_047566.1 44591443 44601062,3,-0.056572431485276485,0.8235641444157533
NC_047565.1,52657585,NC_047565.1 52647418 52666601,10,-0.05656629570132875,0.8235829958579047
NC_047560.1,5728073,NC_047560.1 5727215 5738379,4,-0.0565639535093941,0.8235901919790267
NC_047561.1,5168638,NC_047561.1 5168455 5179431,18,0.05655676447589425,0.8236122795590003
NC_047565.1,7686969,NC_047565.1 7685237 7711057,18,0.056467666337127284,0.8238860350631253
NC_047564.1,5480447,NC_047564.1 5475823 5487699,20,0.05638217808996724,0.8241487173009038
NC_047559.1,6033898,NC_047559.1 6032167 6037509,6,0.05637893126047465,0.8241586942795499
NC_047563.1,47032777,NC_047563.1 47008895 47033428,15,0.0563106440260515,0.8243685357785474
NC_047565.1,38764427,NC_047565.1 38761400 38770267,8,0.05626758149937398,0.8245008694887803
NC_047565.1,47302307,NC_047565.1 47299275 47319425,3,-0.05611560437817451,0.8249679402075698
NC_047565.1,23939179,NC_047565.1 23938620 23948696,7,-0.05607513294278801,0.825092330357649
NC_047561.1,48849960,NC_047561.1 48842280 48850631,3,0.0558842638889797,0.8256790254170279
NC_047568.1,24984456,NC_047568.1 24969682 25044988,10,-0.05587839703126427,0.8256970604122431
NW_022994897.1,512549,NW_022994897.1 465521 523306,5,0.05576711456360112,0.826039163641441
NC_047568.1,36479358,NC_047568.1 36440064 36488468,5,-0.055755157493586685,0.8260759236978747
NC_047564.1,22959923,NC_047564.1 22956811 22961562,8,0.05575309860214524,0.8260822534576586
NC_047560.1,51454192,NC_047560.1 51453938 51458408,5,0.05573109713065113,0.8261498943921309
NC_047561.1,13947354,NC_047561.1 13911501 13948420,3,-0.05564936816229149,0.8264011706818832
NC_047563.1,4257883,NC_047563.1 4257293 4260218,8,-0.055587223597338774,0.8265922453282637
NC_047563.1,41555553,NC_047563.1 41552196 41576093,20,0.055516094648522106,0.8268109554555065
NC_047563.1,329514,NC_047563.1 175641 457526,5,-0.05550400580911484,0.8268481279070752
NC_047564.1,9941524,NC_047564.1 9937063 9943981,7,0.05545666056205218,0.826993715055832
NC_047566.1,50121577,NC_047566.1 50110198 50261197,13,0.05545661584643843,0.8269938525593679
NC_047561.1,2317296,NC_047561.1 2315548 2320909,19,-0.055438226497161694,0.8270504014577161
NC_047564.1,19616807,NC_047564.1 19602655 19617071,5,0.055413652550357156,0.8271259698119052
NC_047559.1,49999435,NC_047559.1 49973792 50032433,3,-0.05538895576637023,0.8272019173637221
NC_047559.1,54144472,NC_047559.1 54133147 54144869,5,0.055323690319053494,0.8274026286924099
NC_047564.1,4453089,NC_047564.1 4450966 4460080,5,0.055303260348694996,0.8274654592283958
NC_047564.1,6752431,NC_047564.1 6722259 6754635,11,0.055280265819747036,0.8275361780260645
NC_047562.1,28962551,NC_047562.1 28929402 28967220,3,-0.0552721225090574,0.8275612227705418
NC_047559.1,607971,NC_047559.1 596479 618239,4,0.05526355112196544,0.82758758423459855
NC_047559.1,3145828,NC_047559.1 3132280 3154791,8,0.055188081654510626,0.8278196995836314
NC_047565.1,54369775,NC_047565.1 54366653 54370193,9,0.055160493133167315,0.8279045547613055
NC_047561.1,46375864,NC_047561.1 46373638 46413648,8,0.05515757104339926,0.827913542462163
NC_047565.1,23977608,NC_047565.1 23962115 23991459,20,0.05515496929045739,0.82792154489502
NC_047565.1,25652503,NC_047565.1 25626905 25683502,13,0.05513926639410588,0.8279698439715394
NC_047566.1,11384746,NC_047566.1 11378826 11389532,10,0.055121356264941385,0.8280249327867903
NC_047564.1,53531159,NC_047564.1 53513745 53564472,6,-0.05510572362960378,0.8280730170039456
NC_047566.1,52222713,NC_047566.1 52206506 52227709,5,0.055013711078131924,0.8283560489817084
NC_047564.1,16237922,NC_047564.1 16237368 16238641,7,-0.05500416736819838,0.8283854067276895
NC_047566.1,27057758,NC_047566.1 27051771 27070177,5,0.05495901782608289,0.8285242957749891
NC_047564.1,33429487,NC_047564.1 33429007 33467067,9,0.05493714102524894,0.828591594943087
NC_047565.1,18689155,NC_047565.1 18688187 18690517,14,-0.054889123249713304,0.8287393150545536
NC_047559.1,26658950,NC_047559.1 26658350 26670542,3,0.054856878100092404,0.8288385159108428
NC_047559.1,24689640,NC_047559.1 24669929 24742963,5,-0.054797936487239116,0.8290198536891205
NC_047564.1,48108913,NC_047564.1 48089469 48112564,19,0.05478036780222716,0.8290739065044266
NC_047565.1,32087845,NC_047565.1 32070829 32106949,9,0.05473847677965572,0.8292027937535759
NW_022994838.1,67357,NW_022994838.1 46449 74056,3,-0.054734661200686964,0.8292145334554899
NC_047562.1,21293144,NC_047562.1 21287254 21293475,8,-0.05469358970829356,0.8293409036334642
NC_047559.1,44411508,NC_047559.1 44411136 44428991,7,0.05458099101667685,0.8296873715894532
NC_047560.1,53730069,NC_047560.1 53728246 53730919,4,0.054559080306541545,0.8297547946684378
NW_022994960.1,6983,NW_022994960.1 5269 11722,8,-0.05451955711260665,0.8298764172955806
NC_047561.1,49759395,NC_047561.1 49755947 49761167,20,0.05445900804661836,0.8300627488593234
NC_047565.1,48237731,NC_047565.1 48235710 48240469,7,-0.05445866774971277,0.8300637961014282
NC_047567.1,34593023,NC_047567.1 34587143 34593446,6,-0.05444621323206056,0.8301021242756421
NC_047562.1,47060091,NC_047562.1 47058761 47063613,19,-0.054439012546481834,0.8301242842028831
NC_047565.1,11421973,NC_047565.1 11384271 11464307,5,0.0544267510401133,0.8301620189584319
NW_022994951.1,167685,NW_022994951.1 167268 173649,13,-0.05440629626426508,0.8302249692674878
NC_047561.1,49645262,NC_047561.1 49642932 49654050,6,-0.054398853950992976,0.8302478734985952
NC_047565.1,4715627,NC_047565.1 4712997 4730091,4,0.05436842915713054,0.830341509248844
NC_047565.1,55755984,NC_047565.1 55741038 55760777,5,-0.05428450215746146,0.8305998153701304
NC_047565.1,48665698,NC_047565.1 48645805 48674574,4,0.054247260647632266,0.830714440632075
NC_047559.1,19068336,NC_047559.1 19047305 19074805,4,0.05419158438422963,0.8308858120970495
NC_047561.1,9971296,NC_047561.1 9965224 9984765,6,0.05418898308830712,0.8308938190600396
NC_047561.1,27582521,NC_047561.1 27580149 27582554,9,-0.05418265641737123,0.8309132930428541
NC_047568.1,22362772,NC_047568.1 22359155 22363456,7,-0.05411777323101329,0.8311130139203217
NC_047565.1,37932590,NC_047565.1 37925281 37938300,6,0.05411302287026567,0.8311276366813177
NC_047565.1,6796564,NC_047565.1 6796106 6801689,3,0.05410100016197637,0.8311646457253441
NC_047568.1,34305478,NC_047568.1 34294735 34311174,7,0.05409013076906413,0.8311981048535895
NC_047566.1,25711141,NC_047566.1 25659264 25713594,5,-0.05407181613303416,0.8312544832135931
NC_047568.1,52751361,NC_047568.1 52740846 52775156,12,-0.053970400911783074,0.8315666861746043
NC_047567.1,8513569,NC_047567.1 8504069 8516072,5,-0.05395520473038941,0.8316134691180774
NC_047561.1,53685420,NC_047561.1 53682061 53694137,3,-0.05393063027399577,0.8316891251459334
NC_047565.1,13422204,NC_047565.1 13403639 13456801,7,0.05386459299149285,0.8318924374701486
NC_047568.1,4626623,NC_047568.1 4616147 4629810,5,-0.053863508947137186,0.8318957750571241
NC_047565.1,34049740,NC_047565.1 34022007 34052334,8,-0.0538497369107918,0.8319381770373478
NC_047562.1,24522746,NC_047562.1 24505604 24525332,4,-0.05383671104145724,0.8319782820904855
NC_047565.1,52533403,NC_047565.1 52533293 52538754,18,-0.053812617965513135,0.8320524627552157
NC_047568.1,30025374,NC_047568.1 30015214 30031060,7,0.05380995313843895,0.8320606676287966
NC_047561.1,16643395,NC_047561.1 16641660 16647223,13,0.05379197196795978,0.8321160312141485
NW_022994829.1,113034,NW_022994829.1 109708 243958,6,-0.05378659353223862,0.8321325914326516
NC_047559.1,52056990,NC_047559.1 52056937 52104127,16,0.05377419826011754,0.8321707567660205
NC_047561.1,39635895,NC_047561.1 39635803 39639680,8,-0.05377351449358904,0.832172862109583
NC_047568.1,26440462,NC_047568.1 26434167 26441746,4,0.05374777609476563,0.83225211242447
NC_047563.1,22562528,NC_047563.1 22544644 22636846,20,0.05369574649945453,0.832412319856845
NC_047564.1,41972558,NC_047564.1 41972199 41982879,6,0.053652223584124574,0.8325463386905756
NC_047559.1,40534288,NC_047559.1 40531671 40571354,6,0.05364875696994031,0.8325570135226996
NC_047565.1,44558436,NC_047565.1 44550495 44562698,3,-0.05362517394994425,0.8326296340482091
NC_047565.1,25717600,NC_047565.1 25704941 25718475,12,-0.053612107281599194,0.8326698715332793
NC_047568.1,18117519,NC_047568.1 18115760 18146871,6,-0.053611172665496754,0.8326727496043118
NW_022994985.1,13429,NW_022994985.1 12668 17340,15,0.05360758121098518,0.8326838092027657
NC_047561.1,56475990,NC_047561.1 56456728 56498445,3,0.053587454999044756,0.8327457868244563
NC_047559.1,5388333,NC_047559.1 5360521 5395516,20,-0.05349798712744238,0.8330213098307067
NC_047562.1,36127325,NC_047562.1 36089865 36127542,7,-0.053414772424171454,0.8332775923578475
NC_047561.1,50274138,NC_047561.1 50272152 50281180,15,0.05328133826604859,0.8336885728603222
NC_047568.1,7200338,NC_047568.1 7196069 7261030,4,-0.053280377831366944,0.8336915311716885
NC_047566.1,53270383,NC_047566.1 53258921 53285855,13,-0.05317167432600602,0.8340263712219482
NC_047566.1,10973746,NC_047566.1 10962607 10979829,17,-0.053129836993613413,0.8341552502488614
NC_047562.1,24346469,NC_047562.1 24331603 24352933,8,-0.05312224361792244,0.8341786419151035
NC_047564.1,28653031,NC_047564.1 28634556 28742989,3,-0.05307329443209109,0.8343294348168381
NC_047561.1,3598466,NC_047561.1 3598156 3606753,6,0.0530670045688229,0.8343488117736242
NC_047567.1,15846781,NC_047567.1 15846335 15862208,4,-0.05303486257284135,0.8344478318883357
NC_047564.1,31050937,NC_047564.1 31033601 31065890,4,0.05302213427345013,0.8344870447213938
NC_047564.1,40687747,NC_047564.1 40669532 40690356,8,-0.0529435149548205,0.8347292601892711
NC_047561.1,4267917,NC_047561.1 4253648 4367559,17,0.05291599701922281,0.8348140425654917
NC_047564.1,38398671,NC_047564.1 38370960 38400469,4,0.052901049257963365,0.8348600971362079
NC_047560.1,44268393,NC_047560.1 44263019 44274980,7,-0.05288013440142044,0.8349245373925293
NW_022994918.1,380448,NW_022994918.1 335598 404469,6,0.05282354830551028,0.8350988884523358
NC_047564.1,53940514,NC_047564.1 53938167 53946578,10,-0.05278780797610804,0.83520901405066
NC_047559.1,30029274,NC_047559.1 30024980 30044706,5,0.05278666698097457,0.8352125298125863
NC_047568.1,12812025,NC_047568.1 12799211 12824651,8,-0.052786124295427186,0.8352142019970854
NC_047568.1,43838039,NC_047568.1 43829064 43839745,8,-0.05278243207509454,0.8352255789046252
NC_047561.1,53732727,NC_047561.1 53731498 53744761,16,-0.05276934495145706,0.8352659047540494
NC_047568.1,42684433,NC_047568.1 42683506 42684914,4,-0.05274887026421975,0.8353289949671073
NC_047564.1,56459689,NC_047564.1 56458123 56460861,6,0.05270649241446652,0.8354595801014821
NC_047560.1,44275207,NC_047560.1 44088081 44306650,4,-0.05270181813288988,0.8354739839072363
NC_047564.1,54807907,NC_047564.1 54803471 54808353,20,-0.05262249624688861,0.8357184220108962
NC_047561.1,9722824,NC_047561.1 9722674 9733840,5,0.052615894456410024,0.8357387667161016
NC_047565.1,37507982,NC_047565.1 37460628 37513316,16,-0.05253475204661414,0.8359888309806222
NC_047561.1,8070875,NC_047561.1 8067637 8073241,20,0.05251097285665066,0.836062116403389
NC_047559.1,30678012,NC_047559.1 30676723 30683403,3,0.052487562862778364,0.8361342652504078
NC_047568.1,15985858,NC_047568.1 15971843 15992335,6,-0.05233082035377583,0.836617372651367
NC_047561.1,49758513,NC_047561.1 49734890 49767198,3,0.052298963200023224,0.8367155686923107
NC_047559.1,21158063,NC_047559.1 21150477 21170096,3,0.05227822074818724,0.8367795061676455
NC_047561.1,18009600,NC_047561.1 17998811 18015850,8,0.052257452023232384,0.8368435256036063
NC_047564.1,3808835,NC_047564.1 3802156 3832279,7,0.052245096230840296,0.836881612702021
NC_047564.1,23940470,NC_047564.1 23939502 23941958,12,-0.052237583110698406,0.8369047722876
NC_047566.1,50371206,NC_047566.1 50364393 50371931,5,-0.05220720098665091,0.836998428074306
NC_047568.1,3661074,NC_047568.1 3653447 3662116,10,-0.052183259699746125,0.8370722308372184
NC_047563.1,9992274,NC_047563.1 9964510 10020501,3,-0.05215759025923983,0.8371513623419106
NC_047568.1,40570869,NC_047568.1 40569378 40591082,8,0.05214643324663071,0.8371857566677073
NC_047565.1,51257677,NC_047565.1 51256018 51260096,15,-0.05212412104298343,0.8372545405464116
NC_047565.1,35405258,NC_047565.1 35396115 35420870,9,0.0521039378637549,0.8373167620534641
NC_047566.1,19748553,NC_047566.1 19746133 19750108,9,-0.052095131889727975,0.8373439097480015
NC_047565.1,46355346,NC_047565.1 46352307 46356354,9,-0.05209162138751347,0.8373547322272322
NC_047567.1,5432663,NC_047567.1 5393354 5455869,3,-0.052084308978241775,0.8373772756429018
NC_047563.1,58483723,NC_047563.1 58479132 58484359,9,-0.052073004246738386,0.8374121272200383
NC_047562.1,6753109,NC_047562.1 6730172 6753152,10,0.0520400798748585,0.8375136320486356
NC_047568.1,22107135,NC_047568.1 22076687 22149649,3,-0.052013271118407256,0.8375962844258726
NC_047563.1,750585,NC_047563.1 725185 766661,9,-0.05200918995597529,0.8376088669409221
NC_047568.1,40052011,NC_047568.1 40024817 40052529,4,0.05195626056405397,0.8377720554289267
NC_047559.1,30499123,NC_047559.1 30493572 30500656,3,-0.05189019940214061,0.8379757397809611
NW_022994774.1,832682,NW_022994774.1 830220 834155,4,0.05186098507603652,0.8380658185420333
NC_047559.1,2093352,NC_047559.1 2091473 2156950,10,0.05182336300171102,0.8381818243769081
NC_047560.1,47697085,NC_047560.1 47691832 47720687,9,0.051820612970354375,0.838190304089286
NC_047559.1,4327631,NC_047559.1 4322931 4332038,14,-0.051786901341319407,0.8382942551615847
NC_047565.1,5411518,NC_047565.1 5255329 5422969,3,-0.05171324323116344,0.8385213915684233
NC_047561.1,46709603,NC_047561.1 46708829 46726475,5,-0.051617689886810376,0.8388160634801806
NC_047568.1,31009766,NC_047568.1 31007367 31013352,17,-0.051574085068027825,0.8389505408595613
NC_047564.1,34877979,NC_047564.1 34871224 34883512,8,-0.05153901174733184,0.8390587101564955
NC_047563.1,23478987,NC_047563.1 23478623 23479833,3,-0.051495473735863245,0.8391929891444014
NC_047561.1,53356501,NC_047561.1 53339422 53394986,3,0.051475310497773444,0.8392551775966998
NC_047568.1,46597439,NC_047568.1 46577321 46605051,8,0.05138498962847007,0.8395337607863678
NC_047564.1,29530390,NC_047564.1 29527706 29546786,7,-0.05134615322265599,0.8396535523033111
NC_047564.1,47195121,NC_047564.1 47168916 47238399,10,0.05133927490587214,0.8396747689314074
NC_047566.1,56246949,NC_047566.1 56244202 56259342,4,0.05130807582461469,0.8397710059041106
NC_047559.1,11509844,NC_047559.1 11474243 11511901,14,-0.05127835572311322,0.8398626828134084
NC_047565.1,25355986,NC_047565.1 25320232 25393416,3,0.05116250288646227,0.8402200700904021
NC_047563.1,25630254,NC_047563.1 25629088 25633112,6,-0.0511455305291567,0.8402724295684298
NC_047565.1,59300896,NC_047565.1 59299118 59320803,11,-0.05111176681491716,0.8403765920377375
NC_047560.1,28999355,NC_047560.1 28996276 29005393,10,-0.05107398716723284,0.8404931468206809
NC_047562.1,23190604,NC_047562.1 23168080 23205224,7,0.05103715922332836,0.8406067685209436
NC_047566.1,28670546,NC_047566.1 28669548 28686763,10,-0.05102427970755539,0.8406465051552854
NC_047559.1,46812632,NC_047559.1 46808865 46814128,14,0.05098491012579699,0.8407679727607715
NC_047565.1,47038859,NC_047565.1 47037489 47050208,4,0.05090179463737865,0.8410244215537674
NC_047559.1,47129771,NC_047559.1 47114818 47212704,4,0.05083926322993215,0.8412173692073455
NC_047562.1,47000651,NC_047562.1 46999310 47030276,4,-0.0508172954310891,0.8412851553525934
NC_047567.1,34839972,NC_047567.1 34839566 34841272,12,0.05080182850796132,0.8413328823507968
NC_047568.1,27116061,NC_047568.1 27105476 27130925,16,-0.05076583018200354,0.8414439660838409
NC_047561.1,56663602,NC_047561.1 56639482 56668001,11,-0.05075056129751854,0.8414910837102253
NC_047560.1,27218336,NC_047560.1 27216409 27221733,7,-0.05071868390200719,0.8415894545134333
NC_047566.1,28445363,NC_047566.1 28442666 28445897,21,-0.050715553279591194,0.8415991154557692
NC_047563.1,20595099,NC_047563.1 20594290 20595416,5,0.0506817159623679,0.8417035370778966
NC_047560.1,19333268,NC_047560.1 19331792 19334906,5,-0.05065614502769344,0.8417824503938154
NW_022994958.1,65922,NW_022994958.1 38466 86290,8,-0.050644440778819313,0.8418185708306056
NC_047563.1,12534063,NC_047563.1 12523390 12558666,8,-0.05063057506281713,0.841861362151554
NC_047566.1,44023945,NC_047566.1 44023171 44025373,7,0.05055117007025736,0.8421064239344288
NC_047566.1,4553046,NC_047566.1 4542552 4554464,4,-0.05047925716536575,0.8423283753538082
NC_047559.1,52418512,NC_047559.1 52417761 52422577,6,-0.05047423302024489,0.8423438822582963
NC_047560.1,71937268,NC_047560.1 71921522 71989278,3,0.050455312112432954,0.8424022816857828
NC_047568.1,36536909,NC_047568.1 36532823 36550162,16,-0.05039958937359386,0.8425742745979745
NC_047561.1,47171557,NC_047561.1 47117211 47186158,14,0.05039007618559352,0.8426036385292449
NC_047562.1,37630476,NC_047562.1 37599615 37639967,4,0.050382053532547634,0.8426284018466006
NC_047563.1,28866186,NC_047563.1 28865433 28870400,3,-0.05028574583643196,0.8429256833012851
NC_047560.1,46244665,NC_047560.1 46242635 46254182,20,-0.05027711921390886,0.8429523128440838
NC_047560.1,70781032,NC_047560.1 70595196 71158665,3,-0.05027284320078142,0.8429655125398715
NC_047563.1,69284006,NC_047563.1 69283949 69295671,14,0.05026121693299986,0.8430014020599065
NC_047564.1,25347281,NC_047564.1 25347079 25359945,10,0.05021832996668177,0.843133793834758
NC_047562.1,7748329,NC_047562.1 7745835 7759139,7,-0.05020193153772585,0.8431844167318411
NC_047561.1,56321831,NC_047561.1 56304366 56325811,4,0.050171007351868684,0.8432798830706725
NC_047564.1,57704926,NC_047564.1 57688027 57717408,3,-0.05013253865158525,0.8433986430508127
NC_047563.1,9737475,NC_047563.1 9709756 9818305,4,0.05010196184155147,0.8434930416018258
NC_047561.1,45281762,NC_047561.1 45279519 45303349,19,0.050076151321674124,0.8435727269575307
NC_047565.1,26637819,NC_047565.1 26629021 26668726,5,-0.05007589650534979,0.8435735136644844
NC_047564.1,18311013,NC_047564.1 18300057 18311402,9,-0.04997303699941429,0.843891088368703
NC_047561.1,3291724,NC_047561.1 3291373 3294159,5,0.049827574504034564,0.8443402372382465
NC_047561.1,7792566,NC_047561.1 7788039 7798580,8,0.04980148700364647,0.8444207932242096
NC_047561.1,53736949,NC_047561.1 53731498 53744761,4,0.049768608063080144,0.8445223226928886
NC_047559.1,40201874,NC_047559.1 40182188 40220422,13,0.04971541752928928,0.8446865788658284
NC_047568.1,39034792,NC_047568.1 39029333 39037156,6,-0.04968519352115585,0.8447799154813485
NC_047565.1,11300134,NC_047565.1 11284951 11337318,11,-0.049659434485027826,0.8448594650953832
NC_047567.1,32319535,NC_047567.1 32316710 32327994,12,-0.04964746330396478,0.8448964352425012
NC_047561.1,2797370,NC_047561.1 2789962 2853802,15,-0.049642382338600854,0.844912126689487
NC_047559.1,51163124,NC_047559.1 51130411 51234319,18,-0.049618722848983686,0.8449851945647686
NC_047563.1,41835792,NC_047563.1 41827698 41836786,21,0.04960971193355994,0.8450130233956303
NC_047559.1,3624348,NC_047559.1 3605784 3628135,9,0.04959469167566918,0.8450594115474938
NC_047560.1,51068911,NC_047560.1 50992354 51073373,7,0.049574133044431166,0.8451229050456142
NC_047561.1,36030501,NC_047561.1 36025205 36071181,3,-0.04956739621841706,0.8451437113292086
NC_047560.1,55689456,NC_047560.1 55687982 55692856,13,-0.049328767890610165,0.8458807634282154
NC_047561.1,10010021,NC_047561.1 10009618 10010262,6,0.0493244207977156,0.8458941914393896
NC_047564.1,55508563,NC_047564.1 55504297 55518524,7,-0.04922671988146422,0.8461959966540896
NC_047559.1,12311538,NC_047559.1 12285619 12320498,8,0.04920867309227596,0.8462517467246397
NC_047565.1,56567783,NC_047565.1 56552542 56584616,18,0.048968175093958836,0.8469947584296649
NC_047562.1,29646632,NC_047562.1 29643817 29650498,5,0.04893176642497652,0.8471072526914643
NC_047561.1,9767350,NC_047561.1 9764583 9767754,11,0.04892266058549437,0.8471353880430186
NC_047561.1,33149481,NC_047561.1 33095855 33158654,17,0.04885960499742326,0.8473302229149533
NC_047561.1,52626815,NC_047561.1 52624215 52629902,10,0.04877552970579374,0.8475900194747343
NC_047559.1,43862374,NC_047559.1 43860021 43874284,3,-0.04871054107279342,0.8477908476185491
NC_047568.1,31125161,NC_047568.1 31119197 31139849,6,0.04868805485873371,0.8478603366888227
NC_047568.1,54313814,NC_047568.1 54290688 54329672,5,0.04868705981515713,0.8478634116932492
NC_047561.1,26748863,NC_047561.1 26722841 26752012,16,0.04867371128198277,0.8479046631526609
NC_047562.1,51739654,NC_047562.1 51719248 51772729,7,0.04860661134362846,0.8481120302371938
NC_047560.1,20067572,NC_047560.1 20067140 20068859,8,-0.04858594283574176,0.8481759065486236
NC_047560.1,24931672,NC_047560.1 24930985 24932163,7,-0.04853851611504894,0.8483224828913101
NC_047564.1,24816666,NC_047564.1 24813972 24829609,8,0.048454536699754934,0.8485820400804831
NC_047565.1,60315830,NC_047565.1 60306728 60350613,10,-0.048403661966982134,0.8487392870458021
NC_047562.1,35992962,NC_047562.1 35961520 36018993,4,0.048368135628342926,0.8488490974090359
NC_047565.1,23171088,NC_047565.1 23168559 23173243,6,-0.048356819557451455,0.8488840754467372
NC_047568.1,29383683,NC_047568.1 29368830 29430265,7,0.048353151960358734,0.8488954120672682
NC_047560.1,19068785,NC_047560.1 19019340 19084838,4,0.048286220713823935,0.8491023029254312
NC_047565.1,24063359,NC_047565.1 24046191 24066550,3,0.04822479407045614,0.8492921867884753
NC_047559.1,725838,NC_047559.1 703983 736455,8,0.04822134295699583,0.8493028552071133
NC_047565.1,54238884,NC_047565.1 54202466 54247925,7,0.04817986647420279,0.8494310733058661
NC_047565.1,19185087,NC_047565.1 19182236 19186646,6,0.048160360085822404,0.8494913755164414
NC_047560.1,72532549,NC_047560.1 72526541 72603486,3,0.04809212563711116,0.8497023223082434
NC_047561.1,45781097,NC_047561.1 45752446 45810498,4,-0.047971580446429685,0.8500750114845526
NC_047563.1,62639516,NC_047563.1 62637641 62645857,5,0.04792854073124713,0.8502080845633954
NC_047559.1,34180974,NC_047559.1 34176953 34183179,12,0.04781294455930188,0.8505655116197081
NC_047560.1,70703046,NC_047560.1 70690070 71346242,6,0.047773178453043,0.8506884761023709
NC_047565.1,4321299,NC_047565.1 4315099 4321992,16,0.047767966213802616,0.8507045935960541
NC_047559.1,54952724,NC_047559.1 54950819 54972757,4,-0.04774461214468681,0.8507768106696174
NC_047565.1,32386687,NC_047565.1 32386338 32391595,12,0.04770064769851008,0.850912763647004
NC_047565.1,36285247,NC_047565.1 36275508 36326082,3,-0.04767484949678657,0.8509925422985836
NC_047566.1,30587561,NC_047566.1 30584855 30590736,3,0.04765604335430924,0.8510506994945646
NC_047564.1,32813996,NC_047564.1 32809348 32816207,4,-0.047609704659808544,0.8511940030577064
NC_047566.1,21691206,NC_047566.1 21685457 21696138,5,-0.0475785605678613,0.851290319428247
NC_047560.1,44786038,NC_047560.1 44785715 44788475,4,-0.047493089310532255,0.8515546585410038
NC_047568.1,27098710,NC_047568.1 27092063 27104288,3,0.04741495747419041,0.8517963120149958
NC_047565.1,34581223,NC_047565.1 34569115 34783282,7,0.04731331095804425,0.8521107126955751
NC_047568.1,16191171,NC_047568.1 16187721 16192005,6,-0.047311237261952965,0.8521171270219053
NC_047565.1,3338201,NC_047565.1 3330965 3355703,5,-0.04726938463112062,0.8522465868526499
NC_047564.1,37899627,NC_047564.1 37851279 37912830,7,0.0472556539637672,0.852289059753607
NC_047561.1,56327682,NC_047561.1 56327308 56328798,12,0.04724710771847984,0.8523154959421195
NC_047564.1,18633563,NC_047564.1 18621265 18651220,9,-0.04721953941195478,0.8524007742891635
NC_047565.1,17276662,NC_047565.1 17272538 17295639,13,-0.04712750263559533,0.8526854872800703
NC_047567.1,18360646,NC_047567.1 18296483 18360680,6,-0.047118861338262666,0.852712219763009
NC_047562.1,45263266,NC_047562.1 45254594 45271226,11,0.04704435651850139,0.852942712183783
NC_047563.1,41558324,NC_047563.1 41552196 41576093,3,-0.04699221572108743,0.8531040247146913
NC_047559.1,52993199,NC_047559.1 52961431 53010809,15,0.04696481858010815,0.8531887878613673
NC_047565.1,8589909,NC_047565.1 8586649 8590367,6,-0.04682270127715829,0.8536285046217355
NC_047565.1,24123165,NC_047565.1 24106691 24152676,3,0.046813583942828675,0.8536567154305761
NC_047561.1,3209984,NC_047561.1 3209665 3212088,11,-0.046813336699008945,0.8536574804534804
NC_047566.1,53269743,NC_047566.1 53258921 53285855,12,0.04678689047807976,0.853739311182739
NC_047563.1,6169569,NC_047563.1 6158831 6185263,4,0.04672007681033036,0.8539460544631942
NC_047565.1,16556510,NC_047565.1 16550495 16566455,19,-0.0466915462475363,0.8540343400898196
NC_047559.1,50523545,NC_047559.1 50509865 50553763,10,0.046558703919736565,0.8544454321429619
NC_047560.1,18809027,NC_047560.1 18807551 18945840,3,0.04641637382306481,0.85488592450152745
NC_047563.1,1663663,NC_047563.1 1660746 1695898,7,0.04641212455669596,0.8548990760333266
NC_047559.1,10977011,NC_047559.1 10944328 10981619,4,0.046393369562542724,0.8549571234061749
NC_047561.1,49058538,NC_047561.1 49024093 49066507,9,0.04637238122771129,0.8550220838879435
NC_047561.1,23779267,NC_047561.1 23777608 23784140,4,0.04635770294129961,0.8550675148203265
NC_047564.1,54476569,NC_047564.1 54452056 54486355,6,0.046219626667497765,0.8554948974882031
NC_047562.1,47039812,NC_047562.1 47032692 47048707,3,-0.04619839180883787,0.8555606284025615
NC_047564.1,25987719,NC_047564.1 25985977 25995814,14,-0.04618823337844225,0.855592073382865
NC_047564.1,35654826,NC_047564.1 35642336 35656831,8,-0.04618050090878416,0.855616009045771
NC_047568.1,8892789,NC_047568.1 8881118 8921742,3,-0.046145609392589146,0.8557240163366676
NC_047563.1,11627192,NC_047563.1 11621605 11631554,20,-0.04594498627647731,0.8563450959486267
NC_047563.1,23262398,NC_047563.1 23257161 23264796,3,0.04594327446166198,0.8563503956505508
NC_047562.1,17083794,NC_047562.1 17054166 17098627,4,0.045902605287262865,0.856476307310498
NW_022994991.1,29007,NW_022994991.1 25538 31500,10,-0.045794386433828334,0.8568113686591008
NC_047561.1,4265919,NC_047561.1 4262163 4269006,3,0.045743018667330874,0.8569704189104451
NC_047565.1,921255,NC_047565.1 914746 940861,13,-0.04572465964261398,0.85702726531514
NC_047559.1,8142028,NC_047559.1 8141679 8154758,8,-0.04554599360535138,0.8575805170877371
NC_047564.1,40701890,NC_047564.1 40692098 40713438,6,0.045525896056717925,0.8576427544972312
NC_047559.1,13548972,NC_047559.1 13546378 13569943,9,-0.045506541121102834,0.8577026929629805
NC_047560.1,5719848,NC_047560.1 5715897 5724575,9,-0.045499581372135035,0.8577242461310097
NC_047562.1,33987038,NC_047562.1 33984557 33988271,7,-0.04533051991625971,0.8582478303076677
NC_047563.1,7212331,NC_047563.1 7203127 7222090,8,-0.04531255198878715,0.8583034803821871
NC_047565.1,5103342,NC_047565.1 5085538 5246064,3,0.04529867567797325,0.8583464583799676
NC_047566.1,45059275,NC_047566.1 45058413 45059628,5,0.045265270400150694,0.8584499234537459
NC_047559.1,12837980,NC_047559.1 12832141 12852961,3,0.04522803936134265,0.8585652405180014
NC_047560.1,4619610,NC_047560.1 4387457 4700231,4,0.04520680640442349,0.8586310073554388
NC_047568.1,47673699,NC_047568.1 47671567 47680444,16,0.04519301510870531,0.8586737249091407
NC_047565.1,54955031,NC_047565.1 54942794 54994945,18,0.04516040609280271,0.8587747304928679
NC_047559.1,26468611,NC_047559.1 26467475 26468672,11,-0.04510847120577086,0.8589356017703957
NC_047561.1,45924747,NC_047561.1 45922887 45925638,8,-0.045009718694818325,0.8592415078904236
NC_047566.1,8991408,NC_047566.1 8989720 8999074,4,0.045003382994513855,0.8592611346708028
NC_047567.1,25479110,NC_047567.1 25464660 25490633,4,-0.044972323053018494,0.8593573535283566
NC_047565.1,23359494,NC_047565.1 23358336 23369215,14,0.04488097169737347,0.859640356712334
NC_047564.1,2020165,NC_047564.1 2016819 2060477,16,-0.04479413740545829,0.8599093812873114
NC_047566.1,8775261,NC_047566.1 8773343 8776009,9,0.0447185434050457,0.8601435938471336
NC_047564.1,17547147,NC_047564.1 17540214 17556979,7,-0.04469117184168728,0.8602284017816826
NC_047560.1,51038974,NC_047560.1 50992354 51073373,6,0.04468387189030135,0.860251020165615
NC_047564.1,31261456,NC_047564.1 31256854 31263585,4,-0.04466899050945018,0.8602971293939624
NC_047559.1,6580129,NC_047559.1 6577785 6589665,12,0.044652137694182435,0.8603493475342854
NC_047567.1,36626008,NC_047567.1 36472648 36647305,3,-0.04464393140742941,0.8603747747634888
NC_047562.1,9730065,NC_047562.1 9729289 9738924,13,-0.044638196309122476,0.8603925450779033
NC_047564.1,42817071,NC_047564.1 42816719 42876772,5,-0.04456673439016448,0.8606139765824854
NC_047559.1,28957664,NC_047559.1 28940269 28958208,16,-0.04451563175972239,0.8607723289765534
NC_047568.1,46004270,NC_047568.1 45996561 46008024,5,0.04446214763420898,0.8609380663527255
NC_047561.1,14794278,NC_047561.1 14773851 14817015,6,-0.044308512192881754,0.8614141847932523
NC_047562.1,36069007,NC_047562.1 36056015 36086534,4,-0.04429043481006208,0.8614702098550289
NW_022994952.1,61086,NW_022994952.1 28444 64723,3,-0.044288879140663845,0.86147503118379265
NC_047560.1,22679837,NC_047560.1 22676543 22684434,6,-0.04426141894614457,0.8615601365531749
NC_047561.1,16643597,NC_047561.1 16641660 16647223,14,-0.04416170434891251,0.8618691868945817
NC_047559.1,52699708,NC_047559.1 52696505 52706017,11,0.04412681826237492,0.8619773155635346
NC_047565.1,60315830,NC_047565.1 60301595 60331352,10,-0.044081212592477124,0.8621186728698138
NC_047560.1,4908064,NC_047560.1 4669163 4998151,8,0.04406115455484242,0.8621808451336643
NC_047561.1,54503582,NC_047561.1 54491204 54522223,16,-0.04405965160988431,0.8621855037206546
NC_047559.1,30363033,NC_047559.1 30360266 30364903,8,-0.04404955903557429,0.8622167871709143
NC_047568.1,25904304,NC_047568.1 25742625 26027748,11,0.043977420598626464,0.862440396771501
NC_047564.1,35880170,NC_047564.1 35861265 35887615,18,-0.04389576181595689,0.8626935288698994
NC_047564.1,3774086,NC_047564.1 3767275 3774199,7,-0.0438495370182002,0.8628368256529273
NC_047566.1,19748197,NC_047566.1 19746133 19750108,15,0.04384176372110591,0.8628609232590715
NC_047564.1,33416020,NC_047564.1 33412770 33424700,4,-0.04360310286223062,0.863600839713239
NC_047568.1,47786501,NC_047568.1 47785353 47807851,4,-0.043599511197192874,0.8636119757214896
NC_047568.1,56273102,NC_047568.1 56267998 56279938,11,0.04359090093583176,0.863638672058227
NC_047565.1,42687895,NC_047565.1 42671754 42704352,3,0.04349916234126823,0.863923118650149
NW_022994951.1,31047,NW_022994951.1 22546 50391,15,0.04341771099501773,0.8641756817312035
NC_047565.1,56246802,NC_047565.1 56244099 56248953,8,0.04341151878048349,0.8641948829674608
NC_047566.1,33204580,NC_047566.1 33185367 33222559,3,-0.043371932700534487,0.8643176358631507
NC_047559.1,18657246,NC_047559.1 18643541 18667329,5,-0.043365963788378266,0.8643361451827842
NC_047561.1,50637086,NC_047561.1 50630040 50638893,4,-0.043274518609068585,0.8646197208365274
NC_047566.1,27158435,NC_047566.1 27116040 27161692,20,0.04326529685891161,0.8646483187767876
NC_047564.1,32424309,NC_047564.1 32423236 32428717,7,-0.04323362533904891,0.8647465378191771
NC_047565.1,54986417,NC_047565.1 54942794 54994945,6,-0.04315637121421161,0.8649861245744259
NC_047568.1,51248480,NC_047568.1 51238373 51261653,12,-0.04313730153516475,0.8650452667340724
NC_047563.1,33828799,NC_047563.1 33827881 33829779,4,0.043133182549134515,0.8650580413296969
NC_047568.1,55106169,NC_047568.1 55104116 55108520,17,0.04313285851066806,0.8650590463017722
NC_047567.1,33826162,NC_047567.1 33820241 33837053,3,0.04312450703792008,0.8650849476060714
NC_047564.1,5737520,NC_047564.1 5734529 5740165,9,0.04309983146053877,0.8651614773441157
NC_047561.1,5224490,NC_047561.1 5216349 5226054,9,0.043045547359652624,0.8653298400569456
NC_047564.1,8837417,NC_047564.1 8825308 8840057,4,0.04302902186083254,0.8653810951621862
NC_047565.1,19417045,NC_047565.1 19416752 19418391,10,-0.04295406322772628,0.8656135915417624
NC_047560.1,70845543,NC_047560.1 70831766 70847437,8,-0.042915358564462804,0.8657336444550702
NC_047561.1,51621734,NC_047561.1 51587070 51622815,4,0.0427797653093865,0.8661542454168183
NC_047561.1,12407052,NC_047561.1 12400301 12409240,4,-0.04271062740926399,0.8663687196126885
NC_047566.1,42757073,NC_047566.1 42724057 42804817,3,0.04268618335090591,0.8664445501882964
NW_022994982.1,7240,NW_022994982.1 2087 19721,7,-0.04263287404147962,0.8666099306513071
NC_047568.1,50522555,NC_047568.1 50511096 50543063,3,0.042630025692917524,0.8666187671776326
NC_047561.1,57205158,NC_047561.1 57198948 57214527,3,0.04261595351639195,0.8666624239789605
NC_047565.1,15005101,NC_047565.1 15004221 15006067,11,0.042573068380635654,0.8667954708967772
NC_047566.1,13529560,NC_047566.1 13523422 13556661,3,0.042557146328047656,0.866844868367146
NC_047568.1,41503256,NC_047568.1 41501866 41504469,7,0.04243765007742719,0.8672156152188152
NC_047563.1,66821424,NC_047563.1 66820792 66823638,4,0.04242110395920761,0.867266952978534
NC_047565.1,37516216,NC_047565.1 37513698 37518321,17,-0.04241527519238781,0.8672850380555539
NC_047564.1,36408240,NC_047564.1 36397513 36415321,10,0.04241497860873744,0.8672859582755762
NC_047568.1,47866898,NC_047568.1 47864483 47869377,3,-0.0424021276083054,0.8673258316608095
NC_047568.1,50313203,NC_047568.1 50312267 50313861,3,-0.04235260032061783,0.8674795050849955
NC_047559.1,46338585,NC_047559.1 46322694 46348928,5,0.042312691379485366,0.8676033379627379
NC_047565.1,57572183,NC_047565.1 57569997 57579140,19,0.042143048824377964,0.8681297520969115
NC_047564.1,4158161,NC_047564.1 4113919 4173330,6,-0.04213758342559459,0.8681467125361622
NC_047561.1,8976318,NC_047561.1 8962559 8986747,9,-0.0421345603195348,0.868156093980649
NC_047566.1,52858412,NC_047566.1 52849076 52859177,4,-0.04209097668310034,0.8682913466269123
NW_022994829.1,242376,NW_022994829.1 109708 243958,9,0.04201346403601414,0.868531899415086
NC_047564.1,3369090,NC_047564.1 3349816 3373732,10,-0.04183800367226428,0.8690764637498161
NC_047564.1,30041505,NC_047564.1 30022882 30049596,8,0.04182207470837917,0.869125904165468
NC_047568.1,37755694,NC_047568.1 37753354 37757610,8,0.04176246721723227,0.8693109183585495
NC_047561.1,3292305,NC_047561.1 3291373 3294159,7,0.0417293957364105,0.8694135708829959
NC_047562.1,46478763,NC_047562.1 46477001 46480155,3,0.041722905335833914,0.8694337170543143
NC_047566.1,54854555,NC_047566.1 54828390 54864139,4,-0.04171675791883323,0.869452798676861
NC_047561.1,4523138,NC_047561.1 4521279 4558257,5,-0.04164482992717894,0.8696760687296038
NC_047566.1,38105953,NC_047566.1 38104934 38106490,6,0.04164185799314648,0.869685294044732
NC_047566.1,7710042,NC_047566.1 7674237 7715471,7,0.04157507223603687,0.8698926109610169
NC_047565.1,490816,NC_047565.1 486832 502405,9,-0.04155572954331526,0.8699526562208058
NC_047563.1,9295804,NC_047563.1 9291169 9298017,6,-0.04154472041948769,0.8699868319975035
NC_047559.1,47332499,NC_047559.1 47328109 47333564,3,0.04154452545110213,0.8699874372425587
NC_047568.1,3760726,NC_047568.1 3759234 3771445,14,-0.0415416694905958,0.8699963030774245
NC_047564.1,46252451,NC_047564.1 46252142 46264066,5,0.04150323353892118,0.8701156222687567
NC_047560.1,3255186,NC_047560.1 3218183 3644996,4,-0.04138633204434994,0.8704785434761337
NC_047568.1,28237208,NC_047568.1 28235302 28241386,3,-0.04124117578546799,0.8709292159887344
NC_047568.1,45563582,NC_047568.1 45562249 45571944,15,-0.04115930757948133,0.8711834122179216
NC_047561.1,48748945,NC_047561.1 48743837 48771240,15,-0.04106517222691112,0.8714757121010424
NC_047566.1,17135680,NC_047566.1 17130718 17145903,14,-0.041054209680091394,0.8715097529592717
NC_047566.1,1366951,NC_047566.1 1354633 1414618,6,-0.041025483654465005,0.8715989539225466
NC_047565.1,8785368,NC_047565.1 8783071 8793153,9,0.04099690793135532,0.8716876896243637
NW_022994938.1,195962,NW_022994938.1 192776 196568,6,-0.040979371160635325,0.871742146978984
NC_047561.1,48732042,NC_047561.1 48730111 48738349,6,-0.040945144053705286,0.8718484348155161
NC_047563.1,26268576,NC_047563.1 26201758 26268861,7,-0.04086571030370426,0.8720951140589693
NC_047564.1,32082294,NC_047564.1 32073301 32103817,7,0.0408570553465497,0.8721219924602002
NC_047559.1,33401276,NC_047559.1 33400498 33411039,3,-0.04085505650477491,0.872128199981999
NC_047565.1,58024021,NC_047565.1 58009487 58026087,10,-0.040844606361299295,0.8721606536386932
NC_047568.1,49378816,NC_047568.1 49357031 49379664,5,-0.0408155412553085,0.8722509183941017
NC_047563.1,8726829,NC_047563.1 8711079 8786874,4,0.04078896330665397,0.872333460334237
NC_047566.1,17142476,NC_047566.1 17130718 17145903,6,-0.04078643376533805,0.8723413162823792
NC_047563.1,25632472,NC_047563.1 25629088 25633112,11,-0.04071187486227553,0.8725728775452017
NC_047568.1,3730185,NC_047568.1 3723306 3745483,4,-0.04063607911560676,0.8728082902377361
NC_047562.1,37506373,NC_047562.1 37490860 37509454,8,0.040634222567301335,0.8728140565865139
NC_047560.1,51563411,NC_047560.1 51556988 51604444,11,-0.040624150645097,0.8728453395935286
NW_022994955.1,141715,NW_022994955.1 129497 146085,3,-0.04058497044460546,0.872967033511817
NC_047563.1,15571987,NC_047563.1 15570810 15578312,5,-0.04055571581269757,0.8730579003291482
NC_047568.1,47870620,NC_047568.1 47869543 47877225,5,-0.0404966361870617,0.8732414101535757
NW_022994852.1,172903,NW_022994852.1 170325 177031,9,0.04041231521775083,0.8735033338885425
NC_047568.1,27361919,NC_047568.1 27351301 27368899,8,-0.04040093325215398,0.8735386903112299
NC_047568.1,34264825,NC_047568.1 34254915 34279413,3,-0.040388423789493935,0.8735775494027378
NC_047563.1,65156000,NC_047563.1 65148779 65164499,20,0.04034699617450177,0.8737062411066604
NC_047565.1,11307338,NC_047565.1 11284951 11337318,20,0.04032006352958006,0.8737899069175565
NC_047563.1,25854690,NC_047563.1 25854145 25856384,17,-0.04018735144827061,0.8742021933685021
NC_047560.1,4974413,NC_047560.1 4669163 4998151,7,0.040175600261767246,0.8742387013664241
NC_047566.1,36158613,NC_047566.1 36129426 36164224,4,-0.04016755075549493,0.8742637093090104
NC_047565.1,9891612,NC_047565.1 9889780 9899755,4,0.040146314808985416,0.8743296849965454
NC_047559.1,35209347,NC_047559.1 35177862 35223283,14,0.04013319709965968,0.8743704393966655
NW_022994778.1,754376,NW_022994778.1 729747 759992,6,-0.040093773705512016,0.8744929227119983
NC_047566.1,37985237,NC_047566.1 37980702 37986337,7,0.040067569097930876,0.8745743384932373
NC_047568.1,32307735,NC_047568.1 32304765 32309909,8,-0.03983521493787265,0.8752962980635173
NC_047568.1,9726761,NC_047568.1 9724458 9727755,19,0.03981700771963835,0.8753528746145626
NC_047567.1,4534033,NC_047567.1 4501061 4774726,3,-0.039781480868938617,0.8754632713156334
NC_047561.1,51686883,NC_047561.1 51683213 51720877,7,-0.03970807019731872,0.8756913957335579
NC_047563.1,1296442,NC_047563.1 1295708 1315832,6,-0.03970793458171957,0.8756918171690626
NC_047560.1,51207870,NC_047560.1 50935047 51246957,5,0.03960984935361489,0.8759966325979645
NC_047566.1,37516232,NC_047566.1 37516127 37548379,4,0.03955145469028591,0.8761781111799235
NC_047561.1,3701724,NC_047561.1 3696117 3751773,10,0.03954440425473423,0.8762000228787539
NC_047568.1,33179578,NC_047568.1 33169425 33190167,5,0.039513187648376774,0.8762970404498575
NC_047565.1,56695878,NC_047565.1 56691457 56700913,6,0.039464500208123025,0.8764483586836773
NC_047568.1,2458677,NC_047568.1 2448655 2465905,18,0.03941345392402851,0.8766070124690805
NC_047563.1,23808248,NC_047563.1 23792893 23820262,12,-0.039360184295099826,0.8767725812668341
NC_047566.1,24303467,NC_047566.1 24297809 24404515,10,-0.03927549255195635,0.8770358240202674
NC_047562.1,48524367,NC_047562.1 48519277 48535790,3,-0.03927165534854745,0.8770477512825225
NC_047559.1,21155945,NC_047559.1 21150477 21170096,7,0.03917550868620325,0.8773466142508586
NC_047561.1,17391352,NC_047561.1 17388821 17394489,6,-0.039163730586726585,0.8773832264649568
NC_047559.1,28473271,NC_047559.1 28437761 28493312,14,-0.039138274302329294,0.877462358116337
NC_047567.1,1842267,NC_047567.1 1645006 2210384,4,-0.03913811455665399,0.8774628546942256
NC_047560.1,70811718,NC_047560.1 70388123 71110591,3,-0.03910388453196656,0.8775692615418653
NC_047563.1,28922074,NC_047563.1 28919132 28923962,17,-0.03909398437031995,0.8776000373811756
NC_047568.1,46583505,NC_047568.1 46577321 46605051,7,-0.03908304760753224,0.8776340358135609
NC_047559.1,33281147,NC_047559.1 33278156 33282120,4,0.03899429724596012,0.8779099360584055
NC_047559.1,52831890,NC_047559.1 52830073 52839307,6,-0.0388473684541503,0.8783667263126258
NC_047560.1,70787381,NC_047560.1 70388123 71110591,5,-0.03875830885082396,0.8786436235382379
NC_047561.1,5339586,NC_047561.1 5329099 5340121,18,0.03874003939426904,0.8787004271760859
NC_047559.1,40206366,NC_047559.1 40182188 40220422,14,0.03869308888327431,0.8788464089158177
NC_047568.1,7182785,NC_047568.1 7161417 7183516,3,-0.03856213449893433,0.8792536008792221
NC_047564.1,5695721,NC_047564.1 5692949 5698178,8,-0.038545423571635463,0.8793055642192675
NC_047566.1,11384673,NC_047566.1 11378826 11389532,4,0.03846732235525502,0.8795484294962783
NC_047565.1,32549259,NC_047565.1 32530830 32567104,4,-0.03846687970176701,0.8795498060105706
NC_047565.1,23316189,NC_047565.1 23284220 23332287,5,0.03844376168154971,0.8796216963000356
NC_047560.1,4121570,NC_047560.1 3998385 4494423,10,-0.03843596701248893,0.8796459356457438
NC_047564.1,729951,NC_047564.1 724567 735506,4,0.038399768061666416,0.8797585060801194
NC_047561.1,45249933,NC_047561.1 45217176 45268546,6,0.038398491887468814,0.8797624747292155
NC_047561.1,55257092,NC_047561.1 55246203 55258165,9,0.03839218704549559,0.8797820815795228
NC_047565.1,58043126,NC_047565.1 58026839 58045772,8,-0.03839140389374659,0.879784517036029
NC_047559.1,36776449,NC_047559.1 36775408 36780595,3,-0.03835135189852966,0.8799090726718245
NC_047565.1,30063176,NC_047565.1 30062469 30077513,4,0.038347282547267075,0.879921727887762
NC_047559.1,10442411,NC_047559.1 10437972 10443376,3,-0.03834232415022552,0.8799371479715794
NC_047561.1,23019156,NC_047561.1 23018383 23026944,19,-0.038339574171198806,0.8799457001295841
NC_047562.1,21774598,NC_047562.1 21751223 21780030,7,-0.03826800726414497,0.8801682704507472
NC_047565.1,14317932,NC_047565.1 14313458 14321434,6,0.038217560176107085,0.8803251640855857
NC_047565.1,59513538,NC_047565.1 59508371 59522643,4,0.038212360283987536,0.8803413363201965
NC_047568.1,49038042,NC_047568.1 49017715 49042658,8,0.038211103785481995,0.8803452441750709
NC_047563.1,26537403,NC_047563.1 26532098 26541686,3,-0.0382000498443804,0.8803796233166766
NC_047565.1,24041037,NC_047565.1 24027968 24043110,18,0.038176552781087794,0.8804527028031934
NC_047566.1,11384769,NC_047566.1 11383138 11385360,4,-0.038164474826821365,0.8804902674592265
NC_047566.1,6980693,NC_047566.1 6932125 6985111,3,0.03813403967095261,0.8805849274602531
NW_022994961.1,120292,NW_022994961.1 118235 123944,5,-0.037975842544058815,0.8810769799593492
NW_022994952.1,32826,NW_022994952.1 28444 64723,4,-0.03793976260460782,0.8811892079366536
NC_047565.1,47044835,NC_047565.1 47037489 47050208,11,-0.03793724914281298,0.8811970262321884
NC_047560.1,66430811,NC_047560.1 66414233 66467794,5,-0.037930570885133956,0.8812177994621329
NW_022994955.1,354351,NW_022994955.1 348766 364060,16,-0.037891842130409435,0.8813382696621149
NC_047565.1,47013688,NC_047565.1 47013506 47035252,18,-0.0378705456220773,0.8814045159318129
NC_047565.1,37609637,NC_047565.1 37572757 37610817,20,-0.03783555180411623,0.8815133715481827
NC_047562.1,30645407,NC_047562.1 30613235 30659680,11,0.03777189248925862,0.8817114023900917
NC_047566.1,28043138,NC_047566.1 28042649 28051338,20,0.0377280312841716,0.8818478493298376
NC_047565.1,57523441,NC_047565.1 57514782 57537244,13,-0.03767955176238002,0.8819986669810416
NC_047563.1,28868185,NC_047563.1 28865433 28870400,3,-0.03747708234433558,0.882628582093461
NC_047567.1,8140663,NC_047567.1 8139997 8147798,20,0.0374678670294662,0.8826572540259305
NC_047565.1,13554496,NC_047565.1 13552673 13565696,5,0.03745292217069879,0.8827037527843921
NC_047559.1,17222087,NC_047559.1 17220913 17222226,13,0.03744600034953074,0.8827252891497388
NW_022994952.1,16726,NW_022994952.1 1583 27796,14,-0.0374342320818764,0.8827619047959531
NC_047562.1,35133917,NC_047562.1 35130622 35134623,5,0.037432877064986096,0.8827661207937022
NC_047568.1,41502881,NC_047568.1 41501866 41504469,21,-0.037365024043638735,0.8829772424256943
NC_047566.1,32472720,NC_047566.1 32470652 32473744,15,-0.037324202912446966,0.8831042591603614
NC_047565.1,49096946,NC_047565.1 49092763 49097892,13,0.037243051985605735,0.8833567718728388
NC_047566.1,700616,NC_047566.1 694442 703872,6,-0.03719632359801827,0.8835021787881826
NC_047560.1,25000938,NC_047560.1 24998439 25001616,4,0.03717213304640827,0.8835774550544349
NC_047566.1,53640517,NC_047566.1 53626410 53659339,4,-0.03717205993998646,0.8835776825487625
NC_047562.1,35976466,NC_047562.1 35961520 36018993,12,-0.037158787141535705,0.8836189853068959
NC_047565.1,21926600,NC_047565.1 21921447 21935319,4,0.03715230715741063,0.8836391500517407
NC_047565.1,59889889,NC_047565.1 59863430 59907083,13,-0.03713376395146116,0.8836968541210428
NC_047563.1,23808426,NC_047563.1 23792893 23820262,3,0.037131485101958656,0.883703945645712
NC_047568.1,37138294,NC_047568.1 37135625 37140115,3,-0.037093043039828605,0.8838235743092457
NC_047565.1,32000050,NC_047565.1 31986596 32002112,11,-0.03702969464927424,0.8840207147176198
NC_047564.1,44409168,NC_047564.1 44404855 44409643,21,-0.03696989413810093,0.8842068200621591
NC_047564.1,49197043,NC_047564.1 49189712 49212937,6,0.03695351457564682,0.8842577959527814
NC_047562.1,3555656,NC_047562.1 3549092 3558386,8,-0.03694699859286969,0.884278074882475
NC_047561.1,53356012,NC_047561.1 53339422 53394986,7,0.03693335655328723,0.8843205316254092
NC_047568.1,45990771,NC_047568.1 45988093 45996317,5,-0.03690713269978208,0.8844021463201877
NC_047565.1,14524620,NC_047565.1 14522947 14579224,7,0.03682434687613874,0.884659802204911
NC_047561.1,3735835,NC_047561.1 3734607 3737188,8,-0.036799265253087604,0.8847378663893508
NC_047562.1,36617359,NC_047562.1 36610836 36619421,7,0.036684786860663315,0.8850941823971423
NC_047561.1,6373029,NC_047561.1 6372314 6384313,3,0.03668444084673985,0.8850952594033905
NC_047564.1,10369399,NC_047564.1 10368433 10370312,4,0.03661553761745564,0.8853097320706145
NC_047567.1,30985399,NC_047567.1 30934340 31071743,3,-0.03652998775164733,0.8855760306944926
NC_047561.1,18763366,NC_047561.1 18757187 18821843,4,0.03648642276244842,0.8857116437694628
NC_047561.1,3721241,NC_047561.1 3696117 3751773,3,0.03647093261149685,0.8857598636537283
NC_047566.1,39194340,NC_047566.1 39188611 39194712,7,0.03643059310776451,0.8858854398319655
NC_047559.1,29081339,NC_047559.1 29078469 29082613,4,-0.03640860171791282,0.8859538997384716
NC_047559.1,53684207,NC_047559.1 53683723 53704001,19,0.03633238337088752,0.8861911758569689
NC_047565.1,32653582,NC_047565.1 32648406 32657779,7,0.0362975964993399,0.8862994742864634
NC_047562.1,24522746,NC_047562.1 24514721 24523439,4,0.03620328469821933,0.8865930952643177
NC_047561.1,557644,NC_047561.1 554932 577971,8,0.036097888564141346,0.8869212417289067
NC_047568.1,50500798,NC_047568.1 50494614 50503078,6,-0.03597794595294313,0.8872946993317649
NC_047563.1,10217574,NC_047563.1 10211620 10221557,3,0.03597281886400006,0.8873106637232495
NC_047564.1,41452217,NC_047564.1 41446851 41452900,5,-0.03594707486452737,0.8873908243151437
NC_047564.1,15701702,NC_047564.1 15680917 15732828,17,-0.03592968901908398,0.8874449602239273
NC_047566.1,1356617,NC_047566.1 1354633 1414618,13,0.03583684147484989,0.887734076197074
NC_047564.1,49387522,NC_047564.1 49366001 49396142,5,0.03580759298791953,0.8878251552269489
NC_047568.1,54732658,NC_047568.1 54729958 54793813,5,-0.035805331157810164,0.8878321985629737
NC_047567.1,11444990,NC_047567.1 11439345 11445640,11,0.03579521462275321,0.8878637015378661
NC_047566.1,50004929,NC_047566.1 49983777 50028481,4,-0.035791830244118694,0.8878742405569778
NC_047565.1,24307190,NC_047565.1 24263360 24314551,12,0.03573224547858529,0.8880597915739351
NC_047559.1,15115064,NC_047559.1 15111858 15130114,4,-0.03564127298487252,0.8883430967927046
NC_047564.1,41146009,NC_047564.1 41144695 41162088,13,0.03562369407875237,0.8883978422523733
NW_022994933.1,5163,NW_022994933.1 1113 5607,4,0.03555617538496478,0.8886081181594306
NC_047560.1,44275207,NC_047560.1 43984502 44478438,4,-0.03548123021674934,0.8888415308902371
NC_047563.1,69732256,NC_047563.1 69731932 69764391,14,0.035443232500727756,0.8889598760760349
NC_047565.1,61968623,NC_047565.1 61966563 61969122,4,-0.03537643798952906,0.8891679152791823
NC_047559.1,5353825,NC_047559.1 5320973 5359020,4,-0.03536740586438226,0.8891960474030884
NC_047565.1,3500589,NC_047565.1 3500226 3502684,3,0.03536318748455595,0.8892091863235343
NC_047563.1,20314275,NC_047563.1 20294697 20355501,3,0.03530774203747476,0.8893818839268774
NC_047559.1,25464517,NC_047559.1 25463404 25465095,10,0.03530000790889006,0.8894059740268401
NC_047564.1,55096204,NC_047564.1 55088931 55106595,5,-0.03527592008792093,0.8894810028521982
NW_022994938.1,112620,NW_022994938.1 112184 115550,3,0.035273259152084305,0.8894892911988708
NW_022994955.1,115461,NW_022994955.1 64926 121353,5,0.035246143055902276,0.8895737536863055
NC_047565.1,51732085,NC_047565.1 51730485 51732351,3,0.03516521326372426,0.8898258443214389
NC_047562.1,2230598,NC_047562.1 2230281 2240984,18,-0.03515977580919656,0.8898427819723002
NC_047568.1,46900391,NC_047568.1 46897302 46901041,3,0.03513559191689065,0.8899181152577001
NC_047568.1,53437011,NC_047568.1 53428387 53445736,14,0.035126662412107705,0.8899459310621163
NC_047565.1,14074099,NC_047565.1 14069378 14076426,5,0.03507409426779587,0.8901096856471173
NC_047560.1,18779462,NC_047560.1 18769127 18789749,3,0.035059779770446046,0.8901542773510314
NC_047568.1,39327826,NC_047568.1 39324557 39328278,5,0.03497787801254929,0.8904094190538481
NC_047560.1,62872994,NC_047560.1 62653127 63119960,9,0.03488463599029636,0.8906999006050385
NC_047564.1,7327384,NC_047564.1 7324941 7344198,4,0.034861767741251326,0.8907711452327176
NC_047560.1,55535688,NC_047560.1 55225485 55583389,18,-0.03482605566608778,0.8908824056053704
NC_047566.1,29671978,NC_047566.1 29671150 29685200,7,-0.03481774216990947,0.8909083064420098
NC_047560.1,44284579,NC_047560.1 44088081 44306650,5,0.034816562618267786,0.8909119813634268
NC_047568.1,39422689,NC_047568.1 39418126 39425024,12,-0.034785976722231646,0.8910072731941721
NC_047566.1,49890143,NC_047566.1 49870040 49906377,9,-0.034720988739506936,0.8912097510975081
NC_047564.1,15854034,NC_047564.1 15851852 15856164,5,0.034541283024841815,0.8917696792421845
NC_047561.1,715676,NC_047561.1 705305 748557,15,0.03452728119664405,0.8918133082716306
NC_047561.1,38465545,NC_047561.1 38452274 38488611,4,0.03452350496596693,0.8918250748770986
NC_047563.1,67431635,NC_047563.1 67428461 67433111,9,-0.03448920489143298,0.8919319537190423
NW_022994848.1,639589,NW_022994848.1 637661 647308,3,-0.03443681497192266,0.8920952038376775
NC_047561.1,46709603,NC_047561.1 46704843 46719785,5,-0.034402427442383025,0.8922023596783695
NC_047564.1,16336037,NC_047564.1 16335780 16339887,18,0.03430839071303769,0.8924953989502765
NC_047560.1,55529700,NC_047560.1 55225485 55583389,3,-0.03430085664199669,0.8925188773578272
NC_047564.1,40806651,NC_047564.1 40800964 40821478,3,-0.03421606867797724,0.8927831077467984
NC_047562.1,2918227,NC_047562.1 2911329 2925329,9,0.034186787867288425,0.892874359987969
NC_047568.1,10312690,NC_047568.1 10309194 10413881,15,-0.034177693221005515,0.8929027032772557
NC_047565.1,23760910,NC_047565.1 23753620 23763268,14,0.03415774786224329,0.8929648630344965
NC_047563.1,8735654,NC_047563.1 8711079 8786874,6,0.03402814217870998,0.8933687938954573
NC_047564.1,39917674,NC_047564.1 39917201 39918633,7,-0.03393848124706576,0.8936482470094234
NC_047563.1,14693269,NC_047563.1 14689216 14694796,12,-0.03392643058127069,0.8936858071546278
NC_047563.1,36926458,NC_047563.1 36894780 36929497,6,0.03390385088775837,0.8937561853033267
NC_047566.1,46284142,NC_047566.1 46283022 46289853,20,-0.03384719270854728,0.893932785256168
NC_047560.1,54239300,NC_047560.1 54235202 54240504,3,0.03379244941092622,0.8941034211535057
NC_047561.1,48015679,NC_047561.1 48006700 48047668,12,-0.0337888928885061,0.8941145070545005
NC_047564.1,38905222,NC_047564.1 38898145 38906216,19,-0.03378255837540871,0.8941342521709992
NC_047568.1,51250253,NC_047568.1 51238373 51261653,5,-0.033770511873634106,0.8941718021156146
NC_047561.1,34944669,NC_047561.1 34944046 34946859,13,-0.03369151218745308,0.894418055988599
NC_047563.1,30120965,NC_047563.1 30073419 30628537,13,-0.0336285558122734,0.8946143070331382
NC_047568.1,52932547,NC_047568.1 52930207 52941402,7,-0.03362626649772829,0.8946214435190287
NC_047559.1,17911059,NC_047559.1 17869013 17941775,4,-0.03359505999776392,0.8947187243861527
NC_047559.1,1773070,NC_047559.1 1744821 1783121,4,-0.03359266858717206,0.8947261792541128
NC_047560.1,9304530,NC_047560.1 9262356 9391431,8,-0.03356837177662929,0.8948019214344045
NC_047560.1,50265377,NC_047560.1 50261580 50266757,5,-0.033564462456793565,0.8948141083168111
NC_047564.1,7025551,NC_047564.1 7010348 7038070,4,-0.03351348549260363,0.8949730255481634
NC_047565.1,15539169,NC_047565.1 15537659 15549592,8,-0.033430465412733985,0.8952318431635593
NC_047564.1,52822292,NC_047564.1 52802490 52843628,3,-0.03335811791481456,0.8954573968918282
NC_047561.1,26274200,NC_047561.1 26269328 26293764,7,0.03335105440925906,0.895479418795193
NC_047562.1,31720427,NC_047562.1 31712207 31780006,10,0.03329950898176792,0.8956401242630793
NC_047568.1,36641927,NC_047568.1 36641601 36643897,14,-0.03329294607033232,0.8956605860210348
NC_047565.1,9084147,NC_047565.1 9077882 9093520,8,-0.033196995389074196,0.8959597469271174
NC_047567.1,16363513,NC_047567.1 16362798 16365056,8,-0.033188323686183296,0.8959867847517251
NC_047565.1,16466751,NC_047565.1 16453234 16544687,6,0.033186538911525544,0.8959923495804711
NC_047565.1,22564975,NC_047565.1 22527827 22594197,8,-0.03316161384249609,0.8960700650508342
NC_047560.1,6842265,NC_047560.1 6809017 7204627,16,-0.03311495573564623,0.8962155457723745
NC_047562.1,50253625,NC_047562.1 50244323 50272732,4,0.03311488333021046,0.8962157715361277
NC_047561.1,29635774,NC_047561.1 29626476 29715085,4,-0.03306800493784545,0.8963619422890683
NC_047561.1,50534431,NC_047561.1 50526504 50545284,9,0.03295487621860811,0.8967147001796484
NC_047568.1,50181786,NC_047568.1 50176045 50184430,4,0.032953671952141585,0.8967184554217363
NC_047568.1,55477931,NC_047568.1 55461674 55480290,4,-0.03289010305164713,0.8969166841242031
NC_047559.1,51089864,NC_047559.1 51082318 51089886,9,-0.03287540076953819,0.8969625314943075
NC_047559.1,52985506,NC_047559.1 52961431 53010809,6,0.03284419559721393,0.8970598422520872
NC_047559.1,32950431,NC_047559.1 32915415 32979742,7,0.03279535157427611,0.8972121611173932
NC_047562.1,36604323,NC_047562.1 36602799 36609901,4,0.032776326195184446,0.8972714922124794
NC_047561.1,52606305,NC_047561.1 52605881 52609423,4,0.03261171518544261,0.8977848571633436
NC_047567.1,19006304,NC_047567.1 19004918 19006602,20,-0.03259124957127888,0.8978486850570584
NW_022994963.1,157354,NW_022994963.1 153799 160109,6,-0.03250863463117541,0.8981063495295319
NC_047564.1,6719350,NC_047564.1 6709584 6719383,3,-0.032467381232252616,0.8982350167575959
NC_047564.1,19537336,NC_047564.1 19502457 19537826,5,-0.03242794181696295,0.8983580285224059
NC_047559.1,29204332,NC_047559.1 29200148 29204418,4,-0.03238721395558297,0.8984850612721125
NC_047559.1,51926040,NC_047559.1 51914019 51928773,11,0.03236105551279761,0.8985666523317064
NC_047566.1,13287441,NC_047566.1 13265838 13288420,16,-0.032305731247683975,0.8987392179859806
NC_047564.1,32541620,NC_047564.1 32532849 32543091,4,0.032279122133736265,0.898822217811512
NC_047560.1,63733166,NC_047560.1 63727859 63733762,13,0.03218284479251588,0.8991225368863259
NC_047565.1,15364833,NC_047565.1 15361707 15364948,5,0.032161167519023655,0.899190156867767
NC_047564.1,24235072,NC_047564.1 24232319 24237385,5,0.03209546054802736,0.899395126907937
NC_047563.1,42855820,NC_047563.1 42851307 42940885,12,-0.03208234288175831,0.8994360476235413
NC_047563.1,7220762,NC_047563.1 7203127 7222090,11,-0.03205833731669623,0.8995109338935432
NC_047559.1,19792661,NC_047559.1 19790486 19805754,16,0.032043882656383305,0.8995560261438282
NC_047559.1,49492738,NC_047559.1 49472377 49504021,4,0.03202907355507763,0.8996022243993351
NC_047559.1,22777265,NC_047559.1 22767397 22782251,9,0.03194184771308092,0.8998743390850181
NW_022994829.1,117005,NW_022994829.1 109708 243958,14,-0.03184106714053282,0.9001887531055375
NC_047559.1,2081826,NC_047559.1 2080959 2088286,7,-0.031756736970490564,0.9004518562257778
NC_047559.1,47876726,NC_047559.1 47873642 47877433,11,0.03175214937171221,0.9004661694360401
NC_047564.1,38905410,NC_047564.1 38898145 38906216,11,-0.031661804433734765,0.9007480496623532
NC_047560.1,5772386,NC_047560.1 5771610 5785784,3,-0.03162561693306383,0.9008609594459269
NC_047566.1,43834672,NC_047566.1 43826397 43876386,6,-0.0315059017329608,0.9012344995818714
NC_047566.1,39194514,NC_047566.1 39188611 39194712,4,0.031491418555745894,0.9012796919086443
NC_047564.1,4157625,NC_047564.1 4113919 4173330,14,0.03148566239403838,0.9012976531266044
NC_047564.1,8594917,NC_047564.1 8581836 8602926,10,-0.031481934703748646,0.9013092848355928
NC_047561.1,18211172,NC_047561.1 18210288 18215311,3,0.03144328550354881,0.9014298851042168
NC_047565.1,8194877,NC_047565.1 8112739 8229257,7,0.03140863917289746,0.9015379966366551
NC_047567.1,10558213,NC_047567.1 10557943 10561823,5,0.03137897697437109,0.9016305568318153
NC_047563.1,64918388,NC_047563.1 64913049 64919152,5,-0.031375184169095495,0.9016423922788486
NC_047563.1,9928807,NC_047563.1 9928373 9936677,7,0.0313510033047823,0.9017178491182201
NC_047564.1,10181918,NC_047564.1 10169769 10182619,11,0.031303697833234494,0.9018654690445718
NC_047564.1,54389949,NC_047564.1 54363989 54410301,3,0.031235903571620146,0.9020770309672095
NC_047564.1,56305564,NC_047564.1 56295745 56309157,6,-0.031194246302628237,0.9022070316913073
NC_047565.1,14297899,NC_047565.1 14296340 14301507,13,-0.03118789016563951,0.9022268676312492
NC_047564.1,59266660,NC_047564.1 59265048 59275751,12,0.031137414029798884,0.9023843931896
NC_047565.1,19603090,NC_047565.1 19601185 19603980,8,0.031123770561205237,0.9024269722232328
NC_047560.1,63643880,NC_047560.1 63643674 63650273,3,0.031118655114591536,0.9024429367606259
NC_047565.1,37609657,NC_047565.1 37572757 37610817,14,0.031090894944215266,0.902529572686585
NC_047559.1,46532461,NC_047559.1 46531995 46533746,10,-0.031073044948163542,0.9025852807850092
NC_047564.1,1874741,NC_047564.1 1867655 1878571,5,-0.031002881387041582,0.9028042586164912
NC_047568.1,39646554,NC_047568.1 39645141 39656475,4,0.0309964552392652,0.902824314715563
NC_047568.1,29270808,NC_047568.1 29268519 29274997,4,-0.030959711405436588,0.9029389938210511
NC_047563.1,10731559,NC_047563.1 10687222 10762113,3,-0.030779442690896146,0.9035016467751739
NC_047561.1,30883053,NC_047561.1 30864115 30910882,18,0.030775748142387066,0.9035131786223312
NC_047566.1,4303892,NC_047566.1 4298327 4306070,8,0.03075482969708443,0.9035784720116233
NC_047564.1,36344548,NC_047564.1 36343738 36355442,3,-0.030732075587211406,0.9036494957858059
NC_047561.1,58029629,NC_047561.1 58026284 58050181,9,-0.03070786462715687,0.9037250676784758
NC_047564.1,8931364,NC_047564.1 8900080 8944234,4,-0.030664353754024588,0.9038608841404929
NW_022994946.1,5880,NW_022994946.1 522 11787,7,0.03047839454478264,0.9044413727254927
NC_047567.1,8513680,NC_047567.1 8504069 8516072,12,0.030452796536825106,0.9045212828518963
NC_047565.1,54972620,NC_047565.1 54942794 54994945,7,0.03045026874942508,0.9045291739746548
NC_047561.1,49756922,NC_047561.1 49734890 49767198,4,0.030426420769431833,0.904603621848082
NC_047559.1,47035683,NC_047559.1 47034107 47051208,12,-0.03025579419690376,0.905136300560599
NC_047566.1,17806335,NC_047566.1 17797021 17822603,8,-0.030164953908046025,0.9054199103867979
NC_047568.1,4533402,NC_047568.1 4525693 4545793,15,-0.030152632318149377,0.9054583801040437
NC_047565.1,44569410,NC_047565.1 44562691 44573876,4,0.03005308025588238,0.9057692028263207
NC_047564.1,4050889,NC_047564.1 4044549 4061191,3,-0.029940908329459476,0.9061194430614172
NC_047559.1,52637034,NC_047559.1 52636187 52640540,13,0.02991822503358597,0.9061902703005128
NC_047560.1,18810135,NC_047560.1 18807551 18945840,5,-0.02990327069334626,0.9062369647048272
NC_047564.1,59299787,NC_047564.1 59296649 59304478,11,-0.02989489286152896,0.9062631243195164
NC_047559.1,8028253,NC_047559.1 8022698 8061191,8,-0.029861210766483362,0.9063682969235429
NC_047565.1,48280530,NC_047565.1 48241763 48281629,18,-0.0298433039296818,0.9064242117644792
NC_047562.1,25583596,NC_047562.1 25362659 25652609,3,0.02973916024241075,0.9067494130401775
NW_022994989.1,53683,NW_022994989.1 38643 64729,5,0.029729375924257978,0.9067799664845582
NC_047560.1,63071989,NC_047560.1 62653127 63119960,3,0.029703829185965033,0.9068597417513102
NC_047565.1,48251054,NC_047565.1 48241763 48281629,12,0.02970191610513846,0.906865715797934
NC_047559.1,21856225,NC_047559.1 21846910 21869209,11,-0.029571041043367562,0.9072744153593565
NC_047567.1,18276285,NC_047567.1 18265146 18276508,4,-0.029554076122390343,0.9073273954176992
NC_047564.1,20795012,NC_047564.1 20791309 20797299,3,0.02955194752195514,0.9073340428887555
NC_047564.1,15770629,NC_047564.1 15760614 15805071,7,-0.029528652901078905,0.9074067907518029
NC_047565.1,48436193,NC_047565.1 48435212 48440867,3,0.029508936787628778,0.9074683636742333
NC_047568.1,31535081,NC_047568.1 31529446 31537881,8,-0.02935501663494232,0.9079490696385977
NC_047564.1,5612064,NC_047564.1 5586807 5619819,5,0.029270195140312816,0.9082139875281716
NC_047566.1,26485261,NC_047566.1 26482060 26488848,17,-0.029214323895789984,0.9083884918732903
NC_047562.1,14883777,NC_047562.1 14830381 14885029,5,-0.029204978426448817,0.9084176812497119
NC_047563.1,41486585,NC_047563.1 41480873 41486777,8,-0.029197527790606456,0.9084409524363863
NC_047564.1,38423683,NC_047564.1 38415979 38451362,10,-0.02919465547555911,0.9084499237942976
NC_047560.1,55813810,NC_047560.1 55812727 55820308,12,-0.029190164571941093,0.9084639506554584
NC_047561.1,30832923,NC_047561.1 30831841 30842870,6,-0.029087351822194366,0.9087850824143114
NC_047559.1,48340819,NC_047559.1 48338103 48341950,4,-0.028986476430608452,0.9091001759868149
NC_047564.1,59267595,NC_047564.1 59265048 59275751,9,0.028975818721740872,0.9091334670764485
NC_047565.1,56625403,NC_047565.1 56615648 56636746,5,-0.02897132268170987,0.9091475112330308
NC_047561.1,7881825,NC_047561.1 7858244 7890966,11,-0.02894268121047113,0.9092369784105416
NC_047566.1,52871997,NC_047566.1 52865192 52873607,7,-0.028890508026685767,0.9093999541154403
NC_047564.1,46194969,NC_047564.1 46183877 46200232,7,0.028833873387819533,0.909576870162854
NC_047565.1,60315938,NC_047565.1 60306728 60350613,11,-0.028813947742432525,0.909639115125245
NC_047560.1,19073205,NC_047560.1 19051199 19077259,12,-0.028792020526128993,0.9097076132972551
NC_047564.1,37857806,NC_047564.1 37851279 37912830,8,-0.02876044274737367,0.9098062598118419
NC_047568.1,36887440,NC_047568.1 36885814 36887553,4,-0.02873299557458306,0.9098920036557858
NC_047565.1,57873760,NC_047565.1 57862817 57875954,3,-0.02868507945322281,0.910041693927246
NC_047568.1,49191134,NC_047568.1 49190847 49193642,8,0.02864205426616659,0.9101761073450774
NC_047564.1,41647953,NC_047564.1 41647011 41649726,19,0.02864191055954497,0.9101765562975841
NC_047564.1,32363642,NC_047564.1 32335186 32375356,6,-0.02862646069951456,0.9102248232111797
NC_047562.1,35510095,NC_047562.1 35459231 35560615,7,-0.028594578682236624,0.9103244267787708
NC_047559.1,14720467,NC_047559.1 14718066 14720784,4,-0.02858887851462108,0.9103422349777065
NC_047565.1,53869295,NC_047565.1 53799802 53902085,12,-0.028519638062318612,0.9105585560275593
NC_047560.1,51643551,NC_047560.1 51629755 51664241,4,0.02849976108656319,0.9106206567898457
NC_047564.1,50855888,NC_047564.1 50855486 50870393,21,0.028423122199419348,0.9108601009097825
NC_047565.1,37468606,NC_047565.1 37460628 37513316,3,0.028393921873260328,0.9109513338868799
NC_047559.1,52351034,NC_047559.1 52350942 52370922,3,-0.028273963090533046,0.9113261420720891
NC_047562.1,27304269,NC_047562.1 27303039 27308598,8,-0.028221431425593368,0.9114902815440742
NC_047568.1,32811293,NC_047568.1 32807965 32812832,4,0.0282095608834755,0.9115273724936679
NC_047562.1,35523318,NC_047562.1 35459231 35560615,16,0.028207720680751995,0.9115331224460077
NC_047566.1,54843581,NC_047566.1 54828390 54864139,16,0.028191698989512057,0.9115831844772018
NC_047568.1,50181813,NC_047568.1 50176045 50184430,13,-0.028165509260080646,0.9116650186582012
NC_047566.1,23561879,NC_047566.1 23559852 23561934,7,-0.0281474566705064,0.9117214274800032
NC_047559.1,11846046,NC_047559.1 11827502 11857530,14,0.02809910308270655,0.9118725196327458
NC_047559.1,5971991,NC_047559.1 5965822 5995935,3,-0.028008988757959454,0.9121541106973065
NC_047565.1,15510575,NC_047565.1 15505664 15511722,15,0.02799559576882432,0.9121959622313995
NC_047568.1,51547584,NC_047568.1 51534100 51554013,7,0.027873781412014298,0.9125766280163992
NC_047566.1,17803353,NC_047566.1 17797021 17822603,17,-0.0278731180259448,0.9125787011252986
NC_047565.1,5586883,NC_047565.1 5586350 5587791,10,0.027821346833548383,0.9127404898978401
NC_047565.1,28545106,NC_047565.1 28526117 28566194,7,0.027803408440888404,0.9127965494522492
NC_047564.1,57257175,NC_047564.1 57253835 57280390,5,-0.027783571289847653,0.9128585433026037
NW_022994958.1,45267,NW_022994958.1 38466 86290,10,-0.02774685724443475,0.912973281052986
NC_047565.1,55518438,NC_047565.1 55495034 55518541,4,0.0277368255540816,0.9130046321076732
NC_047565.1,46994752,NC_047565.1 46989095 47000517,5,0.027728070298771033,0.913031994145415
NC_047561.1,10797600,NC_047561.1 10752720 10809101,5,0.027695268722714293,0.9131345068846941
NC_047565.1,54239334,NC_047565.1 54202466 54247925,12,0.027492326738502337,0.9137687778811345
NC_047559.1,51412410,NC_047559.1 51409122 51423223,8,-0.027439590415343138,0.9139336071080311
NC_047562.1,32583434,NC_047562.1 32567449 32607621,4,0.027431627116322604,0.9139584969688679
NC_047564.1,4145285,NC_047564.1 4113919 4173330,9,-0.027411205375770437,0.9140223269281886
NC_047565.1,13562340,NC_047565.1 13552673 13565696,12,0.027299115690181907,0.9143726820756843
NC_047563.1,65149395,NC_047563.1 65148779 65164499,3,0.027257800098263087,0.9145018246925932
NC_047565.1,14404087,NC_047565.1 14400306 14405300,6,-0.027221785236448776,0.9146144001627391
NC_047568.1,40400623,NC_047568.1 40398377 40404436,6,-0.02721952475686519,0.9146214660349155
NC_047566.1,17132097,NC_047566.1 17130718 17145903,5,0.02721877111560405,0.9146238217898257
NC_047559.1,11748534,NC_047559.1 11746651 11756077,7,-0.02719964080117189,0.9146836201385962
NC_047562.1,13252999,NC_047562.1 13246768 13275546,8,0.027148638672912718,0.9148430468852757
NC_047561.1,47303351,NC_047561.1 47302605 47304251,5,0.02710948563863766,0.9149654368350918
NC_047560.1,4121570,NC_047560.1 4119811 4122341,10,-0.027074098923426743,0.9150760550717019
NC_047560.1,44338429,NC_047560.1 43984502 44478438,3,-0.027065481656387752,0.9151029927186849
NC_047559.1,12254330,NC_047559.1 12250630 12279632,9,0.027060254069946305,0.9151193342393962
NC_047561.1,57384648,NC_047561.1 57383384 57395500,12,0.027022636029070072,0.9152369298051122
NW_022994987.1,73992,NW_022994987.1 69678 84161,3,0.027006931845005414,0.9152860222355473
NC_047565.1,19820530,NC_047565.1 19810974 19830823,3,0.02695969895348547,0.9154336774738203
NC_047562.1,41287188,NC_047562.1 41286401 41291840,3,-0.02689431232823751,0.9156380876363042
NC_047562.1,26634764,NC_047562.1 26631246 26645819,10,-0.026874949404747706,0.9156986205289767
NC_047560.1,51068911,NC_047560.1 50935047 51246957,7,0.026801680494772388,0.9159276797596179
NC_047563.1,25636432,NC_047563.1 25634901 25642283,16,-0.026716983947896764,0.9161924728508405
NC_047565.1,49244168,NC_047565.1 49243963 49251612,10,0.026698665359186486,0.9162497447173645
NC_047563.1,8278958,NC_047563.1 8274037 8279388,6,-0.026644860162211886,0.916417965405997
NC_047564.1,8249062,NC_047564.1 8232230 8249279,8,0.026636291712985184,0.9164447547739478
NC_047568.1,22491861,NC_047568.1 22488388 22495438,17,0.02661662453650413,0.9165062447809198
NW_022994810.1,22685,NW_022994810.1 1715 23271,4,-0.0265184599386736,0.9168131660257353
NC_047563.1,4070484,NC_047563.1 4058937 4079024,4,-0.026490009756649387,0.9169021204047334
NC_047568.1,49699919,NC_047568.1 49689018 49702387,4,-0.026462210169882455,0.9169890414932134
NC_047559.1,47317315,NC_047559.1 47313509 47322239,7,0.026422599893523354,0.9171128926633869
NC_047563.1,25330037,NC_047563.1 25243506 25353034,8,-0.02642241008839704,0.9171134861396869
NW_022994934.1,102833,NW_022994934.1 94588 122209,6,-0.026408316299491388,0.9171575542423958
NW_022994958.1,51582,NW_022994958.1 38466 86290,4,-0.02637210734612439,0.917270772535274
NC_047565.1,59736507,NC_047565.1 59729353 59737506,14,-0.026330781995087513,0.9173999906504933
NC_047561.1,30735009,NC_047561.1 30732269 30735512,8,0.026328174944118064,0.9174081425702031
NC_047559.1,31875836,NC_047559.1 31874857 31876534,14,-0.02631134512620946,0.9174607674776716
NC_047566.1,22529645,NC_047566.1 22514628 22538912,5,-0.02620163054135651,0.9178038403743034
NC_047562.1,28764676,NC_047562.1 28762907 28768182,12,0.026170760652799108,0.917900371711885
NC_047565.1,12341861,NC_047565.1 12340468 12347855,15,0.026070803487282357,0.918212949131293
NC_047561.1,52281015,NC_047561.1 52279291 52286752,8,0.026052641010340633,0.9182697464877883
NC_047565.1,9385528,NC_047565.1 9381336 9390918,4,0.026040118834178894,0.9183089058210002
NC_047564.1,27474345,NC_047564.1 27344094 27505718,5,-0.02595842344151636,0.9185643879347416
NC_047566.1,19512886,NC_047566.1 19484801 19514804,3,-0.0259178527057055,0.9186912656883386
NC_047559.1,26207160,NC_047559.1 26166072 26252073,15,0.02586854467255528,0.9188454702997835
NC_047568.1,37808642,NC_047568.1 37803994 37809996,19,-0.025745069759531825,0.9192316344871417
NC_047565.1,11622897,NC_047565.1 11612310 11622933,13,-0.025729731134126913,0.9192796067930515
NC_047560.1,69098730,NC_047560.1 69095770 69099366,5,0.02572460650354058,0.919295634386559
NC_047566.1,4553066,NC_047566.1 4542552 4554464,3,-0.025723139890467595,0.9193002213134975
NC_047565.1,46557000,NC_047565.1 46548979 46560211,4,0.02567630072637408,0.9194467150932217
NC_047563.1,9348556,NC_047563.1 9321122 9348827,15,0.025622282065936367,0.9196156664703379
NC_047560.1,51031262,NC_047560.1 50935047 51246957,3,-0.025621612912113807,0.9196177593687792
NC_047561.1,43553160,NC_047561.1 43544241 43553189,7,0.025607697772918186,0.9196612815730402
NC_047561.1,50019598,NC_047561.1 50018392 50021851,3,-0.02555470069791086,0.9198270418403945
NC_047568.1,42441469,NC_047568.1 42426420 42445046,17,-0.025533118856404725,0.9198945448034258
NC_047566.1,10093163,NC_047566.1 10084972 10094594,16,0.025512270411893734,0.9199597543666825
NC_047562.1,47473687,NC_047562.1 47473414 47491360,4,0.025377969857379487,0.9203798299725614
NC_047568.1,48229270,NC_047568.1 48224653 48230240,8,-0.025323263858608856,0.9205509493590902
NW_022994925.1,2315,NW_022994925.1 398 3444,11,-0.025303185805306768,0.920613753984487
NC_047563.1,327653,NC_047563.1 191191 650035,8,0.025221969434800016,0.9208678052687493
NC_047563.1,23928177,NC_047563.1 23924945 23928632,3,-0.025180005763811655,0.9209990738364475
NW_022994958.1,46762,NW_022994958.1 17345 94191,4,0.02512563014105767,0.9211691717142547
NC_047564.1,13915989,NC_047564.1 13900611 13928073,7,-0.025082588125045994,0.9213038181008306
NC_047561.1,43736478,NC_047561.1 43733975 43762722,12,-0.024934204565737052,0.9217680152491348
NC_047568.1,31182579,NC_047568.1 31173727 31189639,5,0.02492812320426907,0.9217870404495334
NC_047565.1,24296372,NC_047565.1 24263360 24314551,5,0.02483926008930133,0.9220650483554189
NC_047568.1,36048383,NC_047568.1 36047394 36057808,17,0.02483841751499246,0.9220676843870216
NC_047563.1,3381368,NC_047563.1 3354232 3383327,3,-0.024831048717750916,0.9220907380333825
NC_047559.1,39332528,NC_047559.1 39331972 39335565,8,-0.02482850938689994,0.9220986824691434
NC_047561.1,50325274,NC_047561.1 50324046 50327493,4,-0.02482662181665035,0.9221045878406828
NC_047561.1,43704755,NC_047561.1 43687772 43713405,3,0.024812837429771046,0.9221477132013363
NC_047568.1,2418243,NC_047568.1 2415753 2421687,12,0.02478698514473125,0.9222285943319057
NC_047568.1,20650219,NC_047568.1 20638524 20652007,3,0.024721187127361932,0.9224344524470177
NC_047559.1,20567346,NC_047559.1 20566564 20570177,3,-0.024705896356885335,0.9224822923902558
NC_047559.1,46374802,NC_047559.1 46371577 46375198,7,-0.024681956049038816,0.9225571944852551
NC_047561.1,10910836,NC_047561.1 10908263 10914281,7,0.02468018703563831,0.9225627292260666
NC_047562.1,11158333,NC_047562.1 11154417 11162684,9,-0.02465863820122293,0.922630149684199
NC_047568.1,46117135,NC_047568.1 46078110 46154331,12,0.024594560276398048,0.9228306350942007
NC_047565.1,28537384,NC_047565.1 28526117 28566194,5,-0.024511410742254488,0.9230907978754137
NC_047564.1,40811931,NC_047564.1 40800964 40821478,3,-0.024471642080304962,0.9232152308535855
NC_047565.1,23911458,NC_047565.1 23902444 23912635,6,0.024436485278594173,0.9233252351009273
NC_047568.1,35011646,NC_047568.1 35003725 35034700,10,-0.024430216156978348,0.9233448510745925
NC_047565.1,37468312,NC_047565.1 37460628 37513316,8,-0.024416014013266773,0.9233892894935413
NC_047559.1,15102206,NC_047559.1 15088148 15103838,6,0.024359923669843388,0.9235647979362702
NC_047561.1,715676,NC_047561.1 711675 731701,15,-0.024359563116900174,0.9235659261286058
NC_047564.1,42016889,NC_047564.1 42013024 42020901,14,-0.024353022074456835,0.9235863934768238
NC_047567.1,32320599,NC_047567.1 32318313 32320831,11,0.02429624445099831,0.9237640562794813
NC_047564.1,29853364,NC_047564.1 29849922 29855802,17,0.02411377761402527,0.9243350362756606
NC_047565.1,14705163,NC_047565.1 14700816 14710727,3,-0.02398952864943828,0.9247238595414291
NC_047566.1,8167908,NC_047566.1 8157925 8168032,11,0.023949898371369627,0.9248478814920146
NC_047562.1,33329182,NC_047562.1 33325224 33330087,20,-0.02394004219550661,0.9248787264006757
NC_047559.1,22550825,NC_047559.1 22537184 22555202,13,-0.02390662456138626,0.924983307666598
NC_047560.1,51007492,NC_047560.1 50992354 51073373,4,0.02386150047850178,0.9251245263940264
NC_047567.1,10102730,NC_047567.1 10085355 10104798,3,-0.02384138232907923,0.9251874881268075
NC_047562.1,7380813,NC_047562.1 7362711 7390249,6,0.023814795500297727,0.9252706948784888
NC_047564.1,50858864,NC_047564.1 50855486 50870393,11,-0.02377882258876255,0.9253832777055533
NC_047560.1,70764299,NC_047560.1 70690070 71346242,5,-0.02376470460037316,0.9254274625168863
NC_047563.1,57847434,NC_047563.1 57815039 57899568,3,0.02373942793592436,0.9255065709522496
NC_047568.1,53039369,NC_047568.1 53015487 53041984,5,-0.023642021997083037,0.9258114287572626
NC_047562.1,29881753,NC_047562.1 29881584 29896247,3,-0.023460493583342863,0.9263795964429169
NC_047565.1,23501305,NC_047565.1 23499254 23502935,4,-0.0233866653601189,0.9266106818835933
NC_047563.1,9767023,NC_047563.1 9709756 9818305,4,0.023383529064407143,0.9266204987448265
NC_047562.1,9717143,NC_047562.1 9710753 9721910,9,0.02337536210270201,0.9266460620480131
NC_047559.1,8648552,NC_047559.1 8647890 8651893,20,0.023283720048273327,0.9269329143612324
NC_047565.1,16308426,NC_047565.1 16304033 16357216,6,-0.023228824081614974,0.9271047504426421
NC_047560.1,20289996,NC_047560.1 20289393 20290782,3,-0.02321566650969817,0.9271459369046735
NC_047564.1,36900615,NC_047564.1 36895709 36901141,11,-0.02317833264935078,0.9272628021022062
NC_047562.1,14708609,NC_047562.1 14699549 14714422,15,0.02311503939617844,0.9274609305371064
NC_047562.1,36664043,NC_047562.1 36661192 36665198,3,0.023054203368718572,0.9276513708847135
NC_047563.1,20303669,NC_047563.1 20294697 20355501,3,-0.023033033542367177,0.9277176415251724
NC_047566.1,46047122,NC_047566.1 46043317 46093089,5,-0.023012455653515566,0.9277820595810891
NC_047564.1,10980898,NC_047564.1 10980377 10982358,10,0.023006746651169013,0.9277999314042624
NC_047563.1,38296660,NC_047563.1 38294920 38297969,8,0.02298179601555807,0.9278780388428226
NC_047568.1,4083973,NC_047568.1 4082135 4090392,5,0.022901486312838296,0.9281294509295033
NC_047568.1,56272836,NC_047568.1 56267998 56279938,8,-0.022865197342953895,0.9282430568335158
NW_022994844.1,233811,NW_022994844.1 232970 236341,4,0.022821133865272014,0.9283810033125384
NC_047565.1,11071084,NC_047565.1 11026122 11074255,5,-0.022813192694486544,0.9284058643928941
NC_047564.1,23271935,NC_047564.1 23267019 23301868,9,-0.022678179993934348,0.9288285524589784
NC_047563.1,2400454,NC_047563.1 2378144 2413938,17,0.02258429522920048,0.9291224908300192
NC_047560.1,71532902,NC_047560.1 71459177 71712320,4,0.022582876434313535,0.9291269329197901
NC_047564.1,5921322,NC_047564.1 5920763 5925576,6,-0.02257806527792694,0.92914199613282
NC_047567.1,16170455,NC_047567.1 16107132 16187917,3,-0.02255275096735953,0.9292212528931602
NC_047564.1,678320,NC_047564.1 664303 687802,13,-0.02251130321390941,0.9293510233360732
NC_047567.1,33161754,NC_047567.1 33160490 33193866,3,0.02248582927443913,0.9294307815622626
NC_047565.1,23863822,NC_047565.1 23849806 23870167,4,0.022417791339808264,0.9296438096590648
NC_047564.1,14321660,NC_047564.1 14310781 14328737,6,0.022406273352681853,0.9296798731516338
NC_047566.1,45968910,NC_047566.1 45949296 45984413,16,0.022360082967714443,0.9298244992624285
NC_047566.1,25232646,NC_047566.1 25223632 25233402,6,-0.022351717241365872,0.9298506933027941
NC_047559.1,33455217,NC_047559.1 33446095 33467549,3,0.022261101103985804,0.9301344271227586
NC_047566.1,48818475,NC_047566.1 48815973 48825439,3,0.022237269116871343,0.9302090502717031
NC_047564.1,52929079,NC_047564.1 52924339 52934751,7,0.022157523679963754,0.9304587546501351
NC_047559.1,45833130,NC_047559.1 45799959 45838345,3,-0.022127547364288857,0.9305526201439741
NC_047563.1,7921078,NC_047563.1 7915732 7936712,18,0.02196943199466938,0.9310477446680412
NC_047564.1,45617911,NC_047564.1 45602201 45630715,7,0.02196053978003243,0.9310755905816956
NC_047563.1,57833116,NC_047563.1 57815039 57899568,4,0.021947732012634828,0.9311156981577967
NC_047566.1,51777146,NC_047566.1 51774775 51777179,4,-0.02190103944027884,0.9312619174760921
NW_022994917.1,33330,NW_022994917.1 25207 36205,3,0.02184562094825674,0.931435465015067
NC_047568.1,42846280,NC_047568.1 42823203 42862069,11,0.02181350641468768,0.9315360356500337
NC_047566.1,23521642,NC_047566.1 23512164 23534707,6,-0.021762327985381448,0.9316963092718032
NC_047565.1,43281443,NC_047565.1 43280467 43282314,3,-0.021752369350417734,0.9317274966567389
NC_047565.1,5406923,NC_047565.1 5255329 5422969,17,0.02173083693774213,0.9317949298808879
NC_047560.1,62874517,NC_047560.1 62653127 63119960,4,0.02172823637725314,0.9318030741063058
NC_047568.1,47495569,NC_047568.1 47492493 47499622,10,0.02171903840434188,0.9318318796271055
NC_047560.1,56344731,NC_047560.1 56319079 56367422,6,0.02164587791686457,0.9320610010148666
NC_047568.1,12361785,NC_047568.1 12361773 12366324,19,-0.02164568683593498,0.9320615994419226
NC_047568.1,31125542,NC_047568.1 31119197 31139849,5,-0.021591307465225664,0.9322319061060396
NC_047559.1,31928422,NC_047559.1 31916762 31953766,14,0.021576671187694244,0.932277744842273
NC_047561.1,53732447,NC_047561.1 53731498 53744761,15,-0.021570312835317376,0.9322976583593275
NC_047562.1,33990560,NC_047562.1 33988517 33991254,3,0.021557784139894388,0.9323368966850683
NC_047559.1,29685871,NC_047559.1 29635800 29716850,12,-0.02151018178456666,0.9324859827318521
NC_047559.1,15230343,NC_047559.1 15229310 15250951,9,-0.021457741774556945,0.9326502223276875
NC_047559.1,11048852,NC_047559.1 11041213 11055081,6,-0.021403834922201343,0.9328190587014951
NC_047561.1,33664513,NC_047561.1 33663693 33673822,4,-0.02136278056866855,0.9329476428528849
NC_047568.1,4573721,NC_047568.1 4572592 4589019,8,-0.021293106117616933,0.9331658700989707
NC_047567.1,19097880,NC_047567.1 19066470 19140118,3,0.021280122085522976,0.9332065378685859
NC_047564.1,8205450,NC_047564.1 8199586 8215177,20,-0.02110610061080394,0.9337516121512038
NC_047568.1,3752228,NC_047568.1 3747034 3756623,8,0.021100735762567158,0.9337684165056774
NC_047568.1,36700153,NC_047568.1 36699083 36701439,9,-0.021100661731786433,0.933768648393035
NC_047563.1,18758052,NC_047563.1 18740363 18786437,9,-0.02102448824821827,0.9340072500452997
NC_047562.1,31071063,NC_047562.1 31063692 31079395,5,-0.0210103597697572,0.9340515059072119
NC_047563.1,1486149,NC_047563.1 1459596 1488973,8,-0.02098934198249004,0.9341173420907196
NC_047568.1,13343710,NC_047568.1 13339142 13383066,7,-0.020757942543731634,0.9348422052309178
NC_047561.1,7132815,NC_047561.1 7131530 7134774,16,0.02073819470778099,0.9349040679685532
NW_022994982.1,106712,NW_022994982.1 105177 108641,10,0.020673629799625774,0.9351063286545415
NC_047568.1,14764453,NC_047568.1 14758437 14804231,7,-0.020666652932318324,0.9351281851186446
NC_047561.1,36415078,NC_047561.1 36413219 36415346,16,0.020598696027369863,0.9353410763319183
NC_047566.1,50015539,NC_047566.1 49983777 50028481,4,0.020538347845217967,0.9355301349058083
NC_047562.1,20743549,NC_047562.1 20728357 20745120,4,0.02046473740640791,0.93576074587317
NC_047559.1,16390444,NC_047559.1 16389306 16415333,4,-0.02045455856268581,0.9357926351167594
NC_047561.1,2419589,NC_047561.1 2399536 2420598,16,0.02045106698879231,0.935803573870855
NC_047568.1,10851012,NC_047568.1 10833707 10857828,3,-0.02044051243539404,0.9358366403044921
NC_047568.1,55432938,NC_047568.1 55412444 55445493,7,-0.020426617221751556,0.9358801728681552
NC_047561.1,5882089,NC_047561.1 5879612 5887715,7,0.020389665300611873,0.9359959410453652
NC_047568.1,13803663,NC_047568.1 13752429 13837039,6,0.020385573255232207,0.9360087612560026
NC_047564.1,9576715,NC_047564.1 9574177 9578751,4,-0.02035197220967342,0.9361140325222309
NC_047561.1,45974431,NC_047561.1 45945399 45975678,5,-0.02031278191723281,0.9362368160379708
NC_047559.1,49695792,NC_047559.1 49690109 49726768,3,-0.02028610785007307,0.9363203868978052
NC_047566.1,48117677,NC_047566.1 48117038 48121243,3,-0.020281967304103476,0.9363333594415166
NC_047562.1,52879174,NC_047562.1 52878908 52882952,14,-0.020272548499055267,0.9363628690995152
NC_047564.1,16615781,NC_047564.1 16612921 16617928,3,-0.020263791481274072,0.9363903054107352
NC_047563.1,64768226,NC_047563.1 64767274 64768856,19,0.020262397449991282,0.9363946730084931
NC_047561.1,44331834,NC_047561.1 44330068 44333425,4,0.020230668724790308,0.9364940817963336
NC_047568.1,55028623,NC_047568.1 55024841 55032433,19,0.020157970008675922,0.9367218564090143
NC_047560.1,16864636,NC_047560.1 16859424 16878024,13,0.020096193594852377,0.9369154136909723
NC_047565.1,53598830,NC_047565.1 53593961 53604830,6,0.020090942816423547,0.9369318655361625
NC_047563.1,4208316,NC_047563.1 4200606 4213068,8,-0.02005954655451879,0.9370302374460552
NC_047563.1,62629406,NC_047563.1 62624353 62635175,18,0.02005068850539442,0.937057991964799
NC_047560.1,4215494,NC_047560.1 3998385 4494423,5,-0.020026605187199543,0.93713345146923
NW_022994958.1,65922,NW_022994958.1 17345 94191,8,-0.020017439841687856,0.9371621690923733
NC_047559.1,35563957,NC_047559.1 35562201 35567860,21,0.02001241109973234,0.9371779255964287
NC_047559.1,5354498,NC_047559.1 5320973 5359020,6,-0.01999991486907762,0.9372170800001043
NC_047564.1,7020628,NC_047564.1 7010348 7038070,5,0.01996080277974352,0.937339630682859
NC_047559.1,54175786,NC_047559.1 54171326 54185745,4,-0.01995196829772266,0.9373673121256473
NC_047559.1,616129,NC_047559.1 596479 618239,6,-0.019868788146309702,0.9376279472327806
NC_047568.1,47288639,NC_047568.1 47284190 47290250,7,-0.019861721831685608,0.9376500889672361
NC_047560.1,4619448,NC_047560.1 4387457 4700231,3,0.019860061757050074,0.9376552906852926
NC_047560.1,50507679,NC_047560.1 50496462 50541845,3,0.019852967367660953,0.9376775204438361
NC_047568.1,5443046,NC_047568.1 5438882 5444328,4,-0.019789387328116574,0.9378767458773111
NC_047559.1,40680450,NC_047559.1 40676370 40685499,3,0.019755062817079096,0.9379843017779552
NC_047564.1,18941307,NC_047564.1 18940101 18942918,14,-0.019754840887735936,0.9379849971971703
NC_047564.1,6589916,NC_047564.1 6581710 6613760,4,-0.019749632452916957,0.9380013179248538
NC_047564.1,46698630,NC_047564.1 46697446 46699401,7,-0.019725334394676365,0.9380774566543055
NW_022994939.1,108179,NW_022994939.1 96668 123730,5,-0.01968861722749866,0.9381925120215712
NC_047563.1,8683300,NC_047563.1 8675695 8701462,4,-0.01965837143282848,0.9382872898438682
NC_047563.1,8266394,NC_047563.1 8264079 8270003,3,-0.019639913781306605,0.9383451288845115
NC_047562.1,51749224,NC_047562.1 51719248 51772729,18,-0.019638145118477567,0.9383506711955569
NC_047568.1,24979463,NC_047568.1 24969682 25044988,5,-0.01963779867062944,0.9383517568305703
NC_047566.1,57365113,NC_047566.1 57364553 57365938,18,0.019633625899331656,0.9383648327075396
NC_047559.1,37080313,NC_047559.1 37079366 37082146,7,0.019522733113421082,0.9387123339771026
NC_047568.1,53416862,NC_047568.1 53414260 53421197,3,-0.019458909221248412,0.9389123417013838
NC_047565.1,17647477,NC_047565.1 17637814 17658100,12,-0.019446691815830277,0.9389506283165242
NW_022994958.1,45267,NW_022994958.1 17345 94191,10,-0.019297043050774492,0.9394196043778322
NC_047561.1,44404314,NC_047561.1 44348859 44406120,9,0.019261413669603007,0.939531264143386
NC_047561.1,18084110,NC_047561.1 18080574 18084967,3,-0.019214767646094814,0.9396774508484903
NC_047561.1,44287509,NC_047561.1 44278519 44289102,5,0.01921341282197408,0.9396816968385985
NC_047560.1,5936295,NC_047560.1 5934410 5940829,9,0.019206481857441143,0.9397034183589053
NC_047568.1,47225020,NC_047568.1 47218765 47278318,3,-0.019158557802401686,0.939853612607402
NC_047566.1,46232755,NC_047566.1 46217151 46248257,8,-0.019140543202915666,0.9399100709596295
NC_047568.1,19987544,NC_047568.1 19984277 19996022,4,0.01910958625298332,0.9400070917040568
NC_047568.1,17275586,NC_047568.1 17264396 17279684,5,0.019024938450305156,0.9402723865660129
NC_047561.1,20851121,NC_047561.1 20831648 20859329,4,-0.018951218356547984,0.9405034377473882
NC_047561.1,42576739,NC_047561.1 42572759 42580209,4,-0.018843783525910034,0.9408401646786917
NC_047566.1,23866564,NC_047566.1 23850576 23872015,11,0.018804738996976777,0.9409625421121663
NC_047568.1,44473836,NC_047568.1 44460764 44474174,10,-0.018766774810634407,0.9410815346299124
NC_047565.1,38604547,NC_047565.1 38595105 38611951,5,-0.018759909151484584,0.9411030540397177
NC_047559.1,21847887,NC_047559.1 21846910 21869209,4,0.018730729146969213,0.9411945149517428
NC_047564.1,22115039,NC_047564.1 22110836 22117555,8,0.01870579352590154,0.9412726729531399
NC_047566.1,50843919,NC_047566.1 50816539 50848619,4,-0.01868955206970748,0.9413235803117423
NC_047561.1,45924305,NC_047561.1 45922887 45925638,8,-0.018685225944386326,0.9413371401922963
NC_047564.1,55094119,NC_047564.1 55088931 55106595,4,0.01866775183977411,0.9413919114782501
NC_047568.1,50301715,NC_047568.1 50297846 50302123,8,0.01865439346598061,0.9414337824797266
NC_047565.1,33294783,NC_047565.1 33276970 33298229,4,-0.01855564901450235,0.9417432954181972
NC_047568.1,46004295,NC_047568.1 45996561 46008024,5,0.018510561171194477,0.9418846252015199
NC_047559.1,49710072,NC_047559.1 49690109 49726768,12,-0.018472580487000973,0.9420036785710676
NC_047568.1,47032919,NC_047568.1 47028599 47043169,17,0.018381270885203516,0.9422899003078584
NC_047568.1,23545686,NC_047568.1 23521404 23580068,8,-0.01837986061755314,0.9422943210267465
NC_047565.1,54149594,NC_047565.1 54139256 54155121,6,0.01837115628682924,0.9423216062369792
NC_047568.1,42627051,NC_047568.1 42625962 42629019,5,-0.018292276042203594,0.9425688726087376
NC_047566.1,4599975,NC_047566.1 4599022 4608726,11,-0.018289354165579252,0.942578031928865
NC_047564.1,57165167,NC_047564.1 57164565 57191016,21,-0.018223623731178702,0.9427840814838128
NC_047565.1,2332030,NC_047565.1 2314413 2332844,5,0.018220185790929867,0.9427948587185037
NC_047564.1,39155643,NC_047564.1 39152872 39158282,4,0.018208719954551873,0.9428308018226768
NC_047565.1,14457532,NC_047565.1 14455208 14462165,12,-0.018146303240605916,0.9430264675806597
NW_022994946.1,138888,NW_022994946.1 121566 154910,6,0.01797749190722339,0.9435556778516218
NC_047559.1,53395430,NC_047559.1 53378319 53397179,19,0.01797424779645787,0.9435658481050146
NC_047565.1,32596891,NC_047565.1 32594631 32597373,7,-0.01795188827613183,0.9436359451936882
NC_047559.1,52563077,NC_047559.1 52559700 52574588,9,0.01792370642395236,0.9437242958520072
NC_047562.1,27130861,NC_047562.1 27118286 27131028,3,0.017881008978341318,0.9438581543703679
NC_047564.1,55358131,NC_047564.1 55340751 55362067,4,-0.01781210830129974,0.9440741642796227
NC_047561.1,44359303,NC_047561.1 44348859 44406120,9,-0.01773763805230224,0.9443076394796401
NW_022994958.1,51582,NW_022994958.1 17345 94191,4,0.017704463673064517,0.9444116474367392
NC_047560.1,53299691,NC_047560.1 53299049 53312358,3,0.017599838689444765,0.9447396721565325
NC_047559.1,7119699,NC_047559.1 7119477 7122331,7,-0.017596522650972807,0.9447500688806257
NC_047561.1,28090415,NC_047561.1 28089981 28092848,7,-0.017577878003059114,0.9448085253147636
NC_047561.1,55768672,NC_047561.1 55767957 55770209,14,0.01756351435440458,0.9448535597448593
NC_047559.1,10036396,NC_047559.1 10034115 10040977,8,-0.017481745292364466,0.9451099337816776
NC_047568.1,30028005,NC_047568.1 30015214 30031060,21,-0.017444043803673332,0.9452281426015257
NC_047567.1,20392261,NC_047567.1 20391268 20393514,8,-0.017417400866181817,0.9453116792221048
NC_047564.1,20493526,NC_047564.1 20478953 20552459,6,0.017402817345146704,0.9453574048178859
NW_022994829.1,114094,NW_022994829.1 109708 243958,11,0.01736907246895778,0.94546321010648815
NW_022994974.1,9573,NW_022994974.1 6317 13872,6,0.01733296711998652,0.9455764174953104
NC_047565.1,61079363,NC_047565.1 61075907 61080021,7,0.017298044931777907,0.945685916058072
NC_047560.1,70764299,NC_047560.1 70595196 71158665,5,-0.017281129980127038,0.9457389532422551
NC_047566.1,30456393,NC_047566.1 30426511 30486083,17,0.01727963446629114,0.945743642467572
NC_047568.1,4083997,NC_047568.1 4082135 4090392,4,0.01708703998575282,0.9463475419588199
NC_047562.1,16580525,NC_047562.1 16490268 16585530,3,0.017063045674591534,0.9464227805066429
NC_047566.1,21187398,NC_047566.1 21182106 21190726,20,-0.017007504491293197,0.9465969416914825
NC_047561.1,52444747,NC_047561.1 52439261 52449771,4,0.016972165872955226,0.94670775463983
NC_047559.1,25926590,NC_047559.1 25902515 25936705,11,-0.016969935343072493,0.9467147490473246
NC_047568.1,42414614,NC_047568.1 42406012 42422760,11,0.016969629552042446,0.946715707935046
NC_047566.1,30635067,NC_047566.1 30632888 30635440,4,-0.016923189858256124,0.9468613325443395
NC_047565.1,17276662,NC_047565.1 17234006 17280868,13,0.01689670387652752,0.9469443874434957
NC_047562.1,35569983,NC_047562.1 35563106 35577078,3,-0.016882705081576188,0.9469882851583404
NC_047562.1,3939875,NC_047562.1 3923974 3975157,7,-0.01687310777577547,0.9470183806751362
NC_047562.1,10706796,NC_047562.1 10696407 10721168,7,0.016855620240452146,0.9470732187836458
NC_047559.1,3236834,NC_047559.1 3234358 3237969,20,-0.016781380011889238,0.9473060267614354
NC_047560.1,70170071,NC_047560.1 70167979 70170504,11,0.016774158624284614,0.9473286723377146
NC_047564.1,50914212,NC_047564.1 50909600 50930446,11,0.01676105277626015,0.947369771113447
NC_047564.1,40892055,NC_047564.1 40891007 40892886,19,-0.016727788988531007,0.9474740839657003
NC_047566.1,46140182,NC_047566.1 46137978 46144273,7,-0.016726218779639125,0.9474790080482546
NC_047560.1,20158069,NC_047560.1 20153354 20158190,10,-0.016724689170952513,0.947483804812699
NC_047563.1,20314851,NC_047563.1 20294697 20355501,3,-0.016719805184805255,0.9474991207225117
NC_047566.1,24126487,NC_047566.1 24124417 24142507,10,-0.01668674410506885,0.9476027988961232
NC_047561.1,3701442,NC_047561.1 3696117 3751773,3,-0.016552185077697977,0.9480247786676148
NC_047568.1,42092135,NC_047568.1 42085087 42095772,10,-0.016505510789613365,0.9481711532382107
NC_047568.1,53085585,NC_047568.1 53084075 53086148,7,-0.016503008912530277,0.9481789993839559
NC_047563.1,9688890,NC_047563.1 9686781 9690153,11,-0.01646225256242671,0.948306816158945
NC_047562.1,47015772,NC_047562.1 46999310 47030276,8,0.016442141134615642,0.9483698884379788
NC_047567.1,4533723,NC_047567.1 4504585 4985356,3,-0.016435873586893635,0.9483895444128477
NC_047566.1,43155291,NC_047566.1 43150874 43159366,9,0.01639772920235679,0.9485091715663543
NC_047560.1,19073205,NC_047560.1 19019340 19084838,12,-0.01637237906774314,0.9485886743973805
NC_047568.1,43087405,NC_047568.1 43074472 43090658,14,0.01636413291744377,0.9486145359886377
NC_047565.1,29198841,NC_047565.1 29196190 29209219,5,0.016317182644983674,0.9487617824472627
NC_047565.1,10659104,NC_047565.1 10658921 10684090,21,0.016306613420239868,0.9487949300961973
NC_047568.1,36116921,NC_047568.1 36102426 36135503,6,0.016239033588819618,0.9490068787060675
NC_047564.1,27173694,NC_047564.1 27133588 27177512,3,0.016204232168462396,0.9491160266343082
NC_047568.1,53036562,NC_047568.1 53015487 53041984,6,0.016196206803337904,0.9491411967631826
NC_047561.1,46480606,NC_047561.1 46462626 46499059,7,-0.01617135139049041,0.9492191516308892
NC_047568.1,12425059,NC_047568.1 12422433 12428584,9,-0.016158103951907057,0.9492607001975966
NC_047563.1,28922082,NC_047563.1 28919132 28923962,3,0.016145840101932325,0.9492991639999584
NC_047561.1,55477669,NC_047561.1 55442541 55490447,4,-0.016132470852692357,0.9493410948497061
NC_047564.1,57687164,NC_047564.1 57674674 57687735,6,-0.01611900861369666,0.9493833174772671
NC_047564.1,25002952,NC_047564.1 24992060 25007611,12,-0.016111053252625046,0.9494082685318268
NC_047561.1,3598500,NC_047561.1 3598156 3606753,8,-0.016093601996210318,0.9494630025023811
NC_047568.1,49762945,NC_047568.1 49754122 49772422,3,0.016075950317023812,0.9495183652961827
NC_047559.1,8643392,NC_047559.1 8640587 8645263,3,0.016073646249544226,0.9495255917984351
NC_047564.1,44321288,NC_047564.1 44320780 44321908,3,-0.01602333765542609,0.949683381152478
NC_047561.1,35142366,NC_047561.1 35139638 35145541,3,-0.015873789745742876,0.9501524381097712
NC_047565.1,61257687,NC_047565.1 61244095 61397746,10,0.015808570715020308,0.9503570024644145
NC_047565.1,60624973,NC_047565.1 60617328 60639590,12,0.015795485947819904,0.9503980441688589
NC_047565.1,2181383,NC_047565.1 2175657 2186074,20,0.015761490000884965,0.9505046764724259
NC_047565.1,36525640,NC_047565.1 36519529 36529094,9,0.015749724988195633,0.950541579010997
NC_047568.1,4345806,NC_047568.1 4344053 4368145,13,-0.015739047302360767,0.9505750710861003
NC_047562.1,30425015,NC_047562.1 30418656 30425188,5,-0.015696797590706732,0.9507075940677229
NC_047564.1,10338741,NC_047564.1 10327560 10341138,9,0.0156413717558038,0.9508814479342167
NC_047565.1,1800913,NC_047565.1 1789864 1813980,16,0.015588693808021298,0.9510466844768855
NW_022994778.1,706653,NW_022994778.1 697207 706830,13,-0.015571313781376191,0.9511012013594069
NC_047562.1,46718530,NC_047562.1 46716806 46723072,9,0.015571157927654615,0.9511016902352558
NC_047560.1,55196404,NC_047560.1 55188242 55205131,12,0.015482480655858001,0.9513798523167377
NC_047565.1,48160498,NC_047565.1 48150933 48170802,10,0.01543651694261491,0.9515240329920269
NC_047561.1,22372645,NC_047561.1 22325572 22384869,16,-0.015422599613297892,0.9515676896679875
NC_047563.1,20846586,NC_047563.1 20833778 20859000,5,0.015383378030319403,0.951690722882173
NC_047567.1,21219210,NC_047567.1 21219002 21230036,4,-0.015374699834868753,0.951717945439519
NC_047564.1,36922214,NC_047564.1 36907674 36922798,15,0.015342505632252134,0.9518189356034344
NC_047568.1,54646512,NC_047568.1 54631866 54655780,9,-0.01530746303166377,0.9519288617158828
NC_047567.1,17969294,NC_047567.1 17955289 17973425,9,-0.01519975677108109,0.9522667336537405
NC_047564.1,8837090,NC_047564.1 8825308 8840057,11,-0.015194483292500779,0.9522832766280207
NW_022994936.1,286296,NW_022994936.1 283267 290166,6,0.015105946458435741,0.9525610206516948
NC_047562.1,47015659,NC_047562.1 46999310 47030276,16,0.015062908354736927,0.9526960349961131
NC_047568.1,42654380,NC_047568.1 42652357 42658436,6,0.015054803929839282,0.9527214594322954
NC_047564.1,39590754,NC_047564.1 39586863 39605347,3,0.015046310135837288,0.9527481054070676
NC_047564.1,46645811,NC_047564.1 46633689 46649169,3,0.014997704557829557,0.9529005874179173
NC_047568.1,17301918,NC_047568.1 17294578 17302877,21,-0.0149945199880964,0.952910577881152
NC_047560.1,44786038,NC_047560.1 44777283 44792637,4,-0.014990176663776644,0.9529242035385754
NC_047559.1,22197168,NC_047559.1 22193483 22203242,12,-0.014980514795273042,0.952954514308414
NC_047561.1,4577899,NC_047561.1 4575083 4579952,4,-0.014976378553238497,0.9529674903556172
NC_047565.1,18363755,NC_047565.1 18362928 18365620,4,0.014973549198698517,0.952976366495982
NC_047564.1,45024904,NC_047564.1 45008681 45045721,20,-0.014965267932791975,0.9530023461896393
NC_047563.1,10731559,NC_047563.1 10720000 10772863,3,-0.014909547015583243,0.9531771530456714
NC_047561.1,571374,NC_047561.1 554932 577971,3,-0.014877418997327566,0.9532779455249447
NW_022994891.1,83433,NW_022994891.1 80286 84151,6,-0.014858240849102372,0.9533381118080234
NC_047559.1,543476,NC_047559.1 543090 560260,3,0.014815240372801797,0.9534730151117978
NC_047562.1,4043247,NC_047562.1 4043094 4046881,3,0.014776130528544965,0.9535957135699509
NC_047564.1,32609134,NC_047564.1 32607787 32609743,11,-0.014715191613495828,0.9537868978718823
NC_047566.1,24017639,NC_047566.1 24017216 24018566,6,-0.014696310271782798,0.9538461349923124
NW_022994848.1,638429,NW_022994848.1 637661 647308,17,-0.014690412054602621,0.9538646397308981
NC_047564.1,36524660,NC_047564.1 36522662 36526123,8,-0.014677119178856286,0.9539063441423643
NC_047565.1,34474755,NC_047565.1 34455157 34514590,5,-0.014656914642100009,0.9539697330756928
NC_047564.1,16927393,NC_047564.1 16926856 16942107,7,-0.014618950638363973,0.9540888405855577
NW_022994955.1,13510,NW_022994955.1 6572 13751,5,0.014606526933211503,0.9541278186720227
NC_047567.1,22192460,NC_047567.1 22184061 22195622,5,-0.014517282276008264,0.9544078174346511
NC_047561.1,36584525,NC_047561.1 36582044 36586031,4,0.014463855308500976,0.9545754431769256
NC_047564.1,25237942,NC_047564.1 25237198 25241312,11,-0.014445127014299022,0.9546342031500499
NC_047564.1,17631910,NC_047564.1 17631242 17635374,3,0.014397276295344971,0.9547843356634363
NC_047566.1,8923033,NC_047566.1 8903027 8930152,4,-0.014344863127752542,0.9549487846054517
NC_047566.1,41344274,NC_047566.1 41343452 41344989,10,-0.014330844551445471,0.9549927688854196
NC_047563.1,20682597,NC_047563.1 20680958 20683755,7,0.014264570980859113,0.9552007085987488
NC_047559.1,41205973,NC_047559.1 41204179 41236908,6,0.014221765721145264,0.9553350156894183
NC_047559.1,55299008,NC_047559.1 55291049 55304765,11,0.014192399531934479,0.9554271566042428
NC_047565.1,61720301,NC_047565.1 61670769 61721276,5,0.014154303788658893,0.9555466886326168
NC_047566.1,21288031,NC_047566.1 21274468 21316899,7,-0.01415426977771386,0.955546795348283
NC_047561.1,45414273,NC_047561.1 45412847 45415363,6,-0.014133621238989098,0.9556115841119511
NC_047567.1,17047619,NC_047567.1 17045869 17048626,20,0.014014674225266416,0.9559848084002222
NC_047564.1,49181776,NC_047564.1 49169705 49182752,18,0.013970790078494354,0.9561225074570416
NW_022994904.1,137596,NW_022994904.1 109918 138411,7,0.013947442917386286,0.9561957663318887
NC_047564.1,16018936,NC_047564.1 16014476 16038616,4,-0.013911912012342676,0.9563072560789776
NC_047564.1,36900106,NC_047564.1 36895709 36901141,4,0.013896052671845202,0.9563570201565776
NC_047565.1,48144946,NC_047565.1 48141254 48147150,9,-0.013885018836601343,0.9563916426599681
NC_047559.1,30081722,NC_047559.1 30079128 30089800,11,0.013847564723293418,0.9565091685469315
NC_047561.1,23670922,NC_047561.1 23669445 23677455,15,0.013811823852499933,0.9566213193090061
NC_047562.1,9377307,NC_047562.1 9372529 9381464,7,-0.01379394488327766,0.9566774217592328
NC_047559.1,42268782,NC_047559.1 42267624 42273471,4,-0.013711918270995282,0.9569348156955564
NC_047568.1,15135969,NC_047568.1 15135790 15140453,13,0.013681580900611393,0.9570300133308435
NC_047561.1,42869407,NC_047561.1 42869381 42909705,3,-0.013644088039139293,0.957147665417819
NC_047559.1,54876436,NC_047559.1 54872536 54876648,5,0.013571605640426539,0.9573751165819815
NC_047565.1,11707359,NC_047565.1 11705523 11710600,14,-0.013565699860227449,0.9573936491723347
NC_047565.1,12411044,NC_047565.1 12404326 12414040,12,-0.01355742634228755,0.9574196118597476
NC_047563.1,26303387,NC_047563.1 26298385 26304773,5,0.013451068584133228,0.9577533711169366
NC_047561.1,43693281,NC_047561.1 43687772 43713405,4,-0.013384999055029621,0.9579607060191984
NC_047564.1,46645612,NC_047564.1 46633689 46649169,4,0.013339719335433346,0.9581028012388484
NC_047564.1,21822505,NC_047564.1 21812670 21831281,10,0.013303122361351664,0.9582176494510581
NC_047560.1,72096822,NC_047560.1 72095326 72173978,4,-0.013301323114427863,0.95822329584771615
NC_047568.1,32309508,NC_047568.1 32143813 32338882,4,0.013253810866761475,0.9583723994662545
NC_047566.1,23866189,NC_047566.1 23850576 23872015,11,-0.013204394983504002,0.9585274784961133
NC_047559.1,6000326,NC_047559.1 5996194 6005415,12,0.013198013625618045,0.9585475048486778
NC_047559.1,48626468,NC_047559.1 48588711 48627445,6,0.013191579995815512,0.9585676952679528
NC_047567.1,18985521,NC_047567.1 18951445 18990086,6,0.013116392553167088,0.9588036549768061
NC_047565.1,54055256,NC_047565.1 54020182 54080189,6,0.01308752267862034,0.9588942577706221
NC_047568.1,46968972,NC_047568.1 46960791 46978385,3,-0.01305205861014218,0.9590055558857822
NC_047566.1,21190184,NC_047566.1 21182106 21190726,10,-0.012962595301123678,0.9592863248897291
NC_047562.1,33116144,NC_047562.1 33106345 33119738,18,0.01290177069315964,0.9594772176465325
NC_047560.1,16868235,NC_047560.1 16859424 16878024,5,-0.012822150538944194,0.9597271017635909
NC_047560.1,65650738,NC_047560.1 65642038 65658402,3,0.012811186731941955,0.9597615114375921
NC_047565.1,13426471,NC_047565.1 13403639 13456801,6,0.012775010934257088,0.9598750488853504
NC_047561.1,13866306,NC_047561.1 13840905 13879732,4,0.01274857859279456,0.9599580070393982
NC_047568.1,12752372,NC_047568.1 12748037 12752749,17,0.012708448023224093,0.9600839579601222
NC_047564.1,38756530,NC_047564.1 38754533 38764195,3,0.012626022397239447,0.9603426559221406
NC_047565.1,35714696,NC_047565.1 35711044 35720943,5,0.012509423587120745,0.9607086149839079
NC_047567.1,19035718,NC_047567.1 19034456 19036254,9,-0.012381840919297919,0.9611090567342748
NC_047559.1,12295135,NC_047559.1 12285619 12320498,4,-0.012374470946242132,0.9611321890264437
NC_047568.1,50480777,NC_047568.1 50477425 50514558,3,-0.012327162698307728,0.9612806771394011
NC_047568.1,44908210,NC_047568.1 44885821 44910779,11,-0.012175808356638099,0.961755746621162
NC_047565.1,25652260,NC_047565.1 25644038 25652924,7,-0.01215034284790545,0.9618356787121778
NC_047559.1,8231404,NC_047559.1 8181461 8243209,3,0.012051736103330272,0.9621451925092521
NC_047565.1,46353264,NC_047565.1 46352307 46356354,5,-0.012031153932212772,0.9622097979291466
NC_047564.1,7228740,NC_047564.1 7226446 7235314,6,0.011956345155118517,0.9624446172396479
NC_047559.1,51216910,NC_047559.1 51204892 51220090,5,0.011893844975063302,0.9626408030148891
NC_047560.1,70781032,NC_047560.1 70690070 71346242,3,-0.011881976815529566,0.9626780569638501
NW_022994897.1,539301,NW_022994897.1 538730 540389,6,-0.011873771645490448,0.9627038128947051
NC_047559.1,1764007,NC_047559.1 1744821 1783121,3,-0.011861707147546072,0.962741683273612
NC_047562.1,6930743,NC_047562.1 6872449 6974232,11,-0.011814488778784236,0.9628899021484677
NC_047561.1,52748661,NC_047561.1 52742779 52749054,18,-0.011727713663747625,0.9631622930133262
NC_047568.1,51789464,NC_047568.1 51772467 51803461,10,0.011712687053801952,0.9632094625913703
NC_047565.1,5586897,NC_047565.1 5586350 5587791,11,0.011627616605213505,0.9634765068581302
NC_047559.1,26275454,NC_047559.1 26274847 26279399,3,-0.01152467332024585,0.9637996606094066
NC_047559.1,3277116,NC_047559.1 3269569 3282140,6,-0.011500970377677335,0.9638740683112605
NC_047560.1,26759944,NC_047560.1 26748030 26762265,3,0.011491677293474452,0.9639032410131109
NC_047560.1,20158062,NC_047560.1 20153354 20158190,17,-0.011452626724353215,0.9640258284138248
NC_047568.1,45615540,NC_047568.1 45612516 45624638,6,-0.011404840139148456,0.9641758409277892
NC_047566.1,52336377,NC_047566.1 52335475 52347840,5,0.011391585789044032,0.9642174494267438
NC_047568.1,13831884,NC_047568.1 13752429 13837039,11,0.011323121988076156,0.9644323746779899
NC_047565.1,24452295,NC_047565.1 24451837 24452809,6,-0.011322809641898624,0.964433355217289
NC_047566.1,28084652,NC_047566.1 28082887 28094633,4,-0.011242421878902294,0.9646857158015074
NC_047559.1,49355383,NC_047559.1 49317792 49363939,9,-0.011200473103962784,0.9648174064843285
NC_047561.1,40405060,NC_047561.1 40399930 40406034,4,-0.01119573408487964,0.9648322838424189
NC_047564.1,37856673,NC_047564.1 37851279 37912830,4,0.011189952209344914,0.9648504350889504
NC_047564.1,25521647,NC_047564.1 25515952 25528574,4,0.011189442994935175,0.96485203368456
NC_047568.1,42379068,NC_047568.1 42366137 42402817,3,0.01117664745714877,0.9648922032309173
NC_047561.1,25216499,NC_047561.1 25201455 25222457,5,-0.011062572772034053,0.9652503260218939
NC_047566.1,41332003,NC_047566.1 41329089 41332432,4,0.011002185218966402,0.9654399075377493
NC_047565.1,55254508,NC_047565.1 55225819 55255999,20,-0.010997175752715803,0.9654556344044466
NC_047565.1,30182676,NC_047565.1 30181318 30187622,13,-0.010970191863343805,0.9655403486343662
NC_047562.1,37495862,NC_047562.1 37490860 37509454,18,0.010948074116856443,0.9656097861754932
NC_047561.1,3687076,NC_047561.1 3685562 3689617,11,-0.010864264026441355,0.9658729058275515
NC_047563.1,67946449,NC_047563.1 67925096 67971549,3,-0.010849953387139444,0.9659178340524976
NC_047564.1,14915979,NC_047564.1 14906127 14919942,5,0.010831519224509352,0.965975708215041
NC_047566.1,36573206,NC_047566.1 36562415 36592101,8,-0.010722911789917123,0.9663166851736055
NC_047561.1,55362895,NC_047561.1 55360718 55369712,12,0.010646818830984667,0.9665555850787192
NC_047568.1,9919375,NC_047568.1 9917653 9919859,9,0.010538366166659461,0.966896085535172
NC_047559.1,8229482,NC_047559.1 8181461 8243209,8,-0.010491847626904192,0.9670421378758203
NC_047567.1,16119179,NC_047567.1 16107132 16187917,3,-0.010469443916763316,0.9671124782368893
NC_047564.1,52692701,NC_047564.1 52680199 52704695,13,0.010407574547678062,0.9673067291256968
NC_047568.1,7809914,NC_047568.1 7804783 7892069,8,0.010303138585760629,0.9676346300597194
NC_047568.1,16327319,NC_047568.1 16311396 16334286,8,0.010275424360752213,0.9677216461309677
NC_047564.1,49393794,NC_047564.1 49366001 49396142,6,-0.010177807869450273,0.9680281414404257
NC_047560.1,16998773,NC_047560.1 16978887 17001468,16,-0.010155966060061885,0.9680967207261637
NC_047568.1,28931981,NC_047568.1 28916900 28968881,6,-0.010021794521335057,0.9685179994681621
NC_047566.1,8305434,NC_047566.1 8294820 8314655,7,0.010010010181471182,0.9685550009288657
NC_047562.1,45620006,NC_047562.1 45619536 45626935,3,-0.009951988817322446,0.9687371821741637
NC_047566.1,50566012,NC_047566.1 50546695 50578009,14,0.009848242248466381,0.9690629396271659
NC_047562.1,47557739,NC_047562.1 47540673 47564186,3,0.009760551881437525,0.9693382852907777
NC_047568.1,16185124,NC_047568.1 16166729 16187636,13,0.009745239626625076,0.9693863657453732
NC_047568.1,45014380,NC_047568.1 45014142 45020928,8,0.009714987969820454,0.9694813561924578
NC_047562.1,50447745,NC_047562.1 50415953 50453033,8,0.009699182116699918,0.9695309868546578
NC_047564.1,44775327,NC_047564.1 44774622 44775710,13,-0.009652218609663504,0.9696784537366572
NC_047565.1,16685352,NC_047565.1 16673399 16687037,18,0.009601115279098432,0.9698389208572968
NC_047566.1,22293301,NC_047566.1 22265889 22297941,4,0.009574246344964904,0.9699232911529844
NC_047564.1,19252011,NC_047564.1 19235353 19256478,14,-0.009519329750078588,0.9700957339711358
NC_047559.1,43938613,NC_047559.1 43936358 43950720,16,0.00948425192465155,0.9702058820126627
NC_047568.1,3515271,NC_047568.1 3513249 3550658,3,0.009478086765053854,0.9702252413118375
NC_047563.1,13467778,NC_047563.1 13437241 13474437,3,-0.009457291155801389,0.9702905419961894
NC_047565.1,16463355,NC_047565.1 16453234 16544687,8,-0.009405522316949952,0.9704531030823977
NC_047568.1,39646569,NC_047568.1 39645141 39656475,4,0.009389791454690748,0.9705025003161908
NC_047561.1,34608665,NC_047561.1 34585199 34628533,7,0.009375618367997662,0.9705470059918306
NC_047564.1,24234333,NC_047564.1 24232319 24237385,14,0.009273288342188523,0.9708683404866791
NC_047559.1,8228526,NC_047559.1 8181461 8243209,8,0.00926680422551668,0.9708887019114714
NC_047564.1,19706111,NC_047564.1 19684794 19725243,3,0.00919238556608091,0.9711223926279251
NC_047563.1,5694452,NC_047563.1 5688535 5697148,4,-0.009190316584432735,0.9711288897106927
NC_047562.1,20728510,NC_047562.1 20728357 20745120,5,0.009167130327388731,0.9712017000595929
NC_047567.1,22689126,NC_047567.1 22683443 22703029,5,0.009149658720289808,0.9712565651948426
NC_047568.1,32307586,NC_047568.1 32304765 32309909,3,-0.009075968825519113,0.9714879709023854
NC_047564.1,46637649,NC_047564.1 46633689 46649169,6,-0.009030896905478196,0.9716295096895484
NC_047566.1,6547364,NC_047566.1 6498737 6636556,14,-0.009022248078126764,0.971656669586348
NC_047568.1,45370591,NC_047568.1 45366945 45375445,10,-0.009014957562332457,0.9716795640028854
NC_047560.1,70737874,NC_047560.1 70388123 71110591,4,0.008983738711024071,0.9717776008416144
NC_047564.1,3504563,NC_047564.1 3497773 3504760,10,0.008973405275680588,0.9718100511061589
NC_047566.1,32730868,NC_047566.1 32728413 32736244,12,0.008910795985953212,0.9720066650335298
NC_047565.1,36257569,NC_047565.1 36231600 36273618,10,0.00882006884720079,0.9722915810514967
NC_047568.1,34859853,NC_047568.1 34853080 34860370,6,-0.008805104955928542,0.9723385733878132
NC_047568.1,35912760,NC_047568.1 35906319 35913110,12,-0.00873250854434614,0.9725665550871512
NC_047567.1,19124635,NC_047567.1 19066470 19140118,17,-0.008684128578461759,0.9727184886089687
NC_047566.1,46236199,NC_047566.1 46217151 46248257,6,-0.00867467279901419,0.9727481838538
NC_047562.1,31774473,NC_047562.1 31712207 31780006,11,-0.008578956154299867,0.973048777507487
NC_047559.1,43741286,NC_047559.1 43740848 43742347,19,-0.008511299908141298,0.9732612508766463
NC_047559.1,20567346,NC_047559.1 20533673 20609002,3,-0.008484285278269173,0.9733460903730815
NC_047563.1,7011482,NC_047563.1 6975224 7040283,9,0.008471923168601592,0.9733849136928281
NC_047563.1,62121083,NC_047563.1 62096434 62155776,3,-0.008456642218772995,0.9734329037357643
NC_047560.1,50482892,NC_047560.1 50408591 50490840,10,-0.008441098175555035,0.9734817201163598
NC_047565.1,27609065,NC_047565.1 27543112 27633600,7,0.008402398960272311,0.9736032561700977
NC_047561.1,36198453,NC_047561.1 36197731 36200064,6,0.008374828345321468,0.9736898428562425
NC_047565.1,10613608,NC_047565.1 10607255 10620831,5,0.008261586788570538,0.974045485696343
NC_047559.1,25713799,NC_047559.1 25707903 25715868,21,-0.008258036847699496,0.9740566346036467
NC_047560.1,5837623,NC_047560.1 5837548 5838564,4,-0.00825473903033162,0.974066991698604
NC_047561.1,18211158,NC_047561.1 18210288 18215311,3,0.008225271733481391,0.9741595365956723
NC_047563.1,9765020,NC_047563.1 9709756 9818305,7,0.008209107377393271,0.9742103024535195
NC_047568.1,22598010,NC_047568.1 22573519 22607147,3,-0.008153068621015553,0.9743862987821008
NC_047568.1,51563596,NC_047568.1 51562772 51564781,9,-0.008140840588766863,0.9744247025105376
NC_047559.1,21294107,NC_047559.1 21251667 21313294,4,0.00807462463477491,0.9746326632687909
NC_047564.1,37383551,NC_047564.1 37358897 37405391,11,0.008058384119180879,0.9746836691896916
NC_047566.1,21952413,NC_047566.1 21928040 21972837,6,0.008037464850268985,0.9747493696168454
NW_022994948.1,257296,NW_022994948.1 249775 281092,3,0.007998127471527299,0.9748729155855435
NC_047563.1,39635066,NC_047563.1 39486038 39676714,3,-0.007911703820929771,0.9751443461945235
NC_047566.1,1366847,NC_047566.1 1354633 1414618,9,-0.007897217285432216,0.9751898442863981
NC_047565.1,5178509,NC_047565.1 5174928 5189212,21,-0.007874605844829338,0.9752608605422423
NC_047563.1,61717498,NC_047563.1 61713168 61718598,4,-0.007862032145552018,0.9753003511166443
NC_047561.1,44316860,NC_047561.1 44316587 44318998,4,0.007796049007675497,0.9755075871256065
NC_047568.1,42352174,NC_047568.1 42346582 42356731,4,-0.007787607159084748,0.9755341009015488
NC_047562.1,41948642,NC_047562.1 41935018 41970388,4,0.0076481589117600255,0.9759720771561184
NC_047562.1,17056696,NC_047562.1 17054166 17098627,4,0.0075858633932053224,0.9761677357901581
NC_047566.1,9764759,NC_047566.1 9763893 9765970,4,0.007552875115759954,0.9762713463572643
NC_047568.1,22111386,NC_047568.1 22076687 22149649,3,0.007460457595112575,0.9765616159860813
NC_047564.1,18809551,NC_047564.1 18807310 18809810,7,0.007435422820001949,0.9766402469592737
NC_047565.1,56339474,NC_047565.1 56331967 56392561,12,-0.007432978081290903,0.9766479255766543
NC_047567.1,4534033,NC_047567.1 4504585 4985356,3,0.007423658455553575,0.976677197369029
NC_047564.1,34396666,NC_047564.1 34373727 34398993,16,0.0074121819083256,0.9767132438241266
NC_047559.1,21434469,NC_047559.1 21412783 21480279,6,0.007331382072193801,0.9769670276067519
NC_047562.1,51344944,NC_047562.1 51344120 51347845,8,-0.0072683027240322525,0.9771651546656002
NC_047563.1,6797145,NC_047563.1 6781313 6813015,5,0.007257458822889515,0.9771992145980951
NC_047567.1,5840094,NC_047567.1 5838039 5841072,5,0.007250575185228875,0.9772208356403893
NC_047565.1,5285475,NC_047565.1 5255329 5422969,5,-0.007208665651724482,0.9773524709880921
NC_047565.1,56002985,NC_047565.1 56000594 56008821,15,-0.00718960324911192,0.9774123450433483
NW_022994923.1,5762,NW_022994923.1 4902 29989,4,-0.007088290438672102,0.9777305654452775
NC_047566.1,11384746,NC_047566.1 11383138 11385360,10,0.007045297783426829,0.9778656050143679
NC_047565.1,43134166,NC_047565.1 43084672 43140764,11,0.006999674961443959,0.9780089065413105
NC_047565.1,3445949,NC_047565.1 3440226 3470210,10,-0.0069964271998245245,0.9780191078023401
NC_047565.1,12342449,NC_047565.1 12340468 12347855,11,0.006944033024663916,0.978183679028019
NC_047568.1,52593122,NC_047568.1 52591094 52596713,5,0.006937863351596304,0.9782030581584777
NC_047563.1,15566049,NC_047563.1 15565427 15568439,3,0.0068211539048650205,0.9785696482509099
NC_047564.1,54864630,NC_047564.1 54863878 54866643,10,0.006816994130767253,0.978582714381059
NC_047561.1,49761411,NC_047561.1 49734890 49767198,12,0.006792068825388612,0.9786610065498176
NC_047561.1,33149255,NC_047561.1 33095855 33158654,18,0.00668187158167172,0.9790071461965728
NC_047564.1,39363052,NC_047564.1 39306139 39366021,5,-0.006677991983364747,0.9790193324359543
NC_047563.1,10454594,NC_047563.1 10445747 10455627,10,0.006632722208636713,0.9791615300380904
NC_047559.1,613882,NC_047559.1 596479 618239,8,0.006626516850037748,0.979181021834362
NC_047567.1,4534033,NC_047567.1 4527016 4840096,3,0.006585336356218772,0.9793103751254515
NC_047565.1,6189812,NC_047565.1 6186782 6191037,6,-0.006584521201876812,0.9793129356363064
NC_047568.1,49420849,NC_047568.1 49419280 49421951,4,-0.006476081566677068,0.979653561011651
NC_047560.1,70735490,NC_047560.1 70690070 71346242,6,0.006421133560155857,0.979826162333388
NC_047563.1,20845887,NC_047563.1 20833778 20859000,12,-0.0063391205827251565,0.9800837810574312
NW_022994944.1,253100,NW_022994944.1 251111 256842,6,-0.006332922458853529,0.9801032506473496
NC_047564.1,7613045,NC_047564.1 7600458 7614067,9,-0.006288340148296099,0.9802432932267252
NC_047568.1,50480828,NC_047568.1 50477425 50514558,5,-0.006185327950560286,0.9805668786832862
NC_047566.1,42741454,NC_047566.1 42724057 42804817,21,0.006172953037784739,0.9806057513798447
NC_047563.1,5246395,NC_047563.1 5241130 5247192,8,-0.006168145037855434,0.9806208545215417
NC_047560.1,63714485,NC_047560.1 63713225 63715685,17,0.0061124291156228056,0.9807958727564989
NW_022994969.1,122937,NW_022994969.1 60493 170317,21,-0.006040618529109762,0.9810214497571044
NC_047568.1,42490258,NC_047568.1 42482968 42490863,9,0.006031922254756191,0.9810487672639205
NC_047559.1,29395823,NC_047559.1 29393193 29401549,4,-0.005989042889010682,0.9811834640161783
NC_047562.1,26164429,NC_047562.1 26100614 26195832,11,-0.005964622284784461,0.9812601765633651
NC_047563.1,23839351,NC_047563.1 23832338 23863881,4,0.005954271845505105,0.9812926904892261
NC_047566.1,50002589,NC_047566.1 49983777 50028481,4,0.005920345457486586,0.9813992639464544
NC_047564.1,41764857,NC_047564.1 41749123 41768840,8,0.005906922260182306,0.9814414305146577
NC_047559.1,18553466,NC_047559.1 18548088 18558739,7,0.005881773040568585,0.9815204324059608
NC_047559.1,8832208,NC_047559.1 8830281 8833960,12,0.005855410333996014,0.9816032464307333
NW_022994921.1,224062,NW_022994921.1 222162 225193,17,0.00584430148256475,0.9816381430795023
NC_047565.1,2519235,NC_047565.1 2504700 2522642,6,-0.005821273699019435,0.9817104812146189
NC_047565.1,17931934,NC_047565.1 17927773 17937073,7,0.005817967274129671,0.9817208678359333
NC_047559.1,19687404,NC_047559.1 19681783 19719757,3,0.005800583253610672,0.9817754770879497
NC_047565.1,55194571,NC_047565.1 55192733 55198122,12,-0.005782753933625564,0.9818314852604791
NC_047568.1,42368198,NC_047568.1 42366137 42402817,7,-0.005770251841667961,0.9818707587820685
NC_047562.1,47000616,NC_047562.1 46999310 47030276,4,-0.005695859862667203,0.9821044512889977
NC_047568.1,31813529,NC_047568.1 31812760 31819678,5,-0.005608717811910034,0.9823781982122344
NC_047567.1,4213839,NC_047567.1 4210551 4214059,4,-0.005568359777181798,0.9825049790625555
NC_047565.1,56419228,NC_047565.1 56392641 56437538,17,-0.005562104072306528,0.9825246307882352
NC_047565.1,11032227,NC_047565.1 11026122 11074255,10,-0.005515943931718562,0.9826696389504085
NC_047562.1,34678764,NC_047562.1 34674106 34684551,9,-0.005505648172192729,0.9827019822753986
NC_047559.1,6121257,NC_047559.1 6121202 6122630,9,-0.0053930187487423705,0.9830558004845703
NC_047565.1,56034150,NC_047565.1 56025099 56037030,8,0.005292819436974022,0.9833705728152371
NC_047564.1,33016467,NC_047564.1 33011398 33037997,9,0.005260047007522856,0.9834735266664862
NC_047564.1,1162254,NC_047564.1 1158895 1163096,4,0.005241169724462411,0.9835328293402321
NC_047562.1,48649575,NC_047562.1 48649022 48686020,4,-0.005213697234685606,0.9836191338609617
NC_047566.1,4825069,NC_047566.1 4822056 4832117,8,-0.005108093338728309,0.983950888927459
NC_047564.1,4570453,NC_047564.1 4569680 4571402,5,0.00496255015993983,0.9844081175079747
NC_047561.1,24349464,NC_047561.1 24344014 24362615,5,0.004932295570184278,0.98450316386038494
NC_047567.1,22158186,NC_047567.1 22100297 22170859,5,0.004930409796989707,0.984509088120616
NC_047560.1,70787899,NC_047560.1 70595196 71158665,6,0.004869650907293085,0.9846999659261266
NC_047565.1,5494858,NC_047565.1 5463391 5530511,17,0.004810140925414462,0.9848869209771094
NC_047566.1,19612866,NC_047566.1 19599118 19617007,14,0.004771747580029861,0.9850075369362161
NC_047561.1,48632417,NC_047561.1 48632137 48658099,9,0.00475687579904881,0.9850542579839768
NC_047560.1,55350076,NC_047560.1 55225485 55583389,3,-0.00461968304149399,0.9854852636291436
NC_047564.1,34073857,NC_047564.1 34028106 34076107,19,0.004577981876988459,0.985616273037571
NC_047562.1,42624360,NC_047562.1 42623755 42631750,4,-0.00456212320431126,0.9856660951274365
NC_047565.1,44967049,NC_047565.1 44958578 44976977,6,0.004533380030156239,0.9857563956886992
NC_047563.1,10454691,NC_047563.1 10445747 10455627,8,0.004531627095504059,0.9857619027748543
NC_047566.1,19613871,NC_047566.1 19599118 19617007,6,-0.004527051352117102,0.9857762781071475
NC_047565.1,46735155,NC_047565.1 46724952 46744846,3,0.004506856517227143,0.9858397230307859
NC_047560.1,51016047,NC_047560.1 50992354 51073373,18,0.004461913479935019,0.9859809182142854
NC_047568.1,36164493,NC_047568.1 36160790 36166167,5,0.004434693531104129,0.9860664338931467
NC_047559.1,52741103,NC_047559.1 52712488 52750617,9,-0.004428013396985996,0.9860874205896923
NC_047561.1,4135528,NC_047561.1 4135164 4143184,4,0.004307745486712345,0.9864652627017699
NC_047559.1,27930614,NC_047559.1 27889324 27942416,8,-0.004289441440888126,0.9865227682196219
NC_047568.1,4341189,NC_047568.1 4335120 4342838,11,0.004257560880283729,0.9866229270000484
NC_047561.1,47063331,NC_047561.1 47043306 47103916,13,0.004245855632129346,0.9866597012876659
NC_047564.1,56483346,NC_047564.1 56460867 56490930,9,0.004220632043076532,0.9867389461292406
NC_047566.1,38090549,NC_047566.1 38089335 38090772,3,0.004181564395991681,0.98686168502146
NC_047561.1,9343373,NC_047561.1 9332326 9346072,16,-0.0041672984654864105,0.9869065043893079
NC_047560.1,55529636,NC_047560.1 55225485 55583389,12,0.004061570761368247,0.9872386709680481
NC_047560.1,62876059,NC_047560.1 62653127 63119960,9,0.003952724579326885,0.9875806370091416
NC_047559.1,31875836,NC_047559.1 31850203 31884767,14,0.003884166052658425,0.987796030907049
NC_047564.1,17566872,NC_047564.1 17565749 17572207,6,-0.0038739441014065674,0.9878281458134089
NC_047561.1,5106889,NC_047561.1 5102073 5111314,7,0.0038687552741191755,0.9878444478645552
NC_047563.1,4068202,NC_047563.1 4058937 4079024,7,-0.0038644070363440773,0.9878581089885412
NC_047568.1,41430120,NC_047568.1 41423273 41435238,9,0.0038461737929576766,0.9879153935169933
NC_047568.1,5369069,NC_047568.1 5361939 5427662,14,0.003838467734155844,0.9879396041439181
NC_047563.1,39525056,NC_047563.1 39486038 39676714,5,-0.003795696991527511,0.9880739799538985
NC_047565.1,22905773,NC_047565.1 22894570 22910462,9,0.0037877446565989696,0.9880989643901317
NC_047568.1,51643186,NC_047568.1 51630747 51649951,8,0.0037849932712214953,0.988107608622631
NC_047565.1,2603311,NC_047565.1 2577635 2605542,5,-0.0037442507779476457,0.988235612497276
NC_047564.1,21509195,NC_047564.1 21508214 21509803,6,0.0037271968017373943,0.9882891923882318
NC_047565.1,11317853,NC_047565.1 11284951 11337318,3,-0.003611185384385662,0.9886536763305029
NC_047561.1,50880415,NC_047561.1 50880303 50898315,3,-0.0036097765770847926,0.9886581025257077
NC_047563.1,1387280,NC_047563.1 1382782 1387330,8,-0.003555007072081268,0.9888301777717006
NC_047561.1,49661756,NC_047561.1 49660187 49665675,5,0.0035349029096007948,0.9888933412998511
NC_047563.1,15571526,NC_047563.1 15570810 15578312,9,0.003457174356441822,0.9891375505018559
NC_047563.1,41458186,NC_047563.1 41455117 41460196,7,-0.003439858397473951,0.9891919542715504
NC_047561.1,13321396,NC_047561.1 13321294 13330203,4,-0.0034228727590466385,0.9892453202749062
NC_047565.1,55992840,NC_047565.1 55991686 55998372,11,0.003404841958991669,0.9893019700468649
NC_047562.1,6929501,NC_047562.1 6872449 6974232,3,-0.003334459875273589,0.9895230993001023
NC_047564.1,36994425,NC_047564.1 36982659 37023129,4,0.003318439850587825,0.9895734317581888
NC_047565.1,22993797,NC_047565.1 22993329 23012287,4,-0.00330511803466023,0.9896152868871357
NC_047564.1,16702975,NC_047564.1 16684948 16736210,10,-0.0032993755060268352,0.9896333290507442
NC_047564.1,50585898,NC_047564.1 50583934 50591210,3,0.003298755431197408,0.9896352772331358
NC_047565.1,35044327,NC_047565.1 34935400 35147420,5,0.0032126566046998158,0.9899057874082733
NC_047568.1,51894648,NC_047568.1 51890159 51908696,7,-0.0031826051366235595,0.9900002050627394
NC_047560.1,16264131,NC_047560.1 16263868 16265714,19,0.0031638043371460534,0.9900592747001524
NC_047566.1,40231628,NC_047566.1 40231147 40231763,3,-0.0031203388999925578,0.9901958375706359
NC_047566.1,4201694,NC_047566.1 4142173 4232562,3,0.0031018694968141017,0.9902538661630205
NC_047565.1,32097303,NC_047565.1 32070829 32106949,11,-0.003038294620124433,0.9904536109576894
NC_047562.1,32919617,NC_047562.1 32898252 32939854,3,-0.002924750039210869,0.9908103560297827
NC_047568.1,34850777,NC_047568.1 34823092 34873268,12,0.00289922362640497,0.9908905575514401
NC_047565.1,15377305,NC_047565.1 15366379 15389383,3,0.002878197249050877,0.9909566204591274
NC_047564.1,10369096,NC_047564.1 10368433 10370312,19,0.0028734580886356767,0.9909715104648846
NC_047568.1,33005601,NC_047568.1 32993577 33025191,3,-0.002833168805055685,0.9910980957992077
NC_047561.1,34916859,NC_047561.1 34913278 34918421,4,-0.002805181181462658,0.9911860305346727
NC_047562.1,8734257,NC_047562.1 8716441 8755759,3,0.002794310340603957,0.9912201858191652
NC_047562.1,13388043,NC_047562.1 13387942 13388960,3,-0.0027754824189395685,0.9912793416289525
NC_047567.1,3504946,NC_047567.1 3502016 3513533,19,-0.002733319591077527,0.9914118139865914
NC_047564.1,46163493,NC_047564.1 46162229 46173140,7,-0.0026895686558994552,0.9915492762810161
NC_047565.1,40168734,NC_047565.1 40166868 40168884,14,0.002685579145085988,0.9915618110486311
NC_047563.1,1387280,NC_047563.1 1378792 1390227,8,0.002646451123061993,0.9916847486923822
NC_047568.1,39584611,NC_047568.1 39581535 39588430,13,0.002627237654814375,0.9917451161976065
NC_047562.1,33986984,NC_047562.1 33984557 33988271,7,-0.0025754947703933275,0.9919076892877243
NC_047559.1,3128939,NC_047559.1 3115885 3130879,6,-0.0025025260805325287,0.9921369531203051
NC_047561.1,38932142,NC_047561.1 38924969 38937411,8,-0.002482277023338081,0.992200574710627
NC_047561.1,50184603,NC_047561.1 50181020 50245978,7,0.0024635471088940335,0.9922594232653688
NC_047563.1,22628297,NC_047563.1 22544644 22636846,7,-0.0024083044819213613,0.9924329933526098
NC_047566.1,23385140,NC_047566.1 23116815 23445750,5,0.0023747159320432706,0.9925385273688014
NC_047559.1,55083375,NC_047559.1 55083119 55111037,3,0.002351148455613465,0.9926125756029343
NC_047565.1,54632289,NC_047565.1 54630508 54638036,21,-0.002343776072821332,0.9926357393984877
NC_047561.1,44359303,NC_047561.1 44356286 44361515,9,0.0023158137992747643,0.9927235960359273
NC_047565.1,11876860,NC_047565.1 11876063 11879365,5,0.002306555997361195,0.9927526837936496
NC_047563.1,20683476,NC_047563.1 20680958 20683755,7,-0.0022782279439313513,0.9928416898083899
NC_047568.1,50180964,NC_047568.1 50176045 50184430,11,0.002174498841709404,0.9931676046564919
NC_047561.1,476929,NC_047561.1 451440 479147,10,0.0021707205292751976,0.9931794760613599
NC_047565.1,9683661,NC_047565.1 9682255 9684147,9,-0.0021158040113510275,0.9933520231459245
NC_047568.1,5136396,NC_047568.1 5121974 5140066,7,-0.0020584271033175154,0.9935323010483819
NC_047566.1,30469972,NC_047566.1 30426511 30486083,6,-0.0020053531600085633,0.9936990593269457
NC_047563.1,65521503,NC_047563.1 65484772 65533285,20,0.001906650260775056,0.9940091843966412
NC_047559.1,24176363,NC_047559.1 24167779 24248365,7,0.0018822789202617661,0.9940857594143004
NC_047559.1,11712541,NC_047559.1 11704534 11719614,3,0.0018127737841325724,0.9943041455779293
NC_047564.1,14669802,NC_047564.1 14669749 14673996,21,-0.0017668234511412826,0.9944485224148627
NC_047563.1,65799483,NC_047563.1 65666464 65809794,6,0.0017649663655544153,0.9944543574172521
NC_047565.1,54052781,NC_047565.1 54020182 54080189,9,-0.0017589817976821586,0.994473161058539
NC_047561.1,14526766,NC_047561.1 14525813 14537466,9,0.0017480590574387846,0.994507480551025
NC_047568.1,33395318,NC_047568.1 33376115 33406778,7,0.001691890491661794,0.9946839635760784
NW_022994960.1,79457,NW_022994960.1 71313 117315,3,0.0016173074810937782,0.9949183056043872
NC_047565.1,61726261,NC_047565.1 61725239 61733575,13,-0.0016165915856370698,0.9949205549710634
NC_047565.1,18363755,NC_047565.1 18355005 18378492,4,0.0015996737152829364,0.9949737114773893
NC_047568.1,24010052,NC_047568.1 24006326 24017894,9,0.001538823822450405,0.9951649040114692
NC_047565.1,38609563,NC_047565.1 38595105 38611951,11,0.0015132796632683855,0.995245164746162
NC_047568.1,47495419,NC_047568.1 47492493 47499622,9,0.0014631395432517405,0.9954027070653404
NC_047564.1,42597598,NC_047564.1 42574900 42634915,19,-0.0014454899284414113,0.9954581629197288
NC_047559.1,10975192,NC_047559.1 10944328 10981619,11,0.001308292150356367,0.9958892449392538
NC_047566.1,44600547,NC_047566.1 44591443 44601062,7,-0.0012972736452783692,0.9959238656608289
NC_047563.1,1342417,NC_047563.1 1338573 1342725,19,-0.0012893491608630687,0.9959487648112907
NC_047564.1,12703774,NC_047564.1 12703567 12706371,20,-0.0012701728460129368,0.9960090178246326
NC_047563.1,4059273,NC_047563.1 4058937 4079024,7,0.0012659631905589637,0.9960222447913967
NC_047560.1,26394961,NC_047560.1 26394848 26453002,3,0.001265866246659093,0.996022549394423
NC_047561.1,44106717,NC_047561.1 44106436 44109069,9,-0.0012535767332257552,0.9960611637208213
NC_047567.1,10477812,NC_047567.1 10458000 10547738,3,-0.0011576718104934678,0.9963625025368346
NC_047564.1,37422226,NC_047564.1 37415854 37428653,21,-0.0011278859135097738,0.9964560916456265
NC_047564.1,3808731,NC_047564.1 3802156 3832279,4,-0.0010135842518134415,0.9968152348509786
NC_047560.1,69726363,NC_047560.1 69719110 69733090,3,9.992226171195101e-4,0.9968603600775483
NC_047563.1,9700768,NC_047563.1 9699944 9704415,3,9.080421067561054e-4,0.9971468556079104
NW_022994975.1,49219,NW_022994975.1 18968 71921,6,8.935532718680935e-4,0.997192380570269
NC_047561.1,32036519,NC_047561.1 32022438 32043619,10,8.081304068518018e-4,0.9974607855255662
NC_047566.1,24632745,NC_047566.1 24631187 24634390,3,7.961905260491849e-4,0.9974983015347874
NC_047565.1,45815267,NC_047565.1 45810285 45822566,13,-7.666206034580008e-4,0.9975912124910766
NC_047563.1,65654813,NC_047563.1 65642984 65656880,3,7.644978137625407e-4,0.9975978824596551
NC_047561.1,48022829,NC_047561.1 48006700 48047668,3,7.17155665895721e-4,0.9977466351699793
NC_047560.1,27752949,NC_047560.1 27751923 27762090,6,6.611497083798918e-4,0.9979226103349232
NC_047564.1,53896185,NC_047564.1 53874838 53897891,4,-6.511528517101878e-4,0.9979540212620681
NC_047564.1,49416661,NC_047564.1 49414459 49459069,3,4.998972909636694e-4,0.9984292787150227
NC_047562.1,35871340,NC_047562.1 35871167 35873087,4,4.581006687807539e-4,0.9985606072460286
NC_047566.1,23907265,NC_047566.1 23891473 23919220,11,-4.3924279241572094e-4,0.9986198603043214
NC_047566.1,22051414,NC_047566.1 22037979 22057962,12,3.70533951784006e-4,0.9988357494063096
NC_047568.1,16826274,NC_047568.1 16778801 16860973,19,-2.9801848551021216e-4,0.9990635993374837
NC_047561.1,17363817,NC_047561.1 17357938 17381145,6,2.7275514413496597e-4,0.9991429789805526
NC_047564.1,31020455,NC_047564.1 31019813 31021767,6,2.6935669167103533e-4,0.9991536572180321
NC_047568.1,39290679,NC_047568.1 39283487 39292205,3,-2.6607111903660804e-4,0.9991639807772583
NC_047564.1,4050845,NC_047564.1 4044549 4061191,11,-2.6276368594767616e-4,0.9991743730240896
NC_047568.1,4578301,NC_047568.1 4572592 4589019,12,-2.5542516007537704e-4,0.9991974313208651
NC_047568.1,35601274,NC_047568.1 35597581 35611418,5,1.9804386275081018e-4,0.9993777284471819
NC_047563.1,5150628,NC_047563.1 5149214 5151879,8,-1.9647348227863834e-4,0.9993826627223703
NC_047560.1,4673188,NC_047560.1 4625916 4766454,5,1.7203560268866524e-4,0.9994594487173578
NC_047568.1,46115514,NC_047568.1 46078110 46154331,12,-1.3825161813808758e-4,0.9995656010141397
NC_047566.1,40116847,NC_047566.1 40101469 40121361,7,7.790893491692949e-5,0.9997552031303272
NC_047561.1,3701449,NC_047561.1 3696117 3751773,4,4.019738672225932e-5,0.9998736961999108
