sampleSet,features,median_R2treatment,median_R2genotype,median_uniqueTreatment,median_uniqueGenotype,median_shared,fracGenotypeP0.01,fracTreatmentP0.01,null,seed
All,CpG,0.10669200901937748,0.15698251768865162,0.09893445019141556,0.15077019474673442,0.0054814288913614395,0.05076300218000623,0.008576288239944422,treatment labels shuffled,1
All,CpG,0.10818427985538154,0.15698251768865162,0.09637334447567497,0.1474672344791439,0.007047346769452845,0.04622331887981218,0.0072587020578300555,treatment labels shuffled,2
All,CpG,0.10665654760846072,0.15698251768865162,0.101180746176601,0.15301351579995098,0.0034059363379824736,0.05218040549712926,0.008732002970557939,treatment labels shuffled,3
All,CpG,0.1091712868280611,0.15698251768865162,0.10524774230448958,0.1547982678118215,0.0011634772125633797,0.05293502303779476,0.009893874422058788,treatment labels shuffled,4
All,CpG,0.11302485290706621,0.15698251768865162,0.09796374397463359,0.14441342676113988,0.01069358906417639,0.04461027397807217,0.009111308083590862,treatment labels shuffled,5
All,CpG,0.1067208869093148,0.15698251768865162,0.0947280307710307,0.14533004141623823,0.007659401756285489,0.04869079845722636,0.00863617852094962,treatment labels shuffled,6
All,CpG,0.10959979263397329,0.15698251768865162,0.09406153757158908,0.14385955872599193,0.012379418127851538,0.045432767170543564,0.008292807576519816,treatment labels shuffled,7
All,CpG,0.11178030612627238,0.15698251768865162,0.101326833739873,0.14673027572017533,0.007515861643614841,0.04964904295330954,0.0094147521740172,treatment labels shuffled,8
All,CpG,0.10645575151172537,0.15698251768865162,0.09823859610599184,0.1519191122122076,0.005870557063974269,0.048826549760838146,0.008512405273538876,treatment labels shuffled,9
All,CpG,0.11022055317618445,0.15698251768865162,0.10846173247209245,0.157194925210005,0.0010709413740628282,0.05529470010939958,0.011083694671362065,treatment labels shuffled,10
All,CpG,0.11269764377024938,0.15698251768865162,0.10580146172195137,0.15182740661926464,0.005325332644781966,0.04839134705220037,0.010093508692076116,treatment labels shuffled,11
All,CpG,0.10628286732334574,0.15698251768865162,0.09683345742019406,0.14982894782726702,0.0064271460665328295,0.05037171901077227,0.009957757388464333,treatment labels shuffled,12
All,CpG,0.10547544691612487,0.15698251768865162,0.09274755819426395,0.14582304157828208,0.008057088710601457,0.04841530316460245,0.0071828410352234705,treatment labels shuffled,13
All,CpG,0.11140600320718247,0.15698251768865162,0.10563767970698579,0.1545435194068165,0.0029310859711856874,0.05160545879947935,0.011319263109982512,treatment labels shuffled,14
All,CpG,0.11032122656291365,0.15698251768865162,0.10380432656026067,0.15208167461172045,0.00407259952218747,0.051497656293669994,0.009778086545448738,treatment labels shuffled,15
All,CpG,0.10682709493946485,0.15698251768865162,0.10293376427894196,0.1547580731788742,0.001757516591808117,0.05218040549712926,0.009223103274800566,treatment labels shuffled,16
All,CpG,0.10964395133352883,0.15698251768865162,0.11494552995466567,0.16623784882023607,-0.0029677950497326022,0.06482524016002683,0.017164554536089883,treatment labels shuffled,17
All,CpG,0.1067248261592802,0.15698251768865162,0.10385291822158194,0.1558701339781195,0.0014887833326759359,0.05549433437941691,0.01076427983933434,treatment labels shuffled,18
All,CpG,0.10459204299732378,0.15698251768865162,0.09443127027500847,0.14819951090748057,0.008023833023376337,0.04959713804310503,0.007713868193469564,treatment labels shuffled,19
All,CpG,0.1084103125269903,0.15698251768865162,0.09893392369452064,0.1489756281825868,0.006314723864436433,0.05061128013479306,0.008680098060353433,treatment labels shuffled,20
All,CpG,0.10856290084403863,0.15698251768865162,0.09687427385339947,0.1469419801716954,0.008008631435658997,0.04901819866005478,0.009247059387202645,treatment labels shuffled,21
All,CpG,0.10625833417046338,0.15698251768865162,0.09499893329449277,0.14811877467405504,0.006907979092212635,0.047648707567735905,0.007138921495819658,treatment labels shuffled,22
All,CpG,0.11263917828637493,0.15698251768865162,0.10314573788901388,0.15022031925992085,0.005087518105233724,0.04868680577182601,0.009726181635244233,treatment labels shuffled,23
All,CpG,0.10499149794142576,0.15698251768865162,0.09878927122457509,0.15190152069898416,0.005132068014386981,0.05178512964249495,0.009035447060984277,treatment labels shuffled,24
All,CpG,0.11637984246592281,0.15698251768865162,0.1052063304866952,0.14761688794112643,0.007174896725305746,0.05004831149334419,0.010372996670100377,treatment labels shuffled,25
All,CpG,0.10954047492712726,0.15698251768865162,0.10675491328908493,0.1572869364835247,0.0014122599725246432,0.05122615368644643,0.010392960097102109,treatment labels shuffled,26
All,CpG,0.10865389643418377,0.15698251768865162,0.09394829731213389,0.1428483431080469,0.009716601590882612,0.04691804613947249,0.007977385429892438,treatment labels shuffled,27
All,CpG,0.10666327406909243,0.15698251768865162,0.09566524217733119,0.14817579465096176,0.008358657067251696,0.04780841498374977,0.0076539779124643655,treatment labels shuffled,28
All,CpG,0.10603534188992692,0.15698251768865162,0.10354950364491378,0.15522947336845616,0.0013592338833534612,0.055234809828394384,0.009837976826453937,treatment labels shuffled,29
All,CpG,0.10467838025392645,0.15698251768865162,0.10421584934653594,0.16051451549351897,-2.835037502897375e-4,0.05478762906355557,0.00943870828641928,treatment labels shuffled,30
All,CpG,0.11658538205449187,0.15698251768865162,0.10589335913866188,0.14879187595152293,0.006305280699606286,0.049241789042474185,0.010500762602911466,treatment labels shuffled,31
All,CpG,0.10868981466968486,0.15698251768865162,0.10432356543210891,0.1539970185252444,0.0022669331404426285,0.052691469228373616,0.009674276725039727,treatment labels shuffled,32
All,CpG,0.10748490742575828,0.15698251768865162,0.10519793523122128,0.15647349273472266,0.0011690573228617107,0.05525876594079646,0.010784243266336072,treatment labels shuffled,33
All,CpG,0.10657385502255035,0.15698251768865162,0.10069349778587317,0.15329226423633613,0.00284216030475698,0.050790950977808655,0.008456507677934025,treatment labels shuffled,34
All,CpG,0.11600212111602787,0.15698251768865162,0.10984278974869299,0.1524420501477109,0.0039003299577531347,0.0537535235448658,0.012908351899320445,treatment labels shuffled,35
All,CpG,0.1107970137969399,0.15698251768865162,0.10282066092293868,0.15128741046390637,0.0032918209181524993,0.050822892461011425,0.010608565108720823,treatment labels shuffled,36
All,CpG,0.10912540683091959,0.15698251768865162,0.10088726351769278,0.15050551211216046,0.0066769547840827,0.04934160617748285,0.008807863993164522,treatment labels shuffled,37
All,CpG,0.1010201234171259,0.15698251768865162,0.09404221046547057,0.15140030342948857,0.004180820030615873,0.05192088094610673,0.007318592338835254,treatment labels shuffled,38
All,CpG,0.10835043425645446,0.15698251768865162,0.10690117218465828,0.15715845955667024,4.1799434491329723e-4,0.055526275862619684,0.01074032372693226,treatment labels shuffled,39
All,CpG,0.10679139246170666,0.15698251768865162,0.10271593869200069,0.15504344201918363,0.0022636133429930205,0.05310271582460931,0.0097062182082425,treatment labels shuffled,40
All,CpG,0.11651748815040064,0.15698251768865162,0.10840103749597885,0.14962811987581698,0.005824090424320694,0.05293502303779476,0.011243402087375927,treatment labels shuffled,41
All,CpG,0.10671425549010377,0.15698251768865162,0.0936122775011296,0.14697444698464796,0.007532835405861638,0.048179734725982,0.007913502463486892,treatment labels shuffled,42
All,CpG,0.11211152304244026,0.15698251768865162,0.09692641513404499,0.14444781973735515,0.01009368010836148,0.0448697985290947,0.00954251810682829,treatment labels shuffled,43
All,CpG,0.10538719775547417,0.15698251768865162,0.09872693309784764,0.15294559595187557,0.003414993580669823,0.050711097269801726,0.009107315398190515,treatment labels shuffled,44
All,CpG,0.12196402463059802,0.15698251768865162,0.10157013403336085,0.13771022617125994,0.01655253315132932,0.04362408068418657,0.009814020714051857,treatment labels shuffled,45
All,CpG,0.118413992731914,0.15698251768865162,0.11330503452059643,0.15488837260366306,0.0028928271197145583,0.05575785161583978,0.016150412444401855,treatment labels shuffled,46
All,CpG,0.1174669551091368,0.15698251768865162,0.10886258189434478,0.15001731149250996,0.007111992670539968,0.0509147242252194,0.011974063515639349,treatment labels shuffled,47
All,CpG,0.11476796112859639,0.15698251768865162,0.10108211662332106,0.14569317505174068,0.010144935468133998,0.04683819243146556,0.008847790847167988,treatment labels shuffled,48
All,CpG,0.10959202839208232,0.15698251768865162,0.09662876445868324,0.1467241463410004,0.009310870858508402,0.044801922877288805,0.0077657731036740694,treatment labels shuffled,49
All,CpG,0.10781655042854693,0.15698251768865162,0.10649703678714967,0.15777886754434756,-4.3430264123694995e-4,0.054879460827763536,0.009366839949213042,treatment labels shuffled,50
All,CpG,0.10583627952521213,0.15698251768865162,0.09928950255826774,0.15360275366097864,0.003734739272028942,0.05069113384279999,0.00919515447699814,treatment labels shuffled,51
All,CpG,0.10648710746185669,0.15698251768865162,0.09982457712750054,0.15166711096647528,0.004098132221684647,0.05008823834734766,0.007741816991271989,treatment labels shuffled,52
All,CpG,0.10711066247013529,0.15698251768865162,0.09980880727285618,0.15068800772384927,0.005376148017941562,0.051900917519105,0.00965830598343834,treatment labels shuffled,53
All,CpG,0.11807373329040755,0.15698251768865162,0.11134662289868652,0.15113446856797874,0.005564751421346492,0.05404898226449145,0.012668790775299652,treatment labels shuffled,54
All,CpG,0.10299320097530085,0.15698251768865162,0.09633927771375517,0.15147045248541374,0.0033314356131805,0.05356187464564917,0.009111308083590862,treatment labels shuffled,55
All,CpG,0.10832124876679827,0.15698251768865162,0.10085945355595738,0.1516031720384181,0.004177965736366418,0.05039966780857469,0.009594423017032797,treatment labels shuffled,56
All,CpG,0.10938585116107735,0.15698251768865162,0.0976681070723956,0.1471434229916802,0.008846200400468351,0.048890432727243686,0.008708046858155858,treatment labels shuffled,57
All,CpG,0.11844249267205043,0.15698251768865162,0.10552698437519092,0.14563058923420663,0.011126831812633298,0.04868680577182601,0.01035702592849899,treatment labels shuffled,58
All,CpG,0.10635439840219946,0.15698251768865162,0.09675956707152339,0.14913051040020409,0.006311979178281357,0.04904614745785721,0.00771786087886991,treatment labels shuffled,59
All,CpG,0.10927823497523592,0.15698251768865162,0.09489512728381988,0.1460960350024148,0.01020545173743681,0.044115180988429196,0.007242731316228669,treatment labels shuffled,60
All,CpG,0.10775865872805984,0.15698251768865162,0.09259401594292116,0.14402542436721694,0.008887385120570357,0.0456244160697602,0.007661963283265058,treatment labels shuffled,61
All,CpG,0.10673353833788674,0.15698251768865162,0.09638011143486785,0.14892890503642364,0.007268926605006554,0.04957318193070295,0.00840460276772952,treatment labels shuffled,62
All,CpG,0.10516818234811776,0.15698251768865162,0.11209655152963544,0.1674655981194882,-0.004529517992104548,0.06298461219046707,0.013858611024602927,treatment labels shuffled,63
All,CpG,0.11569298555992091,0.15698251768865162,0.1023337147831842,0.1450281143868209,0.01034317682145669,0.04910603773886241,0.010524718715313545,treatment labels shuffled,64
All,CpG,0.11311147191271642,0.15698251768865162,0.1017261941177256,0.14797982025330825,0.009167142807080364,0.04871475456962844,0.01012545017527889,treatment labels shuffled,65
All,CpG,0.11374586508583595,0.15698251768865162,0.0950328516472228,0.1383660062029925,0.012539401666246508,0.04399140774101845,0.00957845227543141,treatment labels shuffled,66
All,CpG,0.10661317859152969,0.15698251768865162,0.10684423078910216,0.15952481310014416,-0.0010092519855475768,0.05604931765006508,0.010712374929129834,treatment labels shuffled,67
All,CpG,0.10537554156519241,0.15698251768865162,0.10353980082052522,0.15702420586973492,-1.536829092144143e-4,0.05479561443435626,0.008791893251563137,treatment labels shuffled,68
All,CpG,0.10776097023184411,0.15698251768865162,0.10026834530244844,0.1515694570601792,0.0027038588383056505,0.04972889666131647,0.008692076116554473,treatment labels shuffled,69
All,CpG,0.10621595322449534,0.15698251768865162,0.09537683563641125,0.1477921862524353,0.008107713668450645,0.04847519344560765,0.00785760486788204,treatment labels shuffled,70
All,CpG,0.11374908553502039,0.15698251768865162,0.10632446895974179,0.15147453476881773,0.0038972813972412146,0.04874270336743087,0.010708382243729487,treatment labels shuffled,71
All,CpG,0.10850456862245433,0.15698251768865162,0.10735860835557226,0.1575816958492171,2.9715596390583743e-4,0.055881624863250524,0.010768272524734687,treatment labels shuffled,72
All,CpG,0.1201400776119872,0.15698251768865162,0.11523222436932468,0.1548526186495532,0.001806398740830606,0.05597744931285884,0.015571473061351603,treatment labels shuffled,73
All,CpG,0.10287360775495236,0.15698251768865162,0.08983153124725896,0.14580908328241937,0.009189641017661287,0.045340935406335596,0.005945108561116036,treatment labels shuffled,74
All,CpG,0.116578453112749,0.15698251768865162,0.10612572436210987,0.14954396328330938,0.007135377553050715,0.049201862188470724,0.011574794975604692,treatment labels shuffled,75
All,CpG,0.11646525998083807,0.15698251768865162,0.10853462618109672,0.14869514285718266,0.005862476504255476,0.05295897915019684,0.012497105303084748,treatment labels shuffled,76
All,CpG,0.1074326909829757,0.15698251768865162,0.09211235331285195,0.1443607169869277,0.010262439767450338,0.04406726876362504,0.0071988117768248564,treatment labels shuffled,77
All,CpG,0.10411115383208741,0.15698251768865162,0.09863509670247844,0.15221558615480957,0.004409099620872603,0.051441758698065145,0.007701890137268524,treatment labels shuffled,78
All,CpG,0.11072889034236222,0.15698251768865162,0.09540555609867835,0.14367523255690623,0.011011835514551926,0.04553258430555223,0.008552332127542342,treatment labels shuffled,79
All,CpG,0.10829764474093351,0.15698251768865162,0.09599711662636079,0.14700623149397962,0.00895419537519837,0.04686214854386764,0.008516397958939223,treatment labels shuffled,80
All,CpG,0.11830263569873734,0.15698251768865162,0.10727893193176363,0.1475569632469832,0.00695520068147748,0.04974486740291786,0.012664798089899305,treatment labels shuffled,81
All,CpG,0.11104162985915411,0.15698251768865162,0.11119035267195793,0.1608880146794222,-0.0013353164061555844,0.05691972306734063,0.012353368628672272,treatment labels shuffled,82
All,CpG,0.12040995997695164,0.15698251768865162,0.10621811636799183,0.14432469329511033,0.012059887688999849,0.04773654664654353,0.010293142962093445,treatment labels shuffled,83
All,CpG,0.10269183794633324,0.15698251768865162,0.10105078422514652,0.1561954251765526,4.773909089847983e-4,0.05483154860295938,0.008384639340727787,treatment labels shuffled,84
All,CpG,0.1141304466045478,0.15698251768865162,0.10383893181660003,0.1480957230870893,0.00860345319237793,0.04909006699726102,0.009107315398190515,treatment labels shuffled,85
All,CpG,0.11332215863940132,0.15698251768865162,0.10668515768064396,0.1521564327793758,0.0046322422714975,0.050475528831181275,0.011179519120970382,treatment labels shuffled,86
All,CpG,0.10793016443154307,0.15698251768865162,0.10323436234669076,0.15366056117549048,0.003033918987004447,0.05418074088270289,0.011359189963985978,treatment labels shuffled,87
All,CpG,0.10846486027495328,0.15698251768865162,0.10073319710967227,0.15065698910830921,0.006365586628481135,0.050814907090210734,0.008420573509330906,treatment labels shuffled,88
All,CpG,0.10878643978381253,0.15698251768865162,0.09905731685939273,0.1497566430053252,0.006102622766372745,0.04808790296177403,0.00821694655391323,treatment labels shuffled,89
All,CpG,0.10538827300885634,0.15698251768865162,0.09683499584822902,0.15066508919280225,0.005259766828727641,0.050846848573413504,0.008320756374322242,treatment labels shuffled,90
All,CpG,0.1107793664813807,0.15698251768865162,0.11362176791620687,0.1628139239679945,-0.001851097220430864,0.05936324653235273,0.01428582836244001,treatment labels shuffled,91
All,CpG,0.10357911562804595,0.15698251768865162,0.09920248102401252,0.15412730810881103,0.002465087452612591,0.05376550160106684,0.00838064665532744,treatment labels shuffled,92
All,CpG,0.1088300372381788,0.15698251768865162,0.0986361467714909,0.149917981837211,0.005578769078321166,0.04674636066725758,0.009398781432415813,treatment labels shuffled,93
All,CpG,0.10816191088589949,0.15698251768865162,0.09596778643672443,0.14675845709809632,0.008627272396321828,0.04775651007354526,0.00812511478970526,treatment labels shuffled,94
All,CpG,0.1050005985854498,0.15698251768865162,0.10531772765755326,0.16023385318202682,-8.023123963178946e-4,0.05530268548020027,0.009746145062245965,treatment labels shuffled,95
All,CpG,0.11415819508801223,0.15698251768865162,0.10137481241696156,0.14442820948236407,0.009877513615138112,0.04900622060385374,0.009350869207611655,treatment labels shuffled,96
All,CpG,0.1072481393846933,0.15698251768865162,0.0993856976137294,0.14957607775046977,0.005395800936552064,0.05199674196871332,0.0096343498710362609,treatment labels shuffled,97
All,CpG,0.11296671920674817,0.15698251768865162,0.10452409279928943,0.15169330389458224,0.0037079042654759586,0.04978479425692132,0.009570466904630717,treatment labels shuffled,98
All,CpG,0.10673796774039762,0.15698251768865162,0.09487251953246706,0.14635606006573465,0.00791157594259878,0.048850505873240226,0.007809692643077881,treatment labels shuffled,99
All,CpG,0.10396093848724125,0.15698251768865162,0.09761768249138558,0.15206267133951845,0.0041269262412022,0.052024690766515745,0.007761780418273722,treatment labels shuffled,100
All,CpG,0.12006286995254811,0.10173125888584228,0.1237887798927354,0.10923573818154969,-0.0034561986544427437,0.012121792875452172,0.015986712342987645,genotype shuffled,1
All,CpG,0.12006286995254811,0.11212965213041098,0.1156580780737071,0.10904525281643168,0.002667743083251406,0.017312283895902707,0.010404938153303149,genotype shuffled,2
All,CpG,0.12006286995254811,0.10855336493388656,0.11915531635363719,0.10811934908097892,3.2294999454124396e-4,0.011187504491771076,0.011578787661005039,genotype shuffled,3
All,CpG,0.12006286995254811,0.11864495458963825,0.12115923625149627,0.1202874648710981,-3.5534299178463513e-4,0.01771554512133771,0.01362304258598248,genotype shuffled,4
All,CpG,0.12006286995254811,0.09710055036219278,0.11633050438979486,0.09397962906379737,0.0028326216983191044,0.008364675913726053,0.010185340456284088,genotype shuffled,5
All,CpG,0.12006286995254811,0.10474129238755481,0.1252534555210289,0.11248851721140973,-0.004618192373900543,0.011387138761788403,0.014912679970294421,genotype shuffled,6
All,CpG,0.12006286995254811,0.09771999951788746,0.11891289799909127,0.0970088418806731,5.642257078362634e-4,0.009123286139791902,0.010768272524734687,genotype shuffled,7
All,CpG,0.12006286995254811,0.09555073563568711,0.12194950967574808,0.0985149089599131,-0.0015800398741624422,0.007626029114661939,0.012125785560852519,genotype shuffled,8
All,CpG,0.12006286995254811,0.09221898318785982,0.11873040838711052,0.09174494919097831,4.995809259452644e-4,0.0064481869215597025,0.010736331041531913,genotype shuffled,9
All,CpG,0.12006286995254811,0.10132111541611954,0.1225085800630848,0.10253192242646458,-0.0013140881470717347,0.010033618411070918,0.012073880650648013,genotype shuffled,10
All,CpG,0.12006286995254811,0.12686733028423475,0.10353341171770314,0.11774795993694975,0.00805987228420657,0.02160841338667561,0.008871746959570067,genotype shuffled,11
All,CpG,0.12006286995254811,0.11013789985086014,0.11701889804943166,0.10709319511141885,0.0016935089674136594,0.011486955896797067,0.010852118918141964,genotype shuffled,12
All,CpG,0.12006286995254811,0.09343093742959963,0.12043428408471163,0.09450974948338858,-0.0010714691825475797,0.006396282011355198,0.011498933952998107,genotype shuffled,13
All,CpG,0.12006286995254811,0.09599405293241409,0.11514101326709314,0.09110246030834906,0.0033204794251247005,0.006739652955785002,0.009442700971819627,genotype shuffled,14
All,CpG,0.12006286995254811,0.09710232581954548,0.12735751706967957,0.10514347063799284,-0.005295603546509431,0.011399116817989443,0.014561323655063923,genotype shuffled,15
All,CpG,0.12006286995254811,0.10374687776082692,0.1189111319817171,0.10356185798016371,3.078436973689147e-4,0.010173362400083048,0.012077873336048359,genotype shuffled,16
All,CpG,0.12006286995254811,0.09814174074932386,0.11464729339394858,0.09179304921078923,0.004374494892342373,0.006779579809788467,0.009494605882024132,genotype shuffled,17
All,CpG,0.12006286995254811,0.12654855052810127,0.11260233461248342,0.12376333253347344,0.004183547337934523,0.03540713413027334,0.011678604796013703,genotype shuffled,18
All,CpG,0.12006286995254811,0.10723770109999026,0.1193925893422193,0.1062985608537651,0.0010940412334803917,0.009857940253455669,0.011746480447819594,genotype shuffled,19
All,CpG,0.12006286995254811,0.1105274114448766,0.10797056518019132,0.09751835245125612,0.008989186406907934,0.007965407373691398,0.008069217194100408,genotype shuffled,20
All,CpG,0.12006286995254811,0.09826096339015672,0.12447780835883748,0.10423833649241282,-0.0040301085673074,0.008831820105566601,0.013850625653802235,genotype shuffled,21
All,CpG,0.12006286995254811,0.12121345366790143,0.11403647817867824,0.11520222167477778,0.0053143633768685805,0.013603079158980748,0.010301128332894137,genotype shuffled,22
All,CpG,0.12006286995254811,0.11114909710908888,0.11843490980901111,0.10858416483565375,0.0020240810930751696,0.011922158605434843,0.012002012313441775,genotype shuffled,23
All,CpG,0.12006286995254811,0.10246662445520194,0.12003176889622541,0.1043635433606182,-9.279180579193635e-4,0.011111643469164491,0.011822341470426179,genotype shuffled,24
All,CpG,0.12006286995254811,0.13848037752306613,0.11552181505821207,0.13549021344704543,0.0032881803987373504,0.03335090114909486,0.014689089587875013,genotype shuffled,25
All,CpG,0.12006286995254811,0.1001795699458693,0.1233703158310332,0.1075138046338236,-0.0037753347125832337,0.010017647669469531,0.01567129019636027,genotype shuffled,26
All,CpG,0.12006286995254811,0.10359413667414291,0.11732446854684919,0.10072117335293368,0.00222029464385326,0.00840460276772952,0.010528711400713892,genotype shuffled,27
All,CpG,0.12006286995254811,0.12605577937992618,0.10590753029840283,0.11701449871248054,0.009008035315841045,0.02327336319862013,0.008847790847167988,genotype shuffled,28
All,CpG,0.12006286995254811,0.09659229998159308,0.1210167374800985,0.09852121052868612,-0.0011218249503161526,0.008073209879500755,0.011371168020187018,genotype shuffled,29
All,CpG,0.12006286995254811,0.10551777619843394,0.11366094828680023,0.09851425686435017,0.004574055413741618,0.007873575609483426,0.009502591252824825,genotype shuffled,30
All,CpG,0.12006286995254811,0.10254929159562409,0.12096968133133279,0.10246140631406492,-8.976921455062792e-4,0.010177355085483394,0.012337397887070885,genotype shuffled,31
All,CpG,0.12006286995254811,0.1018054846063709,0.12532743285583575,0.11236800412857229,-0.0052369033994076886,0.012541024842488561,0.01933258270847807,genotype shuffled,32
All,CpG,0.12006286995254811,0.10739429170445786,0.12168662232175709,0.10950179302349022,-0.0016538517846655942,0.012848461618315246,0.012560988269490293,genotype shuffled,33
All,CpG,0.12006286995254811,0.10764308519491822,0.12094166784572669,0.10939896584091258,-3.9380383082143755e-4,0.013826669541400155,0.012509083359285788,genotype shuffled,34
All,CpG,0.12006286995254811,0.1126077598014893,0.11090289130046949,0.10967707672438637,0.003333035679972285,0.010896038457545776,0.010013654984069186,genotype shuffled,35
All,CpG,0.12006286995254811,0.12058556322727287,0.11607879405903376,0.11865774716469779,0.0019631589149314843,0.017595764559327313,0.013627035271382827,genotype shuffled,36
All,CpG,0.12006286995254811,0.10230160354612233,0.11814119248672911,0.10029363458721952,0.0015484929965516314,0.00997372813006572,0.011091680042162757,genotype shuffled,37
All,CpG,0.12006286995254811,0.1066573501365311,0.12372834744871619,0.11112961632609031,-0.0023403759257672463,0.010584608996318743,0.014397623553649713,genotype shuffled,38
All,CpG,0.12006286995254811,0.10943066189869988,0.11593200733627995,0.10443744132525001,0.003785956655657563,0.010197318512485128,0.010636513906523249,genotype shuffled,39
All,CpG,0.12006286995254811,0.10266712119325816,0.1254300552381568,0.10964211611555269,-0.004530833395778255,0.01219366121265841,0.01506440201550759,genotype shuffled,40
All,CpG,0.12006286995254811,0.1139877221459063,0.11606733572468447,0.1110341732479278,0.0027345748232914247,0.013064066629933962,0.011730509706218209,genotype shuffled,41
All,CpG,0.12006286995254811,0.1064809012934495,0.12009547344582155,0.1069888976424902,6.167737309258348e-4,0.010133435546079582,0.01181036341422514,genotype shuffled,42
All,CpG,0.12006286995254811,0.12034377952595299,0.1222870609923647,0.12427394176358697,-0.001895064074342534,0.016988876378474634,0.01472901644187848,genotype shuffled,43
All,CpG,0.12006286995254811,0.09530691972714361,0.11676887281397019,0.09226426878255939,0.0021070926790210387,0.006647821191577031,0.009698232837441806,genotype shuffled,44
All,CpG,0.12006286995254811,0.10271649332129196,0.11898820816969313,0.10081774260055404,0.0011519293217416293,0.008181012385310112,0.011075709300561372,genotype shuffled,45
All,CpG,0.12006286995254811,0.11592223895883552,0.11954624251476076,0.11821114610409172,-8.357625571186467e-4,0.01870173841522331,0.01375080851879357,genotype shuffled,46
All,CpG,0.12006286995254811,0.09369611909016196,0.12342125823982136,0.09778025748507968,-0.002099825301361047,0.008268851464117736,0.01275263716870693,genotype shuffled,47
All,CpG,0.12006286995254811,0.09465649064341397,0.11998582612739472,0.09461181966856258,-1.570220850015125e-4,0.007051082417012034,0.011115636154564837,genotype shuffled,48
All,CpG,0.12006286995254811,0.10255418479179346,0.11913720364524144,0.10182418270187749,5.15009983117598e-4,0.009119293454391554,0.011383146076388058,genotype shuffled,49
All,CpG,0.12006286995254811,0.12050104596404654,0.11661584377606832,0.11790233373002079,0.0018209314190804626,0.018262543021185188,0.012013990369642815,genotype shuffled,50
All,CpG,0.12006286995254811,0.10530051129115936,0.12253306191459812,0.10894562340866665,-0.00230319831024689,0.012421244280478165,0.013451357113767578,genotype shuffled,51
All,CpG,0.12006286995254811,0.11484926384002375,0.1171665182444524,0.11176693649594,0.0025916838694186595,0.014361689385046594,0.011558824234003305,genotype shuffled,52
All,CpG,0.12006286995254811,0.12497289399310785,0.1059604353709957,0.11603885644127027,0.0057735495655689695,0.015739165848166158,0.009893874422058788,genotype shuffled,53
All,CpG,0.12006286995254811,0.12025012180893785,0.11614412489568454,0.11810429810191891,0.0018651703512687634,0.01561139991535507,0.011986041571840389,genotype shuffled,54
All,CpG,0.12006286995254811,0.12738447473704007,0.11326794441769211,0.12321536653335319,0.0045043134449733735,0.03163005374154549,0.011514904694599494,genotype shuffled,55
All,CpG,0.12006286995254811,0.10670602949999586,0.11358959489387233,0.10009140564413632,0.0047688071409953126,0.00919515447699814,0.009814020714051857,genotype shuffled,56
All,CpG,0.12006286995254811,0.0962409948218233,0.12043918704904183,0.09784883502904645,-2.7615801941788254e-4,0.007454343642447037,0.011355197278585631,genotype shuffled,57
All,CpG,0.12006286995254811,0.09362668709277366,0.1213805677837741,0.09445816677834834,-8.813440428327435e-4,0.007606065687660206,0.011462999784394988,genotype shuffled,58
All,CpG,0.12006286995254811,0.10283231423773703,0.12111302172271343,0.10398118723734218,-0.0011162794696521483,0.008851783532568335,0.012073880650648013,genotype shuffled,59
All,CpG,0.12006286995254811,0.0963554013873274,0.1204496175812082,0.09615846888259771,1.8708129495315085e-4,0.00863617852094962,0.011594758402606426,genotype shuffled,60
All,CpG,0.12006286995254811,0.11746436070635596,0.11522369479304795,0.1138344732348825,0.002273235023992959,0.014409601609850754,0.011307285053781473,genotype shuffled,61
All,CpG,0.12006286995254811,0.1075561903903563,0.11462926275546359,0.10132691649234604,0.00498626381456535,0.01242523696587851,0.009442700971819627,genotype shuffled,62
All,CpG,0.12006286995254811,0.0936610859507111,0.12330384478994777,0.097246346909752035,-0.0021746231120752246,0.008416580823930559,0.012860439674516286,genotype shuffled,63
All,CpG,0.12006286995254811,0.10835927737273354,0.11422634693227479,0.10211680096636028,0.004473019021231872,0.011618714515008505,0.009893874422058788,genotype shuffled,64
All,CpG,0.12006286995254811,0.10324557807931029,0.11794672845925475,0.10117185110250959,0.002010407827091054,0.00925105207260299,0.011051753188159293,genotype shuffled,65
All,CpG,0.12006286995254811,0.0973425917720141,0.11995808483243398,0.09708414398751958,6.405192936590476e-4,0.007937458575888972,0.01122743134577454,genotype shuffled,66
All,CpG,0.12006286995254811,0.12425038833931312,0.11903203297382037,0.12441698169393695,2.2235156586319915e-4,0.021580464588873183,0.013958428159611591,genotype shuffled,67
All,CpG,0.12006286995254811,0.10852072359536069,0.12790646403334227,0.1253394028180087,-0.005345060014858016,0.023788419615264834,0.034345079813781154,genotype shuffled,68
All,CpG,0.12006286995254811,0.11208773401553601,0.11461152659667745,0.10679743155819726,0.004459336213319343,0.013523225450973815,0.00998570618626676,genotype shuffled,69
All,CpG,0.12006286995254811,0.10384032614113947,0.11660042038289115,0.10061261038111385,0.0025551116145151043,0.008712039543556205,0.010428894265705228,genotype shuffled,70
All,CpG,0.12006286995254811,0.11444219827846763,0.1103890387875961,0.1065815652836612,0.008102148725881608,0.010748309097732953,0.00940277411781616,genotype shuffled,71
All,CpG,0.12006286995254811,0.11525914677618404,0.11761608726448353,0.1143610092076956,0.001176512047936673,0.021616398757476302,0.011574794975604692,genotype shuffled,72
All,CpG,0.12006286995254811,0.10637516589145846,0.11929641115494904,0.10632636501067322,8.350447544580586e-5,0.013064066629933962,0.01195010740323727,genotype shuffled,73
All,CpG,0.12006286995254811,0.1166187188592957,0.11840922406938725,0.11629299432913853,6.263104817020304e-4,0.0162741856918126,0.012545017527888908,genotype shuffled,74
All,CpG,0.12006286995254811,0.11061620215766699,0.11229952610767868,0.10301827613214637,0.005269063611792357,0.010097501377476463,0.010931972626148895,genotype shuffled,75
All,CpG,0.12006286995254811,0.11217296210495858,0.11179111764723199,0.10301803684341043,0.006690261025484978,0.009754130433046659,0.009933801276062254,genotype shuffled,76
All,CpG,0.12006286995254811,0.09915449601699733,0.11911338681969985,0.10006508299185424,-5.586445503821258e-4,0.007909509778086545,0.011466992469795335,genotype shuffled,77
All,CpG,0.12006286995254811,0.10375133411134402,0.11513968504541255,0.09868991925625548,0.004473330280393595,0.007649985227064018,0.009746145062245965,genotype shuffled,78
All,CpG,0.12006286995254811,0.1329293559810819,0.09973983530086189,0.1195968303406138,0.014202498716563983,0.02421563695310192,0.007901524407285853,genotype shuffled,79
All,CpG,0.12006286995254811,0.09553307505896502,0.11740327251502775,0.09339432056658792,0.0018847063827444055,0.007142914181220005,0.010524718715313545,genotype shuffled,80
All,CpG,0.12006286995254811,0.11280748614180952,0.11692795198128425,0.11065751376958821,0.0025538034162004286,0.012177690471057023,0.011590765717206079,genotype shuffled,81
All,CpG,0.12006286995254811,0.10800496564710982,0.12044375357604514,0.11174729538645478,-0.0011477878966251742,0.011994026942641081,0.013579123046578668,genotype shuffled,82
All,CpG,0.12006286995254811,0.11646418008468862,0.12125103549757138,0.1210587468780982,-0.0027190084803762615,0.02130496929624927,0.014840811633088183,genotype shuffled,83
All,CpG,0.12006286995254811,0.09670276821374701,0.12195317668934713,0.09933655204210717,-9.035828762772313e-4,0.008492441846537144,0.012720695685504156,genotype shuffled,84
All,CpG,0.12006286995254811,0.11988034177365126,0.11663828258887182,0.11943419040785436,6.917787639589279e-4,0.01930463391067564,0.011862268324429645,genotype shuffled,85
All,CpG,0.12006286995254811,0.11098509283812896,0.12198720549253728,0.11410371157740656,-0.0010324014464578313,0.01235736131407262,0.013231759416748517,genotype shuffled,86
All,CpG,0.12006286995254811,0.11349758089260154,0.11806828788286305,0.11233175013281316,0.001956441647645024,0.01855400905541049,0.012049924538245934,genotype shuffled,87
All,CpG,0.12006286995254811,0.11169213144886658,0.11651156800774126,0.10707926480052615,0.002991274360909457,0.01542374370153878,0.01122743134577454,genotype shuffled,88
All,CpG,0.12006286995254811,0.10362324198044309,0.12400987874059644,0.10788663950625105,-0.003073933051661204,0.010999848277954787,0.013219781360547477,genotype shuffled,89
All,CpG,0.12006286995254811,0.10379787732643764,0.11851683848334488,0.10228155482512413,0.0016358963712480579,0.008827827420166256,0.010636513906523249,genotype shuffled,90
All,CpG,0.12006286995254811,0.11054241014318877,0.12179466186551041,0.11315859864921407,-0.0010604870872769068,0.013794728058197382,0.013906523249407086,genotype shuffled,91
All,CpG,0.12006286995254811,0.10367985828870124,0.12082242208746857,0.10560188407787152,-0.0013674120896017272,0.011131606896166223,0.012265529549864648,genotype shuffled,92
All,CpG,0.12006286995254811,0.1019039133157032,0.1200784343821002,0.10229470412915037,-1.245870997122478e-4,0.012009997684242468,0.011447029042793603,genotype shuffled,93
All,CpG,0.12006286995254811,0.09193746453668794,0.12776789741094458,0.09969703683065839,-0.005105675036393809,0.0068993603717988645,0.013615057215181787,genotype shuffled,94
All,CpG,0.12006286995254811,0.12452154650696329,0.11911278631354505,0.12404333160176101,4.535715625388348e-4,0.01931661196687668,0.013115971540138466,genotype shuffled,95
All,CpG,0.12006286995254811,0.10687559370795041,0.12057796506511126,0.10698397177374114,2.324707565452e-4,0.010261201478890673,0.011942122032436575,genotype shuffled,96
All,CpG,0.12006286995254811,0.0952999593061507,0.12154904210944578,0.09628073781480556,-8.116465803931772e-4,0.0072387386308283225,0.011502926638398454,genotype shuffled,97
All,CpG,0.12006286995254811,0.1047037582350635,0.1195968316236043,0.10391282759032539,7.120539130776038e-4,0.009893874422058788,0.010896038457545776,genotype shuffled,98
All,CpG,0.12006286995254811,0.11643556838769609,0.11479816010802085,0.11195394925725227,0.004482363299014025,0.017687596323535282,0.010468821119708694,genotype shuffled,99
All,CpG,0.12006286995254811,0.1176138274402801,0.11972951231718604,0.1177518134073901,5.450094965877561e-4,0.013798720743597729,0.012924322640921831,genotype shuffled,100
All,gene,0.1108452375136561,0.15424475351240807,0.09834671381151755,0.1483249513119147,0.0077707533095433545,0.06440150358275579,0.008193351345001761,treatment labels shuffled,1
All,gene,0.10730844138243767,0.15424475351240807,0.09057277694356525,0.14457014960182435,0.009190495137380905,0.059702807470926815,0.0066075414072594854,treatment labels shuffled,2
All,gene,0.11210122975325909,0.15424475351240807,0.1045627198174709,0.15061680012526218,0.003980847119673836,0.06766122401033713,0.00842828615059321,treatment labels shuffled,3
All,gene,0.11352438178111535,0.15424475351240807,0.10813925242153666,0.15166284684533177,0.0019161330840781754,0.07021614002114414,0.009514859626453659,treatment labels shuffled,4
All,gene,0.11477318186537772,0.15424475351240807,0.0973318690035147,0.14494529775503434,0.011159164305969027,0.06002584282861506,0.009191824268765417,treatment labels shuffled,5
All,gene,0.10820998561598433,0.15424475351240807,0.09383311159250024,0.14405992117876598,0.008633777648344443,0.06284506049571244,0.00757664748032421,treatment labels shuffled,6
All,gene,0.10882922618961466,0.15424475351240807,0.09366090105092473,0.14678595040512904,0.010739296739616822,0.058616233995066366,0.00845765300129214,treatment labels shuffled,7
All,gene,0.1083253037137269,0.15424475351240807,0.0980899905509452,0.149108395215526,0.005556677408433575,0.06352049806178785,0.007547280629625279,treatment labels shuffled,8
All,gene,0.1050939811342484,0.15424475351240807,0.09663054935799914,0.15305776004265914,0.005039026453600548,0.0649888405967344,0.007547280629625279,treatment labels shuffled,9
All,gene,0.11673879786450081,0.15424475351240807,0.11033571608479892,0.15334568716371882,0.003299100054671822,0.06962880300716551,0.010425231998120522,treatment labels shuffled,10
All,gene,0.11514226181394188,0.15424475351240807,0.10322585924974864,0.14938978336939002,0.007489024212271267,0.05990837542581934,0.008956889463173969,treatment labels shuffled,11
All,gene,0.10732011763254551,0.15424475351240807,0.0966626032691899,0.151234216727685,0.0058064513218982206,0.0646951720897451,0.007694114883119934,treatment labels shuffled,12
All,gene,0.10753525235493588,0.15424475351240807,0.09336537968162123,0.14459079994908314,0.008178560719609096,0.06305062845060495,0.007723481733818865,treatment labels shuffled,13
All,gene,0.11402094703411197,0.15424475351240807,0.1039439047144936,0.15311081691362471,0.003928130498612625,0.06443087043345472,0.009103723716668625,treatment labels shuffled,14
All,gene,0.11656868781462026,0.15424475351240807,0.10790959343696055,0.15135072754488632,0.004411733952560948,0.06713262069775637,0.00927992482086221,treatment labels shuffled,15
All,gene,0.11045334514994548,0.15424475351240807,0.1037472744423587,0.15200587566343987,0.003505104212353949,0.06560554446141195,0.00869258780688359,treatment labels shuffled,16
All,gene,0.11073607450995276,0.15424475351240807,0.11172800305948594,0.16086797988582352,-3.165042812455776e-4,0.0786150593210384,0.013361917068013627,treatment labels shuffled,17
All,gene,0.10513935576725236,0.15424475351240807,0.10140033335475152,0.1552582548723811,0.0010842027895953121,0.06965816985786444,0.008927522612475038,treatment labels shuffled,18
All,gene,0.10393749653722462,0.15424475351240807,0.09238848374719044,0.14692196895307497,0.00902171502510385,0.0650769411488312,0.0074591800775284855,treatment labels shuffled,19
All,gene,0.10839409551086349,0.15424475351240807,0.09782399200536568,0.14915330331174598,0.0060696714973764165,0.06683895219076706,0.007958416539410314,treatment labels shuffled,20
All,gene,0.10729986897664495,0.15424475351240807,0.09601756971540593,0.1477987503897743,0.006502189191145924,0.0653706096558205,0.008017150240808176,treatment labels shuffled,21
All,gene,0.10531356480138171,0.15424475351240807,0.09262432736061793,0.14690880315476817,0.007003628907847004,0.06272759309291671,0.006754375660754141,treatment labels shuffled,22
All,gene,0.11701994471431137,0.15424475351240807,0.10315714103977713,0.14696412161544503,0.006787935713184312,0.058263831786679196,0.009074356865969694,treatment labels shuffled,23
All,gene,0.1143206632727855,0.15424475351240807,0.10407328618071432,0.14767048652120252,0.00743140654411667,0.06719135439915423,0.008398919299894279,treatment labels shuffled,24
All,gene,0.11435955526927272,0.15424475351240807,0.1026187382913124,0.14628195261374866,0.007758304561681084,0.06531187595442264,0.00784094913661459,treatment labels shuffled,25
All,gene,0.11211283764723606,0.15424475351240807,0.11081827629709012,0.1596045999838268,9.1480705816821e-4,0.06880653118759544,0.01121813696699166,treatment labels shuffled,26
All,gene,0.11065977183503739,0.15424475351240807,0.09275373957013872,0.14085678409897456,0.010598802479549418,0.06343239750969105,0.0077822154352167276,treatment labels shuffled,27
All,gene,0.10645735088140396,0.15424475351240807,0.09174552939689218,0.14692116507530883,0.009751054763043832,0.061934688124045574,0.007165511570539175,treatment labels shuffled,28
All,gene,0.10888862963063589,0.15424475351240807,0.10478681213541052,0.1531500741572681,0.0019380406831916996,0.07109714554211206,0.009250557970163279,treatment labels shuffled,29
All,gene,0.10525824258417532,0.15424475351240807,0.10576184880052014,0.16242411959741848,-0.0013042630597784322,0.07338775989662868,0.010865734758604487,treatment labels shuffled,30
All,gene,0.11741894923887836,0.15424475351240807,0.10410209553468364,0.14682054641533449,0.008201832518177021,0.06396100082227182,0.008310818747797486,treatment labels shuffled,31
All,gene,0.11316248317500222,0.15424475351240807,0.10749910997892975,0.1523819094783741,0.0026909631760673736,0.0692470339480794,0.008839422060378245,treatment labels shuffled,32
All,gene,0.11089183915365386,0.15424475351240807,0.10737101052093673,0.15660717150235376,0.0010496328536950261,0.07130271349700458,0.011658639727475625,treatment labels shuffled,33
All,gene,0.10714989204921116,0.15424475351240807,0.09825945608814385,0.15213631354059415,0.0034426877813562573,0.06319746270409961,0.007517913778926348,treatment labels shuffled,34
All,gene,0.1139031201192428,0.15424475351240807,0.10639038240450482,0.15199934024977418,0.004273446365334055,0.06930576764947727,0.01092446846000235,treatment labels shuffled,35
All,gene,0.11330144431035943,0.15424475351240807,0.10868066350726474,0.1565110017903923,7.307616946816697e-4,0.06692705274286385,0.010807001057206625,treatment labels shuffled,36
All,gene,0.11128535952061269,0.15424475351240807,0.09966759497635991,0.14911516474939107,0.008448696300243974,0.06310936215200282,0.0081346176436039,treatment labels shuffled,37
All,gene,0.10058226650539087,0.15424475351240807,0.09458882804762497,0.15257868384760276,0.002865902966343703,0.06771995771173499,0.00672500881005521,treatment labels shuffled,38
All,gene,0.10965276697265142,0.15424475351240807,0.10536775397914705,0.1536835284506517,0.002057965297915687,0.0710384118407142,0.010865734758604487,treatment labels shuffled,39
All,gene,0.10779664583183846,0.15424475351240807,0.10479961835841695,0.15587828229946554,9.396043879894012e-4,0.06983437096205802,0.00869258780688359,treatment labels shuffled,40
All,gene,0.11693623646458523,0.15424475351240807,0.10656744239902627,0.1467680926055357,0.007264342182011607,0.06563491131211088,0.008222718195700694,treatment labels shuffled,41
All,gene,0.10487160079032948,0.15424475351240807,0.09127135583900642,0.14723211687288457,0.006502458865245309,0.061611652766357335,0.00787031598731352,treatment labels shuffled,42
All,gene,0.1109962505682357,0.15424475351240807,0.09634757146112749,0.14496576286106017,0.008910870075282906,0.06117115000587337,0.009426759074356866,treatment labels shuffled,43
All,gene,0.10693445477596564,0.15424475351240807,0.09920749338599377,0.15341755624923542,0.003128106718746859,0.06619288147539058,0.008516386702690004,treatment labels shuffled,44
All,gene,0.12488232023884405,0.15424475351240807,0.1011286538615036,0.13538711906891926,0.018432403314065926,0.05685422295313051,0.010454598848819453,treatment labels shuffled,45
All,gene,0.11711678036792939,0.15424475351240807,0.10990061797773454,0.15161017860715675,0.004590080914078254,0.06863033008340186,0.009397392223657935,treatment labels shuffled,46
All,gene,0.11400256882775428,0.15424475351240807,0.10524789990471328,0.1506610259355627,0.006345095463429873,0.06648654998237989,0.009632327029249384,treatment labels shuffled,47
All,gene,0.1139326303092611,0.15424475351240807,0.09900600249271402,0.14404071559329124,0.011018567537014412,0.0586456008457653,0.0071067778691413135,treatment labels shuffled,48
All,gene,0.10642886947768171,0.15424475351240807,0.0921945816469486,0.14896697643659468,0.008330863999347016,0.05688358980382944,0.00701867731704452,treatment labels shuffled,49
All,gene,0.1090004470469601,0.15424475351240807,0.10478665835235368,0.15509748316806482,6.190486326242972e-4,0.0681898273229179,0.007723481733818865,treatment labels shuffled,50
All,gene,0.10437705823154642,0.15424475351240807,0.10029710679398746,0.156335514699389,0.0016543981546813802,0.06572301186420768,0.007547280629625279,treatment labels shuffled,51
All,gene,0.11232018046254177,0.15424475351240807,0.10255122117566856,0.14809128132374816,0.005681428426599411,0.06399036767297075,0.0077822154352167276,treatment labels shuffled,52
All,gene,0.11252289323117404,0.15424475351240807,0.10223797451815159,0.14757456934992946,0.0069784937583356466,0.06748502290614354,0.008839422060378245,treatment labels shuffled,53
All,gene,0.12119498652533361,0.15424475351240807,0.11274188285104336,0.14761158160625143,0.007065337041779585,0.06813109362152003,0.01151180547398097,treatment labels shuffled,54
All,gene,0.10770568633626554,0.15424475351240807,0.10073193462678526,0.15031483948108748,0.0034022500423024904,0.07121461294490779,0.00954422647715259,treatment labels shuffled,55
All,gene,0.11042113252039559,0.15424475351240807,0.10010296098915661,0.1491717806557344,0.006189709349211481,0.06410783507576648,0.008868788911077176,treatment labels shuffled,56
All,gene,0.1123965158488372,0.15424475351240807,0.09844988889750056,0.14418078759952735,0.010580569667843931,0.06457770468694937,0.007899682838012451,treatment labels shuffled,57
All,gene,0.12094518855555636,0.15424475351240807,0.10704764714890025,0.1446497187450379,0.01124113103315999,0.060965582050980856,0.008751321508281451,treatment labels shuffled,58
All,gene,0.11050481262632583,0.15424475351240807,0.09829033289997957,0.14797353163445492,0.007492497476523419,0.06381416656877717,0.007429813226829555,treatment labels shuffled,59
All,gene,0.10931487804940837,0.15424475351240807,0.0926101545326733,0.14816756587154795,0.008688320876871602,0.055620815223775405,0.006959943615646658,treatment labels shuffled,60
All,gene,0.10803783421469138,0.15424475351240807,0.09127426328101429,0.14332942262604176,0.00910571938115895,0.059702807470926815,0.007929049688711382,treatment labels shuffled,61
All,gene,0.11023713580816913,0.15424475351240807,0.09977504458416164,0.150375532353262,0.005254945302509917,0.06325619640549747,0.006871843063549865,treatment labels shuffled,62
All,gene,0.1053267045048748,0.15424475351240807,0.1137450874754356,0.16872779108646185,-0.005350718404642962,0.08592740514507224,0.014360389991777281,treatment labels shuffled,63
All,gene,0.12168846510347614,0.15424475351240807,0.1053515787471711,0.14397500250601408,0.011725948896489147,0.062463291436626336,0.009720427581346176,treatment labels shuffled,64
All,gene,0.11654033006383974,0.15424475351240807,0.10350710866966778,0.14765710556190037,0.009804464172534721,0.06169975331845413,0.010425231998120522,treatment labels shuffled,65
All,gene,0.1187492082308721,0.15424475351240807,0.09641791745632422,0.1377413297705376,0.012788224362093203,0.05735345941501233,0.009837894984141901,treatment labels shuffled,66
All,gene,0.11021722121215283,0.15424475351240807,0.10979462761819686,0.15839885145528187,-9.113140958710853e-4,0.07638317866791965,0.011922941383766004,treatment labels shuffled,67
All,gene,0.10670256566087177,0.15424475351240807,0.1046090163243904,0.1572965568113529,3.115956391169794e-5,0.07001057206625161,0.0074591800775284855,treatment labels shuffled,68
All,gene,0.11126391072712949,0.15424475351240807,0.10083100878245216,0.14805387944666382,0.004547625811217648,0.06381416656877717,0.007929049688711382,treatment labels shuffled,69
All,gene,0.10753876800021217,0.15424475351240807,0.09396031838628094,0.14438695483479003,0.00940738136949687,0.06525314225302478,0.006989310466345589,treatment labels shuffled,70
All,gene,0.11966827205333891,0.15424475351240807,0.10961671494984587,0.15090095135157888,0.005454767532216687,0.060495712439797955,0.010131563491131212,treatment labels shuffled,71
All,gene,0.10908728034240112,0.15424475351240807,0.107043553883588,0.15678285238876993,9.393078515368414e-5,0.0710384118407142,0.010836367907905556,treatment labels shuffled,72
All,gene,0.11857659529344644,0.15424475351240807,0.11242555228083234,0.1518567645993955,0.002848197186672341,0.06951133560436978,0.01151180547398097,treatment labels shuffled,73
All,gene,0.1057863000295336,0.15424475351240807,0.08923888806344654,0.1444638859783713,0.01068119648321103,0.05999647597791613,0.005520967931399037,treatment labels shuffled,74
All,gene,0.11457658309065144,0.15424475351240807,0.10155601241783119,0.1495873869890893,0.008104848465851133,0.058616233995066366,0.007488546928227417,treatment labels shuffled,75
All,gene,0.11441344580849283,0.15424475351240807,0.10468073675221262,0.14707855127147418,0.006062485668742901,0.06736755550334782,0.00927992482086221,treatment labels shuffled,76
All,gene,0.105566373633945,0.15424475351240807,0.08868660473487222,0.14408877463161424,0.010427204949049362,0.06023141078350758,0.0064313403030658994,treatment labels shuffled,77
All,gene,0.11365562929867357,0.15424475351240807,0.10337001105973792,0.1474945618429137,0.007867402489053932,0.06610478092329379,0.009044990015270763,treatment labels shuffled,78
All,gene,0.11045189330699878,0.15424475351240807,0.09439945078878514,0.14213383356234804,0.012071193485712284,0.060848114648185125,0.0081346176436039,treatment labels shuffled,79
All,gene,0.11093445108533234,0.15424475351240807,0.09413460676574764,0.14443955901610855,0.01077081672816943,0.059702807470926815,0.008398919299894279,treatment labels shuffled,80
All,gene,0.1170145932970364,0.15424475351240807,0.10417641399766986,0.14470857373303347,0.008723786218903906,0.06448960413485258,0.009221191119464348,treatment labels shuffled,81
All,gene,0.11317563444549839,0.15424475351240807,0.10983958603344812,0.15864436611508603,5.227454779402896e-4,0.07097967813931634,0.010807001057206625,treatment labels shuffled,82
All,gene,0.12142518351782028,0.15424475351240807,0.10575024184072856,0.14417495711199463,0.011748920947874053,0.05979090802302361,0.00927992482086221,treatment labels shuffled,83
All,gene,0.10675470388510555,0.15424475351240807,0.1025188644667257,0.15371735962924865,0.0012449861039796062,0.06910019969458475,0.008281451897098556,treatment labels shuffled,84
All,gene,0.11548704252879377,0.15424475351240807,0.10375530027683089,0.14953628564471166,0.007902759388532021,0.06140608481146482,0.008663220956184658,treatment labels shuffled,85
All,gene,0.11977045654820218,0.15424475351240807,0.10827571285555199,0.14873898395609159,0.007815962937469445,0.06313872900270175,0.011364971220486315,treatment labels shuffled,86
All,gene,0.11403568935977709,0.15424475351240807,0.11137954101311481,0.15521388250159746,8.312787778125275e-4,0.07124397979560672,0.011599906026077763,treatment labels shuffled,87
All,gene,0.1161739719308803,0.15424475351240807,0.10273434326728392,0.14599292832223187,0.009818704245718624,0.06504757429813227,0.007899682838012451,treatment labels shuffled,88
All,gene,0.10660245411412428,0.15424475351240807,0.09828010911150159,0.1515364337748607,0.004395857147838467,0.06481263949254082,0.006930576764947727,treatment labels shuffled,89
All,gene,0.10808470890347455,0.15424475351240807,0.09692127529076183,0.14630525548047274,0.006542297656677243,0.06607541407259486,0.007752848584517797,treatment labels shuffled,90
All,gene,0.11272701751019076,0.15424475351240807,0.11062635652697705,0.15917546440563168,3.5965630408657523e-4,0.07350522729942441,0.012480911547045694,treatment labels shuffled,91
All,gene,0.1051715038820284,0.15424475351240807,0.10220639908974771,0.1550598901765149,0.0016585151714308966,0.07121461294490779,0.0081346176436039,treatment labels shuffled,92
All,gene,0.10970821567840439,0.15424475351240807,0.09825970590157573,0.1491356242777242,0.00522257212152627,0.06228709033243275,0.008046517091507107,treatment labels shuffled,93
All,gene,0.11126261303472545,0.15424475351240807,0.0955440646677323,0.1441885631421873,0.010022841775743141,0.06463643838834723,0.00731234582403383,treatment labels shuffled,94
All,gene,0.10449802914145934,0.15424475351240807,0.10338765966793789,0.1572423977780663,9.310426128304461e-4,0.070274873722542,0.00672500881005521,treatment labels shuffled,95
All,gene,0.11589196463295409,0.15424475351240807,0.10077630002901594,0.1416798284724604,0.010396213116771358,0.06360859861388465,0.00816398449430283,treatment labels shuffled,96
All,gene,0.11295704693731712,0.15424475351240807,0.10132820382173718,0.14489258959513013,0.007210090042305217,0.06868906378479972,0.009514859626453659,treatment labels shuffled,97
All,gene,0.11176862326651288,0.15424475351240807,0.10002375668111357,0.15098010748522694,0.004373616263622704,0.06187595442264771,0.007694114883119934,treatment labels shuffled,98
All,gene,0.11111538548100403,0.15424475351240807,0.09918069743901414,0.14619315541270922,0.007725483689554669,0.06493010689533654,0.008340185598496417,treatment labels shuffled,99
All,gene,0.10297679719479402,0.15424475351240807,0.09574504321024951,0.15257415034768967,0.003595087696628585,0.06636908257958417,0.007547280629625279,treatment labels shuffled,100
All,gene,0.12158783555041502,0.09813367205152268,0.1219301422341717,0.10173372841268363,-8.147020934353155e-4,0.016797838599788558,0.010807001057206625,genotype shuffled,1
All,gene,0.12158783555041502,0.11350231775427189,0.11498989320951225,0.11006721071151265,0.003906916054708165,0.027281804299306944,0.0089862563138729,genotype shuffled,2
All,gene,0.12158783555041502,0.1036830596591839,0.11905777927237898,0.1031506664242755,0.001315565742985525,0.014096088335486902,0.010630799953013038,genotype shuffled,3
All,gene,0.12158783555041502,0.11264436726815935,0.12411420153092051,0.11513219627483795,-7.136233969235461e-4,0.013391283918712558,0.01206977563726066,genotype shuffled,4
All,gene,0.12158783555041502,0.09769627299945965,0.11702046669538174,0.09437523200037429,0.0033407575654050836,0.012950781158228591,0.009779161282744038,genotype shuffled,5
All,gene,0.12158783555041502,0.09592441754728792,0.12432320489754511,0.10311150823135301,-0.0036030589239919864,0.01259837894984142,0.012745213203336074,genotype shuffled,6
All,gene,0.12158783555041502,0.09784779505326063,0.1204941593192348,0.09610921009388745,6.839717380685562e-4,0.010249030893926935,0.009779161282744038,genotype shuffled,7
All,gene,0.12158783555041502,0.0919858621882016,0.12276562174483002,0.09629442833111884,-0.0022900837438670774,0.010219664043228004,0.010983202161400212,genotype shuffled,8
All,gene,0.12158783555041502,0.08698229117361461,0.11941416266664678,0.08644464084124481,7.494671050632951e-4,0.008780688358980384,0.009514859626453659,genotype shuffled,9
All,gene,0.12158783555041502,0.09603463206822133,0.12505804447969554,0.09826381430880993,-0.001782558573741655,0.010689533654410902,0.011041935862798074,genotype shuffled,10
All,gene,0.12158783555041502,0.12311711011417437,0.10857758654687766,0.11816394020766957,0.006472798505963939,0.029601785504522495,0.009250557970163279,genotype shuffled,11
All,gene,0.12158783555041502,0.11195023543536908,0.1196442372250262,0.11057149324717014,0.001096231295294292,0.01515329496064842,0.010572066251615176,genotype shuffled,12
All,gene,0.12158783555041502,0.09098481459951868,0.12051490542569349,0.09153481512719436,4.0827411034333183e-4,0.009103723716668625,0.009602960178550453,genotype shuffled,13
All,gene,0.12158783555041502,0.09311511836690423,0.11640085374685338,0.09024547504423164,0.0032520202893200345,0.010014096088335487,0.009133090567367556,genotype shuffled,14
All,gene,0.12158783555041502,0.09412162956714493,0.12830937647589397,0.10524008225176285,-0.005668783087953655,0.01403735463408904,0.013508751321508281,genotype shuffled,15
All,gene,0.12158783555041502,0.10208003198459092,0.11888561306052398,0.10182736272988596,-1.9708151412833885e-5,0.011394338071185246,0.010718900505109832,genotype shuffled,16
All,gene,0.12158783555041502,0.09742602229667036,0.11535953790857223,0.09084809916750014,0.005098532208006046,0.009074356865969694,0.00842828615059321,genotype shuffled,17
All,gene,0.12158783555041502,0.12142598852436931,0.11678393038872803,0.12064832664895964,0.0026864335490450197,0.03844120756490074,0.01121813696699166,genotype shuffled,18
All,gene,0.12158783555041502,0.10168840054923789,0.12068917191804052,0.10204007437545548,1.9037159927992597e-4,0.010395865147421591,0.011159403265593797,genotype shuffled,19
All,gene,0.12158783555041502,0.11524365200635223,0.10624364966888944,0.10024326271281642,0.011383739125320091,0.013420650769411489,0.00816398449430283,genotype shuffled,20
All,gene,0.12158783555041502,0.09310259379651697,0.1252412785977795,0.10237903172433627,-0.005194739957047223,0.010425231998120522,0.01377305297779866,genotype shuffled,21
All,gene,0.12158783555041502,0.12072495095344449,0.11576882517990944,0.1157485989810188,0.0051170988842991205,0.017297075061670386,0.010014096088335487,genotype shuffled,22
All,gene,0.12158783555041502,0.11170225239208326,0.11945252937374995,0.10870698291875835,0.0021819501137130826,0.015505697169035593,0.010836367907905556,genotype shuffled,23
All,gene,0.12158783555041502,0.10147904451287099,0.1211398955528179,0.10079499469245079,-3.0232205874247686e-4,0.011364971220486315,0.010307764595324797,genotype shuffled,24
All,gene,0.12158783555041502,0.13462294805929131,0.11549369278301325,0.13248939283447125,0.005335007263850278,0.047633031833666156,0.012392810994948902,genotype shuffled,25
All,gene,0.12158783555041502,0.0954294279581871,0.12355809531743722,0.1009330145177148,-0.0020172935596584063,0.009514859626453659,0.010718900505109832,genotype shuffled,26
All,gene,0.12158783555041502,0.10407112816558356,0.11782582139459058,0.1022538022957955,0.003491519649139241,0.013097615411723247,0.010601433102314107,genotype shuffled,27
All,gene,0.12158783555041502,0.11814257145942747,0.1071437566021251,0.11297749838040916,0.008042113632672987,0.027692940209091976,0.007899682838012451,genotype shuffled,28
All,gene,0.12158783555041502,0.09256151750496355,0.12131599415965094,0.09376969250377809,-2.3216995124031303e-4,0.009573593327851522,0.009691060730647245,genotype shuffled,29
All,gene,0.12158783555041502,0.10136662211981534,0.1164076345397248,0.09817618398786554,0.0023736411099234966,0.010513332550217315,0.009309291671561143,genotype shuffled,30
All,gene,0.12158783555041502,0.09746507552547434,0.12439253763456659,0.09996274855812282,-0.002219192428431105,0.011834840831669212,0.011570539175378832,genotype shuffled,31
All,gene,0.12158783555041502,0.09791094512881349,0.12201071680294956,0.10440342620736798,-0.0018186008335699944,0.01292141430752966,0.013919887231293317,genotype shuffled,32
All,gene,0.12158783555041502,0.10889340058431607,0.12150395907913047,0.110344321536747,-4.508930986862336e-4,0.015035827557852696,0.010953835310701281,genotype shuffled,33
All,gene,0.12158783555041502,0.10205230948380589,0.12250432395803251,0.10702245486689388,-0.001684088876996559,0.017003406554681078,0.01289204745683073,genotype shuffled,34
All,gene,0.12158783555041502,0.10974677514636683,0.11526929724537233,0.1094548524125924,0.0017998942476514235,0.011364971220486315,0.010953835310701281,genotype shuffled,35
All,gene,0.12158783555041502,0.12017026154568372,0.11541378765320653,0.1153935471063176,0.00530296910648248,0.023757782215435216,0.010131563491131212,genotype shuffled,36
All,gene,0.12158783555041502,0.09668434759714956,0.12084870776791728,0.09667100148127972,7.469478281779685e-4,0.010865734758604487,0.010043462939034417,genotype shuffled,37
All,gene,0.12158783555041502,0.10425906116689176,0.12398861046013232,0.11076410864178515,-0.002413355765970293,0.011864207682368143,0.01568189827322918,genotype shuffled,38
All,gene,0.12158783555041502,0.10657168237703657,0.11899590180743036,0.10250365536371114,0.0027869047244072354,0.015388229766239868,0.009661693879948315,genotype shuffled,39
All,gene,0.12158783555041502,0.09888872297808482,0.1258043376851961,0.1046797140537592,-0.0036942546101210727,0.01908845295430518,0.011335604369787384,genotype shuffled,40
All,gene,0.12158783555041502,0.11069928949704855,0.11633010066163363,0.10820788550264426,0.0027656134887297235,0.01518266181134735,0.011364971220486315,genotype shuffled,41
All,gene,0.12158783555041502,0.11195128988091219,0.11996738120939088,0.1117728816583563,0.001956389071834874,0.01289204745683073,0.011570539175378832,genotype shuffled,42
All,gene,0.12158783555041502,0.11899873249366355,0.12434430109051298,0.12518350698637476,-0.002084324744713484,0.019675789968283803,0.013215082814518971,genotype shuffled,43
All,gene,0.12158783555041502,0.08939728354658577,0.1178688450930766,0.08722553822924067,0.0014856709848877214,0.008633854105485728,0.009133090567367556,genotype shuffled,44
All,gene,0.12158783555041502,0.10085347133604283,0.12255446367599598,0.10098979903263117,-7.648382691738398e-5,0.012216609890755315,0.010718900505109832,genotype shuffled,45
All,gene,0.12158783555041502,0.11357004356092887,0.11975168119185026,0.11656881508560524,-3.2994471799269176e-4,0.026811934688124046,0.012657112651239281,genotype shuffled,46
All,gene,0.12158783555041502,0.0896905363044615,0.12395322282233345,0.09285611725075732,-0.0017098579021661564,0.009749794432045107,0.011100669564195935,genotype shuffled,47
All,gene,0.12158783555041502,0.09868649175304722,0.12026084714856977,0.09870812313476085,1.790831545349647e-4,0.009955362386937625,0.010014096088335487,genotype shuffled,48
All,gene,0.12158783555041502,0.0999397233309483,0.12100364784978229,0.09963183193909275,4.5692659722612605e-4,0.012862680606131799,0.010278397744625866,genotype shuffled,49
All,gene,0.12158783555041502,0.11953072024562855,0.11740746985468059,0.11516206930782885,0.0023800155845344895,0.024873722541994596,0.010454598848819453,genotype shuffled,50
All,gene,0.12158783555041502,0.09884454844861429,0.12281219742819038,0.10262449508500715,-0.001687893806672669,0.01873605074591801,0.01118877011629273,genotype shuffled,51
All,gene,0.12158783555041502,0.10541460690516047,0.12079484523782363,0.1046271381711828,6.716990191844019e-4,0.020292493832961354,0.011012569012099143,genotype shuffled,52
All,gene,0.12158783555041502,0.12154400226655976,0.11108109759706392,0.11812086778090969,0.003268996987875694,0.01741454246446611,0.010131563491131212,genotype shuffled,53
All,gene,0.12158783555041502,0.12350398522384087,0.11442651042234786,0.11765740378826534,0.003949616831924185,0.014947727005755902,0.008956889463173969,genotype shuffled,54
All,gene,0.12158783555041502,0.12390939710189225,0.115291367637331,0.12027473396118193,0.0045931280266903185,0.03952778104076119,0.01148243862328204,genotype shuffled,55
All,gene,0.12158783555041502,0.1078447758804672,0.11473465972980279,0.10133360658738566,0.0052130140189871055,0.009955362386937625,0.008222718195700694,genotype shuffled,56
All,gene,0.12158783555041502,0.09419789509822113,0.12064136398886727,0.09380944148422321,5.953213188301665e-4,0.009808528133442969,0.010072829789733348,genotype shuffled,57
All,gene,0.12158783555041502,0.09432746323096186,0.12221411636306212,0.09438693235348233,4.8133312309300846e-4,0.010278397744625866,0.010190297192529073,genotype shuffled,58
All,gene,0.12158783555041502,0.09800287873455693,0.12485052865152624,0.10169324692855014,-0.0026503005177226924,0.010953835310701281,0.01121813696699166,genotype shuffled,59
All,gene,0.12158783555041502,0.0934878829705671,0.12174893650416174,0.09505874521042867,-4.017318984712581e-4,0.009925995536238694,0.011394338071185246,genotype shuffled,60
All,gene,0.12158783555041502,0.11779196262461444,0.11400631875537509,0.11354882370837899,0.004764403727057498,0.015270762363444145,0.009426759074356866,genotype shuffled,61
All,gene,0.12158783555041502,0.1050060778954488,0.11634787203323232,0.09798265885324081,0.0048432487430914994,0.01650417009279925,0.009221191119464348,genotype shuffled,62
All,gene,0.12158783555041502,0.09015985529890047,0.12350546924349926,0.09516820951225807,-0.002049424132104516,0.012275343592153178,0.012128509338658522,genotype shuffled,63
All,gene,0.12158783555041502,0.10618282718163385,0.11587190011036391,0.09998585823486428,0.004583755599345096,0.012011041935862799,0.008868788911077176,genotype shuffled,64
All,gene,0.12158783555041502,0.09897123094893168,0.11853209486499872,0.09526876572946597,0.003552964239163514,0.010807001057206625,0.010014096088335487,genotype shuffled,65
All,gene,0.12158783555041502,0.09324799892189395,0.12409277900827081,0.09878353297112152,-0.001811735559916483,0.011394338071185246,0.012686479501938212,genotype shuffled,66
All,gene,0.12158783555041502,0.1258407879826663,0.11744925327531469,0.1260331773996824,0.0024760713344485485,0.03538705509221191,0.012157876189357453,genotype shuffled,67
All,gene,0.12158783555041502,0.10970040800745623,0.12319958992786112,0.11966391203119586,-0.0018746864745705083,0.021995771173499355,0.02293551039586515,genotype shuffled,68
All,gene,0.12158783555041502,0.11625891688289647,0.11534540962325968,0.11049968405194832,0.006286622041266399,0.018295547985434042,0.009896628685539763,genotype shuffled,69
All,gene,0.12158783555041502,0.10121508030311388,0.1156700882794135,0.09667285319087121,0.003497775462134034,0.012245976741454246,0.008516386702690004,genotype shuffled,70
All,gene,0.12158783555041502,0.10600274856315584,0.11412519097715412,0.09922345981714825,0.0062304391234203615,0.013626218724304006,0.00842828615059321,genotype shuffled,71
All,gene,0.12158783555041502,0.11831456042855504,0.11791228866405556,0.11774935204919673,0.0016440541426426813,0.033859978855867494,0.010895101609303418,genotype shuffled,72
All,gene,0.12158783555041502,0.10484580682150513,0.11895730149354317,0.10268172962918953,0.001393842477616536,0.019705156818982734,0.009867261834840832,genotype shuffled,73
All,gene,0.12158783555041502,0.11311473429334562,0.12256381655633769,0.11577002541095571,-0.0015708871666113566,0.024227651826618114,0.014448490543874076,genotype shuffled,74
All,gene,0.12158783555041502,0.10365221011106718,0.11676515745712951,0.09713649020758353,0.003765238892393885,0.00954422647715259,0.010454598848819453,genotype shuffled,75
All,gene,0.12158783555041502,0.110823022104651,0.11541990054225831,0.10316417534880479,0.005952548693556214,0.012011041935862799,0.008868788911077176,genotype shuffled,76
All,gene,0.12158783555041502,0.09823803886669957,0.11822857827143701,0.0966735871224032,0.0016023420225866336,0.013068248561024317,0.009309291671561143,genotype shuffled,77
All,gene,0.12158783555041502,0.10440372124777264,0.11520401085354387,0.09541991658000043,0.006207567552925397,0.010190297192529073,0.008516386702690004,genotype shuffled,78
All,gene,0.12158783555041502,0.12564284195478675,0.10242803187732052,0.11582047051106448,0.011990689149711131,0.025402325854575355,0.007517913778926348,genotype shuffled,79
All,gene,0.12158783555041502,0.09693895496557725,0.11693374350860752,0.09276163863522796,0.004111958595487242,0.009426759074356866,0.009368025372959004,genotype shuffled,80
All,gene,0.12158783555041502,0.11259468123019839,0.12017835046565262,0.11130024503648511,0.001574939355367344,0.014154822036884765,0.010072829789733348,genotype shuffled,81
All,gene,0.12158783555041502,0.10504269103593278,0.11991557275078196,0.10772515397585536,-5.474031748936015e-4,0.014742159050863386,0.012657112651239281,genotype shuffled,82
All,gene,0.12158783555041502,0.11686889225430708,0.12036719268880902,0.1212910479788813,-0.0017925207970508339,0.034359215317749325,0.014242922588981558,genotype shuffled,83
All,gene,0.12158783555041502,0.09328643302266088,0.12414319641824417,0.09674754922699491,-0.0021477239433126405,0.012128509338658522,0.011893574533067074,genotype shuffled,84
All,gene,0.12158783555041502,0.12244302169722548,0.1148869926815187,0.12007790810895314,0.003018244514305768,0.030159755667802185,0.010572066251615176,genotype shuffled,85
All,gene,0.12158783555041502,0.10668117499700747,0.12524687983228994,0.11101689017393895,-0.0017176254132513225,0.014389756842476212,0.013038881710325384,genotype shuffled,86
All,gene,0.12158783555041502,0.11090560976987163,0.11904414927646922,0.11165615256165412,0.0013550202533457734,0.02889698108774815,0.012774580054035005,genotype shuffled,87
All,gene,0.12158783555041502,0.11113509675619876,0.11916938918647313,0.1113468702556269,3.9988906535626256e-4,0.024756255139198872,0.01177610713027135,genotype shuffled,88
All,gene,0.12158783555041502,0.09923584856101925,0.12612733611249205,0.10426404466232564,-0.0037870012238735984,0.015006460707153765,0.012510278397744625,genotype shuffled,89
All,gene,0.12158783555041502,0.10107234741991261,0.11998038603698075,0.09952374638573092,0.0016329282458587002,0.012187243040056384,0.009338658522260073,genotype shuffled,90
All,gene,0.12158783555041502,0.10661578716146192,0.12621946236891507,0.11419596592713155,-0.003874978884691571,0.01706214025607894,0.01459532479736873,genotype shuffled,91
All,gene,0.12158783555041502,0.09912106011516564,0.12267332051736668,0.10316829011524764,-0.0028038168755344928,0.018647950193821216,0.011276870668389522,genotype shuffled,92
All,gene,0.12158783555041502,0.10689611576217933,0.12165294965686985,0.10765839459038584,1.5203082629966502e-4,0.016386702690003523,0.011864207682368143,genotype shuffled,93
All,gene,0.12158783555041502,0.0903267951097777,0.13056026506563684,0.10138722317291848,-0.006962625707401304,0.010278397744625866,0.013567485022906143,genotype shuffled,94
All,gene,0.12158783555041502,0.1295017182452936,0.11948219177311253,0.12716155684701302,0.0019227222301816393,0.022847409843768353,0.011717373428873487,genotype shuffled,95
All,gene,0.12158783555041502,0.10030640105497157,0.12292084476342885,0.10293303505669882,-1.903488943499898e-4,0.014154822036884765,0.010307764595324797,genotype shuffled,96
All,gene,0.12158783555041502,0.09240314414025536,0.12178772312328162,0.09250537127058822,3.499953542801526e-5,0.010072829789733348,0.010425231998120522,genotype shuffled,97
All,gene,0.12158783555041502,0.101686333486045,0.12079706247661215,0.10058970589124311,0.0012530134913509294,0.012539645248443558,0.009867261834840832,genotype shuffled,98
All,gene,0.12158783555041502,0.11625266040216048,0.11376760004268383,0.11138557997714754,0.0057206728917782446,0.03089392693527546,0.008839422060378245,genotype shuffled,99
All,gene,0.12158783555041502,0.1093229415627604,0.12107908771879616,0.11237106458402307,-0.0011217798083731356,0.016357335839304592,0.011423704921884176,genotype shuffled,100
DropGeno4,CpG,0.1324195632024367,0.15355009796345698,0.12847333819174545,0.15034294216024657,0.0031020580381215246,0.021583464870980198,0.010405587583749399,treatment labels shuffled,1
DropGeno4,CpG,0.13473259051167036,0.15355009796345698,0.12922261022512166,0.14916658724256726,0.00394192518845482,0.02074681769220868,0.010161706624755273,treatment labels shuffled,2
DropGeno4,CpG,0.1360535724144426,0.15355009796345698,0.12902383768540315,0.1480422649494778,0.003518528893878159,0.0192428851117449,0.009667170235683848,treatment labels shuffled,3
DropGeno4,CpG,0.13246088523548782,0.15355009796345698,0.1297010298724932,0.15138621325938562,0.0017324638510048396,0.021353132854152412,0.010541077005412802,treatment labels shuffled,4
DropGeno4,CpG,0.13251543777735303,0.15355009796345698,0.12934904767547772,0.15002538269410182,0.002145489054525662,0.02150555845352374,0.00968749364893336,treatment labels shuffled,5
DropGeno4,CpG,0.13374704131238818,0.15355009796345698,0.12943506659783283,0.1491610591541226,0.0033765152901764073,0.020248894067595672,0.009409740334523383,treatment labels shuffled,6
DropGeno4,CpG,0.13359062887026524,0.15355009796345698,0.13173155002591547,0.15374735764274827,4.66500519166968e-4,0.02114651148611572,0.011093196398691172,treatment labels shuffled,7
DropGeno4,CpG,0.13015342126583251,0.15355009796345698,0.12333962436650103,0.14684158556232701,0.004439387012279972,0.019446119244240005,0.008329212196757738,treatment labels shuffled,8
DropGeno4,CpG,0.139210612392837,0.15355009796345698,0.129138175854155,0.14439085181230749,0.006876308124273645,0.01838591451972387,0.00897617418520049,treatment labels shuffled,9
DropGeno4,CpG,0.13453056994487067,0.15355009796345698,0.13208800594074543,0.15318491430695574,6.303898815148146e-4,0.02106521783311768,0.010673179191534621,treatment labels shuffled,10
DropGeno4,CpG,0.12816560013502115,0.15355009796345698,0.12510084632948415,0.15145812531271746,0.0011765332544547147,0.022044128904635772,0.009287799855026318,treatment labels shuffled,11
DropGeno4,CpG,0.1422580948404339,0.15355009796345698,0.13249081555178494,0.14542852777573095,0.00748429060067024,0.018402850697431798,0.011360788006476394,treatment labels shuffled,12
DropGeno4,CpG,0.1376109743139639,0.15355009796345698,0.13238101230965554,0.1493581684490104,0.0031523699474510503,0.020956826295786955,0.011028838923401056,treatment labels shuffled,13
DropGeno4,CpG,0.13343388725948796,0.15355009796345698,0.12900181529276228,0.150303922180056,0.0028319570810512174,0.021055056126492923,0.010070251265132476,treatment labels shuffled,14
DropGeno4,CpG,0.13379295467222685,0.15355009796345698,0.1284594565491724,0.1491228414809203,0.002813796406099578,0.020475838848881874,0.009911051194677976,treatment labels shuffled,15
DropGeno4,CpG,0.13676618313519578,0.15355009796345698,0.12958351102100496,0.14778029038013485,0.004291114749623848,0.01946305542194793,0.009474097809813498,treatment labels shuffled,16
DropGeno4,CpG,0.13427748113320798,0.15355009796345698,0.13257646077032925,0.1544299508151083,9.351599249485809e-4,0.0206519750970443,0.011221911349271406,treatment labels shuffled,17
DropGeno4,CpG,0.13336333189370497,0.15355009796345698,0.12956771612727253,0.150275686911099,0.003185547729033178,0.02151910739569008,0.009738302182057136,treatment labels shuffled,18
DropGeno4,CpG,0.13322265626722585,0.15355009796345698,0.12482046034707034,0.14709085234292907,0.0059291872464676265,0.017396841741581025,0.00824453130821811,treatment labels shuffled,19
DropGeno4,CpG,0.13364851436886793,0.15355009796345698,0.12912269434341667,0.150777528689984,0.002988992503106691,0.021481847804732647,0.010090574678381986,treatment labels shuffled,20
DropGeno4,CpG,0.13695078262980576,0.15355009796345698,0.13453005603218593,0.15348961138961448,8.490664515309887e-4,0.02189170330526444,0.011658864734135882,treatment labels shuffled,21
DropGeno4,CpG,0.13723637218731571,0.15355009796345698,0.12497885353963001,0.14175156911547027,0.009310530099150227,0.017210543786793847,0.008908429474368788,treatment labels shuffled,22
DropGeno4,CpG,0.13186469535209244,0.15355009796345698,0.12979459752157158,0.15238944548725925,0.0016916272302786028,0.021610562755312878,0.009386029685732286,treatment labels shuffled,23
DropGeno4,CpG,0.1372732126014481,0.15355009796345698,0.1353074813127435,0.1523865347446568,9.523160116582385e-4,0.02263689512441316,0.011821452040131967,treatment labels shuffled,24
DropGeno4,CpG,0.14253918109885083,0.15355009796345698,0.13471950537134092,0.1477694067023138,0.004285778970027743,0.01849769329259618,0.011343851828768469,treatment labels shuffled,25
DropGeno4,CpG,0.13499546528452672,0.15355009796345698,0.12225616584009541,0.14287527702573827,0.009122384119966576,0.017417165154830536,0.00823098236605177,treatment labels shuffled,26
DropGeno4,CpG,0.13703781943662452,0.15355009796345698,0.1353278358470985,0.1527961080200485,0.001207130482949792,0.02223042685942295,0.012265179896079614,treatment labels shuffled,27
DropGeno4,CpG,0.1284078115489105,0.15355009796345698,0.1272401182583205,0.15358420174072657,2.2054222731177076e-4,0.021847669243223837,0.009267476441776808,treatment labels shuffled,28
DropGeno4,CpG,0.13690778932814285,0.15355009796345698,0.1283426307888974,0.14678945837794655,0.004618646583571084,0.019239497876203316,0.009816208599513593,treatment labels shuffled,29
DropGeno4,CpG,0.1368455748510028,0.15355009796345698,0.13434142754932998,0.15109326009745994,0.0016399177846898594,0.02236930351662794,0.011848549924464647,treatment labels shuffled,30
DropGeno4,CpG,0.13349145368420678,0.15355009796345698,0.1308582384140437,0.15237347614870095,0.0020053539790651498,0.02114651148611572,0.009677331942308603,treatment labels shuffled,31
DropGeno4,CpG,0.13304844083573986,0.15355009796345698,0.12933608918578082,0.15141529676855092,0.0024240010464895434,0.02091956670482952,0.00972814047543238,treatment labels shuffled,32
DropGeno4,CpG,0.1351769841310938,0.15355009796345698,0.131286152470167,0.1506816089331049,0.0025608672688735012,0.02179686071010006,0.010348004579542451,treatment labels shuffled,33
DropGeno4,CpG,0.13505033751049583,0.15355009796345698,0.13354293243093257,0.15263643835143575,4.8570558262206465e-4,0.022108486379925886,0.010381876934958303,treatment labels shuffled,34
DropGeno4,CpG,0.1333540845778688,0.15355009796345698,0.1259336523693479,0.14735496331657844,0.005274701022590533,0.01976790662069059,0.009077791251448043,treatment labels shuffled,35
DropGeno4,CpG,0.13827152977358387,0.15355009796345698,0.13104325209956935,0.14855412180844307,0.005333921154414445,0.019446119244240005,0.010961094212569354,treatment labels shuffled,36
DropGeno4,CpG,0.13007888560628472,0.15355009796345698,0.12655582658878461,0.1517462781169177,0.0017432294302865414,0.020421643080216514,0.008877944354494523,treatment labels shuffled,37
DropGeno4,CpG,0.13743105898144797,0.15355009796345698,0.13207480322687404,0.15059798876242136,0.00310670146887293,0.019578221430361826,0.010693502604784131,treatment labels shuffled,38
DropGeno4,CpG,0.13410295025240399,0.15355009796345698,0.12822966768917576,0.15008526820563778,0.003399824892518888,0.01978145556285693,0.009650234057975923,treatment labels shuffled,39
DropGeno4,CpG,0.129704411761645,0.15355009796345698,0.12862523474107201,0.15298961496736196,5.452463176304212e-4,0.0221965545040071,0.010165093860296858,treatment labels shuffled,40
DropGeno4,CpG,0.1341473268429056,0.15355009796345698,0.12476635713563794,0.14494171718334892,0.005665568374363827,0.018602697594385317,0.009159084904446085,treatment labels shuffled,41
DropGeno4,CpG,0.1314329010392582,0.15355009796345698,0.12779929215836988,0.15021485130292023,0.0016407881475962172,0.021319260498736562,0.009077791251448043,treatment labels shuffled,42
DropGeno4,CpG,0.13245095148485542,0.15355009796345698,0.12631984145655922,0.14886797084587583,0.004289340061842617,0.01950708948398854,0.008847459234620257,treatment labels shuffled,43
DropGeno4,CpG,0.13954003327351133,0.15355009796345698,0.13000852555178877,0.14582748680111363,0.005894851375560728,0.018280910217934734,0.009545229756186786,treatment labels shuffled,44
DropGeno4,CpG,0.14024709477577663,0.15355009796345698,0.13598028801304202,0.1528294504614277,0.0026004804988448704,0.019750970442982664,0.01253615873940642,treatment labels shuffled,45
DropGeno4,CpG,0.1350465317504012,0.15355009796345698,0.12513034367665304,0.14500448755276313,0.006115367007944683,0.018494306057054596,0.008772940052705385,treatment labels shuffled,46
DropGeno4,CpG,0.13346035558377928,0.15355009796345698,0.12781442906757157,0.14878429635200502,0.00340510145848677,0.020469064377798704,0.009897502252511636,treatment labels shuffled,47
DropGeno4,CpG,0.13002865589044876,0.15355009796345698,0.12348548766865769,0.14958286473253846,0.0036949893662839295,0.01873141254496555,0.008227595130510185,treatment labels shuffled,48
DropGeno4,CpG,0.13293047036469635,0.15355009796345698,0.1315231364952359,0.15302602749275873,5.306172130100095e-4,0.0223557545744616,0.010287034339793921,treatment labels shuffled,49
DropGeno4,CpG,0.1277642032283275,0.15355009796345698,0.12803892682914803,0.1549596741413089,-5.716322123375805e-4,0.022867227141240946,0.009311510503817415,treatment labels shuffled,50
DropGeno4,CpG,0.13518130774572257,0.15355009796345698,0.13257084070609798,0.15104859498926698,0.0020567222105229432,0.021576690399897028,0.011201587936021894,treatment labels shuffled,51
DropGeno4,CpG,0.1333114440374516,0.15355009796345698,0.13138787017019488,0.15281732782683344,0.001043249352686404,0.02231172051242099,0.010378489699416718,treatment labels shuffled,52
DropGeno4,CpG,0.1351032384291993,0.15355009796345698,0.13270460489912989,0.1514870942165521,0.0015034137530470781,0.02275544836836864,0.01188919675096367,treatment labels shuffled,53
DropGeno4,CpG,0.1397456526107706,0.15355009796345698,0.13149928236152458,0.1469017810724117,0.006182472725952237,0.020042272699558984,0.010795119671031684,treatment labels shuffled,54
DropGeno4,CpG,0.13316202056871607,0.15355009796345698,0.1251324613069154,0.14731901903729216,0.005132723996613631,0.018240263391435713,0.00881697411474599,treatment labels shuffled,55
DropGeno4,CpG,0.13108781475107645,0.15355009796345698,0.12928616188069714,0.1526609590971303,9.438054868092238e-4,0.022213490681715024,0.00932844668152534,treatment labels shuffled,56
DropGeno4,CpG,0.12993014054929586,0.15355009796345698,0.12813330096536535,0.15187770293683178,9.984507025775358e-4,0.022301558805796238,0.008830523056912332,treatment labels shuffled,57
DropGeno4,CpG,0.14255584102504193,0.15355009796345698,0.1368428387954697,0.15048655591635374,0.0038955162486057904,0.01978145556285693,0.012871495058023345,treatment labels shuffled,58
DropGeno4,CpG,0.1355475239835538,0.15355009796345698,0.12858087302579924,0.14860769828399667,0.0035850510825882753,0.018924484970835903,0.009477485045355083,treatment labels shuffled,59
DropGeno4,CpG,0.13586778832018015,0.15355009796345698,0.12942816684630887,0.14794596690747852,0.005225734535894755,0.019862749215854972,0.00934199562369168,treatment labels shuffled,60
DropGeno4,CpG,0.12757525652849505,0.15355009796345698,0.12285509289011942,0.15007642869861926,0.0029427408799398425,0.020123566352557024,0.00816323765522007,treatment labels shuffled,61
DropGeno4,CpG,0.12978724903901334,0.15355009796345698,0.1285996646157599,0.15254732186617415,3.845723680333535e-4,0.02225752474375563,0.009433450983314478,treatment labels shuffled,62
DropGeno4,CpG,0.13287114403033584,0.15355009796345698,0.12623402785503895,0.14861848657881405,0.005002917029164944,0.019398697946657814,0.009409740334523383,treatment labels shuffled,63
DropGeno4,CpG,0.1366595777012754,0.15355009796345698,0.1287696451556271,0.1478965131645658,0.006173420187735368,0.019791617269481684,0.010263323691002826,treatment labels shuffled,64
DropGeno4,CpG,0.13851329442459842,0.15355009796345698,0.12412964645639235,0.14009951746920096,0.007955828584893354,0.016323088074898552,0.008999884833991586,treatment labels shuffled,65
DropGeno4,CpG,0.14087782812649863,0.15355009796345698,0.1352457386269701,0.15006842084992866,0.00336355516539133,0.019747583207441077,0.01159112002330418,treatment labels shuffled,66
DropGeno4,CpG,0.1304117118570179,0.15355009796345698,0.12679112547426874,0.1508341235277036,0.0023829780349080565,0.021156673192740477,0.010297196046418676,treatment labels shuffled,67
DropGeno4,CpG,0.1297446725390764,0.15355009796345698,0.1274120757528573,0.15170123052739448,0.001665022631527846,0.02111263913069987,0.00894907630086781,treatment labels shuffled,68
DropGeno4,CpG,0.13212883610510745,0.15355009796345698,0.12842050410103506,0.1503232032871295,0.0024507485495856574,0.021234579610196935,0.009037144424949023,treatment labels shuffled,69
DropGeno4,CpG,0.13702955419109797,0.15355009796345698,0.12589143250600665,0.14401196368637198,0.007450990770609178,0.01770508017586527,0.0087695528171638,treatment labels shuffled,70
DropGeno4,CpG,0.14052940128147362,0.15355009796345698,0.13256072759108894,0.1471742042105259,0.0054394660747578705,0.01916836592983003,0.011089809163149587,treatment labels shuffled,71
DropGeno4,CpG,0.13326476249814334,0.15355009796345698,0.1308361859673512,0.15189960107391082,0.0013322911905135904,0.02179008623901689,0.011499664663681384,treatment labels shuffled,72
DropGeno4,CpG,0.1335480222004108,0.15355009796345698,0.1288638903062287,0.15038059047805802,0.00266911551712129,0.019798391740564854,0.010243000277753314,treatment labels shuffled,73
DropGeno4,CpG,0.1346241611205397,0.15355009796345698,0.1316379911110751,0.1525056511723899,0.001170771042079688,0.02091279223374635,0.010148157682588931,treatment labels shuffled,74
DropGeno4,CpG,0.13527106271790018,0.15355009796345698,0.12881878824853527,0.14827808476383075,0.0035299945358005513,0.019185302107537956,0.009775561773014571,treatment labels shuffled,75
DropGeno4,CpG,0.12766148432531255,0.15355009796345698,0.12496425447880538,0.15117227781211973,0.0018473877459804777,0.02141749032944253,0.008634063395500397,treatment labels shuffled,76
DropGeno4,CpG,0.12695004230912132,0.15355009796345698,0.12612891470013415,0.1536069432875966,0.00014681464993826498,0.022040741669094185,0.00856293144912711,treatment labels shuffled,77
DropGeno4,CpG,0.13304087877561632,0.15355009796345698,0.13097942074119362,0.1524707762543312,0.0010841222277588325,0.021766375590225793,0.009609587231476903,treatment labels shuffled,78
DropGeno4,CpG,0.13951369962957,0.15355009796345698,0.13410543925167384,0.14949193843676872,0.003987368132179259,0.019612093785777676,0.010669791955993036,treatment labels shuffled,79
DropGeno4,CpG,0.13170131525877937,0.15355009796345698,0.12755199611664414,0.1503004094158405,0.0021875710615972266,0.020814562403040384,0.009602812760393733,treatment labels shuffled,80
DropGeno4,CpG,0.13680443392158986,0.15355009796345698,0.12600937675071117,0.1442364514263672,0.008574492688029012,0.017393454506039442,0.010198966215712708,treatment labels shuffled,81
DropGeno4,CpG,0.13404031617968754,0.15355009796345698,0.12971416415386822,0.15003458379784085,0.003557418890671904,0.021261677494529615,0.010077025736215646,treatment labels shuffled,82
DropGeno4,CpG,0.1361141460932101,0.15355009796345698,0.13344114777978056,0.15178633268403624,0.0017001231653595017,0.02241672481421013,0.011079647456524832,treatment labels shuffled,83
DropGeno4,CpG,0.14023273048074203,0.15355009796345698,0.1314426135674644,0.14541005440253307,0.00548418897442593,0.01950708948398854,0.010056702322966134,treatment labels shuffled,84
DropGeno4,CpG,0.13651454696705922,0.15355009796345698,0.1256010383211486,0.14415496114542237,0.008022510914502734,0.01786428024631977,0.009477485045355083,treatment labels shuffled,85
DropGeno4,CpG,0.13507648815764783,0.15355009796345698,0.12846664995451235,0.14763594809315472,0.0042318374001635295,0.019944042868853016,0.010469945059039516,treatment labels shuffled,86
DropGeno4,CpG,0.1380128877207925,0.15355009796345698,0.12930236412929608,0.14650648974628666,0.004650223339561388,0.018924484970835903,0.010056702322966134,treatment labels shuffled,87
DropGeno4,CpG,0.1287683744268459,0.15355009796345698,0.12669287865873596,0.15283193936704348,7.41446697725634e-4,0.021722341528185186,0.009379255214649116,treatment labels shuffled,88
DropGeno4,CpG,0.1396195267951441,0.15355009796345698,0.12948569665880838,0.14598407387745532,0.006147074015674547,0.01793202495715147,0.01027348539762758,treatment labels shuffled,89
DropGeno4,CpG,0.13315987497159432,0.15355009796345698,0.13058840710935232,0.1520888378019456,0.0012062456412522127,0.021434426507150453,0.01008041297175723,treatment labels shuffled,90
DropGeno4,CpG,0.12917860900554645,0.15355009796345698,0.12513209685879673,0.15203343201773406,0.001499159536994199,0.01924965958282807,0.00859002933345979,treatment labels shuffled,91
DropGeno4,CpG,0.13569061069855326,0.15355009796345698,0.1344788889843515,0.15392844102287484,-3.367315175537011e-4,0.022870614376782533,0.011977264875044882,treatment labels shuffled,92
DropGeno4,CpG,0.1325376914098395,0.15355009796345698,0.12543594234285643,0.1473726661397326,0.004977852780526759,0.019757744914065834,0.008908429474368788,treatment labels shuffled,93
DropGeno4,CpG,0.13534692008862964,0.15355009796345698,0.13238756921462247,0.15277036725927884,0.0014623420015639765,0.0211736093704484,0.0110186772167763,treatment labels shuffled,94
DropGeno4,CpG,0.13672830273570535,0.15355009796345698,0.1329567850612583,0.1505097708066721,0.002633900308385617,0.021000860357827562,0.010419136525915739,treatment labels shuffled,95
DropGeno4,CpG,0.13542702339229923,0.15355009796345698,0.13155897460198712,0.1517198565763681,0.002328858953749957,0.020384383489259077,0.010276872633169166,treatment labels shuffled,96
DropGeno4,CpG,0.13494509283598272,0.15355009796345698,0.13389515835390714,0.1536431717292881,9.359651198558305e-4,0.022599635533455724,0.01139127312635066,treatment labels shuffled,97
DropGeno4,CpG,0.13002834305283528,0.15355009796345698,0.1279955068800649,0.1520208555473589,0.0016053315061202444,0.02236252904554477,0.010049927851882964,treatment labels shuffled,98
DropGeno4,CpG,0.13168082051489122,0.15355009796345698,0.1290966251979982,0.15184995633265974,0.001150018869497671,0.021427652036067283,0.009152310433362915,treatment labels shuffled,99
DropGeno4,CpG,0.12856779446079747,0.15355009796345698,0.12384433198120676,0.1502307231242866,0.0034958908249528298,0.01978145556285693,0.008498573973836993,treatment labels shuffled,100
DropGeno4,CpG,0.1364848770841971,0.13524289502276,0.13718425631264147,0.13639333211746074,-0.001442805058636365,0.010117672562714666,0.011066098514358491,genotype shuffled,1
DropGeno4,CpG,0.1364848770841971,0.1324073482526047,0.13628149352125812,0.1318004992227501,2.8079778563727675e-4,0.008786488994871725,0.010615596187327674,genotype shuffled,2
DropGeno4,CpG,0.1364848770841971,0.14067774058687815,0.13518327060195667,0.13902541849057037,3.3184767073418664e-4,0.010900123972820822,0.010659630249368281,genotype shuffled,3
DropGeno4,CpG,0.1364848770841971,0.129988597911335,0.13609703239455895,0.12925969713142638,6.3926132363884e-4,0.009016821011699512,0.010354779050625623,genotype shuffled,4
DropGeno4,CpG,0.1364848770841971,0.1300449860138168,0.13775637571109406,0.13086925957355872,-7.440011592098061e-4,0.008613739982250885,0.011008515510151544,genotype shuffled,5
DropGeno4,CpG,0.1364848770841971,0.1344454967814358,0.1368517357304168,0.13402119931524253,1.1241669177874947e-5,0.010564787654203898,0.011218524113729821,genotype shuffled,6
DropGeno4,CpG,0.1364848770841971,0.1318680348091829,0.13604106711531616,0.13174689320209526,4.700054566547651e-4,0.009684106413391775,0.010693502604784131,genotype shuffled,7
DropGeno4,CpG,0.1364848770841971,0.1370022155151061,0.13546269123282845,0.1356754560681216,0.0010987870528826882,0.010510591885538536,0.010368327992791963,genotype shuffled,8
DropGeno4,CpG,0.1364848770841971,0.1339648991418319,0.1355657947849575,0.1331541664709991,4.962044858000669e-4,0.009233604086360958,0.010751085608991079,genotype shuffled,9
DropGeno4,CpG,0.1364848770841971,0.13345327710344074,0.13610208222823655,0.1329356349098576,4.73609256826768e-4,0.009843306483846273,0.010815443084281194,genotype shuffled,10
DropGeno4,CpG,0.1364848770841971,0.13294254589512505,0.1352468474421813,0.1316270804686554,0.0013137207160127118,0.008925365652076715,0.009995732083217603,genotype shuffled,11
DropGeno4,CpG,0.1364848770841971,0.13272938339358065,0.13917537009031772,0.13503602645864682,-0.0016920841809973663,0.011381111419725904,0.011848549924464647,genotype shuffled,12
DropGeno4,CpG,0.1364848770841971,0.13756513892838468,0.1352700249360964,0.13628305947754943,4.250543026458331e-4,0.010635919600577184,0.010791732435490099,genotype shuffled,13
DropGeno4,CpG,0.1364848770841971,0.13823900523545807,0.13562400475508607,0.1370168500102525,6.092576755582502e-4,0.011218524113729821,0.011228685820354576,genotype shuffled,14
DropGeno4,CpG,0.1364848770841971,0.13764177365592217,0.1345381410027558,0.13625155218368407,9.680339082839273e-4,0.010954319741486184,0.010900123972820822,genotype shuffled,15
DropGeno4,CpG,0.1364848770841971,0.13116367133218443,0.13534998566922923,0.13049399150038632,7.966552041472341e-4,0.00900327206953317,0.010696889840325716,genotype shuffled,16
DropGeno4,CpG,0.1364848770841971,0.13341616746891383,0.1362952767604123,0.13262419637876754,8.883072537062553e-4,0.011035613394484226,0.010791732435490099,genotype shuffled,17
DropGeno4,CpG,0.1364848770841971,0.13130684911913748,0.13526567654094768,0.13006347611103636,4.603737991265566e-4,0.009690880884474945,0.010618983422869259,genotype shuffled,18
DropGeno4,CpG,0.1364848770841971,0.13020001791924102,0.13844231885634323,0.1320494648212882,-8.553530460466696e-4,0.009054080602656948,0.011079647456524832,genotype shuffled,19
DropGeno4,CpG,0.1364848770841971,0.1363766376395048,0.133196278335319,0.13262867200991496,0.0024681731870076495,0.009670557471225433,0.009877178839262125,genotype shuffled,20
DropGeno4,CpG,0.1364848770841971,0.13493774791769142,0.13448565877694468,0.13338911598287362,0.001149732585645824,0.009623136173643243,0.010513979121080121,genotype shuffled,21
DropGeno4,CpG,0.1364848770841971,0.12800805418349498,0.14173662974898915,0.13302019282693023,-0.0037573034931411287,0.010029604438633453,0.012153401123207305,genotype shuffled,22
DropGeno4,CpG,0.1364848770841971,0.13648838641309535,0.13505335259049212,0.13523558403348596,0.0010491163441550544,0.009108276371322308,0.010761247315615834,genotype shuffled,23
DropGeno4,CpG,0.1364848770841971,0.13582500474511255,0.13488055556193573,0.13387684264197053,8.996374586142664e-4,0.010483494001205856,0.010131221504881006,genotype shuffled,24
DropGeno4,CpG,0.1364848770841971,0.14220935533027546,0.1317059877960306,0.1378587417517254,0.003485813685669026,0.010588498302994994,0.00972814047543238,genotype shuffled,25
DropGeno4,CpG,0.1364848770841971,0.13464652831152413,0.13184796145814665,0.13035031479287246,0.0033897481686001596,0.008501961209378578,0.009582489347144221,genotype shuffled,26
DropGeno4,CpG,0.1364848770841971,0.14150563330452087,0.1344613180034902,0.1388213152840348,0.0012240900984384906,0.012607290685779707,0.011276107117936767,genotype shuffled,27
DropGeno4,CpG,0.1364848770841971,0.13303091232424208,0.13269876602239733,0.12916167697427916,0.003101398192630278,0.009318284974900585,0.00969426812001653,genotype shuffled,28
DropGeno4,CpG,0.1364848770841971,0.13485212220818849,0.13800240350441262,0.13627855905401143,-8.418870051925542e-4,0.010524140827704876,0.011503051899222969,genotype shuffled,29
DropGeno4,CpG,0.1364848770841971,0.13349217971702515,0.13810021167961245,0.1353333230345523,-0.0017893926219891831,0.009897502252511636,0.01215678835874889,genotype shuffled,30
DropGeno4,CpG,0.1364848770841971,0.1357609144658763,0.13127080430279425,0.13059389804399335,0.004105257854525923,0.008481637796129067,0.009179408317695596,genotype shuffled,31
DropGeno4,CpG,0.1364848770841971,0.13409632504119529,0.13584259785989772,0.13342996242399624,3.4128894370621943e-4,0.008966012478575735,0.010913672914987162,genotype shuffled,32
DropGeno4,CpG,0.1364848770841971,0.13163745638629865,0.13455239124664725,0.12934710148298162,0.001001369502230176,0.009087952958072798,0.01028025986871075,genotype shuffled,33
DropGeno4,CpG,0.1364848770841971,0.12600864755340874,0.13781152668973462,0.12649620814900886,-5.046466917231762e-4,0.00843082926300529,0.010703664311408886,genotype shuffled,34
DropGeno4,CpG,0.1364848770841971,0.13773202098726917,0.13346469084036078,0.13444391635698577,0.0021338525451837786,0.010009281025383943,0.010090574678381986,genotype shuffled,35
DropGeno4,CpG,0.1364848770841971,0.13707560662825435,0.13853564854095274,0.13919899600813385,-5.965517095292139e-4,0.011150779402898119,0.010906898443903992,genotype shuffled,36
DropGeno4,CpG,0.1364848770841971,0.13929864960461774,0.1324667111809839,0.13482384546433518,0.002860196190399178,0.010388651406041473,0.0095418425206452,genotype shuffled,37
DropGeno4,CpG,0.1364848770841971,0.1338743790135301,0.13462772115783894,0.13222562891833461,0.0011864611945400783,0.00950797016522935,0.010063476794049304,genotype shuffled,38
DropGeno4,CpG,0.1364848770841971,0.13810282998553935,0.13520478792675983,0.13694056744824307,6.970191115975299e-4,0.011028838923401056,0.010554625947579143,genotype shuffled,39
DropGeno4,CpG,0.1364848770841971,0.13756176117839658,0.13402578758692874,0.1350825436510233,0.0017138430873595012,0.010974643154735694,0.010497042943372196,genotype shuffled,40
DropGeno4,CpG,0.1364848770841971,0.13537314101426084,0.13684287963631392,0.1357566261825553,-9.603408033487248e-5,0.010686728133700961,0.011472566779348702,genotype shuffled,41
DropGeno4,CpG,0.1364848770841971,0.14066543657711228,0.13563109635594622,0.1396651234101149,0.001060255464468307,0.011706286031718074,0.01120497517156348,genotype shuffled,42
DropGeno4,CpG,0.1364848770841971,0.13346949789600182,0.1369987997495387,0.13374142052216892,-3.520016408969928e-5,0.01009396191392357,0.010784957964406929,genotype shuffled,43
DropGeno4,CpG,0.1364848770841971,0.1286839032208894,0.1331044932750688,0.1251491746222076,0.0022960917994395147,0.0078109651588952195,0.009833144777221518,genotype shuffled,44
DropGeno4,CpG,0.1364848770841971,0.12832746866035516,0.13909286077029387,0.1317603740890601,-0.0025665700861248197,0.00875600387499746,0.011381111419725904,genotype shuffled,45
DropGeno4,CpG,0.1364848770841971,0.139430768896456,0.1312488151043864,0.13507388018307442,0.003527796234927938,0.00989411501697005,0.009799272421805668,genotype shuffled,46
DropGeno4,CpG,0.1364848770841971,0.1337714832269618,0.1359727458253881,0.13350320117720232,3.642697532102446e-4,0.009399578627898628,0.010381876934958303,genotype shuffled,47
DropGeno4,CpG,0.1364848770841971,0.12566714820095387,0.13486950908415513,0.12401348658705336,0.0010659252883126191,0.007258845765616849,0.010022829967550283,genotype shuffled,48
DropGeno4,CpG,0.1364848770841971,0.1340498693193488,0.13612294006007103,0.13346554867481836,8.313808226393937e-4,0.010839153733072291,0.010110898091631496,genotype shuffled,49
DropGeno4,CpG,0.1364848770841971,0.13045406274105364,0.13543031559432833,0.12931273085123474,7.429153292857205e-4,0.010039766145258209,0.010717213253575227,genotype shuffled,50
DropGeno4,CpG,0.1364848770841971,0.12595547298343363,0.13574171199874918,0.12552802853997497,-1.1865242855252367e-4,0.008125978064262632,0.010795119671031684,genotype shuffled,51
DropGeno4,CpG,0.1364848770841971,0.13618107078500652,0.1353616969472493,0.1352677666097873,5.036314379928686e-4,0.010439459939165249,0.011188038993855554,genotype shuffled,52
DropGeno4,CpG,0.1364848770841971,0.13572357204338237,0.13160198425533332,0.13101439451160196,0.004302889692060385,0.008837297527995502,0.009833144777221518,genotype shuffled,53
DropGeno4,CpG,0.1364848770841971,0.13547999638506286,0.13439148806759832,0.1334445182785114,0.0020017109325021765,0.009758625595306646,0.010361553521708793,genotype shuffled,54
DropGeno4,CpG,0.1364848770841971,0.1282296736671854,0.1355100036071331,0.1266672962249331,7.128939856314576e-4,0.008627288924417225,0.010114285327173081,genotype shuffled,55
DropGeno4,CpG,0.1364848770841971,0.13452302738767552,0.1374815800917023,0.13560219227618125,-5.95882091072697e-4,0.00972814047543238,0.01191629463529635,genotype shuffled,56
DropGeno4,CpG,0.1364848770841971,0.1371109503536962,0.13566282931057722,0.13665873496762126,7.764941317574547e-4,0.010300583281960261,0.010605434480702919,genotype shuffled,57
DropGeno4,CpG,0.1364848770841971,0.12908526739881132,0.13445753290698037,0.1268359250893713,0.0019367234770306663,0.008088718473305197,0.009636685115809583,genotype shuffled,58
DropGeno4,CpG,0.1364848770841971,0.13328937944068175,0.13883587525114877,0.13527981793894378,-0.0011241676006596424,0.010127834269339421,0.011696124325093319,genotype shuffled,59
DropGeno4,CpG,0.1364848770841971,0.13333498074661,0.13464459180728033,0.1320897291783144,0.001011177945954067,0.00934199562369168,0.010842540968613876,genotype shuffled,60
DropGeno4,CpG,0.1364848770841971,0.13671388872603724,0.13804925810456853,0.1378778549976361,-4.3609744194700317e-4,0.012031460643710242,0.011801128626882457,genotype shuffled,61
DropGeno4,CpG,0.1364848770841971,0.1284861528183765,0.13901548847005868,0.13129365024683082,-0.0012702895299804284,0.008901655003285618,0.011685962618468562,genotype shuffled,62
DropGeno4,CpG,0.1364848770841971,0.1303238711154548,0.13563326101764384,0.12905159999363708,4.7161817361318636e-4,0.008434216498546875,0.010195578980171123,genotype shuffled,63
DropGeno4,CpG,0.1364848770841971,0.13676408522625472,0.13209373340213137,0.13127215993794783,0.0036759270043630887,0.009762012830848231,0.00968749364893336,genotype shuffled,64
DropGeno4,CpG,0.1364848770841971,0.1370384234792521,0.14151667510246307,0.14168298958133185,-0.003951191054001657,0.012837622702607495,0.01264793751227873,genotype shuffled,65
DropGeno4,CpG,0.1364848770841971,0.13651625716798937,0.13145809216463955,0.1313891428060598,0.0028451097216356525,0.009992344847676018,0.009982183141051263,genotype shuffled,66
DropGeno4,CpG,0.1364848770841971,0.13198174366812637,0.1348009336354275,0.13041426732204325,0.0011074923883009902,0.008986335891825245,0.010154932153672101,genotype shuffled,67
DropGeno4,CpG,0.1364848770841971,0.13950649816449434,0.1338197824744185,0.13755140243817426,0.0012591657453114302,0.011425145481766511,0.010148157682588931,genotype shuffled,68
DropGeno4,CpG,0.1364848770841971,0.13302642743737553,0.13258317094325556,0.12895187757379561,0.0024712853903659515,0.009609587231476903,0.010117672562714666,genotype shuffled,69
DropGeno4,CpG,0.1364848770841971,0.13207637211860096,0.13469927624570904,0.12978462428411108,0.001261914597994629,0.00859680380454296,0.010219289628962219,genotype shuffled,70
DropGeno4,CpG,0.1364848770841971,0.13067610861266865,0.1344274671054025,0.12797426220473113,0.0017806503513844718,0.008529059093711258,0.00936231903694119,genotype shuffled,71
DropGeno4,CpG,0.1364848770841971,0.1309080031293835,0.1347313479699131,0.1288289810092456,0.0011001804858977726,0.008285178134717132,0.009877178839262125,genotype shuffled,72
DropGeno4,CpG,0.1364848770841971,0.13590532520965715,0.13672084035140897,0.1357528291045843,1.6238794640416332e-4,0.009843306483846273,0.010486881236747441,genotype shuffled,73
DropGeno4,CpG,0.1364848770841971,0.12937176144400386,0.13824730129778162,0.13045804066437483,-7.96442959747401e-4,0.010090574678381986,0.011157553873981289,genotype shuffled,74
DropGeno4,CpG,0.1364848770841971,0.1368651324458618,0.1333418945416031,0.13382286987842923,0.0019028551547948247,0.010588498302994994,0.010344617344000866,genotype shuffled,75
DropGeno4,CpG,0.1364848770841971,0.13373790955857512,0.14508282345562373,0.14262543204750044,-0.006069313619015415,0.01324070373205612,0.014419461700527731,genotype shuffled,76
DropGeno4,CpG,0.1364848770841971,0.12956095331880052,0.13640111065947624,0.12925737663469838,-2.568650719434462e-4,0.00898972312736683,0.010324293930751356,genotype shuffled,77
DropGeno4,CpG,0.1364848770841971,0.13422063866763334,0.1317752643629227,0.12864671371681302,0.0038551184508895386,0.008986335891825245,0.009582489347144221,genotype shuffled,78
DropGeno4,CpG,0.1364848770841971,0.13586949977269297,0.13797414255403012,0.13710519054082998,-5.593643902346845e-4,0.011028838923401056,0.011354013535393224,genotype shuffled,79
DropGeno4,CpG,0.1364848770841971,0.1316780906187235,0.1357572382051172,0.13123375525295133,-4.510156265336018e-5,0.009629910644726413,0.011225298584812991,genotype shuffled,80
DropGeno4,CpG,0.1364848770841971,0.13260522441633998,0.14073203719787386,0.1375087517902387,-0.0030052601297964054,0.010608821716244504,0.01191629463529635,genotype shuffled,81
DropGeno4,CpG,0.1364848770841971,0.13865251272190032,0.13558816966723547,0.13832104088705155,6.393215809501474e-4,0.011496277428139799,0.011272719882395182,genotype shuffled,82
DropGeno4,CpG,0.1364848770841971,0.1341895596185288,0.13331063723716924,0.13262870529988086,0.001995410692328836,0.009619748938101658,0.010317519459668186,genotype shuffled,83
DropGeno4,CpG,0.1364848770841971,0.13934521906672326,0.13680967362509983,0.13985238606338668,-6.926562721627505e-4,0.012177111771998402,0.011293043295644692,genotype shuffled,84
DropGeno4,CpG,0.1364848770841971,0.13275192658648,0.13608702983324766,0.13305657994009124,-4.2324915194696944e-4,0.009755238359765061,0.011154166638439704,genotype shuffled,85
DropGeno4,CpG,0.1364848770841971,0.13285389631012745,0.1363198120173344,0.13235021885106557,9.382634234055276e-4,0.00968749364893336,0.010642694071660356,genotype shuffled,86
DropGeno4,CpG,0.1364848770841971,0.13015043134934334,0.13567693499629696,0.12920964946445707,2.9690806802595837e-6,0.009026982718324267,0.01026671092654441,genotype shuffled,87
DropGeno4,CpG,0.1364848770841971,0.13117462074428538,0.14033128955925578,0.13519641602725602,-0.002331423904619878,0.011438694423932852,0.012180499007539987,genotype shuffled,88
DropGeno4,CpG,0.1364848770841971,0.1260908464171805,0.13784407149507233,0.12716304447637672,-0.0013092538614454252,0.008352922845548835,0.010957706977027769,genotype shuffled,89
DropGeno4,CpG,0.1364848770841971,0.13585086076807634,0.13844323940292752,0.1386982929334788,-0.0018775460023887636,0.01193661804854586,0.01171644773834283,genotype shuffled,90
DropGeno4,CpG,0.1364848770841971,0.1384630876259741,0.1367386617210557,0.1391647772521838,-5.508321503161495e-4,0.012407443788826187,0.012058558528042922,genotype shuffled,91
DropGeno4,CpG,0.1364848770841971,0.1281778655663024,0.13779372930348294,0.12943957010698431,-5.040336113315558e-4,0.008684871928624173,0.010608821716244504,genotype shuffled,92
DropGeno4,CpG,0.1364848770841971,0.12615972133277537,0.1337825684686096,0.12314085061428393,0.002742960867964106,0.007678862972773401,0.009612974467018488,genotype shuffled,93
DropGeno4,CpG,0.1364848770841971,0.13123257618498219,0.13639467720155846,0.13128053899132597,-9.667967782106546e-5,0.009030369953865853,0.011127068754107024,genotype shuffled,94
DropGeno4,CpG,0.1364848770841971,0.13098573226125282,0.13416511363521832,0.12888056229894124,0.0012865379555981327,0.008759391110539045,0.00991443843021956,genotype shuffled,95
DropGeno4,CpG,0.1364848770841971,0.13293173144711629,0.13640843634423366,0.13294115386093514,-1.0954148713920864e-4,0.009616361702560073,0.010659630249368281,genotype shuffled,96
DropGeno4,CpG,0.1364848770841971,0.13282289593509322,0.13237329519511098,0.12826503810569556,0.00385226526115523,0.00861712721779247,0.009775561773014571,genotype shuffled,97
DropGeno4,CpG,0.1364848770841971,0.13617383665905014,0.13592557029301183,0.13528987991451924,3.495457815039793e-4,0.010368327992791963,0.011059324043275321,genotype shuffled,98
DropGeno4,CpG,0.1364848770841971,0.13210587006108443,0.13316132493891059,0.12847723060348587,0.0027988765966759366,0.00916247213998767,0.009467323338730328,genotype shuffled,99
DropGeno4,CpG,0.1364848770841971,0.13234847933877197,0.14014540049549473,0.1362034892447832,-0.002522631661940611,0.010314132224126601,0.011831613746756722,genotype shuffled,100
DropGeno4,gene,0.13591380217133903,0.15769922738072562,0.1287127689039661,0.1516401375477896,0.005824872263826608,0.0226656669934829,0.009775650268181555,treatment labels shuffled,1
DropGeno4,gene,0.14083762575408565,0.15769922738072562,0.1323301311170964,0.1511089094841555,0.00757860989073833,0.022809850625756963,0.01052540515600669,treatment labels shuffled,2
DropGeno4,gene,0.13771918304487507,0.15769922738072562,0.12816703955853676,0.1502652589630128,0.005403880473522249,0.02156987138820001,0.01052540515600669,treatment labels shuffled,3
DropGeno4,gene,0.13100942034511537,0.15769922738072562,0.1265318990564256,0.1549281457546916,0.0024468800103572552,0.02306938116385028,0.00891054847453717,treatment labels shuffled,4
DropGeno4,gene,0.13101421635384058,0.15769922738072562,0.12603532085371877,0.15405471432300083,0.002839249074343464,0.023127054616759905,0.008997058653901609,treatment labels shuffled,5
DropGeno4,gene,0.13456826712739223,0.15769922738072562,0.13033483282476988,0.15600040871252024,0.00326094550121403,0.022434973181844398,0.009948670626910433,treatment labels shuffled,6
DropGeno4,gene,0.13444083954575453,0.15769922738072562,0.13476361154178923,0.16003642620407055,-0.0010311334295527996,0.02497260510986793,0.011419343676105888,treatment labels shuffled,7
DropGeno4,gene,0.13201485500090027,0.15769922738072562,0.12217207331945806,0.14836472087468144,0.0066206044908568296,0.020502912509371935,0.0085645077570794155,treatment labels shuffled,8
DropGeno4,gene,0.14192880986113643,0.15769922738072562,0.12896259378490965,0.1466311653094119,0.009387464859026362,0.019464790356998673,0.008477997577714978,treatment labels shuffled,9
DropGeno4,gene,0.1337691207330995,0.15769922738072562,0.1312179254116862,0.15669343003612218,0.001719006912614618,0.023444258607762846,0.009573793182997866,treatment labels shuffled,10
DropGeno4,gene,0.12874251298820621,0.15769922738072562,0.12647000396506886,0.15572469930833854,0.001049043561707319,0.025635849818328622,0.00778591614279947,treatment labels shuffled,11
DropGeno4,gene,0.14116540984070347,0.15769922738072562,0.13314641511505387,0.15395610578211305,0.005441528873307844,0.023184728069669532,0.0114481804025607,treatment labels shuffled,12
DropGeno4,gene,0.141595966314074,0.15769922738072562,0.1345138936887888,0.15124299526197882,0.004867943661685581,0.022319626276025146,0.010554241882461502,treatment labels shuffled,13
DropGeno4,gene,0.13507620656500308,0.15769922738072562,0.1302956019948039,0.15437642623047537,0.0039665206965761035,0.02315589134321472,0.010237037891458562,treatment labels shuffled,14
DropGeno4,gene,0.13426125111995924,0.15769922738072562,0.1294080570935946,0.15338622723179524,0.0027145852826036543,0.023011707710940653,0.009054732106811235,treatment labels shuffled,15
DropGeno4,gene,0.1372436258904573,0.15769922738072562,0.12986820210189343,0.15102438642873633,0.004987996063914035,0.02246380990829921,0.00859334448353423,treatment labels shuffled,16
DropGeno4,gene,0.133904668100075,0.15769922738072562,0.13181777235129521,0.15875247998014175,9.880350818536332e-4,0.021396851029471135,0.010583078608916316,treatment labels shuffled,17
DropGeno4,gene,0.13559416638787236,0.15769922738072562,0.1289905718438079,0.1517694084854589,0.004980121974652585,0.023127054616759905,0.009544956456543054,treatment labels shuffled,18
DropGeno4,gene,0.13749883639740756,0.15769922738072562,0.12693431395256743,0.15072279722930165,0.008115534928567425,0.019262933271814983,0.008276140492531288,treatment labels shuffled,19
DropGeno4,gene,0.13645631687633963,0.15769922738072562,0.12859616361434323,0.151954408580467,0.00543239017983671,0.022088932464386642,0.008333813945440914,treatment labels shuffled,20
DropGeno4,gene,0.13693587237019722,0.15769922738072562,0.136472234837199,0.15951511802048446,3.272171831780746e-4,0.02428052367495242,0.00940077282426899,treatment labels shuffled,21
DropGeno4,gene,0.13922778845714207,0.15769922738072562,0.12396853237903294,0.14338918472289136,0.011731524165837504,0.019983851433185304,0.008333813945440914,treatment labels shuffled,22
DropGeno4,gene,0.13242286666531194,0.15769922738072562,0.13051993991270383,0.15622608610289612,0.0015127585044244496,0.024857258204048677,0.00940077282426899,treatment labels shuffled,23
DropGeno4,gene,0.13571977593023354,0.15769922738072562,0.13600704651865236,0.15780960413701145,5.084441780044413e-4,0.025462829459599746,0.011621200761289578,treatment labels shuffled,24
DropGeno4,gene,0.14220615914445006,0.15769922738072562,0.1305657113809483,0.14932348291919,0.007019080640325082,0.01842666820462541,0.010698425514735568,treatment labels shuffled,25
DropGeno4,gene,0.13428020981755662,0.15769922738072562,0.11769139772546933,0.14373926588306452,0.012412697050907806,0.018859219101447604,0.007209181613703213,treatment labels shuffled,26
DropGeno4,gene,0.13822488269743494,0.15769922738072562,0.13357665408309133,0.15592957453356338,0.0026402421752336203,0.022204279370205894,0.011707710940654016,treatment labels shuffled,27
DropGeno4,gene,0.12594154524275974,0.15769922738072562,0.1256312347424436,0.15914895698970932,-2.1888453112783868e-4,0.023011707710940653,0.009285425918449738,treatment labels shuffled,28
DropGeno4,gene,0.13732717749814388,0.15769922738072562,0.1248808809838603,0.14812666255688345,0.00780418209582151,0.021194993944287446,0.009977507353365247,treatment labels shuffled,29
DropGeno4,gene,0.13781953357778887,0.15769922738072562,0.135160497122029,0.1555370826108442,0.0021256176391472037,0.025260972374416057,0.012486302554933965,treatment labels shuffled,30
DropGeno4,gene,0.13039683318242845,0.15769922738072562,0.12848636167166638,0.1572412500237314,0.0022725457337393618,0.023617278966491725,0.008247303766076476,treatment labels shuffled,31
DropGeno4,gene,0.13421622254278803,0.15769922738072562,0.13023750150639002,0.15594595515954351,0.0028086908643249475,0.02428052367495242,0.00980448699463637,treatment labels shuffled,32
DropGeno4,gene,0.13650144334596126,0.15769922738072562,0.1328749896649718,0.15504182365079794,0.002911842233007278,0.025549339638964184,0.01081377242055482,treatment labels shuffled,33
DropGeno4,gene,0.13391711486356356,0.15769922738072562,0.1320325980871319,0.15728023271688468,9.82971664403809e-4,0.02327123824903397,0.009689140088817117,treatment labels shuffled,34
DropGeno4,gene,0.13518137329829955,0.15769922738072562,0.12453970258350605,0.14946609474147382,0.007644837463282095,0.021137320491377818,0.008276140492531288,treatment labels shuffled,35
DropGeno4,gene,0.1383476698885765,0.15769922738072562,0.13029608317752578,0.15172231366649352,0.006348008720867937,0.021021973585558566,0.009631466635907492,treatment labels shuffled,36
DropGeno4,gene,0.13299260114270645,0.15769922738072562,0.12953625063958246,0.15755948691669325,0.001649836094342605,0.02165638156756445,0.007382201972432089,treatment labels shuffled,37
DropGeno4,gene,0.13955882908243827,0.15769922738072562,0.13215134796665468,0.15514149102833613,0.004012802117468683,0.021223830670742256,0.010496568429551878,treatment labels shuffled,38
DropGeno4,gene,0.13958232994788222,0.15769922738072562,0.13046817239806596,0.15163759888613187,0.006516990385537713,0.020820116500374877,0.009977507353365247,treatment labels shuffled,39
DropGeno4,gene,0.13152595894526053,0.15769922738072562,0.13027999769247367,0.15815649260817138,2.615056031931018e-4,0.024309360401407232,0.009544956456543054,treatment labels shuffled,40
DropGeno4,gene,0.1354140172866316,0.15769922738072562,0.1251925427602874,0.1493205654675004,0.007027406893406862,0.020502912509371935,0.008622181209989041,treatment labels shuffled,41
DropGeno4,gene,0.13135412994133616,0.15769922738072562,0.12795383488071044,0.15402953328527436,0.001688489087094458,0.02315589134321472,0.008045446680892784,treatment labels shuffled,42
DropGeno4,gene,0.13179509486184493,0.15769922738072562,0.12491751708913634,0.15406064701785993,0.004795426810523085,0.021108483764923004,0.008535671030624603,treatment labels shuffled,43
DropGeno4,gene,0.1390592197253428,0.15769922738072562,0.12944314408556118,0.15082911029412366,0.006013556409476539,0.020675932868100814,0.008247303766076476,treatment labels shuffled,44
DropGeno4,gene,0.14452677870807162,0.15769922738072562,0.13528791802984658,0.15507349906391138,0.00520244174738943,0.022233116096660708,0.015341138473960436,treatment labels shuffled,45
DropGeno4,gene,0.1338501476795968,0.15769922738072562,0.12066140348522092,0.14714213245605223,0.009069558186095783,0.019839667800911242,0.00839148739835054,treatment labels shuffled,46
DropGeno4,gene,0.13630084428787925,0.15769922738072562,0.12841923277957662,0.1521988457277133,0.004501831825008906,0.02234846300247996,0.008622181209989041,treatment labels shuffled,47
DropGeno4,gene,0.12994961032493157,0.15769922738072562,0.12012804896723506,0.1517312104491661,0.006840131955356543,0.019378280177634235,0.008362650671895726,treatment labels shuffled,48
DropGeno4,gene,0.13511713463635966,0.15769922738072562,0.13403118393036423,0.1568907719043215,2.776565721273605e-4,0.02479958475113905,0.010611915335371128,treatment labels shuffled,49
DropGeno4,gene,0.12411366505231425,0.15769922738072562,0.12569839198381372,0.15976009276117803,-9.399843927525575e-4,0.02500144183632274,0.009170079012630486,treatment labels shuffled,50
DropGeno4,gene,0.1391646391871475,0.15769922738072562,0.13571948411719825,0.1538980784969553,0.0036345774727264413,0.023559605513582098,0.011073302958648135,treatment labels shuffled,51
DropGeno4,gene,0.13697180879782606,0.15769922738072562,0.13324791171428851,0.15600726146409566,0.0025477215838763945,0.024165176769133167,0.00980448699463637,treatment labels shuffled,52
DropGeno4,gene,0.13695549632620307,0.15769922738072562,0.1346688383272654,0.1558657005185593,0.0016631233239816634,0.02517446219505162,0.0114481804025607,treatment labels shuffled,53
DropGeno4,gene,0.14149728414560314,0.15769922738072562,0.13137682378834453,0.14877018573054224,0.008007767097306329,0.022723340446392525,0.009977507353365247,treatment labels shuffled,54
DropGeno4,gene,0.1352543374946527,0.15769922738072562,0.12415291186352212,0.150156160994466,0.006776006336011775,0.01822481111944172,0.007843589595709095,treatment labels shuffled,55
DropGeno4,gene,0.1294733451989878,0.15769922738072562,0.12749582321880232,0.15671201255794176,0.0014774763104349886,0.023357748428398408,0.008362650671895726,treatment labels shuffled,56
DropGeno4,gene,0.12889247341322774,0.15769922738072562,0.1256167606226511,0.1555755708972012,0.001659180996098908,0.023559605513582098,0.008622181209989041,treatment labels shuffled,57
DropGeno4,gene,0.14337690857856816,0.15769922738072562,0.13277825315142033,0.15431995939457377,0.006664162052903655,0.022290789549570332,0.012024914931656958,treatment labels shuffled,58
DropGeno4,gene,0.13667261858090324,0.15769922738072562,0.12782826981698475,0.15188412762313358,0.004665039097422108,0.020012688159640118,0.009343099371359364,treatment labels shuffled,59
DropGeno4,gene,0.13844181908345105,0.15769922738072562,0.12887266150986587,0.1516129447486953,0.007451213258051648,0.021396851029471135,0.008766364842263107,treatment labels shuffled,60
DropGeno4,gene,0.1277994883588211,0.15769922738072562,0.11992567433316859,0.15338820127829833,0.00505396820976084,0.020416402330007497,0.007526385604706154,treatment labels shuffled,61
DropGeno4,gene,0.1319667557160562,0.15769922738072562,0.13072275831625718,0.15798552467072485,1.742995999213237e-4,0.024367033854316857,0.008824038295172733,treatment labels shuffled,62
DropGeno4,gene,0.13340908126152434,0.15769922738072562,0.12350641421943875,0.15098679640517904,0.007396657249199634,0.020820116500374877,0.010669588788280754,treatment labels shuffled,63
DropGeno4,gene,0.13970972343337673,0.15769922738072562,0.13138977630114723,0.15297213502645068,0.007982403969955643,0.021194993944287446,0.011159813138012573,treatment labels shuffled,64
DropGeno4,gene,0.1399485061815478,0.15769922738072562,0.11862208794494533,0.13928257153756135,0.012113331182180276,0.017475056231616586,0.009170079012630486,treatment labels shuffled,65
DropGeno4,gene,0.1424794521051373,0.15769922738072562,0.13610401672438227,0.15693003951687984,0.004075734092991445,0.022838687352211777,0.01254397600784359,treatment labels shuffled,66
DropGeno4,gene,0.13351477348402208,0.15769922738072562,0.12742946804279937,0.15296873965074875,0.004692031039056743,0.023617278966491725,0.011275160043831825,treatment labels shuffled,67
DropGeno4,gene,0.1325520599499595,0.15769922738072562,0.12961772720831838,0.15637923075286586,0.001999400967212628,0.023386585154853222,0.009948670626910433,treatment labels shuffled,68
DropGeno4,gene,0.13170432706001817,0.15769922738072562,0.1260007764447933,0.15356185159330948,0.003586584114656899,0.022031259011477018,0.008449160851260165,treatment labels shuffled,69
DropGeno4,gene,0.13632166813158092,0.15769922738072562,0.12304969226271845,0.1477007183038096,0.008919477667660214,0.018282484572351345,0.007382201972432089,treatment labels shuffled,70
DropGeno4,gene,0.14585324378364545,0.15769922738072562,0.13571974873450088,0.14997878350866117,0.0075689278838187435,0.02105081031201338,0.011823057846473268,treatment labels shuffled,71
DropGeno4,gene,0.13013794684033397,0.15769922738072562,0.12660175203975088,0.15617177519593228,0.0026138738729016286,0.022838687352211777,0.010035180806274871,treatment labels shuffled,72
DropGeno4,gene,0.13310514559794745,0.15769922738072562,0.1272305459113856,0.15558385150989484,0.00403428147624868,0.01934944345117942,0.009573793182997866,treatment labels shuffled,73
DropGeno4,gene,0.13748288581282686,0.15769922738072562,0.13256274057159384,0.1569969616942783,0.0022632469189569626,0.022781013899302153,0.011477017129015514,treatment labels shuffled,74
DropGeno4,gene,0.13733722040948337,0.15769922738072562,0.12848530813949732,0.1494507448233649,0.0057183867281802025,0.02004152488609493,0.008131956860257224,treatment labels shuffled,75
DropGeno4,gene,0.12690721991430076,0.15769922738072562,0.12481987223715257,0.15609471353433518,0.0016761527133952736,0.023646115692946536,0.007411038698886902,treatment labels shuffled,76
DropGeno4,gene,0.12658793560014397,0.15769922738072562,0.12617189800633694,0.15927358649495355,-2.73400673777735e-4,0.024049829863313915,0.007757079416344657,treatment labels shuffled,77
DropGeno4,gene,0.13571032796253413,0.15769922738072562,0.13182916716845178,0.1563203149144064,0.0027843940213876928,0.02407866658976873,0.009083568833266048,treatment labels shuffled,78
DropGeno4,gene,0.14118918032677918,0.15769922738072562,0.1359957665580548,0.15384759584432744,0.004250470273476803,0.02136801430301632,0.010784935694100006,treatment labels shuffled,79
DropGeno4,gene,0.13434135717529178,0.15769922738072562,0.12932912707798594,0.15557394161529386,0.0025287085971094636,0.022319626276025146,0.009141242286175673,treatment labels shuffled,80
DropGeno4,gene,0.1387127298858083,0.15769922738072562,0.12410523891276254,0.14630628137689594,0.012332682279426632,0.01718668896706846,0.009573793182997866,treatment labels shuffled,81
DropGeno4,gene,0.13278854214207714,0.15769922738072562,0.12834683993867724,0.15504959438053906,0.00312716465889884,0.023761462598765788,0.009285425918449738,treatment labels shuffled,82
DropGeno4,gene,0.13549382214510697,0.15769922738072562,0.12952856106498883,0.15494865046320577,0.003826152665769078,0.022204279370205894,0.009689140088817117,treatment labels shuffled,83
DropGeno4,gene,0.14017001260455814,0.15769922738072562,0.13000337015824176,0.14678142496667057,0.007565149696400708,0.02182940192629333,0.008477997577714978,treatment labels shuffled,84
DropGeno4,gene,0.13605475058361705,0.15769922738072562,0.12388983064127057,0.14822944290756723,0.00872604926156273,0.019176423092450545,0.008824038295172733,treatment labels shuffled,85
DropGeno4,gene,0.13411546082666137,0.15769922738072562,0.12615856918725,0.15012714853040604,0.006151665169340681,0.020877789953284504,0.010150527712094123,treatment labels shuffled,86
DropGeno4,gene,0.13746286172820943,0.15769922738072562,0.1264366829483511,0.14662230193843934,0.006881080078485258,0.02105081031201338,0.010064017532729685,treatment labels shuffled,87
DropGeno4,gene,0.1289948772771798,0.15769922738072562,0.12823279399278414,0.15753414431801255,1.2042361310765637e-4,0.024251686948497605,0.009371936097814176,treatment labels shuffled,88
DropGeno4,gene,0.14323558755948873,0.15769922738072562,0.1309395781767918,0.1472599481320696,0.009063128220051342,0.018686198742718728,0.009977507353365247,treatment labels shuffled,89
DropGeno4,gene,0.13453233904306278,0.15769922738072562,0.1320515789825536,0.1570309686914217,9.738813693631054e-4,0.022319626276025146,0.010237037891458562,treatment labels shuffled,90
DropGeno4,gene,0.12865976272272434,0.15769922738072562,0.12121587574907783,0.15418530478085513,0.0031636924778326025,0.020502912509371935,0.007612895784070592,treatment labels shuffled,91
DropGeno4,gene,0.13796176542104371,0.15769922738072562,0.13828791118161304,0.16151739159609946,-0.001948874322477978,0.025866543629967126,0.012601649460753215,treatment labels shuffled,92
DropGeno4,gene,0.13301148232018029,0.15769922738072562,0.12494168623951357,0.1505553543035874,0.006960074216212531,0.02185823865274814,0.008016609954437972,treatment labels shuffled,93
DropGeno4,gene,0.13959759906997038,0.15769922738072562,0.13526126687023965,0.15600373282193192,0.0023464648773183217,0.023646115692946536,0.009919833900455621,treatment labels shuffled,94
DropGeno4,gene,0.14326624899900242,0.15769922738072562,0.1394016168329706,0.15479796770947796,0.0029960606565031522,0.023559605513582098,0.012197935290385835,treatment labels shuffled,95
DropGeno4,gene,0.13456051948308395,0.15769922738072562,0.13308162328066453,0.1588702648034926,5.816720341556558e-4,0.022809850625756963,0.009544956456543054,treatment labels shuffled,96
DropGeno4,gene,0.13999860239654005,0.15769922738072562,0.13737140036013462,0.15693206812554789,0.0023157250027662224,0.024828421477593864,0.01265932291366284,treatment labels shuffled,97
DropGeno4,gene,0.1282223973713808,0.15769922738072562,0.12570074791887365,0.1561592443796565,0.0021351246349651243,0.024049829863313915,0.008881711748082357,treatment labels shuffled,98
DropGeno4,gene,0.12990784242956593,0.15769922738072562,0.12882321654451445,0.157799459572812,5.321881295650144e-4,0.022607993540573273,0.008131956860257224,treatment labels shuffled,99
DropGeno4,gene,0.12895002670975747,0.15769922738072562,0.12248376741322237,0.15211265720527906,0.005398674967718509,0.02197358555856739,0.008276140492531288,treatment labels shuffled,100
DropGeno4,gene,0.13919352595872997,0.13652309797473455,0.1424634042719946,0.1414841656071949,-0.0037483664176021225,0.012342118922659899,0.01133283349674145,genotype shuffled,1
DropGeno4,gene,0.13919352595872997,0.1365264630111947,0.14110921226875373,0.1375796876812721,-6.399932473096781e-4,0.010323548070823,0.010006344079820059,genotype shuffled,2
DropGeno4,gene,0.13919352595872997,0.1417766563874427,0.1391828695621185,0.1418993130392493,-6.178798617707537e-4,0.011102139685102947,0.009977507353365247,genotype shuffled,3
DropGeno4,gene,0.13919352595872997,0.13081376397620098,0.13563742225043196,0.12844191591116283,0.0014639752397420658,0.008997058653901609,0.010381221523732626,genotype shuffled,4
DropGeno4,gene,0.13919352595872997,0.13037573629910648,0.13855175123198749,0.13126598614238666,-1.6300749824371685e-4,0.009631466635907492,0.010064017532729685,genotype shuffled,5
DropGeno4,gene,0.13919352595872997,0.13303437439442706,0.1402585621265573,0.1323903066638345,-2.3361751307382495e-4,0.009862160447545995,0.010640752061825942,genotype shuffled,6
DropGeno4,gene,0.13919352595872997,0.1328041089787826,0.1395720528684175,0.13237504780943005,-1.0100134105117675e-4,0.012284445469750273,0.010064017532729685,genotype shuffled,7
DropGeno4,gene,0.13919352595872997,0.13511966498551659,0.13768775554794044,0.1324735837936149,0.0018356731956626904,0.010410058250187438,0.009746813541726743,genotype shuffled,8
DropGeno4,gene,0.13919352595872997,0.1347097933582127,0.13709876873951654,0.13349065248879682,0.0013661662690305776,0.009487283003633428,0.010150527712094123,genotype shuffled,9
DropGeno4,gene,0.13919352595872997,0.13960682042849043,0.13468615621627988,0.13597496014749155,0.0033059489949199272,0.009025895380356422,0.008506834304169791,genotype shuffled,10
DropGeno4,gene,0.13919352595872997,0.13096326790591684,0.13825860442818566,0.13110377081750124,0.0012154139251066565,0.008045446680892784,0.00960262990945268,genotype shuffled,11
DropGeno4,gene,0.13919352595872997,0.1312456174924762,0.14329695800935233,0.133943528496474,-0.0026838766091415445,0.011275160043831825,0.010554241882461502,genotype shuffled,12
DropGeno4,gene,0.13919352595872997,0.14165258006204146,0.13693465982681063,0.139312573402043,0.0012585318436696413,0.009919833900455621,0.00951611973008824,genotype shuffled,13
DropGeno4,gene,0.13919352595872997,0.13660807698150712,0.1390107056929823,0.13541468382175947,4.6952071391415107e-4,0.010756098967645194,0.010179364438548937,genotype shuffled,14
DropGeno4,gene,0.13919352595872997,0.1379842551677095,0.13523262122150725,0.13386805857780681,0.002572136382656298,0.00971797681527193,0.00980448699463637,genotype shuffled,15
DropGeno4,gene,0.13919352595872997,0.13001820160488708,0.1363788877781763,0.1280676475308984,0.002001469749286555,0.00810312013380241,0.009025895380356422,genotype shuffled,16
DropGeno4,gene,0.13919352595872997,0.132887310161184,0.13830604953427988,0.13099981304347574,0.0019846146081650695,0.010323548070823,0.010150527712094123,genotype shuffled,17
DropGeno4,gene,0.13919352595872997,0.13226925786086607,0.13697094191426712,0.13065547446287645,3.496728525074766e-4,0.009256589191994924,0.00951611973008824,genotype shuffled,18
DropGeno4,gene,0.13919352595872997,0.12970897772512485,0.1410943015917407,0.13099223627445428,-3.959800776314748e-4,0.008795201568717919,0.009919833900455621,genotype shuffled,19
DropGeno4,gene,0.13919352595872997,0.1419417815678921,0.13340365144814614,0.1352192311595864,0.0048846820016473225,0.00960262990945268,0.008160793586712036,genotype shuffled,20
DropGeno4,gene,0.13919352595872997,0.13242911394275247,0.13594553719564806,0.1305202177420436,0.0015795050441995695,0.008881711748082357,0.009487283003633428,genotype shuffled,21
DropGeno4,gene,0.13919352595872997,0.1296896615101869,0.1439362471067861,0.13580176264721777,-0.004167346130067806,0.009862160447545995,0.011303996770286637,genotype shuffled,22
DropGeno4,gene,0.13919352595872997,0.13280062153280559,0.13748053951354988,0.131308423173284,8.20735119082372e-4,0.008276140492531288,0.00960262990945268,genotype shuffled,23
DropGeno4,gene,0.13919352595872997,0.13449147271283302,0.13784187689507305,0.13307222030720106,6.533016049375395e-4,0.011044466232193321,0.01012169098563931,genotype shuffled,24
DropGeno4,gene,0.13919352595872997,0.14660490240818164,0.13063712192878285,0.13999407248888923,0.007229322712912878,0.010237037891458562,0.008477997577714978,genotype shuffled,25
DropGeno4,gene,0.13919352595872997,0.13555741392366039,0.13637009277753925,0.13416143851585516,0.0020731055602911663,0.009631466635907492,0.00951611973008824,genotype shuffled,26
DropGeno4,gene,0.13919352595872997,0.144343724273661,0.13517793139970918,0.14000400578444833,0.0023710545889588652,0.011967241478747333,0.010265874617913374,genotype shuffled,27
DropGeno4,gene,0.13919352595872997,0.13110090141298408,0.13476552253770574,0.12762160206912354,0.003353049031891653,0.008939385200991983,0.008795201568717919,genotype shuffled,28
DropGeno4,gene,0.13919352595872997,0.13311279315472596,0.1426269689540426,0.13688830090206855,-0.0022554740718588873,0.01012169098563931,0.010871445873464444,genotype shuffled,29
DropGeno4,gene,0.13919352595872997,0.13417467748482742,0.1399025345957174,0.13611721439693697,-0.0010066313108864078,0.009775650268181555,0.010208201165003749,genotype shuffled,30
DropGeno4,gene,0.13919352595872997,0.13612482402571918,0.1341400240979283,0.1314093022975379,0.0038671228833750404,0.0073533652459772765,0.009660303362362305,genotype shuffled,31
DropGeno4,gene,0.13919352595872997,0.1323432780652697,0.137922409984431,0.13166595146167526,5.81336052329906e-4,0.007872426322163908,0.010352384797277812,genotype shuffled,32
DropGeno4,gene,0.13919352595872997,0.13281664699634038,0.13574512118163856,0.1304829692505377,0.0016795976537768431,0.01012169098563931,0.009256589191994924,genotype shuffled,33
DropGeno4,gene,0.13919352595872997,0.12880438179992515,0.1399472164208017,0.128873942250059,-2.600293750961713e-4,0.007872426322163908,0.010237037891458562,genotype shuffled,34
DropGeno4,gene,0.13919352595872997,0.13900486208990148,0.1343910787812046,0.13266314092939285,0.003785388019202196,0.010381221523732626,0.009573793182997866,genotype shuffled,35
DropGeno4,gene,0.13919352595872997,0.13642829031399684,0.14059624844683788,0.13913771942391256,-9.104965972839274e-5,0.011044466232193321,0.010900282599919257,genotype shuffled,36
DropGeno4,gene,0.13919352595872997,0.13711685941828283,0.13301894315302837,0.13342751103212064,0.004100760724706887,0.008881711748082357,0.008622181209989041,genotype shuffled,37
DropGeno4,gene,0.13919352595872997,0.1325220231336704,0.1362475717823688,0.12724437918778575,0.0025874804385936367,0.008737528115808293,0.008016609954437972,genotype shuffled,38
DropGeno4,gene,0.13919352595872997,0.13386187215395984,0.1382403921639258,0.13267970056208445,4.806872692696418e-4,0.010150527712094123,0.009083568833266048,genotype shuffled,39
DropGeno4,gene,0.13919352595872997,0.13958146300161317,0.13473577506849688,0.13666404606253407,0.0027492125383652977,0.011303996770286637,0.008477997577714978,genotype shuffled,40
DropGeno4,gene,0.13919352595872997,0.1354154190686082,0.13818415982462207,0.13690139413891045,4.7687010001828956e-4,0.012053751658111771,0.010640752061825942,genotype shuffled,41
DropGeno4,gene,0.13919352595872997,0.1463671953758091,0.13469299477391822,0.1421942760719619,0.003838351013097263,0.01274583309302728,0.009948670626910433,genotype shuffled,42
DropGeno4,gene,0.13919352595872997,0.13041941567392873,0.14205189744034136,0.13213750539554225,-9.691694077427204e-4,0.00980448699463637,0.01052540515600669,genotype shuffled,43
DropGeno4,gene,0.13919352595872997,0.12999985452769025,0.13518327386452966,0.1262444731106489,0.003015964319979414,0.00940077282426899,0.008852875021627545,genotype shuffled,44
DropGeno4,gene,0.13919352595872997,0.12543956005914053,0.14208018114493665,0.1290746754696323,-0.0031982374826617366,0.008506834304169791,0.009977507353365247,genotype shuffled,45
DropGeno4,gene,0.13919352595872997,0.14339368225196714,0.1305771491204134,0.13965953426569894,0.00461415301081064,0.00911240555972086,0.00891054847453717,genotype shuffled,46
DropGeno4,gene,0.13919352595872997,0.13470867907647416,0.13659335389012572,0.1327141396739046,0.0020228344932120557,0.010323548070823,0.010064017532729685,genotype shuffled,47
DropGeno4,gene,0.13919352595872997,0.12404183182582507,0.13672614868553734,0.1219792201391871,0.0011385967769136363,0.0072668550666128385,0.00951611973008824,genotype shuffled,48
DropGeno4,gene,0.13919352595872997,0.13452983093686105,0.13614953188090811,0.13279544829788248,0.0018657515038497108,0.010006344079820059,0.009256589191994924,genotype shuffled,49
DropGeno4,gene,0.13919352595872997,0.13245648028559504,0.13530176756145607,0.12937518028554246,0.002521673909420874,0.01052540515600669,0.009458446277178614,genotype shuffled,50
DropGeno4,gene,0.13919352595872997,0.12423604938674354,0.1391206820518182,0.12685253798148693,-8.896837757698117e-4,0.007497548878251341,0.009775650268181555,genotype shuffled,51
DropGeno4,gene,0.13919352595872997,0.13465349569977314,0.13931576126415757,0.1366157046755901,-4.68413802107992e-4,0.011303996770286637,0.011823057846473268,genotype shuffled,52
DropGeno4,gene,0.13919352595872997,0.13772437709884272,0.13226103757168878,0.13172825388342274,0.006398268681138963,0.007930099775073534,0.009487283003633428,genotype shuffled,53
DropGeno4,gene,0.13919352595872997,0.13789947692382143,0.13595014820012796,0.13407350456129546,0.0033264628037762978,0.009458446277178614,0.010467731703097064,genotype shuffled,54
DropGeno4,gene,0.13919352595872997,0.12793306416107358,0.13789941379460036,0.12584612956703284,9.569856594309756e-4,0.00911240555972086,0.009198915739085298,genotype shuffled,55
DropGeno4,gene,0.13919352595872997,0.1326686016519481,0.13945351345290047,0.13409138394561465,-7.552868964560422e-4,0.008881711748082357,0.009919833900455621,genotype shuffled,56
DropGeno4,gene,0.13919352595872997,0.1364322112351984,0.14023168719151913,0.1395884329093341,-7.485339943245073e-4,0.010467731703097064,0.010640752061825942,genotype shuffled,57
DropGeno4,gene,0.13919352595872997,0.12792072505341462,0.13778056418103024,0.12600955488984023,0.0012426025919330952,0.0072668550666128385,0.008247303766076476,genotype shuffled,58
DropGeno4,gene,0.13919352595872997,0.13220691768506643,0.14197509046857992,0.13464752274518738,-0.0015717875751676824,0.009890997174000807,0.009919833900455621,genotype shuffled,59
DropGeno4,gene,0.13919352595872997,0.1320920635001691,0.1381608153575049,0.1319559665346965,2.6170700250810475e-4,0.00839148739835054,0.009227752465540112,genotype shuffled,60
DropGeno4,gene,0.13919352595872997,0.13850249140358667,0.14017052937256302,0.13877309010090072,-9.275037071654335e-6,0.01153469058192514,0.010669588788280754,genotype shuffled,61
DropGeno4,gene,0.13919352595872997,0.12701691703919155,0.14164197496619285,0.13036520635008048,-0.001720765935244284,0.00839148739835054,0.010035180806274871,genotype shuffled,62
DropGeno4,gene,0.13919352595872997,0.1285591443082657,0.1375194563785661,0.1267194211258863,9.347467877496296e-4,0.008160793586712036,0.00859334448353423,genotype shuffled,63
DropGeno4,gene,0.13919352595872997,0.13781960979330643,0.1323263103315298,0.13029337293505838,0.005243230661166831,0.009862160447545995,0.008276140492531288,genotype shuffled,64
DropGeno4,gene,0.13919352595872997,0.13705238073334453,0.14498489345730142,0.14536411843359276,-0.00521099867839947,0.013005363631120596,0.013293730895668723,genotype shuffled,65
DropGeno4,gene,0.13919352595872997,0.14192674549491802,0.13017192610646888,0.13384013321673927,0.005174168757505204,0.012572812734298403,0.008968221927446797,genotype shuffled,66
DropGeno4,gene,0.13919352595872997,0.1349862192685311,0.13691336174838659,0.13447453893636713,0.0014542199696346292,0.00891054847453717,0.009198915739085298,genotype shuffled,67
DropGeno4,gene,0.13919352595872997,0.13950897449007127,0.1371246875823981,0.14038303006170622,-3.611692496784946e-4,0.01081377242055482,0.00931426264490455,genotype shuffled,68
DropGeno4,gene,0.13919352595872997,0.1385044397623213,0.1340881938265947,0.13163420809229165,0.003602574721000229,0.011851894572928082,0.00980448699463637,genotype shuffled,69
DropGeno4,gene,0.13919352595872997,0.13368376315271424,0.13635350063371537,0.13110064377640007,0.0012320394453402272,0.009285425918449738,0.010150527712094123,genotype shuffled,70
DropGeno4,gene,0.13919352595872997,0.13249350035177576,0.13420606813559682,0.12602045235411802,0.0038850043018014424,0.007670569236980218,0.00818963031316685,genotype shuffled,71
DropGeno4,gene,0.13919352595872997,0.13199756548194697,0.13827658422324252,0.1307808490330793,0.0010390485398394378,0.008074283407347598,0.009198915739085298,genotype shuffled,72
DropGeno4,gene,0.13919352595872997,0.13461054098709757,0.13810772200884047,0.13251340647526072,0.0010730012476385387,0.008247303766076476,0.008506834304169791,genotype shuffled,73
DropGeno4,gene,0.13919352595872997,0.12840959201552965,0.1403374094638687,0.12888417412782543,1.0289685629216727e-5,0.009631466635907492,0.00931426264490455,genotype shuffled,74
DropGeno4,gene,0.13919352595872997,0.13927839659783275,0.13699794559353556,0.13670351346039428,0.0011702508963284952,0.0114481804025607,0.010611915335371128,genotype shuffled,75
DropGeno4,gene,0.13919352595872997,0.13517277786946513,0.14464470372527516,0.14270599237891501,-0.0043167709877809934,0.01173654766710883,0.011390506949651076,genotype shuffled,76
DropGeno4,gene,0.13919352595872997,0.12516717006881395,0.14089932329274202,0.12681602537528897,-0.0014572308926392163,0.00810312013380241,0.009544956456543054,genotype shuffled,77
DropGeno4,gene,0.13919352595872997,0.1344373683609001,0.13137710871437813,0.12546863730261443,0.005721786761868464,0.00810312013380241,0.008881711748082357,genotype shuffled,78
DropGeno4,gene,0.13919352595872997,0.1349806491071574,0.13942883443804666,0.1350855268740297,2.1883808621020462e-4,0.0114481804025607,0.009862160447545995,genotype shuffled,79
DropGeno4,gene,0.13919352595872997,0.13015434169688223,0.13749570536607486,0.1295072374359587,-2.7259208641378097e-4,0.009285425918449738,0.01081377242055482,genotype shuffled,80
DropGeno4,gene,0.13919352595872997,0.13543396185323098,0.14402379877548904,0.14211313624727162,-0.004394553107920363,0.01081377242055482,0.011707710940654016,genotype shuffled,81
DropGeno4,gene,0.13919352595872997,0.13891436872985607,0.13801457758256874,0.14004224779961477,2.6545917642301076e-4,0.010438894976642252,0.00980448699463637,genotype shuffled,82
DropGeno4,gene,0.13919352595872997,0.13466074740862066,0.13449160395103799,0.1335898921888828,0.0024063555862560704,0.008795201568717919,0.009689140088817117,genotype shuffled,83
DropGeno4,gene,0.13919352595872997,0.1408804056695186,0.13830735559735285,0.13957336096941653,-1.308380384319463e-4,0.01081377242055482,0.010179364438548937,genotype shuffled,84
DropGeno4,gene,0.13919352595872997,0.13063719822747727,0.13749876409626838,0.1324878958601005,-2.732510209182415e-4,0.00839148739835054,0.010150527712094123,genotype shuffled,85
DropGeno4,gene,0.13919352595872997,0.13025856223019966,0.13935707978160622,0.13013786400955524,8.190431913202567e-4,0.009198915739085298,0.010583078608916316,genotype shuffled,86
DropGeno4,gene,0.13919352595872997,0.13056306523955835,0.1382531871656592,0.13059600936907784,-4.29653872529967e-4,0.009487283003633428,0.009660303362362305,genotype shuffled,87
DropGeno4,gene,0.13919352595872997,0.12933052784533827,0.1424854737144297,0.1335587368995368,-0.0022808060101548455,0.010064017532729685,0.010179364438548937,genotype shuffled,88
DropGeno4,gene,0.13919352595872997,0.12561956985712136,0.13953375933651374,0.12820554024124647,-8.043878478273259e-4,0.007699405963435031,0.009343099371359364,genotype shuffled,89
DropGeno4,gene,0.13919352595872997,0.13509664678558087,0.1407486246801935,0.1387470097058916,-0.0025357828541139327,0.009689140088817117,0.010208201165003749,genotype shuffled,90
DropGeno4,gene,0.13919352595872997,0.13599305374180298,0.13958646396412805,0.13776144416209302,-8.71684838923803e-4,0.01366860833958129,0.012111425111021397,genotype shuffled,91
DropGeno4,gene,0.13919352595872997,0.1338041505044767,0.1381049550502148,0.13375397900386282,0.0015996337592492638,0.008939385200991983,0.00980448699463637,genotype shuffled,92
DropGeno4,gene,0.13919352595872997,0.1283192263798295,0.13532940974894997,0.12295298929410636,0.00455100622442367,0.007064997981429148,0.007555222331160967,genotype shuffled,93
DropGeno4,gene,0.13919352595872997,0.13037900393466062,0.13791520786535655,0.13135128567602977,3.3664447631526206e-4,0.007930099775073534,0.00951611973008824,genotype shuffled,94
DropGeno4,gene,0.13919352595872997,0.1313985734024654,0.13689728818136815,0.1279042183230577,0.0018202359020135228,0.008997058653901609,0.009170079012630486,genotype shuffled,95
DropGeno4,gene,0.13919352595872997,0.13484333485136024,0.1409947161378889,0.13484747620710874,-0.001175178658648246,0.00971797681527193,0.010784935694100006,genotype shuffled,96
DropGeno4,gene,0.13919352595872997,0.13018177399320724,0.13376397467051448,0.12565540473396464,0.005001661644151001,0.008016609954437972,0.009054732106811235,genotype shuffled,97
DropGeno4,gene,0.13919352595872997,0.1315327321984175,0.1387575165976257,0.1305729924403356,3.180940198538318e-4,0.010179364438548937,0.010006344079820059,genotype shuffled,98
DropGeno4,gene,0.13919352595872997,0.1322142988315293,0.13604405083228865,0.12784602733376887,0.0028595723718110033,0.010064017532729685,0.009977507353365247,genotype shuffled,99
DropGeno4,gene,0.13919352595872997,0.1303944048347539,0.14288085041650034,0.13379489534403483,-0.0025847114573435692,0.009458446277178614,0.009660303362362305,genotype shuffled,100
