,chr,start,end,strand,pvalue,qvalue,meth.diff
7858,NC_047559.1,3153048,3153050,*,3.57197354989107e-11,7.1525135183359e-08,-33.6507936507937
23270,NC_047559.1,6067052,6067054,*,7.23871884911798e-14,3.5550398863577e-10,-32.511655011655
23271,NC_047559.1,6067185,6067187,*,2.20306813282741e-12,6.89680550834355e-09,-34.1806962681334
36212,NC_047559.1,8865284,8865286,*,2.10771696395966e-09,1.99974351173681e-06,-25.6617647058824
36213,NC_047559.1,8865631,8865633,*,6.98156101168597e-08,3.14412031188611e-05,-26.8458168607757
38797,NC_047559.1,9321400,9321402,*,3.31012373015032e-12,9.73219684021332e-09,26.2426186822895
38799,NC_047559.1,9321411,9321413,*,1.72493250230339e-15,1.37569644008101e-11,28.8133413358484
43481,NC_047559.1,10231773,10231775,*,1.76919452185914e-07,6.4841575148499e-05,29.1139240506329
47452,NC_047559.1,11100767,11100769,*,6.79604537122174e-12,1.78132285998116e-08,25.8128365886987
53588,NC_047559.1,12380480,12380482,*,1.78038720456937e-07,6.51494349897088e-05,25.2184041933605
55426,NC_047559.1,12798391,12798393,*,5.40101903567857e-07,0.000151009153298364,28.0228758169935
59987,NC_047559.1,14241534,14241536,*,6.58718778659521e-10,7.85345770058319e-07,-32.1587301587302
60993,NC_047559.1,14482957,14482959,*,4.30210101084894e-20,7.94923973447044e-16,-43.2719139418468
61409,NC_047559.1,14619339,14619341,*,3.20120949128111e-12,9.45286341771003e-09,-26.9040311799816
63771,NC_047559.1,15055381,15055383,*,3.88250481475152e-07,0.000117490951211547,-25.9878984551939
66474,NC_047559.1,15663713,15663715,*,1.08683017926424e-09,1.17581488943214e-06,25.6410256410256
66523,NC_047559.1,15677796,15677798,*,7.41716751643948e-09,5.41132867234389e-06,25.582880868732
67753,NC_047559.1,16204064,16204066,*,1.62474832929643e-05,0.00194998541654491,-25.9398115310568
69398,NC_047559.1,16916954,16916956,*,3.91406594787062e-06,0.000673045928062713,-26.6059757236228
77641,NC_047559.1,19002688,19002690,*,5.66917744515525e-10,6.97430338057059e-07,-30.9435392194013
79676,NC_047559.1,19792661,19792663,*,9.21190622230034e-21,1.84855733381914e-16,-26.6946818529114
80085,NC_047559.1,19933163,19933165,*,1.69436511749269e-07,6.27148699279247e-05,-26.4284573193461
81330,NC_047559.1,20227704,20227706,*,3.4843153828126e-15,2.58037771681343e-11,-29.8514219862534
84445,NC_047559.1,20949943,20949945,*,1.94213193731319e-15,1.52288860936726e-11,-32.6574500768049
84446,NC_047559.1,20949978,20949980,*,2.44094251280265e-09,2.25100323706869e-06,-27.8737541528239
86024,NC_047559.1,21348179,21348181,*,2.03016224944567e-07,7.21119176474035e-05,-26.2211906946618
89573,NC_047559.1,22127288,22127290,*,2.05566652210959e-07,7.26858113556992e-05,-26.5203761755486
89581,NC_047559.1,22128493,22128495,*,6.97684505284004e-09,5.1501442270552e-06,-28.6434395848777
90189,NC_047559.1,22273964,22273966,*,3.56249786647867e-07,0.000110037384071834,29.020979020979
90253,NC_047559.1,22289703,22289705,*,5.85172066403301e-08,2.7330589272477e-05,26.8011855905153
90667,NC_047559.1,22437640,22437642,*,7.81950873767238e-08,3.43527355786819e-05,26.0727611940298
99388,NC_047559.1,24646564,24646566,*,1.05363496997582e-07,4.34932673708138e-05,-27.9128919860627
99644,NC_047559.1,24730186,24730188,*,1.77766598840412e-09,1.73149413111309e-06,-26.4888622515233
103513,NC_047559.1,25669293,25669295,*,1.62440273839808e-13,7.3225060159806e-10,28.5741521889374
103524,NC_047559.1,25672639,25672641,*,1.78101792781792e-13,7.91380538660112e-10,27.9795918367347
107152,NC_047559.1,26509714,26509716,*,7.8411770660053e-13,2.87494700782584e-09,-33.6658418393649
110846,NC_047559.1,27953343,27953345,*,1.10836379711476e-10,1.84060350217436e-07,-33.741816350512
111086,NC_047559.1,28049964,28049966,*,4.55815755072901e-09,3.6761425442155e-06,25.4160931047428
118089,NC_047559.1,30191757,30191759,*,2.89185611079663e-16,2.82559346968197e-12,31.7323641785481
120443,NC_047559.1,30684576,30684578,*,2.51017690894174e-08,1.39646056305207e-05,-27.7309636892906
124774,NC_047559.1,31939350,31939352,*,2.01473685248277e-19,3.48145623625587e-15,-32.9090909090909
129836,NC_047559.1,32965205,32965207,*,1.57873498521166e-07,5.92695780392025e-05,25.4472887420864
132602,NC_047559.1,33762262,33762264,*,2.39172834661321e-12,7.37773142698312e-09,-33.9866016336605
132688,NC_047559.1,33776968,33776970,*,1.41026014030653e-09,1.44291504748944e-06,27.6566659471905
137726,NC_047559.1,35329498,35329500,*,6.50982756442718e-09,4.86343836310499e-06,26.1945636623748
148164,NC_047559.1,37693733,37693735,*,2.95522013656855e-07,9.54175726527619e-05,-25.5
155579,NC_047559.1,39599406,39599408,*,9.5270902324856e-10,1.05518045599533e-06,-25.9645153608002
159676,NC_047559.1,40333585,40333587,*,8.52875240300087e-07,0.000213495580274492,-28.1918656056587
162140,NC_047559.1,40809618,40809620,*,3.17499469754534e-09,2.76474326806124e-06,-27.6404494382023
162316,NC_047559.1,40840902,40840904,*,1.0336397760256e-07,4.28004189931935e-05,26.3815638614997
162852,NC_047559.1,41010769,41010771,*,5.67855951472207e-07,0.00015681455129247,-25.424739195231
162853,NC_047559.1,41011223,41011225,*,2.40380503573756e-07,8.17133962674419e-05,-27.0282849982098
162854,NC_047559.1,41011251,41011253,*,1.15100362620994e-12,3.977458049068e-09,-29.1598110503689
162856,NC_047559.1,41011268,41011270,*,2.66483247830524e-11,5.64495351181893e-08,-29.8741633199465
164511,NC_047559.1,41338739,41338741,*,1.7059481706508e-07,6.30061437310804e-05,25.7380457380457
168673,NC_047559.1,42490864,42490866,*,1.60938904042574e-10,2.48839966835605e-07,-29.769392033543
174540,NC_047559.1,43808305,43808307,*,6.34262643545359e-13,2.40586024527901e-09,-31.8969555035129
184853,NC_047559.1,46485305,46485307,*,1.32404292348628e-07,5.17807092607916e-05,26.7313308302044
185435,NC_047559.1,46605626,46605628,*,1.66524118454458e-12,5.38601669730991e-09,-25.1987542004754
186131,NC_047559.1,46749303,46749305,*,2.60900143278929e-08,1.44010948956663e-05,-25.0035176586464
186143,NC_047559.1,46755168,46755170,*,1.55831935680121e-09,1.56098201481334e-06,-26.5656565656566
190399,NC_047559.1,47509106,47509108,*,7.38730202471276e-11,1.31174526292845e-07,25.3289194465665
190743,NC_047559.1,47550158,47550160,*,3.26184243997677e-09,2.82083643196876e-06,-27.3576183431953
192299,NC_047559.1,48008606,48008608,*,1.92106219252733e-07,6.92141472819697e-05,25.1704390509954
194205,NC_047559.1,48398071,48398073,*,1.43081391598504e-08,9.06085926463634e-06,27.8836754643206
194206,NC_047559.1,48398299,48398301,*,1.33878416343694e-09,1.38190601000985e-06,25.0396147273575
196492,NC_047559.1,49488628,49488630,*,2.61478225602893e-07,8.69839315465111e-05,-29.6821705426357
205319,NC_047559.1,51035638,51035640,*,3.75195659374414e-11,7.45690445389176e-08,25.2087288121357
207972,NC_047559.1,51887676,51887678,*,1.36488063058963e-10,2.19396056023129e-07,-36.3266529633436
221436,NC_047559.1,54053316,54053318,*,2.21942657504778e-07,7.71464379830385e-05,-26.0238226806656
225007,NC_047559.1,54633969,54633971,*,4.07186430634410e-12,1.15839272876513e-08,-27.2107662253093
228144,NC_047559.1,55291463,55291465,*,2.93777593116359e-08,1.58731346555085e-05,-27.2615310311519
235372,NC_047560.1,5136954,5136956,*,1.73691312229725e-15,1.3793567335996e-11,-25.8250793529389
235515,NC_047560.1,5220890,5220892,*,3.75112072255479e-08,1.92373546304167e-05,29.0626003210273
235516,NC_047560.1,5220920,5220922,*,2.38121612472816e-05,0.00257946902444995,26.4149171011225
239754,NC_047560.1,6285890,6285892,*,1.51624052021689e-10,2.38186982910806e-07,-25.2217070965508
243845,NC_047560.1,8423771,8423773,*,1.95360339064791e-10,2.91670665579706e-07,26.5805781970266
243885,NC_047560.1,8429066,8429068,*,3.46488700303863e-16,3.29912955158095e-12,-26.4470855473979
256548,NC_047560.1,17831399,17831401,*,5.61256794846327e-08,2.64437556063858e-05,29.7442388268156
260026,NC_047560.1,19324111,19324113,*,9.77982052034644e-13,3.44366883595844e-09,35.3623188405797
261172,NC_047560.1,19933090,19933092,*,7.9280659770806e-08,3.47246371896388e-05,-26.9189985272459
262327,NC_047560.1,20229855,20229857,*,8.34849711054881e-12,2.13428202329162e-08,-26.2901035477848
262947,NC_047560.1,20512377,20512379,*,8.75662932111013e-10,9.86831488396374e-07,-28.3577755190939
262995,NC_047560.1,20534198,20534200,*,2.23237770490076e-09,2.09459112335069e-06,-29.302752293578
269139,NC_047560.1,26410950,26410952,*,9.38049498421252e-08,3.96797507822259e-05,-26.9073621996659
276188,NC_047560.1,31661167,31661169,*,3.1114549080008e-12,9.23164788818033e-09,-27.9159663865546
276189,NC_047560.1,31661311,31661313,*,6.32993204644208e-14,3.16935076636372e-10,-28.7429129197732
276190,NC_047560.1,31661330,31661332,*,4.4863060887561e-16,4.16542394193686e-12,-32.1152856407617
276191,NC_047560.1,31661351,31661353,*,1.78304801105682e-11,4.01397693012474e-08,-26.0010902963624
277697,NC_047560.1,33065767,33065769,*,2.88291269181551e-10,4.00983277655271e-07,27.2392875580795
277701,NC_047560.1,33065811,33065813,*,3.71161422904259e-13,1.49605722313242e-09,25.461780844244
278238,NC_047560.1,33310079,33310081,*,2.36605152242767e-09,2.1968201599256e-06,25.3119143239625
288302,NC_047560.1,47070092,47070094,*,8.76987582687943e-12,2.23283090621356e-08,-28.6347589403617
288306,NC_047560.1,47070490,47070492,*,1.30456950100574e-10,2.11523324098305e-07,-26.2569213732004
288329,NC_047560.1,47081386,47081388,*,2.33835286133575e-08,1.3236628481204e-05,-30.0579972509974
288330,NC_047560.1,47081394,47081396,*,1.06416747726226e-08,7.14898039296627e-06,-28.113850577773
288333,NC_047560.1,47081425,47081427,*,3.17659729748962e-08,1.69106594490848e-05,-30.416079507528
289339,NC_047560.1,47715624,47715626,*,5.06154592207887e-15,3.56454147954405e-11,-36.0328638497653
289367,NC_047560.1,47746398,47746400,*,2.4399660276504e-06,0.00047294872967428,-26.0430839002268
289381,NC_047560.1,47763560,47763562,*,4.23108608284948e-07,0.000125430593692331,-25.7475287038743
289388,NC_047560.1,47763753,47763755,*,2.69960721059651e-20,5.19391945535977e-16,-37.9424877681115
290877,NC_047560.1,50354676,50354678,*,2.36186721164829e-08,1.33569685260276e-05,-26.8292682926829
291244,NC_047560.1,50436945,50436947,*,8.19470292956912e-13,2.96380671771048e-09,30.9540553211439
291338,NC_047560.1,50482529,50482531,*,3.61597825676202e-12,1.05277156472446e-08,26.1222033418295
295082,NC_047560.1,51312733,51312735,*,1.4566662110353e-09,1.48307784345797e-06,-25.2018856323017
295083,NC_047560.1,51314031,51314033,*,9.60468114627317e-08,4.03515893403733e-05,-28.251094890511
295892,NC_047560.1,51420629,51420631,*,1.01109594731725e-06,0.00024294358161941,26.7715669014084
296319,NC_047560.1,51473998,51474000,*,4.40105847812327e-11,8.46743302654373e-08,28.8382594417077
296525,NC_047560.1,51535278,51535280,*,3.5796714160011e-14,1.93078284029343e-10,-25.3333333333333
298714,NC_047560.1,51755216,51755218,*,8.93174556300447e-15,5.84867983651523e-11,-27.8136128468723
299954,NC_047560.1,52325503,52325505,*,1.53105146790324e-07,5.79104594280482e-05,-26.3736263736264
301037,NC_047560.1,52634464,52634466,*,5.82881161628935e-12,1.57651204780856e-08,32.0325203252033
301038,NC_047560.1,52634484,52634486,*,1.90282245058771e-08,1.13092807145828e-05,25.4472140762463
301578,NC_047560.1,52869489,52869491,*,6.62752398389334e-11,1.20550859904985e-07,-30.9782608695652
301953,NC_047560.1,53278007,53278009,*,3.41023899299916e-10,4.6107220826e-07,-25.6868131868132
301954,NC_047560.1,53278047,53278049,*,2.18900940868288e-13,9.50047978018927e-10,-27.6823214967545
301955,NC_047560.1,53278083,53278085,*,5.74815193135536e-11,1.06634226546174e-07,-27.1110774818402
301956,NC_047560.1,53278091,53278093,*,3.62311024886675e-14,1.94858089459652e-10,-31.8487269469126
301957,NC_047560.1,53278097,53278099,*,9.18877209436277e-14,4.40833148631396e-10,-31.1781609195402
301958,NC_047560.1,53278149,53278151,*,4.67272371118238e-15,3.34464488003139e-11,-35.312613926358
301959,NC_047560.1,53278153,53278155,*,3.83016011910424e-16,3.59194947246421e-12,-37.8024141325183
301960,NC_047560.1,53278159,53278161,*,1.48083805934707e-13,6.77350990209553e-10,-34.5326668216694
301961,NC_047560.1,53278167,53278169,*,6.58123256500582e-09,4.90500301641776e-06,-27.9795254893823
302016,NC_047560.1,53299897,53299899,*,4.64653033671457e-09,3.73129012347602e-06,-25.1515151515152
302041,NC_047560.1,53324958,53324960,*,1.43968274222489e-11,3.36268653387961e-08,28.1429816913688
302043,NC_047560.1,53325015,53325017,*,1.66738932601502e-13,7.46220760544456e-10,32.4059139784946
302140,NC_047560.1,53345372,53345374,*,2.32905275869648e-09,2.16894217964706e-06,25.3391053391053
302141,NC_047560.1,53345425,53345427,*,1.02326666039299e-11,2.5324036818898e-08,25.3791708796764
302234,NC_047560.1,53374473,53374475,*,2.97171987939665e-10,4.10201782498993e-07,-26.8894675925926
304894,NC_047560.1,54960583,54960585,*,2.10590596839212e-08,1.22586267747939e-05,27.061310782241
306106,NC_047560.1,55712034,55712036,*,1.07908175149586e-09,1.17082575348843e-06,28.4882319865049
306733,NC_047560.1,55877021,55877023,*,2.77183364330183e-12,8.37037763637894e-09,29.0350877192982
312305,NC_047560.1,62035238,62035240,*,8.40505906624721e-07,0.000211143043208933,25.2026342451874
312528,NC_047560.1,62261042,62261044,*,1.08528789604451e-15,9.12343432933416e-12,35.7463646736096
312530,NC_047560.1,62263435,62263437,*,3.55729994151261e-10,4.77265147040519e-07,32.9782790309106
312542,NC_047560.1,62270248,62270250,*,9.68324281390839e-15,6.23145107585252e-11,-29.1445463320463
312634,NC_047560.1,62336102,62336104,*,5.01776130898419e-07,0.00014260681162415,-32.2757743874249
317091,NC_047560.1,63555785,63555787,*,4.63071172944145e-12,1.29618491014285e-08,-31.2835497835498
317148,NC_047560.1,63576543,63576545,*,1.25201046394973e-09,1.31228839284316e-06,25.9818111950813
320782,NC_047560.1,65600880,65600882,*,3.97734552692423e-10,5.21987484674229e-07,-28.7960458068059
328111,NC_047560.1,70056730,70056732,*,3.70063603894915e-10,4.92249255798339e-07,28.6159624413146
328140,NC_047560.1,70068580,70068582,*,3.03069605738777e-08,1.62856075895636e-05,-25.7936056434179
335363,NC_047561.1,694431,694433,*,5.60881264163334e-12,1.52585470992401e-08,-25.1332082551595
335625,NC_047561.1,806693,806695,*,9.49079284716912e-07,0.000231795122101183,25.370072278509
335791,NC_047561.1,837481,837483,*,2.15663175938232e-08,1.2452914598494e-05,-32.1704357418643
337435,NC_047561.1,1271094,1271096,*,4.40399214646604e-09,3.57187525020929e-06,-29.0308426893793
338301,NC_047561.1,1968448,1968450,*,2.69160146055902e-08,1.47653182232944e-05,-26.2946440940955
342562,NC_047561.1,2809120,2809122,*,2.38300074161912e-09,2.20712036009536e-06,25.1785574130759
342602,NC_047561.1,2816801,2816803,*,4.90092636764163e-10,6.18579107347671e-07,-27.4337517433752
355642,NC_047561.1,5115234,5115236,*,1.24128817789085e-10,2.03026786217362e-07,-25.9895331221595
355643,NC_047561.1,5115237,5115239,*,2.41371438273115e-12,7.43326506067749e-09,-27.9641223378526
357422,NC_047561.1,5326287,5326289,*,7.6227891929068e-10,8.8195394571559e-07,-25.2164748775208
359120,NC_047561.1,5957655,5957657,*,1.212178231035e-07,4.835847850917e-05,25.8995209981063
360795,NC_047561.1,6236682,6236684,*,1.12470386535034e-11,2.7437410307997e-08,-32.1951219512195
362435,NC_047561.1,6500571,6500573,*,5.76025214169331e-10,7.06133611748154e-07,-31.3882714089129
364771,NC_047561.1,7024776,7024778,*,3.29458925133428e-10,4.49778951766204e-07,-34.4057724957555
364859,NC_047561.1,7044326,7044328,*,1.06092304622631e-21,2.5713401063897e-17,-29.0305584826133
364865,NC_047561.1,7045339,7045341,*,1.53830777540653e-19,2.70834343803089e-15,-25.0738746578198
364915,NC_047561.1,7063846,7063848,*,4.41930159172668e-10,5.68006609891679e-07,-28.75
366057,NC_047561.1,7237080,7237082,*,4.19092642397537e-10,5.4655864499207e-07,-25.327904451683
366740,NC_047561.1,7319687,7319689,*,9.79693902447195e-15,6.28295257206876e-11,-31.7374517374517
368445,NC_047561.1,7621502,7621504,*,8.13242501582016e-15,5.4010738190693e-11,-31.1730799189905
368504,NC_047561.1,7636005,7636007,*,2.46908483303309e-09,2.2676638324209e-06,-26.0416666666667
369003,NC_047561.1,7745799,7745801,*,1.26430394154299e-07,5.00261218229078e-05,25.0393081761006
369664,NC_047561.1,7843128,7843130,*,5.41899809781163e-21,1.12368052623664e-16,-26.3157894736842
370912,NC_047561.1,8173255,8173257,*,1.20105322723924e-25,4.57438316635629e-21,-37.658494652097
375291,NC_047561.1,8976318,8976320,*,2.45019746624031e-14,1.39409897550336e-10,-28.1373866308364
376903,NC_047561.1,9251840,9251842,*,2.8930724909665e-11,6.01242046606144e-08,-31.0736677115987
376945,NC_047561.1,9266170,9266172,*,2.15209779559135e-09,2.03461021055261e-06,31.6770186335404
378212,NC_047561.1,9535961,9535963,*,2.12018856415566e-11,4.63865231684376e-08,-26.0470989200509
378233,NC_047561.1,9540262,9540264,*,5.01430530059548e-08,2.41680599493802e-05,-26.0125361620058
380119,NC_047561.1,9897807,9897809,*,3.34624267301528e-19,5.62601414583885e-15,-37.9819593035452
380520,NC_047561.1,9975148,9975150,*,2.02882519938853e-08,1.18990097529183e-05,-25.2173913043478
380525,NC_047561.1,9977609,9977611,*,4.20610797221687e-14,2.20494004180315e-10,-32.9629239519697
381673,NC_047561.1,10163594,10163596,*,2.35820745289287e-16,2.35345970222122e-12,-29.8873280655546
384118,NC_047561.1,10878750,10878752,*,3.94286452533355e-14,2.09470529311645e-10,40.6725818819148
384760,NC_047561.1,11015112,11015114,*,2.98189670984165e-09,2.63555824513539e-06,27.1289162814587
387160,NC_047561.1,11857064,11857066,*,3.36971565408212e-10,4.57691543250285e-07,-26.2820512820513
387300,NC_047561.1,11909313,11909315,*,2.22547676178928e-08,1.27596404354263e-05,-29.3971924029728
387386,NC_047561.1,11929113,11929115,*,2.39891241783672e-07,8.16362997733969e-05,25.2665509546243
390673,NC_047561.1,12451492,12451494,*,3.07036916768624e-11,6.29673721853229e-08,-29.5637960976606
390750,NC_047561.1,12469454,12469456,*,1.0622004060374e-09,1.15681202096818e-06,-25.9927797833935
393567,NC_047561.1,12906351,12906353,*,2.17699428701509e-07,7.59682734307261e-05,-26.45588678109
394167,NC_047561.1,13033569,13033571,*,3.1005279744396e-14,1.71192730596309e-10,-32.4837047789827
394447,NC_047561.1,13089337,13089339,*,4.24717138274886e-10,5.52349862647744e-07,-25.9285519498227
394465,NC_047561.1,13101008,13101010,*,2.92309088092012e-07,9.4740794599627e-05,-27.679491330841
395958,NC_047561.1,13406492,13406494,*,4.13347189917907e-11,8.0859859078072e-08,26.4022584228064
396183,NC_047561.1,13507826,13507828,*,3.46821160593905e-17,4.14903744352325e-13,-34.1237982796424
398225,NC_047561.1,13857039,13857041,*,8.84140648994599e-18,1.16198194227968e-13,-34.6907993966817
399332,NC_047561.1,14072258,14072260,*,4.01893330030654e-06,0.000686461156564787,25.6939356939357
401295,NC_047561.1,14452305,14452307,*,1.27781401476926e-10,2.08089130144947e-07,28.3161157024793
409146,NC_047561.1,16282942,16282944,*,4.61159711981343e-07,0.000133724089860697,26.4130434782609
410297,NC_047561.1,16530504,16530506,*,1.76239357369077e-10,2.67401694148464e-07,25.794995379514
410311,NC_047561.1,16540178,16540180,*,5.51428451882793e-15,3.83990731510914e-11,35.1894135962636
415500,NC_047561.1,17742614,17742616,*,2.19012155523822e-09,2.06324171250711e-06,-26.4029612817811
415771,NC_047561.1,18006954,18006956,*,3.52405646799262e-08,1.83758537482318e-05,-25.101249461439
416021,NC_047561.1,18073638,18073640,*,2.1534846055532e-12,6.76583951032008e-09,-33.9785772611557
419442,NC_047561.1,18982717,18982719,*,9.24497063651874e-08,3.92622190556566e-05,-27.7577505407354
420135,NC_047561.1,19287139,19287141,*,7.05178800545521e-10,8.28733920454246e-07,28.7032764190125
420524,NC_047561.1,19354145,19354147,*,7.18040323864804e-08,3.21404784012414e-05,-25.7670604831599
420646,NC_047561.1,19368484,19368486,*,3.0383833567364e-12,9.0725405185921e-09,29.7000652032167
421139,NC_047561.1,19501215,19501217,*,1.82932115637886e-10,2.76432667647334e-07,25.5948354460163
421407,NC_047561.1,19581015,19581017,*,1.40362214548307e-08,8.92500506761709e-06,-25.2835146152509
421408,NC_047561.1,19581030,19581032,*,6.08789615972806e-14,3.07898260489393e-10,-31.6206302866981
421951,NC_047561.1,19771960,19771962,*,2.59368229572468e-06,0.000496097270897193,27.6811594202899
421966,NC_047561.1,19774310,19774312,*,1.95391359785229e-18,2.84879862448077e-14,31.6109422492401
422554,NC_047561.1,19898250,19898252,*,2.79207306256603e-12,8.41787543612163e-09,-29.0171508132397
423576,NC_047561.1,20210974,20210976,*,2.82427706189199e-17,3.44494452975213e-13,-26.7876787678768
425341,NC_047561.1,20820390,20820392,*,1.7178824341483e-07,6.33215995413386e-05,-26.2543352601156
425515,NC_047561.1,20940860,20940862,*,1.61117923938986e-07,6.02090374837967e-05,-26.4703362604412
425750,NC_047561.1,21040137,21040139,*,2.11534292483263e-10,3.09868706737169e-07,31.0825513395893
427713,NC_047561.1,21550336,21550338,*,8.43033577496973e-15,5.53978484588881e-11,40.4810077013445
430504,NC_047561.1,22029754,22029756,*,1.2416133540487e-14,7.74964042112476e-11,-35.2985890066036
432967,NC_047561.1,22558260,22558262,*,6.53755543566414e-10,7.81089357171277e-07,-25.596460952694
433290,NC_047561.1,22723961,22723963,*,4.25468740193493e-09,3.47646549395781e-06,-30.2137207179799
434498,NC_047561.1,23071288,23071290,*,4.14481072881741e-11,8.09967694083369e-08,31.0816326530612
434511,NC_047561.1,23074350,23074352,*,4.50180404244501e-06,0.000747990113002482,-26.3562433517483
435172,NC_047561.1,23571046,23571048,*,8.61338759937911e-13,3.08533718072668e-09,-26.3718263718264
436561,NC_047561.1,23952032,23952034,*,1.17755725652791e-14,7.39932237391964e-11,26.6463871989332
436607,NC_047561.1,23966408,23966410,*,6.19459639308323e-10,7.48741809470265e-07,-29.8910496719775
436608,NC_047561.1,23966418,23966420,*,2.37918578681499e-07,8.11277205799261e-05,-26.8685746040567
436637,NC_047561.1,23970238,23970240,*,5.97244106430133e-12,1.60604891275961e-08,-26.4922357874506
437397,NC_047561.1,24235224,24235226,*,8.57312538419399e-09,6.06040452664002e-06,28.9819376026273
440555,NC_047561.1,24809234,24809236,*,3.66769476202911e-13,1.4847680889212e-09,-31.8943706514864
440573,NC_047561.1,24815938,24815940,*,3.02813477533466e-07,9.7300474539514e-05,-26.1359223300971
440574,NC_047561.1,24815946,24815948,*,4.61068325455572e-09,3.71048691770339e-06,-27.9976896418945
440576,NC_047561.1,24815962,24815964,*,5.77019330624902e-10,7.06133611748154e-07,-27.827380952381
440577,NC_047561.1,24815964,24815966,*,4.60269991181754e-09,3.70566021022846e-06,-26.4140271493213
440595,NC_047561.1,24817889,24817891,*,3.91470119719275e-12,1.12743101572215e-08,-32.6136669357008
440597,NC_047561.1,24817938,24817940,*,1.56673269712422e-11,3.60974275605105e-08,-27.1554252199413
440598,NC_047561.1,24817946,24817948,*,5.56645117296973e-11,1.03675717047793e-07,-27.0684626602195
440600,NC_047561.1,24817980,24817982,*,3.06735939913962e-12,9.11879176468179e-09,-27.8897577181752
441804,NC_047561.1,25175379,25175381,*,5.26720319641506e-08,2.50953274325319e-05,-25.3107748520593
441810,NC_047561.1,25179832,25179834,*,6.9339309361077e-10,8.17457084721575e-07,27.5446775446775
442293,NC_047561.1,25295280,25295282,*,8.67009836830186e-09,6.1012226025713e-06,-28.2590965297693
444292,NC_047561.1,25902920,25902922,*,1.54427732402262e-15,1.24761239211202e-11,-34.4757192948749
444448,NC_047561.1,26029390,26029392,*,4.88383839750941e-08,2.36553098669906e-05,-25.9558083739649
445461,NC_047561.1,26383230,26383232,*,2.92369668168622e-09,2.59700405508378e-06,-26.8989040289489
445517,NC_047561.1,26395401,26395403,*,2.01155352452395e-09,1.92120363184278e-06,27.7481991857188
445615,NC_047561.1,26419554,26419556,*,4.46702646164845e-08,2.20542904906791e-05,-30.5454545454545
445635,NC_047561.1,26426120,26426122,*,3.03443087165894e-09,2.66743361164987e-06,-27.763634961043
449484,NC_047561.1,27580968,27580970,*,2.51318709769322e-11,5.36635938678423e-08,29.0780141843972
450667,NC_047561.1,27873212,27873214,*,3.4023772153145e-07,0.000106145703074794,25.8851224105461
451062,NC_047561.1,27991248,27991250,*,1.71044377601865e-09,1.68004752605069e-06,27.0588235294118
454415,NC_047561.1,28601638,28601640,*,1.31456452409507e-12,4.43632282784991e-09,-34.4135802469136
454444,NC_047561.1,28609724,28609726,*,9.25600842599946e-09,6.42868935144049e-06,27.8381642512077
455229,NC_047561.1,29026625,29026627,*,1.91827112853998e-09,1.84343203409781e-06,27.9707184201566
457119,NC_047561.1,29574128,29574130,*,3.24022569934954e-07,0.000102283881917606,-25.1843575418994
464951,NC_047561.1,31284231,31284233,*,5.2733510665694e-22,1.34812508585092e-17,-38.4806920385515
464958,NC_047561.1,31285061,31285063,*,2.84954534125048e-09,2.55178583573795e-06,-26.9468093415606
466689,NC_047561.1,31919978,31919980,*,4.81307463064092e-08,2.3367141161727e-05,-26.094137076796
466955,NC_047561.1,32018356,32018358,*,6.00073881128175e-06,0.000926438592378825,25.1072501072501
470589,NC_047561.1,33559810,33559812,*,9.14480008707996e-07,0.000225457275909185,-26.733603930784
472323,NC_047561.1,34647531,34647533,*,1.44271674845675e-09,1.47208786749569e-06,-25.4215304798962
477972,NC_047561.1,36124450,36124452,*,8.09796366875141e-22,2.04225735869141e-17,36.4775322461321
478328,NC_047561.1,36215659,36215661,*,1.85545762139609e-09,1.79322642941278e-06,25.3701527614571
479370,NC_047561.1,36566187,36566189,*,3.20092073367594e-08,1.70190051008538e-05,-27.3847631241997
481088,NC_047561.1,37356968,37356970,*,1.14232080053565e-13,5.38343240471352e-10,-25.1497005988024
481376,NC_047561.1,37534414,37534416,*,1.25585950369356e-07,4.97712709950583e-05,29.320486030493
481480,NC_047561.1,37576691,37576693,*,1.02732496345015e-07,4.26051101959931e-05,-25.6519018148947
483813,NC_047561.1,38211241,38211243,*,8.28025834757232e-09,5.90030896978473e-06,-27.7387896463726
483814,NC_047561.1,38211265,38211267,*,1.97483095072986e-13,8.71276344811383e-10,-33.5916279224783
483863,NC_047561.1,38252875,38252877,*,1.21048422292558e-06,0.000278998173049058,-25.1865920298547
484933,NC_047561.1,38653946,38653948,*,1.86402282275287e-12,5.96690379939607e-09,34.6768694598076
485533,NC_047561.1,38841616,38841618,*,2.3792475801122e-08,1.34169369145868e-05,-25.1851973252917
486464,NC_047561.1,38955372,38955374,*,4.86906397624328e-07,0.000139347007321597,-25.2999340804219
487118,NC_047561.1,39125760,39125762,*,3.70825067371077e-14,1.98864016031861e-10,-31.6570740815035
487519,NC_047561.1,39270487,39270489,*,3.73993863096952e-10,4.96415713913568e-07,-26.5323130540192
488728,NC_047561.1,39943105,39943107,*,4.2987605206964e-07,0.000127038764713685,25.640019321338
490642,NC_047561.1,40362050,40362052,*,5.5750035914952e-17,6.46227805731152e-13,-27.2736143637783
492092,NC_047561.1,40878692,40878694,*,6.06328951217128e-09,4.59420382518359e-06,-29.1612903225806
494083,NC_047561.1,41595587,41595589,*,5.37484525870305e-08,2.54926124973477e-05,-28.1582180439079
494498,NC_047561.1,41723716,41723718,*,1.02789316154533e-09,1.12774271021631e-06,-25.9405320813772
498945,NC_047561.1,42774386,42774388,*,1.0702950603526e-12,3.73349955910852e-09,-28.2447607037771
498958,NC_047561.1,42777313,42777315,*,8.55911262896005e-10,9.66907799875454e-07,-28.0828032585649
501101,NC_047561.1,43479508,43479510,*,1.75994210976313e-11,3.97428075565426e-08,-26.4037242984611
503675,NC_047561.1,43915252,43915254,*,2.73451754384256e-09,2.47130884394859e-06,25.9307500271356
507388,NC_047561.1,44476982,44476984,*,1.51409658353149e-08,9.47518851467859e-06,-25.6392738629709
507694,NC_047561.1,44576430,44576432,*,1.31783297993837e-09,1.36480922918255e-06,-26.8743047830923
510407,NC_047561.1,45217066,45217068,*,8.83239119058839e-11,1.52060137562812e-07,-34.5134292817873
510409,NC_047561.1,45217664,45217666,*,2.03800085052635e-06,0.000412873298531268,-25.3333333333333
511526,NC_047561.1,45481406,45481408,*,1.14580410648117e-06,0.000267325903271104,-27.6480836236934
512036,NC_047561.1,45535288,45535290,*,1.69514866771069e-08,1.03485313402871e-05,-25.1609461795975
518299,NC_047561.1,46609769,46609771,*,1.77028964931275e-10,2.68206806092315e-07,-29.1680662859702
518372,NC_047561.1,46632173,46632175,*,1.5568423964331e-06,0.000337723352969026,25.6719367588933
519508,NC_047561.1,46807789,46807791,*,1.59615831274512e-09,1.58776135649591e-06,-33.6963403824237
521233,NC_047561.1,47090824,47090826,*,1.02570210238563e-08,6.95343144428684e-06,26.2320908388324
521538,NC_047561.1,47171103,47171105,*,2.0377103492273e-06,0.000412859264176984,-25.5163901695284
521613,NC_047561.1,47182317,47182319,*,4.06250588211694e-06,0.000691814150966667,-25.5020796197267
522628,NC_047561.1,47333482,47333484,*,8.50321347984222e-07,0.000213006656334483,-26.3337733944242
522901,NC_047561.1,47357410,47357412,*,1.57682778989882e-05,0.00190491640189449,-25.6756756756757
524462,NC_047561.1,47710510,47710512,*,1.69645809768292e-05,0.00201015221267834,25.3151260504202
524643,NC_047561.1,47755650,47755652,*,8.03764590216615e-10,9.1912606115528e-07,-28.3909111987016
525290,NC_047561.1,47881362,47881364,*,5.1097243079831e-08,2.45077026936764e-05,-26.8760907504363
526108,NC_047561.1,48087254,48087256,*,1.11784749400307e-12,3.88318093336331e-09,37.3272603333953
526533,NC_047561.1,48223476,48223478,*,1.35752868598345e-10,2.18402392497628e-07,-29.4345784854052
526754,NC_047561.1,48297151,48297153,*,1.0625674669561e-11,2.60578286161615e-08,-25.5990399876127
530976,NC_047561.1,48993484,48993486,*,7.70276038137469e-07,0.000197433899016889,25.0892321298841
530979,NC_047561.1,48993638,48993640,*,1.15790390544311e-09,1.23764087652612e-06,-27.0449172576832
531704,NC_047561.1,49130109,49130111,*,1.17330103107864e-08,7.7291056389267e-06,-26.2388376518811
531713,NC_047561.1,49131298,49131300,*,6.17581234643049e-10,7.47439564855373e-07,29.9824724198371
534118,NC_047561.1,49489760,49489762,*,2.659371018833e-08,1.4631520272013e-05,-27.915131344348
534127,NC_047561.1,49490893,49490895,*,2.04445364000868e-06,0.000413776298517221,-25.8241758241758
534578,NC_047561.1,49564247,49564249,*,8.74374969059615e-10,9.85975409585513e-07,-30.0609432962374
535859,NC_047561.1,49736980,49736982,*,1.03112703332512e-09,1.12929901130803e-06,-29.6878926471327
538204,NC_047561.1,50123793,50123795,*,4.82560913869003e-11,9.18014414077072e-08,-31.5302820157189
538400,NC_047561.1,50227844,50227846,*,2.45697933268988e-08,1.37572793195682e-05,-25.6217565153277
539370,NC_047561.1,50512555,50512557,*,1.04905871826265e-08,7.07257561766908e-06,26.2648038749055
539378,NC_047561.1,50519739,50519741,*,5.97815155595724e-11,1.10134615743459e-07,-31.6925002761312
539405,NC_047561.1,50531356,50531358,*,4.2748376160334e-10,5.54788054663474e-07,-33.7014203215233
542286,NC_047561.1,50996250,50996252,*,4.14847228354148e-14,2.1808520565159e-10,29.8411430599929
542287,NC_047561.1,50996269,50996271,*,2.93875088690417e-15,2.19376008267475e-11,27.1616812542079
542491,NC_047561.1,51033809,51033811,*,4.40865941637474e-12,1.2390956587194e-08,-26.5530303030303
544443,NC_047561.1,51323925,51323927,*,4.91146413792685e-09,3.89046987249794e-06,-25.9392691713844
546036,NC_047561.1,51606609,51606611,*,6.29538340112099e-08,2.88806927124803e-05,-27.6116838487973
549867,NC_047561.1,52335625,52335627,*,1.14036541862973e-09,1.22309771828683e-06,-32.967032967033
551371,NC_047561.1,52544076,52544078,*,6.89364534117995e-08,3.11146894461563e-05,27.3582261530317
551383,NC_047561.1,52545870,52545872,*,5.32918980029326e-08,2.53453652762571e-05,25.3842775581906
551459,NC_047561.1,52558864,52558866,*,2.39432259599562e-10,3.43456494443815e-07,-33.3947449225775
552582,NC_047561.1,52644563,52644565,*,2.79293307476093e-08,1.52405552045267e-05,26.3332404569518
553835,NC_047561.1,52792453,52792455,*,3.38551082175581e-20,6.42356717552956e-16,34.3416576465131
555169,NC_047561.1,53030636,53030638,*,2.51329759638468e-09,2.3009507558784e-06,-29.2544345898005
556888,NC_047561.1,53365381,53365383,*,5.15805694336572e-10,6.44320427123554e-07,-26.6479978742105
557128,NC_047561.1,53411785,53411787,*,2.62608092832426e-09,2.39067538495721e-06,-26.4015151515152
560249,NC_047561.1,53861939,53861941,*,1.43180580619931e-07,5.50718533733025e-05,-25.2107997615195
560534,NC_047561.1,53904778,53904780,*,1.20772621568201e-21,2.88961681681044e-17,-34.8563890387959
561050,NC_047561.1,54048971,54048973,*,2.20625620792658e-12,6.89680550834355e-09,-29.3916532451753
563000,NC_047561.1,54594762,54594764,*,1.30151745843936e-10,2.112119679348e-07,-28.5728658383218
564668,NC_047561.1,55062566,55062568,*,6.49586011448511e-09,4.86078688250896e-06,26.9791666666667
564961,NC_047561.1,55104806,55104808,*,8.82948584572992e-09,6.20169245581733e-06,-25.2920962199313
564995,NC_047561.1,55116442,55116444,*,4.1766214574422e-10,5.45073970521053e-07,-26.0007974481659
565346,NC_047561.1,55231150,55231152,*,5.75501086721293e-10,7.06127782889182e-07,-30.9751552795031
565382,NC_047561.1,55238931,55238933,*,7.42151848176342e-14,3.62573263567703e-10,-33.3927629304856
565550,NC_047561.1,55276134,55276136,*,3.9405509087808e-11,7.7737786705092e-08,-35.4589067479077
565673,NC_047561.1,55283481,55283483,*,5.37132173030581e-10,6.67831407274742e-07,-27.4008471313054
565723,NC_047561.1,55288806,55288808,*,2.34605282950015e-07,8.03650194149186e-05,-26.2170976007454
566100,NC_047561.1,55366672,55366674,*,6.27179813552496e-12,1.66970758113036e-08,-26.526533935312
566389,NC_047561.1,55429209,55429211,*,7.35836326305156e-07,0.000190834299320797,27.1181001283697
566549,NC_047561.1,55456656,55456658,*,9.01907894975465e-10,1.00849144220027e-06,-25.7761650405369
567641,NC_047561.1,55571642,55571644,*,5.662562113203e-11,1.05360642704859e-07,26.4655172413793
569901,NC_047561.1,56030875,56030877,*,8.14873924895339e-09,5.82884769142506e-06,25.9107888376181
570459,NC_047561.1,56293063,56293065,*,2.26716982474701e-07,7.83741652775852e-05,26.7241379310345
571312,NC_047561.1,56398398,56398400,*,2.58238372501772e-13,1.08940474588549e-09,25.840300768756
571568,NC_047561.1,56442917,56442919,*,4.74967174674896e-13,1.8557592875284e-09,-36.4107676969093
571695,NC_047561.1,56476097,56476099,*,3.27745043621193e-07,0.000103197118464777,25.8783801201248
572220,NC_047561.1,56719052,56719054,*,5.03781842029783e-09,3.95604073684847e-06,29.4117647058824
573010,NC_047561.1,56912225,56912227,*,7.63305062196577e-11,1.34641468657912e-07,25.5612495612496
573722,NC_047561.1,56995703,56995705,*,6.04696871238144e-08,2.80648034825912e-05,-27.9351066269204
574191,NC_047561.1,57202620,57202622,*,1.55850875305228e-08,9.68546060236501e-06,28.6190724335591
574687,NC_047561.1,57302370,57302372,*,9.19549495302498e-09,6.3961818549815e-06,30.7453416149068
574689,NC_047561.1,57303340,57303342,*,1.86016390768372e-23,5.88390385101551e-19,-35.4813962408899
574690,NC_047561.1,57303346,57303348,*,2.40454394561515e-23,7.35646628634414e-19,-38.4849592010717
574693,NC_047561.1,57303409,57303411,*,2.46267248529735e-18,3.5073806310825e-14,31.9430616792301
574911,NC_047561.1,57353261,57353263,*,9.56583431389103e-11,1.62291784092302e-07,27.0008466557099
578783,NC_047561.1,58088047,58088049,*,4.85805235440738e-08,2.35487482381714e-05,-27.6500447894894
578786,NC_047561.1,58088189,58088191,*,3.36733654766215e-09,2.89729913887911e-06,-27.4666059502125
578875,NC_047561.1,58118296,58118298,*,1.42130669519568e-08,9.01595008721279e-06,-26.2415695892091
588045,NC_047562.1,6349415,6349417,*,1.36353673714517e-12,4.54407176650462e-09,-25.6231253152125
588046,NC_047562.1,6349438,6349440,*,3.93723222917258e-10,5.18546308098816e-07,-27.5355054302423
590312,NC_047562.1,6990894,6990896,*,9.23219187002786e-13,3.28806125827832e-09,-30.219696969697
605645,NC_047562.1,13544033,13544035,*,2.0270153401884e-10,2.99991061103888e-07,28.1840430739109
609730,NC_047562.1,14627263,14627265,*,2.77300622525863e-07,9.09429203306704e-05,28.6813186813187
614040,NC_047562.1,16434291,16434293,*,2.7502789110255e-12,8.31874745579676e-09,-26.8220936451597
628489,NC_047562.1,20842723,20842725,*,1.04950134787372e-08,7.07257561766908e-06,-25.0874224478285
629386,NC_047562.1,21051121,21051123,*,6.40329083241192e-09,4.8108077442922e-06,30.3816466552316
633225,NC_047562.1,22100090,22100092,*,1.89754017667275e-06,0.000390813481633765,-25.7883034631451
636133,NC_047562.1,22827675,22827677,*,2.2982774585074e-12,7.12479432060036e-09,30.511060259344
638866,NC_047562.1,23371920,23371922,*,1.0848395152483e-09,1.1750235850894e-06,-26.3286713286713
638869,NC_047562.1,23376008,23376010,*,7.22621227504458e-11,1.28952511346437e-07,-25.5710734998225
638908,NC_047562.1,23395651,23395653,*,2.89246853767454e-07,9.40258919989521e-05,-25.9959306061255
639711,NC_047562.1,23552486,23552488,*,2.06660127382119e-07,7.29480601734649e-05,-25.2249042486862
639712,NC_047562.1,23552624,23552626,*,1.13694913450289e-12,3.93657595601859e-09,-30.8688496188496
639741,NC_047562.1,23553493,23553495,*,1.47522602357411e-09,1.49788828162346e-06,-25.1541782300339
643388,NC_047562.1,24209724,24209726,*,6.92836820201495e-08,3.1239343515922e-05,-27.2613990371
646726,NC_047562.1,26516352,26516354,*,1.39916352171933e-09,1.43470777304964e-06,-26.7745475892698
647569,NC_047562.1,26779316,26779318,*,9.13444903724037e-08,3.89112756973789e-05,29.0840318953179
648658,NC_047562.1,26999610,26999612,*,4.06359944325787e-12,1.15780643094431e-08,-29.9418604651163
649540,NC_047562.1,27196214,27196216,*,4.51785428033163e-11,8.67425768248772e-08,-29.4186630926453
664480,NC_047562.1,30592556,30592558,*,1.39274828991593e-08,8.86492433783672e-06,28.464247974639
667956,NC_047562.1,31580412,31580414,*,5.66447506130643e-10,6.97311508858245e-07,-28.0334728033473
669367,NC_047562.1,32050669,32050671,*,3.94802284298109e-09,3.27173135371052e-06,-30.5067087608524
673871,NC_047562.1,33195140,33195142,*,1.14033185716519e-07,4.61978963978679e-05,27.1919971919972
688879,NC_047562.1,37010601,37010603,*,1.84957558743721e-10,2.78591039278418e-07,31.070585148255
693281,NC_047562.1,38070089,38070091,*,3.42364564924655e-08,1.79374729280062e-05,-27.8204010462075
695040,NC_047562.1,38431060,38431062,*,3.49395968826769e-10,4.70458180968404e-07,-29.727411361037
697953,NC_047562.1,38988410,38988412,*,1.27208001621e-15,1.047590973054e-11,-33.3232946845355
697954,NC_047562.1,38988412,38988414,*,5.8890276776247e-16,5.29153841815384e-12,-34.2369604505527
700635,NC_047562.1,39884868,39884870,*,3.1339965822359e-12,9.28376918491584e-09,36.1139547807774
704560,NC_047562.1,41348277,41348279,*,3.90498063166368e-09,3.24334344753969e-06,-26.6896750071901
705118,NC_047562.1,41495641,41495643,*,9.4309671310116e-10,1.04764299837368e-06,26.4926598189578
717579,NC_047562.1,46407137,46407139,*,2.55916773379334e-09,2.34003370084688e-06,-32.3380745268602
718299,NC_047562.1,46584583,46584585,*,4.55208246241386e-10,5.81866870133725e-07,-30.3623188405797
727783,NC_047562.1,48216974,48216976,*,7.34248047915621e-09,5.36312922485915e-06,-28.8854568854569
731565,NC_047562.1,49071400,49071402,*,3.66631823326816e-10,4.89778952295345e-07,-27.2558272558273
731749,NC_047562.1,49099578,49099580,*,1.58779152319158e-12,5.17136536449896e-09,-36.4686783804431
731751,NC_047562.1,49099596,49099598,*,7.67834306282708e-10,8.87281345463802e-07,-29.317767842358
733317,NC_047562.1,49669628,49669630,*,4.71495774637514e-13,1.8485756059231e-09,-30.4351174432037
734106,NC_047562.1,50062734,50062736,*,1.88375319889229e-08,1.12317138547984e-05,-25.348162475822
734303,NC_047562.1,50119640,50119642,*,2.26998213017802e-09,2.12028050282756e-06,25.4996984578272
735158,NC_047562.1,50367518,50367520,*,8.44839393814793e-13,3.04228773008296e-09,27.1790065604499
736232,NC_047562.1,50529696,50529698,*,1.26269088141839e-09,1.32089580067301e-06,30.2127659574468
736236,NC_047562.1,50531743,50531745,*,1.37894162633674e-07,5.341281309583e-05,25.6369683857009
742130,NC_047562.1,52843914,52843916,*,1.69891932974151e-09,1.67401424115743e-06,27.1129617766389
743002,NC_047563.1,120472,120474,*,8.31992240286069e-08,3.60504565732459e-05,25.5511774087625
747832,NC_047563.1,1568992,1568994,*,1.95137681534704e-15,1.52373556763696e-11,28.4526250536455
748523,NC_047563.1,1755428,1755430,*,8.03570243052387e-13,2.92663474482279e-09,-30.2270809898763
751969,NC_047563.1,2873080,2873082,*,5.90259864293784e-09,4.49330893691035e-06,-27.0277935337493
752197,NC_047563.1,2938790,2938792,*,3.41021289131111e-17,4.10597365929994e-13,-39.0718735579142
753321,NC_047563.1,3143065,3143067,*,5.57593084839077e-10,6.89340025071765e-07,-29.112210604929
753785,NC_047563.1,3194968,3194970,*,3.16759848557251e-07,0.000100620998121899,-28.639846743295
755936,NC_047563.1,3938549,3938551,*,1.41467764537001e-06,0.000314100739698273,25.2898999734443
757841,NC_047563.1,4167394,4167396,*,2.0360110498034e-11,4.48074928067968e-08,-28.2336724647194
770985,NC_047563.1,7531617,7531619,*,2.93762887575157e-13,1.22372907813248e-09,-29.5921307157262
772798,NC_047563.1,7693765,7693767,*,6.15013400547717e-12,1.64200232726039e-08,-32.9358822756537
774889,NC_047563.1,8621526,8621528,*,4.33872453631048e-11,8.40460094606977e-08,-26.3705803939824
774950,NC_047563.1,8647458,8647460,*,2.93298661601563e-14,1.62906033384876e-10,-34.1156835132739
782429,NC_047563.1,10234489,10234491,*,1.2278597040812e-09,1.29315741584951e-06,-26.6605504587156
782501,NC_047563.1,10248096,10248098,*,3.81388434020627e-07,0.000115982892567936,26.6419130671754
783566,NC_047563.1,10374662,10374664,*,1.04042818847453e-06,0.000248392434176588,25.9721985331741
785224,NC_047563.1,10684615,10684617,*,1.58888719413605e-06,0.000343079617434801,-25.2849638219843
787378,NC_047563.1,11615995,11615997,*,1.7826425940232e-08,1.07386387074056e-05,27.5897560089605
787837,NC_047563.1,11762716,11762718,*,1.22800073507124e-08,7.98793355830041e-06,-26.0952380952381
787915,NC_047563.1,11796293,11796295,*,2.22203224179843e-06,0.000440262732502839,-25.112443778111
794359,NC_047563.1,14941642,14941644,*,3.51347823026147e-08,1.83309381531932e-05,-27.6418013806834
797947,NC_047563.1,16272962,16272964,*,2.13469755807026e-05,0.0023772555217908,-25.1425438596491
802773,NC_047563.1,19032314,19032316,*,1.44069385032604e-10,2.28359939038909e-07,-29.6637537993921
802832,NC_047563.1,19047332,19047334,*,4.98939791392148e-09,3.93051488892217e-06,27.0750787361577
803106,NC_047563.1,19113722,19113724,*,4.50181619343923e-07,0.00013151921768717,-26.1151497528351
804047,NC_047563.1,19632762,19632764,*,2.19682384256994e-06,0.000436642511665987,25.015216068168
806720,NC_047563.1,20406284,20406286,*,5.34572897710206e-09,4.15336691404704e-06,-31.017075484483
812401,NC_047563.1,22928708,22928710,*,2.9339821922655e-10,4.0645358534022e-07,31.3256113256113
816622,NC_047563.1,24989690,24989692,*,1.60624172839297e-07,6.00888967595423e-05,-25.622641509434
822863,NC_047563.1,28053285,28053287,*,2.52503603399671e-06,0.000486457211261182,-25.631478739158
829490,NC_047563.1,34553957,34553959,*,1.03141853444898e-07,4.27368899847452e-05,-25.9609796596098
831493,NC_047563.1,36582687,36582689,*,1.48387789975967e-09,1.50182386872818e-06,25.0218258917436
833333,NC_047563.1,37459583,37459585,*,8.1262804890085e-10,9.2656393654015e-07,-29.9106867878041
833338,NC_047563.1,37459734,37459736,*,2.317921383621e-09,2.15971646733842e-06,-25.0128818549871
834833,NC_047563.1,38153972,38153974,*,2.75530895560615e-09,2.48462124538395e-06,-33.0373735288045
837303,NC_047563.1,39058610,39058612,*,4.95878621650708e-12,1.36897354232165e-08,-29.3554271815141
837304,NC_047563.1,39058636,39058638,*,6.7544356998089e-15,4.56716135204065e-11,-32.154182684218
837312,NC_047563.1,39059982,39059984,*,1.65762623416927e-10,2.54192304542348e-07,-32.2551662174304
837317,NC_047563.1,39061213,39061215,*,6.44456876648833e-13,2.43957013557346e-09,-35.0525377615161
837318,NC_047563.1,39061219,39061221,*,1.37788633827956e-14,8.51476794466824e-11,-37.7812415288696
837319,NC_047563.1,39061245,39061247,*,2.00512868925331e-13,8.82470658135659e-10,-32.0813298530018
837320,NC_047563.1,39061271,39061273,*,1.35009341041752e-09,1.39127099964116e-06,-28.1466975253694
837321,NC_047563.1,39061334,39061336,*,9.60708650486838e-16,8.26225001798719e-12,-30.3728813559322
837329,NC_047563.1,39061652,39061654,*,1.17680363963614e-09,1.24996717058619e-06,-27.0484339295225
837342,NC_047563.1,39063415,39063417,*,1.20558043879318e-10,1.97880087322329e-07,-32.3809523809524
837348,NC_047563.1,39067482,39067484,*,1.42919608739613e-09,1.45988832879396e-06,-28.3667139525378
837350,NC_047563.1,39067796,39067798,*,1.12227785354756e-07,4.57100475787305e-05,-30.1149425287356
837351,NC_047563.1,39067916,39067918,*,1.41162247814838e-14,8.69445376036116e-11,-36.4345091958479
837353,NC_047563.1,39068010,39068012,*,2.62006132561393e-08,1.44578667799707e-05,-29.7560620932853
837368,NC_047563.1,39073472,39073474,*,5.02547631984898e-16,4.57498563961423e-12,-36.9050524774225
837369,NC_047563.1,39073497,39073499,*,4.98252964533424e-15,3.5221863513595e-11,-37.2935964559001
837370,NC_047563.1,39073521,39073523,*,3.1691441830299e-08,1.68885444734157e-05,-27.9713002519443
837372,NC_047563.1,39073706,39073708,*,5.61883496607331e-09,4.32593536478896e-06,-26.4450090389407
837374,NC_047563.1,39073768,39073770,*,2.00820581115325e-10,2.9784865465311e-07,-27.0119438794138
837375,NC_047563.1,39073829,39073831,*,7.48113602826711e-10,8.6933742398621e-07,-26.6025080198309
837377,NC_047563.1,39074379,39074381,*,8.45562220356105e-08,3.65535774478055e-05,-30.5077805077805
838654,NC_047563.1,39502966,39502968,*,1.4719159180441e-09,1.49534089620501e-06,-31.6604360340093
839050,NC_047563.1,39611848,39611850,*,4.80604329944748e-11,9.15225198482932e-08,-35.4713245173609
839529,NC_047563.1,39706738,39706740,*,1.56547253556694e-12,5.10758719336812e-09,-27.2613561553654
842464,NC_047563.1,40360460,40360462,*,3.54688178029917e-07,0.000109663940633912,-26.1866478003602
843270,NC_047563.1,40599381,40599383,*,3.04096222591511e-08,1.63286172008891e-05,-28.9246497538811
844180,NC_047563.1,41389526,41389528,*,1.87467157701785e-14,1.11278259214209e-10,25.8213362864526
844691,NC_047563.1,41477483,41477485,*,1.18860687363631e-11,2.86962474632938e-08,35.3243530662886
846842,NC_047563.1,42875387,42875389,*,1.39354293942705e-09,1.42972997180017e-06,-27.0582940647006
847979,NC_047563.1,43327406,43327408,*,3.41193353384646e-09,2.92897824642041e-06,-32.9278702518139
848410,NC_047563.1,43472739,43472741,*,6.93746306467872e-08,3.12652437421914e-05,-27.9356060606061
852340,NC_047563.1,45752710,45752712,*,8.4068780898058e-07,0.000211160315016125,-25.2446538600942
854298,NC_047563.1,46692960,46692962,*,4.371792035157e-13,1.73961449277696e-09,-30.7842046718576
857627,NC_047563.1,48694480,48694482,*,9.96706121597197e-13,3.49640601476508e-09,32.2141094199918
857670,NC_047563.1,48699712,48699714,*,1.68298379894551e-15,1.35381186423388e-11,27.0843065807095
871502,NC_047563.1,62130231,62130233,*,5.68859741482584e-11,1.05739645999663e-07,29.3219208881859
874549,NC_047563.1,63328992,63328994,*,2.61568259796091e-09,2.38237130772138e-06,26.9054378685303
874671,NC_047563.1,63423636,63423638,*,2.22757765912697e-09,2.09113869727997e-06,25.8876937312052
876550,NC_047563.1,63806034,63806036,*,1.22088159185884e-07,4.86017948499305e-05,-25.4075201043251
877686,NC_047563.1,64302196,64302198,*,3.4581504922561e-11,6.96194391356823e-08,26.2583383869012
878737,NC_047563.1,64901428,64901430,*,2.13057546162444e-11,4.6559189923175e-08,27.7530493802872
881506,NC_047563.1,65635362,65635364,*,9.14447164518578e-07,0.000225457275909185,-25.2031488065008
882510,NC_047563.1,66110383,66110385,*,3.09590460971504e-09,2.7133669155042e-06,-26.932799662945
884515,NC_047563.1,66794604,66794606,*,4.20117716179348e-08,2.10763024115098e-05,-25.228243978244
885026,NC_047563.1,67055345,67055347,*,2.28425369106529e-10,3.30461591724362e-07,-33.3037358589845
887705,NC_047563.1,69282862,69282864,*,7.2839940502136e-08,3.25028491219068e-05,-26.9065343258892
887709,NC_047563.1,69283496,69283498,*,5.57194991878757e-10,6.89340025071765e-07,-29.4077226581549
887747,NC_047563.1,69285503,69285505,*,5.00273312442983e-09,3.93863281312714e-06,-27.8797017676133
888409,NC_047563.1,69768811,69768813,*,6.91122030392677e-12,1.80643729286462e-08,25.7778787190552
889836,NC_047563.1,72230901,72230903,*,1.75830498188366e-09,1.71621891437003e-06,31.2820512820513
892209,NC_047564.1,678118,678120,*,2.75963437134172e-09,2.48678255390021e-06,30.6207708149456
892555,NC_047564.1,741768,741770,*,7.59924557091975e-11,1.34268431456828e-07,-25.6966592372767
898334,NC_047564.1,2207891,2207893,*,1.50975708514385e-06,0.00032985794151008,26.2721755368814
900592,NC_047564.1,3470709,3470711,*,7.48872332694916e-12,1.93569511256565e-08,-29.3691080493111
912285,NC_047564.1,6024740,6024742,*,2.11627781797915e-07,7.42800837743928e-05,25.7479508196721
913805,NC_047564.1,6369146,6369148,*,4.70610228318927e-11,8.98945087770063e-08,25.1895261440561
918341,NC_047564.1,7321943,7321945,*,1.31730813660381e-10,2.13218278396093e-07,34.0670108920966
921987,NC_047564.1,7932264,7932266,*,5.3356804602355e-09,4.14728631076385e-06,-29.0966386554622
926852,NC_047564.1,8553830,8553832,*,9.4710024844485e-09,6.54876537849763e-06,-26.3691163267924
931783,NC_047564.1,9405583,9405585,*,4.71083410081982e-06,0.000773191100015837,-25.4536874168776
945021,NC_047564.1,14276623,14276625,*,3.67648340830126e-06,0.00064309518891499,26.8222222222222
945042,NC_047564.1,14283363,14283365,*,9.3197045546066e-10,1.03643711852688e-06,-27.0509607351713
950090,NC_047564.1,15991736,15991738,*,4.96832608286837e-10,6.24802208897475e-07,27.513006870805
950158,NC_047564.1,15998719,15998721,*,1.83796765865465e-14,1.09587215716591e-10,31.6923076923077
950255,NC_047564.1,16019219,16019221,*,1.64005075059799e-09,1.6228633939739e-06,32.1812802582033
950313,NC_047564.1,16037358,16037360,*,1.57139916257506e-11,3.61171393871e-08,-27.7287809238916
950739,NC_047564.1,16191607,16191609,*,1.97937351435474e-11,4.37156974019751e-08,-31.1080354962143
956885,NC_047564.1,17431454,17431456,*,3.65321955091612e-09,3.08217302989243e-06,28.9099298279343
962769,NC_047564.1,18553542,18553544,*,1.07905792272853e-09,1.17082575348843e-06,-25.8116480793061
964501,NC_047564.1,18809696,18809698,*,1.15489783141908e-07,4.66517517186776e-05,-25.5080049261084
967186,NC_047564.1,19392938,19392940,*,2.01285460111936e-07,7.16608167016018e-05,-26.7572062084257
974445,NC_047564.1,21222334,21222336,*,1.16718814148554e-07,4.70260694747831e-05,25.7702268724749
976086,NC_047564.1,21783550,21783552,*,2.17374210595825e-11,4.73915178559329e-08,-26.198120140796
976088,NC_047564.1,21783753,21783755,*,5.77456380182076e-08,2.70635207223126e-05,-25.2312822719449
977600,NC_047564.1,22045846,22045848,*,1.8846243713832e-06,0.000388871966948952,25.2882607511425
980484,NC_047564.1,22833399,22833401,*,2.47416771006248e-31,2.56521041736797e-26,63.1309368597504
981863,NC_047564.1,23345125,23345127,*,6.63751102335139e-14,3.28571787542378e-10,28.8695518250424
985441,NC_047564.1,24140955,24140957,*,6.50741253059267e-25,2.24895592777819e-20,36.0523055375997
985544,NC_047564.1,24159213,24159215,*,1.20415928777621e-08,7.87525245580036e-06,-28.5062285223368
985611,NC_047564.1,24186016,24186018,*,1.59777069094345e-09,1.58776135649591e-06,-28.4199048374306
987430,NC_047564.1,24544637,24544639,*,1.12808149571212e-08,7.50272751629276e-06,25.2067293983462
988079,NC_047564.1,24845655,24845657,*,1.62249302033547e-10,2.50037449020482e-07,26.3805880946689
991881,NC_047564.1,25753603,25753605,*,7.74601872687268e-09,5.60523165272758e-06,-28.6358748393527
991922,NC_047564.1,25755850,25755852,*,7.82808628072929e-14,3.7945583860235e-10,-29.7099712368169
991974,NC_047564.1,25785905,25785907,*,6.47144977088705e-09,4.84809774979455e-06,-25.7069644001098
992384,NC_047564.1,25908539,25908541,*,7.76016147456708e-11,1.36625340804441e-07,-33.0081300813008
993294,NC_047564.1,26101692,26101694,*,1.55200526117835e-09,1.55637118417383e-06,-25.3681229773463
994110,NC_047564.1,26276517,26276519,*,3.67987572189888e-10,4.9053667324392e-07,-28.4820418552036
994111,NC_047564.1,26276519,26276521,*,4.12277669884266e-09,3.38349639280025e-06,-26.7110841913991
994118,NC_047564.1,26276633,26276635,*,1.20779031615558e-10,1.98068606649309e-07,-29.9095694425699
994119,NC_047564.1,26276649,26276651,*,2.23371056608317e-09,2.09478853102272e-06,-28.2403433476395
995748,NC_047564.1,26757221,26757223,*,1.37093320059252e-06,0.000306919833172375,-26.5884652981427
995825,NC_047564.1,26780474,26780476,*,2.67219290418452e-09,2.42437546398566e-06,-29.3701120270556
997931,NC_047564.1,27177817,27177819,*,4.29693582044504e-07,0.000127004952041798,25.1960784313725
998965,NC_047564.1,27545328,27545330,*,9.17730652912496e-08,3.90314768479546e-05,25.4845165367601
998969,NC_047564.1,27545451,27545453,*,5.63462482141925e-08,2.65342793523401e-05,27.487005132564
999532,NC_047564.1,27599259,27599261,*,6.66834877807736e-12,1.7577269621767e-08,-31.5535214848716
1000306,NC_047564.1,27684561,27684563,*,3.26895930448549e-08,1.73264605592256e-05,28.6569423420944
1000976,NC_047564.1,27860277,27860279,*,3.41675256136142e-08,1.79136728164918e-05,28.8986537023186
1001441,NC_047564.1,27982628,27982630,*,7.85712286313009e-09,5.66804749785339e-06,-29.5053976646839
1004200,NC_047564.1,28690934,28690936,*,2.21674455464903e-10,3.22444786423681e-07,-25.130153369917
1004402,NC_047564.1,28737674,28737676,*,6.48120354947538e-11,1.18466698218959e-07,-26.1528871627048
1004449,NC_047564.1,28741068,28741070,*,7.33570156763101e-16,6.45761515402725e-12,-35.7877862264682
1005610,NC_047564.1,28969138,28969140,*,1.6263372374245e-08,1.00086819943763e-05,-27.2457540413342
1005979,NC_047564.1,29099921,29099923,*,1.3370575899896e-07,5.21585257951238e-05,25.7192075796727
1006065,NC_047564.1,29126993,29126995,*,8.1559024552944e-08,3.54550008255279e-05,-26.7676767676768
1006117,NC_047564.1,29139914,29139916,*,1.42398833358625e-08,9.02682433249368e-06,-25.2055306427504
1006248,NC_047564.1,29162782,29162784,*,1.5211769264465e-09,1.53121566979948e-06,-28.7628558016473
1006303,NC_047564.1,29172336,29172338,*,9.03845119683331e-07,0.00022329726421478,25.7392686804452
1006702,NC_047564.1,29251233,29251235,*,7.10546241947096e-09,5.22888948540481e-06,-28.8585329341317
1006720,NC_047564.1,29263056,29263058,*,2.6236320808186e-17,3.22125948280691e-13,-34.4086021505376
1007621,NC_047564.1,29478831,29478833,*,3.64442407552684e-13,1.47855485147311e-09,-29.932275187616
1007649,NC_047564.1,29489829,29489831,*,7.67185282120754e-06,0.00111221016174848,25.5482260652523
1009095,NC_047564.1,30028252,30028254,*,2.26593143904717e-08,1.29142551542574e-05,-27.1923409347783
1009101,NC_047564.1,30030800,30030802,*,1.69574386025548e-12,5.47518477504284e-09,-30.5679748302699
1009133,NC_047564.1,30041505,30041507,*,3.75497665359796e-12,1.08814742609678e-08,29.7286977108273
1010291,NC_047564.1,30364535,30364537,*,5.41411364506646e-12,1.48152627547227e-08,26.2179327282844
1010602,NC_047564.1,30454280,30454282,*,6.81740801160889e-09,5.04962204760858e-06,30.8333019259036
1010603,NC_047564.1,30454297,30454299,*,6.71573227436049e-09,4.98137346525292e-06,29.9087313659872
1010605,NC_047564.1,30454312,30454314,*,2.06778114166152e-07,7.29483147865567e-05,26.1188811188811
1011540,NC_047564.1,30794707,30794709,*,1.75108922426158e-10,2.66336125815514e-07,-26.4687200277358
1015074,NC_047564.1,31419280,31419282,*,8.21512913456397e-08,3.5646042234735e-05,26.6766376208436
1016585,NC_047564.1,31914632,31914634,*,1.44409159295068e-11,3.36456241294891e-08,-32.1244131455399
1016589,NC_047564.1,31914691,31914693,*,5.13217513533513e-07,0.00014503097579186,-27.198036705079
1018442,NC_047564.1,32255889,32255891,*,4.49276058421491e-07,0.000131316330925663,-25.38037276531
1019085,NC_047564.1,32352252,32352254,*,4.79093115077947e-09,3.82094193251007e-06,26.2966232619731
1022616,NC_047564.1,33094191,33094193,*,1.36591289183249e-16,1.42408639812598e-12,-39.0582884097035
1022973,NC_047564.1,33168053,33168055,*,5.9348867380792e-08,2.76509206225633e-05,-25.868786037089
1022985,NC_047564.1,33179647,33179649,*,1.6885976518689e-14,1.01984475556106e-10,-29.8760999501909
1024176,NC_047564.1,33338151,33338153,*,1.08724804434327e-14,6.87817125006613e-11,31.7760363701621
1024988,NC_047564.1,33424542,33424544,*,9.70525042632772e-08,4.06651986975083e-05,-26.1496672551949
1025128,NC_047564.1,33464388,33464390,*,1.92731278925009e-09,1.85021547081442e-06,29.7301651228353
1025237,NC_047564.1,33518434,33518436,*,6.55311272817703e-08,2.99086557230749e-05,-27.2529213705684
1025247,NC_047564.1,33518825,33518827,*,4.82763551123108e-07,0.000138416086799236,-25.3450655624569
1025249,NC_047564.1,33519271,33519273,*,1.15301911594517e-12,3.977458049068e-09,-39.7030651340996
1025250,NC_047564.1,33519280,33519282,*,4.113888166046e-09,3.37768706769786e-06,-31.8227899432279
1025289,NC_047564.1,33530467,33530469,*,2.56770266469546e-08,1.42236181997441e-05,-31.5528178725752
1025889,NC_047564.1,33703450,33703452,*,2.12691579567958e-15,1.64021695132646e-11,-29.9146514935989
1028108,NC_047564.1,34102224,34102226,*,7.27513215575832e-09,5.3285350710339e-06,-26.1111111111111
1028116,NC_047564.1,34110344,34110346,*,2.24721621277443e-20,4.36857696805667e-16,-41.4907460960093
1028301,NC_047564.1,34187345,34187347,*,4.36068620536373e-11,8.41101352330983e-08,-30.2402343323059
1028750,NC_047564.1,34290267,34290269,*,3.68960406391267e-15,2.7002622742145e-11,-34.3968319845058
1028768,NC_047564.1,34295416,34295418,*,1.38288764944874e-08,8.80516390991945e-06,-25.6656254648222
1028782,NC_047564.1,34302257,34302259,*,2.88840777277984e-11,6.01242046606144e-08,-29.3557168784029
1028855,NC_047564.1,34319195,34319197,*,1.38330427788954e-11,3.24725920583488e-08,28.4444444444444
1029203,NC_047564.1,34398957,34398959,*,1.81812359493256e-06,0.000378476984122949,25.9709557581898
1032946,NC_047564.1,35269464,35269466,*,1.99383962819558e-10,2.96255859922173e-07,-27.3152709359606
1033460,NC_047564.1,35394658,35394660,*,3.40457677785311e-13,1.38727966350691e-09,-33.2909379968204
1033477,NC_047564.1,35401856,35401858,*,1.02257034838367e-09,1.1232235015013e-06,-25.2872701838529
1033479,NC_047564.1,35401929,35401931,*,1.12833647769378e-14,7.11399053178691e-11,-27.546714888487
1035005,NC_047564.1,35760951,35760953,*,7.94882165057376e-09,5.71872412391111e-06,-25.009141404468
1038467,NC_047564.1,36678910,36678912,*,2.35459065608617e-07,8.05526624455027e-05,26.0913252204979
1038789,NC_047564.1,36820244,36820246,*,3.28254230898779e-06,0.000591483619133796,-26.0656990068755
1040364,NC_047564.1,37037883,37037885,*,7.55813513276907e-08,3.33852247684622e-05,-29.5414462081129
1040562,NC_047564.1,37086103,37086105,*,7.87320133906691e-06,0.00113268926101779,26.5664160401003
1042214,NC_047564.1,37393345,37393347,*,2.50059639072587e-07,8.40404934751154e-05,26.3375569663602
1044313,NC_047564.1,37742621,37742623,*,1.25996858415953e-06,0.000287176070049253,-25.3907496012759
1046443,NC_047564.1,38151477,38151479,*,5.53847587029423e-08,2.61607146417655e-05,-26.444607614089
1051959,NC_047564.1,39140195,39140197,*,9.3045193529578e-06,0.00128787518241065,25.3501820518312
1054407,NC_047564.1,39635582,39635584,*,8.56342921989043e-13,3.07334088993682e-09,-36.3088956483953
1055408,NC_047564.1,39874544,39874546,*,4.17988233188296e-06,0.000707220610784869,-26.5268065268065
1057233,NC_047564.1,40495778,40495780,*,5.78305887723628e-13,2.21612890348667e-09,28.0240372189196
1060132,NC_047564.1,41173282,41173284,*,3.26560847350163e-14,1.78721211857316e-10,-29.7557131599685
1060145,NC_047564.1,41175114,41175116,*,6.20883093476681e-14,3.12900880202631e-10,-27.2950521464953
1060977,NC_047564.1,41405667,41405669,*,1.72644595259252e-08,1.04778995899812e-05,-25.2863247863248
1066550,NC_047564.1,42331456,42331458,*,1.96165055104037e-10,2.9248040808832e-07,26.4761904761905
1066747,NC_047564.1,42422483,42422485,*,1.19582684047106e-10,1.9679842017746e-07,-29.6429427270549
1067050,NC_047564.1,42509736,42509738,*,1.76078306560449e-06,0.000369175963512381,26.4335664335664
1068667,NC_047564.1,42882456,42882458,*,8.14160415171099e-12,2.08710822220395e-08,-30.3538928210313
1070728,NC_047564.1,43238676,43238678,*,2.22668182981937e-10,3.23386140237275e-07,27.8361310166552
1076444,NC_047564.1,44605272,44605274,*,5.24878062759764e-12,1.44475037561568e-08,25.0952829505108
1079292,NC_047564.1,45088398,45088400,*,1.07774411241595e-08,7.21912633755502e-06,-28.223699159282
1079524,NC_047564.1,45117199,45117201,*,5.68357179766048e-17,6.50728924843812e-13,-26.0150098425197
1099047,NC_047564.1,49471211,49471213,*,1.08580756425549e-06,0.000256567769586558,-26.2831373980137
1099070,NC_047564.1,49480416,49480418,*,2.74005507076751e-16,2.70560163500194e-12,-31.7096278872227
1099091,NC_047564.1,49486286,49486288,*,7.91958535496846e-07,0.000201606991881963,-26.2626262626263
1099916,NC_047564.1,49626718,49626720,*,7.09094357280733e-12,1.84565804086241e-08,-25.8606983428117
1105289,NC_047564.1,50809257,50809259,*,1.33007772929119e-08,8.52124206196589e-06,29.8169375534645
1105290,NC_047564.1,50809267,50809269,*,1.07401163308903e-08,7.2021497046602e-06,28.3104494869201
1108064,NC_047564.1,51107830,51107832,*,3.64908063559648e-06,0.000639500662302883,-26.5317407653174
1108188,NC_047564.1,51129800,51129802,*,1.20383378383619e-12,4.11471964098278e-09,-32.1828731492597
1108312,NC_047564.1,51154982,51154984,*,7.86335434733818e-13,2.87742515525921e-09,26.7595818815331
1110166,NC_047564.1,51597402,51597404,*,1.02058830173471e-07,4.24199947421484e-05,-27.2361647361647
1114674,NC_047564.1,52346664,52346666,*,8.03783861892455e-08,3.50555379987406e-05,-25.4829331323355
1117727,NC_047564.1,52857418,52857420,*,7.89460163528112e-17,8.79657776865323e-13,-31.3194018358778
1117777,NC_047564.1,52873002,52873004,*,7.50283590083036e-07,0.000193705493197241,27.8947368421053
1119957,NC_047564.1,53276213,53276215,*,2.77476476439857e-08,1.51605128992274e-05,-25.0576436404536
1123003,NC_047564.1,53893222,53893224,*,1.32036396523836e-07,5.17126892911175e-05,-26.9517766497462
1127583,NC_047564.1,54757761,54757763,*,2.13007392953219e-08,1.23454001323571e-05,-26.8675842429995
1127919,NC_047564.1,54826296,54826298,*,3.05544696675174e-08,1.63855819912139e-05,-29.8549608522654
1127941,NC_047564.1,54831489,54831491,*,1.42790769431488e-07,5.49672345761011e-05,25.5363485673692
1127943,NC_047564.1,54832370,54832372,*,3.92965741191906e-07,0.000118507592270496,25.0915750915751
1129397,NC_047564.1,55080423,55080425,*,5.44560979290781e-14,2.7767181467103e-10,30.4452704406653
1130178,NC_047564.1,55240995,55240997,*,7.44833952540111e-08,3.30567254285927e-05,-29.0099041230263
1135127,NC_047564.1,56436368,56436370,*,6.08123741090997e-06,0.000935230244824818,25.8823529411765
1135899,NC_047564.1,56501686,56501688,*,1.33614095332569e-09,1.38070499140386e-06,26.1358378828537
1142791,NC_047564.1,58733080,58733082,*,1.01997954923549e-09,1.12235948620864e-06,-26.0047766541031
1145416,NC_047564.1,59489719,59489721,*,6.84412034494985e-11,1.24127677054863e-07,-25.446247464503
1145521,NC_047564.1,59533390,59533392,*,7.6543456796327e-12,1.97303991286998e-08,29.5476882084434
1147948,NC_047565.1,393128,393130,*,2.46379327286227e-09,2.26503330634587e-06,25.8828835600992
1147979,NC_047565.1,396823,396825,*,1.75709035478495e-09,1.71593081344212e-06,25.6218160023974
1148015,NC_047565.1,404610,404612,*,8.66493224918262e-11,1.49821824311966e-07,28.3400507538439
1148040,NC_047565.1,424563,424565,*,8.50030519051472e-11,1.47568077629258e-07,-29.5757985465608
1148048,NC_047565.1,431347,431349,*,1.95165731299133e-10,2.91613409224662e-07,-28.2247324027031
1148525,NC_047565.1,514967,514969,*,4.58764275054469e-09,3.6983240447776e-06,-26.4500112841345
1155980,NC_047565.1,2268467,2268469,*,1.17856620952952e-07,4.73617934670963e-05,-27.3707467962881
1156353,NC_047565.1,2318992,2318994,*,1.30745584416394e-12,4.42032618737802e-09,-29.4556132821324
1160008,NC_047565.1,3263827,3263829,*,2.08167156504709e-08,1.21478694452797e-05,26.3489689069345
1160052,NC_047565.1,3278342,3278344,*,3.68371014097614e-10,4.90697312853855e-07,27.2459165154265
1160189,NC_047565.1,3298704,3298706,*,1.43764476034268e-09,1.46771509143495e-06,-32.9645692443399
1164693,NC_047565.1,4378133,4378135,*,1.69167420813902e-11,3.84070787365035e-08,29.7810917076972
1165704,NC_047565.1,4700714,4700716,*,4.56113825351973e-07,0.000132691450345112,25.0643660508605
1166078,NC_047565.1,4762558,4762560,*,1.25756188301133e-08,8.14615130607889e-06,-26.7316669176329
1169153,NC_047565.1,5324367,5324369,*,1.53865063291047e-07,5.80632440980482e-05,-25.8670805005419
1174760,NC_047565.1,6711271,6711273,*,2.11772884637754e-07,7.42942878012195e-05,27.8533026113671
1175048,NC_047565.1,6756741,6756743,*,1.03238177605147e-09,1.13001006466328e-06,-27.9985232359592
1176259,NC_047565.1,6945062,6945064,*,5.72037487109757e-10,7.02802150380924e-07,-25.3964059196617
1176700,NC_047565.1,7101586,7101588,*,2.68232745077627e-08,1.47274309400197e-05,-26.9585696433721
1177437,NC_047565.1,7425486,7425488,*,7.54407442707796e-07,0.000194434703514147,-25.2234993614304
1178364,NC_047565.1,7525729,7525731,*,5.68156152882515e-07,0.000156846263160329,-25.8947475829698
1178701,NC_047565.1,7620327,7620329,*,9.08200314123196e-07,0.000224135857026423,-26.4864864864865
1188439,NC_047565.1,9520458,9520460,*,3.25881019429281e-09,2.82073937202918e-06,-25.9862853553419
1188574,NC_047565.1,9560896,9560898,*,7.72076842171652e-13,2.83637193411723e-09,-25.6493506493506
1188627,NC_047565.1,9574542,9574544,*,1.07952948788827e-14,6.85257101154501e-11,-27.2890707333705
1191608,NC_047565.1,10137516,10137518,*,2.52519597360429e-27,1.30905819177912e-22,-29.1539948366517
1193799,NC_047565.1,10432843,10432845,*,2.28117804286938e-12,7.0835518310605e-09,-26.3185443668993
1195859,NC_047565.1,10986469,10986471,*,2.20159070967738e-14,1.28396436614035e-10,-29.0322580645161
1201435,NC_047565.1,11915314,11915316,*,2.44613752858178e-11,5.25324262517803e-08,30.9544430971765
1209778,NC_047565.1,13442542,13442544,*,9.897104805921e-10,1.09291863236919e-06,25.2502780867631
1209779,NC_047565.1,13442605,13442607,*,1.51139831882594e-10,2.3762634124127e-07,28.1171548117155
1210112,NC_047565.1,13514288,13514290,*,1.44389482668966e-10,2.28359939038909e-07,26.9617885454707
1210845,NC_047565.1,13612977,13612979,*,2.6623021718344e-11,5.64495351181893e-08,-29.2014788032768
1216826,NC_047565.1,14674597,14674599,*,1.89601309429188e-07,6.84543680460537e-05,-25.8757790672684
1216854,NC_047565.1,14678487,14678489,*,5.56721134102407e-07,0.000154402221734773,25.7697456492637
1217927,NC_047565.1,14924504,14924506,*,5.24015431901611e-12,1.44451406048919e-08,25.0983614721849
1220972,NC_047565.1,15428475,15428477,*,3.46720825436734e-09,2.96830942691743e-06,27.0069808027923
1221058,NC_047565.1,15457988,15457990,*,1.26717091561385e-09,1.32370341299902e-06,-29.3218544265918
1221064,NC_047565.1,15460381,15460383,*,3.82027845686413e-09,3.1969887349957e-06,-26.5888638920135
1221879,NC_047565.1,15578367,15578369,*,2.79102363316967e-10,3.91632061122613e-07,-29.8817774154097
1223979,NC_047565.1,16267344,16267346,*,1.66712675080437e-11,3.78958653396145e-08,25.0840729918959
1224796,NC_047565.1,16367573,16367575,*,1.43305943770228e-08,9.07200100695568e-06,28.1734267618919
1227965,NC_047565.1,17081663,17081665,*,2.03182591092449e-07,7.21281214718794e-05,-29.4901960784314
1228617,NC_047565.1,17197895,17197897,*,1.51662381231295e-07,5.74929244396374e-05,25.194099378882
1229360,NC_047565.1,17369617,17369619,*,6.28724419571059e-12,1.67143534532688e-08,27.4647228137505
1229362,NC_047565.1,17369711,17369713,*,8.17967261991318e-13,2.96380671771048e-09,26.4424730073585
1229363,NC_047565.1,17369729,17369731,*,6.52426247539693e-15,4.46713892072468e-11,27.8098145635459
1229364,NC_047565.1,17369734,17369736,*,1.02152397055577e-14,6.5064980954488e-11,27.5526072459301
1229365,NC_047565.1,17369746,17369748,*,1.28081320192261e-15,1.04837658769853e-11,27.0440835266821
1229366,NC_047565.1,17369751,17369753,*,4.74658497016842e-15,3.38100905380985e-11,26.578171792556
1229368,NC_047565.1,17369775,17369777,*,1.09112824874069e-15,9.13139862157416e-12,27.4469829431268
1229369,NC_047565.1,17369777,17369779,*,3.64315702086474e-16,3.45126278925228e-12,28.0117981858066
1229370,NC_047565.1,17369876,17369878,*,3.54120657152379e-12,1.03261315352409e-08,25.3047376711499
1229375,NC_047565.1,17370099,17370101,*,7.96763562064565e-15,5.31052916775469e-11,27.645712684476
1229376,NC_047565.1,17370118,17370120,*,1.65117486019895e-11,3.76249153284663e-08,26.8486225949293
1229377,NC_047565.1,17370133,17370135,*,1.05025784516259e-08,7.07336019053402e-06,25.8976317799847
1230477,NC_047565.1,17525395,17525397,*,1.57757216671205e-09,1.57187433612917e-06,25.5606670500288
1232280,NC_047565.1,17831452,17831454,*,3.36432140414785e-09,2.89729913887911e-06,-27.1383560374386
1232281,NC_047565.1,17831469,17831471,*,1.72411680505344e-08,1.04705739892897e-05,-27.9187817258883
1232341,NC_047565.1,17848270,17848272,*,3.71353689257328e-08,1.91181602354996e-05,-25.2367993586904
1232589,NC_047565.1,17924651,17924653,*,6.84141998203644e-15,4.60927742121103e-11,-28.4814031376697
1232640,NC_047565.1,17946304,17946306,*,1.57344406572902e-06,0.00034053306556957,-27.1399594320487
1235077,NC_047565.1,18496021,18496023,*,9.73608636290466e-12,2.43563359365147e-08,28.9620599293608
1241348,NC_047565.1,19967513,19967515,*,1.56932249979085e-10,2.44467847510293e-07,26.7479674796748
1241755,NC_047565.1,20105712,20105714,*,1.27279939249853e-09,1.32700724419434e-06,-31.0615280594997
1243364,NC_047565.1,20918713,20918715,*,7.5382547643377e-07,0.000194365239324172,-26.8047527296082
1248019,NC_047565.1,21931470,21931472,*,6.77784046647507e-12,1.77904980729924e-08,28.7968975468975
1248991,NC_047565.1,22184716,22184718,*,4.68051603844873e-07,0.000135257720009034,-26.0920239181109
1249035,NC_047565.1,22212661,22212663,*,2.21138149531066e-13,9.57530830616913e-10,-29.7986905708866
1259741,NC_047565.1,24072099,24072101,*,2.79482132312081e-14,1.55695337176481e-10,-26.2251262251262
1260632,NC_047565.1,24274980,24274982,*,5.9479395066742e-08,2.77021556936388e-05,-26.9947621706416
1276781,NC_047565.1,29150408,29150410,*,3.02269420460191e-07,9.71591143112161e-05,-25.5092380516109
1276945,NC_047565.1,29205939,29205941,*,6.80884431957103e-10,8.06787594309696e-07,-25.9356662021863
1281074,NC_047565.1,30512963,30512965,*,1.8697572103766e-09,1.80517673605986e-06,-32.7288293897883
1281397,NC_047565.1,30681592,30681594,*,3.5933039363683e-09,3.04677424630999e-06,27.6428047374489
1284564,NC_047565.1,31750337,31750339,*,6.39524604667661e-08,2.92740568430125e-05,25.7022471910112
1284824,NC_047565.1,31847571,31847573,*,4.62311709563389e-11,8.84904988045393e-08,-31.7792207792208
1285025,NC_047565.1,31918610,31918612,*,2.87274567343822e-10,4.00090966950259e-07,-28.1148679944419
1285808,NC_047565.1,32201871,32201873,*,2.12614815817445e-07,7.4528407778256e-05,-26.1722647156635
1286288,NC_047565.1,32332274,32332276,*,1.38253272120124e-07,5.35185887248631e-05,-26.2319718821961
1290566,NC_047565.1,33381462,33381464,*,4.21663878149161e-10,5.49144418371364e-07,28.1951701737043
1295992,NC_047565.1,34579924,34579926,*,1.32822770762687e-11,3.13770283188563e-08,-29.3464730290456
1295995,NC_047565.1,34580222,34580224,*,6.49012962296931e-12,1.71802950925888e-08,-25.5505878456698
1295996,NC_047565.1,34580285,34580287,*,6.75419103114323e-11,1.226158436028e-07,-26.4266989312361
1296140,NC_047565.1,34597194,34597196,*,2.07097744707765e-10,3.05286801716542e-07,-25.0120108898735
1296338,NC_047565.1,34637513,34637515,*,1.08925399011782e-09,1.17639125305904e-06,-29.1260183043347
1296380,NC_047565.1,34643014,34643016,*,2.91511055086691e-09,2.59184458341139e-06,-29.0281781281252
1296381,NC_047565.1,34643019,34643021,*,1.28033671099647e-08,8.2535729735299e-06,-27.5811544777062
1296382,NC_047565.1,34643079,34643081,*,4.84222029723836e-08,2.34903086303259e-05,-26.0412001791312
1296384,NC_047565.1,34643117,34643119,*,1.28935201079577e-11,3.06136646975039e-08,-28.5637643610479
1296386,NC_047565.1,34643592,34643594,*,5.72800956990662e-07,0.000157713378689509,-25.0305713683323
1296413,NC_047565.1,34658448,34658450,*,6.33518474953374e-10,7.61297132705896e-07,-28.6637438048037
1296436,NC_047565.1,34661390,34661392,*,1.30532840174399e-06,0.000294992703754629,-25.3812636165577
1296680,NC_047565.1,34722628,34722630,*,2.90983779845432e-09,2.59050159025585e-06,-27.9058313632782
1299460,NC_047565.1,35300342,35300344,*,1.1524951866849e-07,4.6595039630489e-05,-26.9799314733235
1299461,NC_047565.1,35300347,35300349,*,1.40845474333033e-07,5.4373686435886e-05,-26.0507921714818
1299599,NC_047565.1,35352841,35352843,*,7.67827452638826e-06,0.00111288178192988,-26.1579994316567
1304480,NC_047565.1,36274186,36274188,*,9.92215435597571e-09,6.78529616631771e-06,25.2066115702479
1304515,NC_047565.1,36278427,36278429,*,1.62607457738467e-14,9.85271927045591e-11,25.0325581395349
1305296,NC_047565.1,36393865,36393867,*,2.89185395216836e-07,9.4022290916108e-05,25.1675591333026
1307271,NC_047565.1,36727100,36727102,*,4.59622285462783e-09,3.70364104296363e-06,25.9565321232386
1308981,NC_047565.1,37493568,37493570,*,9.23777983728212e-07,0.000227139254997283,25.4507628294036
1309120,NC_047565.1,37508567,37508569,*,4.12735858161811e-08,2.07729818444537e-05,25.9060768462167
1311005,NC_047565.1,37813004,37813006,*,4.37181020750254e-15,3.17464042217665e-11,27.2917624227567
1312097,NC_047565.1,38313902,38313904,*,8.51288451866913e-09,6.03381858318627e-06,-28.1090837165604
1315366,NC_047565.1,39993310,39993312,*,2.69822621086622e-07,8.90770316903957e-05,-28.1572117167223
1315544,NC_047565.1,40039589,40039591,*,2.83424665384377e-08,1.54209059284765e-05,29.9594320486815
1317301,NC_047565.1,40858538,40858540,*,5.41705065282608e-13,2.08443099914271e-09,27.2789763113367
1317302,NC_047565.1,40858573,40858575,*,5.85477138343026e-10,7.14609559178713e-07,29.766686083944
1318432,NC_047565.1,41069155,41069157,*,1.02847256042679e-07,4.26432269415078e-05,-27.6556776556777
1318610,NC_047565.1,41113510,41113512,*,1.26091219685382e-07,4.99291038562019e-05,-27.2365196078431
1318616,NC_047565.1,41118095,41118097,*,1.24047530398621e-09,1.30276793296877e-06,-33.3027981345769
1320863,NC_047565.1,41630541,41630543,*,6.78607579772399e-13,2.53039485058071e-09,-32.8291316526611
1322191,NC_047565.1,41927980,41927982,*,2.7262816400178e-11,5.74901992037468e-08,-26.7540322580645
1324759,NC_047565.1,42678210,42678212,*,3.53546633654642e-23,1.06419541197765e-18,-29.2372881355932
1325699,NC_047565.1,42913511,42913513,*,1.64454086929744e-10,2.52808894430491e-07,-26.1334349012886
1327296,NC_047565.1,43207980,43207982,*,1.04406267754593e-08,7.04944453408551e-06,-27.8257118205349
1327837,NC_047565.1,43300687,43300689,*,2.13897887284228e-16,2.15775003289001e-12,-26.9844983913425
1328519,NC_047565.1,44187761,44187763,*,1.14354799054444e-09,1.22510301802443e-06,-27.1149715491578
1329072,NC_047565.1,44289339,44289341,*,4.41158632660229e-10,5.67405753042645e-07,-33.9185393258427
1330592,NC_047565.1,44578741,44578743,*,1.55175514876539e-10,2.42744342428381e-07,-26.7896446913321
1335461,NC_047565.1,45513774,45513776,*,1.19510169053306e-08,7.83400345805399e-06,-27.1940418679549
1336052,NC_047565.1,45654291,45654293,*,9.30316181532716e-08,3.94374011873098e-05,-25.9229480737018
1336404,NC_047565.1,45799789,45799791,*,3.07790303383839e-11,6.3021148063757e-08,25.1970094968681
1337993,NC_047565.1,46159662,46159664,*,2.49493498451935e-15,1.87469358697286e-11,-31.4974457215836
1339358,NC_047565.1,46600475,46600477,*,7.88115533664666e-08,3.45666019360781e-05,-27.721602857719
1340637,NC_047565.1,46756648,46756650,*,4.52677432012409e-11,8.68245155107058e-08,-27.0997920997921
1345002,NC_047565.1,47946831,47946833,*,5.75457511405765e-07,0.00015837472879942,28.2006626454847
1348116,NC_047565.1,48373452,48373454,*,1.99285737897408e-10,2.96255859922173e-07,29.6931631435582
1348122,NC_047565.1,48373834,48373836,*,2.6705818049851e-12,8.14151721456844e-09,31.2355324074074
1350363,NC_047565.1,49037349,49037351,*,4.51325626569498e-08,2.21769286225276e-05,-30.1776406765238
1351292,NC_047565.1,49238982,49238984,*,1.17987329117945e-06,0.000273786720555916,-27.1731949032563
1351454,NC_047565.1,49286197,49286199,*,6.17884701143136e-21,1.26716280094149e-16,34.6835799859056
1351890,NC_047565.1,49437248,49437250,*,2.89231145620153e-12,8.69200210739656e-09,-38.7015781922525
1352084,NC_047565.1,49492102,49492104,*,1.38737138759945e-10,2.2243653365502e-07,26.1746383697603
1352135,NC_047565.1,49506876,49506878,*,4.9806596779237e-07,0.000141801406082004,27.8441558441558
1352279,NC_047565.1,49542286,49542288,*,1.15097287532023e-15,9.58922338554943e-12,-38.7198162531355
1354220,NC_047565.1,51373007,51373009,*,8.35593913527063e-07,0.000210135390623409,25.5583864118896
1357126,NC_047565.1,51989456,51989458,*,8.5064191901017e-09,6.03152678802843e-06,-33.4116265413975
1358326,NC_047565.1,52253235,52253237,*,2.11567822995994e-06,0.000424441567467324,25.5117883841288
1358327,NC_047565.1,52253249,52253251,*,4.47275197152807e-07,0.000130895514399786,25.4656947819044
1362977,NC_047565.1,53151978,53151980,*,4.37146473100619e-26,1.85413207832102e-21,37.9913127999514
1364717,NC_047565.1,53496026,53496028,*,1.750134075788e-15,1.38396683563561e-11,-28.8277232351566
1364758,NC_047565.1,53507653,53507655,*,8.54184368065038e-09,6.04516076434482e-06,-25.6456057976932
1367372,NC_047565.1,53940578,53940580,*,1.75449409498099e-10,2.66636689998313e-07,-26.3778867513307
1371949,NC_047565.1,55004849,55004851,*,3.71678638734496e-11,7.39970878638614e-08,-29.5858729231026
1375168,NC_047565.1,55582950,55582952,*,2.51268438504309e-08,1.39727649702939e-05,-27.463075804308
1378527,NC_047565.1,56193629,56193631,*,1.06348028681163e-08,7.146936601337e-06,26.362885137528
1388846,NC_047565.1,57911642,57911644,*,1.69746766522879e-06,0.000359740384443597,25.0383141762452
1396014,NC_047565.1,59174819,59174821,*,1.45478410278857e-18,2.22538461515529e-14,-27.7372649421736
1399905,NC_047565.1,59770712,59770714,*,9.08016981801179e-10,1.01410724692403e-06,-26.6475599577973
1400158,NC_047565.1,59818758,59818760,*,1.95207535747725e-08,1.15547205269538e-05,-30.6561583577713
1400451,NC_047565.1,59889889,59889891,*,3.43728273821382e-16,3.28962967782096e-12,-30.3386809269162
1400892,NC_047565.1,60082677,60082679,*,3.87982676932564e-09,3.23160837495625e-06,-30.3263077704419
1401399,NC_047565.1,60162351,60162353,*,3.88990685655636e-11,7.706455320409e-08,30.0653400653401
1402778,NC_047565.1,60389867,60389869,*,5.22056814570212e-22,1.34812508585092e-17,-38.5954120210176
1402794,NC_047565.1,60393109,60393111,*,1.84945533126017e-07,6.71109965069963e-05,-25.4237730141345
1402839,NC_047565.1,60407250,60407252,*,3.44676108350566e-08,1.80383249941467e-05,25.2020202020202
1402841,NC_047565.1,60407305,60407307,*,1.54671075910941e-10,2.42158220459452e-07,31.6590358200916
1402842,NC_047565.1,60407333,60407335,*,3.8499841518596e-08,1.96579364075968e-05,29.2786939863402
1402927,NC_047565.1,60477687,60477689,*,9.10907243468334e-09,6.34789812371312e-06,-25.9728091477523
1404529,NC_047565.1,60680342,60680344,*,6.46555694742054e-09,4.84783031313748e-06,-29.4523326572008
1405901,NC_047565.1,61076190,61076192,*,8.2169837121228e-10,9.35620734776755e-07,-33.0476539833928
1406498,NC_047565.1,61402879,61402881,*,4.02823261698851e-11,7.91329400874086e-08,25.934023782125
1407717,NC_047565.1,61668981,61668983,*,3.74045855224687e-08,1.92072012580322e-05,25.593395252838
1411325,NC_047566.1,695928,695930,*,9.23263163584897e-10,1.02805857397447e-06,26.4285714285714
1411328,NC_047566.1,696565,696567,*,2.48262581530369e-15,1.87469358697286e-11,32.0800818243806
1411330,NC_047566.1,696570,696572,*,7.11397613958176e-14,3.50299534003365e-10,30.4903100775194
1414316,NC_047566.1,1764839,1764841,*,2.5120031285664e-09,2.3009507558784e-06,28.7664783427495
1414328,NC_047566.1,1767360,1767362,*,6.55659443884851e-15,4.46713892072468e-11,29.4351803056538
1414329,NC_047566.1,1767366,1767368,*,2.45417167783017e-11,5.25839432034395e-08,26.2395690758974
1420970,NC_047566.1,4258668,4258670,*,2.67859683474858e-12,8.14151721456844e-09,25.5745133398067
1422115,NC_047566.1,4622910,4622912,*,5.72796448016097e-08,2.68788751810576e-05,25.4818865345181
1422116,NC_047566.1,4622923,4622925,*,1.77407042288437e-10,2.68518457781846e-07,25.4788477078647
1428906,NC_047566.1,6575060,6575062,*,5.51646451557324e-07,0.000153450886734964,-25.4607632478891
1435858,NC_047566.1,8582263,8582265,*,1.45886014689543e-12,4.81871873855009e-09,28.9371766444937
1452065,NC_047566.1,15873682,15873684,*,1.09076455369596e-10,1.82077205020942e-07,28.9613225202745
1476289,NC_047566.1,24306699,24306701,*,1.11592734117515e-07,4.54931357591388e-05,28.5890268170189
1477071,NC_047566.1,24469379,24469381,*,1.36088639429141e-12,4.54335246197735e-09,36.2632585637281
1481880,NC_047566.1,26257898,26257900,*,2.26692422997302e-07,7.83741652775852e-05,26.4607425441266
1485370,NC_047566.1,27947346,27947348,*,6.04913739699011e-07,0.000164444469724804,-25.3086419753086
1495349,NC_047566.1,32622724,32622726,*,5.71672507298332e-12,1.55069088412057e-08,-26.2443878170125
1497671,NC_047566.1,33637923,33637925,*,1.44224768531832e-07,5.53593855930155e-05,-26.775956284153
1499374,NC_047566.1,36118383,36118385,*,5.38930631189665e-08,2.55466418124054e-05,26.0040622884225
1503755,NC_047566.1,37410181,37410183,*,1.7613855265177e-08,1.06479087646151e-05,-25.7159106115349
1510298,NC_047566.1,40018289,40018291,*,2.50195670782782e-10,3.57248627063305e-07,-27.0833333333333
1515976,NC_047566.1,42801580,42801582,*,3.86949709165325e-09,3.22671648397182e-06,29.2525961679099
1516649,NC_047566.1,43162244,43162246,*,6.04782612075488e-07,0.000164432775303092,-25.5700510493477
1520819,NC_047566.1,44663484,44663486,*,7.29093132770544e-09,5.33591856119487e-06,29.0704771478835
1520820,NC_047566.1,44663491,44663493,*,3.07791191659623e-08,1.64875511568892e-05,28.3106389346102
1529607,NC_047566.1,47164232,47164234,*,2.68619659552184e-09,2.43471321536823e-06,-25.0353492505959
1531957,NC_047566.1,48099649,48099651,*,2.2673569190364e-07,7.83741652775852e-05,26.6517034990792
1534291,NC_047566.1,48835564,48835566,*,1.18929200458178e-07,4.76696422759114e-05,25.3962264150943
1534566,NC_047566.1,48894965,48894967,*,2.36180038757676e-11,5.08969388470884e-08,27.1014492753623
1536124,NC_047566.1,49439737,49439739,*,1.45337576456959e-06,0.000320380455965035,-25.6146369353916
1545109,NC_047566.1,51533231,51533233,*,7.89339121961044e-17,8.79657776865323e-13,26.8166866028708
1549411,NC_047566.1,52967486,52967488,*,1.91345456713307e-08,1.13652328899139e-05,-28.3236210868681
1550094,NC_047566.1,53225639,53225641,*,8.6099862872144e-10,9.72066489005622e-07,27.9346405228758
1554647,NC_047566.1,54463178,54463180,*,2.23012330097426e-08,1.277842952561e-05,26.7285861713106
1554732,NC_047566.1,54495283,54495285,*,1.66744192331759e-08,1.0216148162854e-05,26.3769624425362
1554757,NC_047566.1,54499978,54499980,*,1.61222079341984e-10,2.49071450056601e-07,36.4078087375301
1555121,NC_047566.1,54540535,54540537,*,1.02363719213109e-07,4.24804916689639e-05,27.452491011813
1556042,NC_047566.1,54846348,54846350,*,8.10353150949522e-08,3.52931046777844e-05,-27.0220913107511
1556050,NC_047566.1,54848822,54848824,*,1.28225438898495e-07,5.05596495649334e-05,-29.3649874541594
1557114,NC_047566.1,55599385,55599387,*,1.25429084580659e-06,0.000286196560296849,25.4938271604938
1557584,NC_047566.1,56118578,56118580,*,2.2521231535807e-07,7.8006521803145e-05,-28.7047751292139
1561487,NC_047566.1,57379918,57379920,*,6.17319301187517e-08,2.84785263564631e-05,-26.458958467708
1561671,NC_047566.1,57420470,57420472,*,8.15980487977005e-13,2.9626682288194e-09,30.8037676009247
1561957,NC_047566.1,57520944,57520946,*,5.05237554406784e-11,9.5531112857091e-08,35.5200585294476
1562936,NC_047567.1,45936,45938,*,3.22167049139045e-21,7.33218868003894e-17,32.1365816347625
1566445,NC_047567.1,3463214,3463216,*,1.04178383851211e-15,8.8373346350531e-12,-26.6535771260277
1566462,NC_047567.1,3466756,3466758,*,8.36425327628332e-11,1.45748491880259e-07,26.0905040878604
1567186,NC_047567.1,4198472,4198474,*,5.79006681911007e-07,0.000159119112107961,-27.4801587301587
1567190,NC_047567.1,4198604,4198606,*,8.38381237773466e-09,5.96044394782333e-06,-28.4173855341739
1569780,NC_047567.1,5547317,5547319,*,1.09971584458536e-13,5.22184490158068e-10,37.9465732996175
1569881,NC_047567.1,5605769,5605771,*,6.71731049594714e-14,3.31642353734874e-10,-35.7124066084394
1571898,NC_047567.1,5987177,5987179,*,1.1122033428454e-07,4.54221729543347e-05,30.167451596023
1572139,NC_047567.1,6153865,6153867,*,8.00780253471566e-17,8.84286542998727e-13,40.9866266375546
1573838,NC_047567.1,7220682,7220684,*,1.37796482571679e-11,3.23879898652911e-08,-32.4385447394297
1574244,NC_047567.1,7596967,7596969,*,5.56195601767902e-07,0.000154321668932947,28.0229885057471
1574249,NC_047567.1,7606360,7606362,*,5.12990607363995e-09,4.01746161921861e-06,-29.8428194265365
1574250,NC_047567.1,7606366,7606368,*,2.02277065995389e-08,1.18672295160624e-05,-28.7648336954705
1576320,NC_047567.1,8609826,8609828,*,1.03937814266918e-09,1.13585516125625e-06,-29.3048265266931
1576348,NC_047567.1,8632090,8632092,*,1.73133280330315e-13,7.72984243180767e-10,32.7848699763593
1576553,NC_047567.1,8949198,8949200,*,2.04656976263215e-09,1.95065394844338e-06,-27.1127722028807
1576574,NC_047567.1,8960580,8960582,*,1.34257361585306e-12,4.50639941619026e-09,-26.2325096394015
1576575,NC_047567.1,8960583,8960585,*,9.28092231251244e-12,2.3437596019069e-08,-25.2054243860914
1576984,NC_047567.1,9113140,9113142,*,1.55792076831726e-29,1.16297860044366e-24,50.1223070981032
1576986,NC_047567.1,9113531,9113533,*,6.92893908467388e-11,1.24816888827467e-07,27.2836900813989
1577550,NC_047567.1,9515542,9515544,*,4.00833491821563e-12,1.14731526432816e-08,-34.4119777831442
1578631,NC_047567.1,10239385,10239387,*,6.7146385951352e-09,4.98137346525292e-06,25.077399380805
1580089,NC_047567.1,10831247,10831249,*,2.46799404795159e-09,2.2676638324209e-06,25.2445973551231
1580400,NC_047567.1,10931219,10931221,*,2.16745954790978e-08,1.24999666186538e-05,27.1072102132598
1583524,NC_047567.1,12617936,12617938,*,4.79188424402173e-06,0.000783973246093184,-25.3542510121458
1586168,NC_047567.1,13648165,13648167,*,6.5593971449735e-27,3.13881474992248e-22,35.083099694375
1586169,NC_047567.1,13648183,13648185,*,2.64192321620172e-25,9.66754896799922e-21,32.9199530122504
1586170,NC_047567.1,13648198,13648200,*,1.07755905189768e-22,3.14215403200748e-18,29.7593615841259
1586171,NC_047567.1,13648216,13648218,*,6.70027970323145e-16,5.9779454327757e-12,26.6183419736661
1589660,NC_047567.1,15467991,15467993,*,5.86598842325685e-13,2.24330200693911e-09,-25.8479615622473
1589662,NC_047567.1,15468027,15468029,*,4.20798256357396e-12,1.19166691610084e-08,-27.4660303100458
1595157,NC_047567.1,16908968,16908970,*,8.0253965403949e-08,3.50099979629103e-05,-25.981098109811
1595160,NC_047567.1,16909384,16909386,*,1.2233579248998e-18,1.93480810367173e-14,-37.1815614986834
1595222,NC_047567.1,16982857,16982859,*,1.71174347005167e-07,6.31588435849796e-05,-25.9801488833747
1595225,NC_047567.1,16983921,16983923,*,2.10791210456641e-11,4.61720618057055e-08,-29.3565270935961
1596809,NC_047567.1,17335008,17335010,*,3.54034607659267e-09,3.01419630322354e-06,-26.719562632018
1596995,NC_047567.1,17431484,17431486,*,2.02954481969291e-12,6.41967437980745e-09,-33.7169312169312
1598378,NC_047567.1,17726293,17726295,*,2.89811933347307e-11,6.01620931414137e-08,-29.0937679939762
1598395,NC_047567.1,17728281,17728283,*,1.73859416521389e-09,1.70142923195664e-06,-26.7467734757454
1598415,NC_047567.1,17733105,17733107,*,1.28062512879777e-11,3.04840259091328e-08,-31.9530979577709
1598431,NC_047567.1,17735542,17735544,*,4.60048968533701e-10,5.86447784491721e-07,-31.2403032698106
1599077,NC_047567.1,17932381,17932383,*,7.22803348107326e-09,5.30236248376861e-06,29.4373401534527
1599304,NC_047567.1,18051714,18051716,*,5.45392479406917e-07,0.000152078416484908,25.0449261011479
1600332,NC_047567.1,18266012,18266014,*,3.52982306381603e-06,0.000623201584301979,-25.7591093117409
1600341,NC_047567.1,18268827,18268829,*,1.2832332783894e-14,7.95619618513065e-11,-30.9208903191204
1601330,NC_047567.1,18419653,18419655,*,8.47198276805410e-09,6.01167758356395e-06,-32.042957042957
1601505,NC_047567.1,18523777,18523779,*,3.87508262496127e-08,1.97536613213011e-05,27.8158187126948
1601588,NC_047567.1,18539104,18539106,*,2.23666646918551e-13,9.66237404400296e-10,-25.7936507936508
1602435,NC_047567.1,18841162,18841164,*,5.59941049781141e-09,4.31810607387545e-06,-30.5480335267569
1602438,NC_047567.1,18841205,18841207,*,8.91098632142005e-07,0.000220703329896547,-25.7035385901365
1605775,NC_047567.1,19886552,19886554,*,6.63957025001483e-13,2.49315883129415e-09,-26.040521978022
1605782,NC_047567.1,19886971,19886973,*,5.49188217308776e-08,2.59537694590929e-05,-26.3157894736842
1608856,NC_047567.1,21009348,21009350,*,1.71494038914562e-09,1.68180874249954e-06,-27.0408752937551
1610509,NC_047567.1,21528895,21528897,*,2.12401518455352e-08,1.23255963923064e-05,26.1585875169216
1610515,NC_047567.1,21531833,21531835,*,4.0404762814749e-07,0.000120957973709915,-25.7673361121637
1613029,NC_047567.1,22375387,22375389,*,9.17178441662315e-09,6.382068038934e-06,-29.7630440607893
1613810,NC_047567.1,22720036,22720038,*,4.70755991863537e-07,0.000135833965531657,-25.6182466302774
1613845,NC_047567.1,22728282,22728284,*,3.41189972276595e-10,4.6107220826e-07,-28.2660912754957
1613901,NC_047567.1,22745931,22745933,*,8.12553105151585e-12,2.0858530499404e-08,29.9375332270069
1613910,NC_047567.1,22754408,22754410,*,1.58280297832698e-08,9.80053933668441e-06,27.757360205493
1615488,NC_047567.1,23025524,23025526,*,1.1907827216302e-08,7.80905760792057e-06,-27.2307692307692
1615489,NC_047567.1,23025685,23025687,*,8.53471664841361e-18,1.12963037003483e-13,-30.3251963669468
1618527,NC_047567.1,24217652,24217654,*,2.32172791588557e-14,1.34145208943643e-10,-30.4512516469038
1619009,NC_047567.1,24451897,24451899,*,1.13766956002665e-13,5.37508588286205e-10,-26.2468300929839
1619688,NC_047567.1,24970052,24970054,*,4.70750511648059e-12,1.31124052601694e-08,30.844522126003
1619689,NC_047567.1,24970104,24970106,*,3.46509584941941e-09,2.96830942691743e-06,26.957726957727
1624458,NC_047567.1,26877707,26877709,*,1.02564091073824e-09,1.12593360026571e-06,25.7095441305968
1624565,NC_047567.1,26917511,26917513,*,1.88251037476494e-17,2.35785707011966e-13,31.5708305794228
1624577,NC_047567.1,26920059,26920061,*,1.11411163278992e-10,1.84653134265052e-07,28.2059585492228
1624578,NC_047567.1,26921350,26921352,*,4.19096559339308e-21,9.31110393950085e-17,40.0495993189347
1624579,NC_047567.1,26921363,26921365,*,3.7398408228509e-20,6.97942240467569e-16,36.8442396313364
1624580,NC_047567.1,26921381,26921383,*,1.84022047354948e-10,2.77630083611633e-07,29.3879495117885
1624583,NC_047567.1,26921405,26921407,*,4.78357663098608e-12,1.32846411587986e-08,28.8690476190476
1624584,NC_047567.1,26921414,26921416,*,9.24914450740551e-10,1.02928316047486e-06,26.5603085553997
1624585,NC_047567.1,26921420,26921422,*,1.40854466682561e-10,2.25057839872358e-07,27.7622851974676
1624586,NC_047567.1,26921439,26921441,*,1.7263435663764e-22,4.73788683406423e-18,39.7435897435897
1624588,NC_047567.1,26921613,26921615,*,4.15285214933313e-12,1.17784174166121e-08,33.9316239316239
1624589,NC_047567.1,26921623,26921625,*,1.33566180614669e-07,5.21149699595895e-05,25.2856801338752
1624595,NC_047567.1,26922125,26922127,*,1.42990887142263e-14,8.77811249773771e-11,36.3383828290499
1624596,NC_047567.1,26922144,26922146,*,4.47111758831729e-23,1.32446933490085e-18,45.8025405393826
1624597,NC_047567.1,26922153,26922155,*,2.49215876136982e-12,7.64959586122503e-09,29.5097037793667
1624598,NC_047567.1,26922170,26922172,*,1.77354962463876e-21,4.18969702842702e-17,40.2077399899481
1624600,NC_047567.1,26922386,26922388,*,6.50202793017245e-11,1.18730279035826e-07,29.5187165775401
1624602,NC_047567.1,26922437,26922439,*,5.83836359634861e-08,2.72939863998802e-05,25.0991546813028
1624605,NC_047567.1,26922571,26922573,*,1.97203905434915e-12,6.2589942234474e-09,29.7898408671587
1624606,NC_047567.1,26922620,26922622,*,2.38887779973335e-10,3.42939055579734e-07,27.6850763807286
1624607,NC_047567.1,26922627,26922629,*,1.25741147137744e-09,1.31611076152719e-06,29.1960600170354
1624615,NC_047567.1,26922988,26922990,*,2.19227317365904e-11,4.76841172308413e-08,31.2960266278344
1624617,NC_047567.1,26923138,26923140,*,5.26955145294755e-09,4.10443328639752e-06,29.9903381642512
1624618,NC_047567.1,26923637,26923639,*,1.18844046868186e-08,7.80404425804794e-06,28.6448140900196
1624624,NC_047567.1,26924797,26924799,*,6.26346219363381e-10,7.54135052641653e-07,29.6959224202409
1624625,NC_047567.1,26924839,26924841,*,5.84696208220969e-11,1.08117639818269e-07,32.2181732690725
1624626,NC_047567.1,26924854,26924856,*,1.13840454904162e-11,2.77353862410735e-08,30.1070948129772
1624627,NC_047567.1,26924867,26924869,*,3.5968278878459e-17,4.27549467404332e-13,39.172335600907
1624628,NC_047567.1,26924875,26924877,*,2.47770439962892e-15,1.87469358697286e-11,37.8767730496454
1624630,NC_047567.1,26925338,26925340,*,2.43749644778088e-06,0.000472666412358893,25.5596635924105
1624632,NC_047567.1,26925524,26925526,*,4.31018198876135e-07,0.000127295666036618,28.2608695652174
1624651,NC_047567.1,26930393,26930395,*,3.15505304527338e-16,3.05081393677933e-12,39.2700107681263
1624652,NC_047567.1,26930415,26930417,*,7.03953265794363e-16,6.22626696516269e-12,35.8645276292335
1626133,NC_047567.1,27639832,27639834,*,3.69362383892134e-11,7.37237502103672e-08,-25.3912753912754
1628892,NC_047567.1,29151378,29151380,*,1.80617097422028e-18,2.65412579664272e-14,-37.8040131209551
1628897,NC_047567.1,29151506,29151508,*,2.02472954472314e-09,1.93181055658159e-06,-26.9493352497305
1633241,NC_047567.1,30769404,30769406,*,3.28349216061857e-11,6.66464712214377e-08,-28.4215638659543
1634687,NC_047567.1,31422643,31422645,*,1.03718737256354e-07,4.29094196700297e-05,-27.0171651762771
1635111,NC_047567.1,31561309,31561311,*,2.98088677087327e-06,0.000550105222082199,-25.6792530268828
1635112,NC_047567.1,31561537,31561539,*,3.47490335270158e-32,4.98845137302272e-27,-34.8761609907121
1635113,NC_047567.1,31561547,31561549,*,1.31033509324819e-39,6.11348352820916e-34,-35.5820719691561
1635114,NC_047567.1,31561569,31561571,*,6.39710483284354e-57,5.96925095349003e-51,-33.4725377154579
1635115,NC_047567.1,31561573,31561575,*,5.60592704226575e-59,1.04619781031057e-52,-32.6166913602588
1635119,NC_047567.1,31561649,31561651,*,1.9027879538859e-43,1.18368325514048e-37,-26.4755244755245
1638404,NC_047567.1,33001060,33001062,*,7.40730728715929e-13,2.7319717860417e-09,25.472334682861
1639011,NC_047567.1,33292770,33292772,*,2.96136697497454e-09,2.62364946008165e-06,27.4961597542243
1639369,NC_047567.1,33335944,33335946,*,1.23142560820789e-09,1.29545082103353e-06,-32.3127511874315
1640115,NC_047567.1,33654363,33654365,*,1.41262485729653e-09,1.44454255594019e-06,26.6892634089696
1643558,NC_047567.1,35776214,35776216,*,1.08626104483687e-09,1.17581488943214e-06,-26.6991818753933
1644138,NC_047567.1,36321731,36321733,*,1.85467981001078e-11,4.1303921912262e-08,-25.5574141694376
1646247,NC_047567.1,37010011,37010013,*,5.39090667993795e-17,6.28793721539877e-13,26.6725692597786
1649797,NC_047568.1,1522124,1522126,*,5.00495031163469e-08,2.4129202281476e-05,26.6666666666667
1658009,NC_047568.1,3515285,3515287,*,1.97557956367668e-12,6.259585783274e-09,26.745998752858
1658567,NC_047568.1,3580005,3580007,*,3.59610840583183e-07,0.000110873681077523,-26.6394947492105
1659530,NC_047568.1,3693844,3693846,*,2.95449326809093e-09,2.6206174866094e-06,-26.1384395655495
1659555,NC_047568.1,3698636,3698638,*,1.62599866434931e-12,5.27266104422837e-09,-31.0273582217156
1659644,NC_047568.1,3725486,3725488,*,7.02273244174582e-15,4.71441372031362e-11,-25.2276642874723
1660653,NC_047568.1,3990210,3990212,*,4.37280883910901e-08,2.16924230898495e-05,-27.1464646464647
1663853,NC_047568.1,4420929,4420931,*,1.33287689982674e-08,8.53038999691083e-06,-26.8703156938451
1666174,NC_047568.1,4927573,4927575,*,8.25318681694517e-10,9.3802602617567e-07,-25.0540368722187
1666416,NC_047568.1,5057028,5057030,*,5.51910038604864e-07,0.000153478455449036,-25.3400822524518
1672571,NC_047568.1,6739384,6739386,*,5.36645176264178e-12,1.47064036980213e-08,-26.6768801383369
1680765,NC_047568.1,9296343,9296345,*,9.30483325365663e-09,6.45539289849855e-06,25.4424778761062
1687281,NC_047568.1,10764509,10764511,*,2.19751236678679e-11,4.77424310219646e-08,-34.2347357318645
1689675,NC_047568.1,12361087,12361089,*,3.83181567937772e-09,3.20101571843403e-06,-27.0596276788227
1690133,NC_047568.1,12429779,12429781,*,9.85582030998548e-09,6.74735081053259e-06,26.4802631578947
1692180,NC_047568.1,12811675,12811677,*,4.55128519970287e-10,5.81866870133725e-07,-27.6437548915796
1692488,NC_047568.1,12845419,12845421,*,4.92666790952788e-11,9.34382198435223e-08,-31.328320802005
1694258,NC_047568.1,13531582,13531584,*,1.02402377051678e-08,6.9468162723573e-06,-31.1916844000655
1694382,NC_047568.1,13558771,13558773,*,3.01750107983204e-08,1.62287221467363e-05,26.932123655914
1694393,NC_047568.1,13560882,13560884,*,7.22756563075093e-10,8.44076160199634e-07,26.0837221884087
1694801,NC_047568.1,13673203,13673205,*,2.18665559540571e-08,1.25989920852221e-05,-26.5024493209606
1695837,NC_047568.1,14111602,14111604,*,1.857468405842e-08,1.11104898455486e-05,-28.3000615601091
1695861,NC_047568.1,14117995,14117997,*,3.28282029037267e-08,1.73851152724195e-05,-25.7656049534222
1696156,NC_047568.1,14253666,14253668,*,1.75589360555925e-06,0.000368351551689251,-26.3598116798557
1701441,NC_047568.1,16022931,16022933,*,1.55911245871121e-09,1.56098201481334e-06,29.0180032733224
1705979,NC_047568.1,16814865,16814867,*,7.46048435365042e-07,0.000192946482096885,27.1601150527325
1710416,NC_047568.1,17628315,17628317,*,1.17215460784324e-09,1.24715857022093e-06,28.8442211055276
1720220,NC_047568.1,20816062,20816064,*,4.88475255787295e-16,4.51291927225547e-12,26.2126128668172
1725042,NC_047568.1,21822280,21822282,*,9.81490285502197e-10,1.08448293171986e-06,28.5193709244342
1725052,NC_047568.1,21824757,21824759,*,5.59082125489731e-08,2.63646355808994e-05,25.7096532801197
1726584,NC_047568.1,22173270,22173272,*,3.75496140086993e-09,3.1551737770761e-06,-28.306322252337
1727586,NC_047568.1,22387382,22387384,*,3.4817137824883e-08,1.81855489739559e-05,28.3493499152063
1727700,NC_047568.1,22429818,22429820,*,1.15160294903253e-09,1.23231760554645e-06,-27.7179487179487
1729440,NC_047568.1,22920310,22920312,*,2.86771615242725e-10,3.99688774326177e-07,28.8206696463577
1734326,NC_047568.1,23978340,23978342,*,4.53698688833285e-07,0.000132194916674006,-25.6714366803095
1740447,NC_047568.1,25831521,25831523,*,1.636984199661e-09,1.62068830550783e-06,-27.5657909547286
1743030,NC_047568.1,26307877,26307879,*,1.58796268402636e-05,0.00191515560309186,-25.6386195391513
1745115,NC_047568.1,26896829,26896831,*,1.05066840466349e-09,1.14666333881248e-06,-28.380584273036
1749022,NC_047568.1,27725774,27725776,*,8.90247854989369e-10,9.98444615710409e-07,-27.7951716333459
1749317,NC_047568.1,27930168,27930170,*,4.92949219985579e-09,3.89648099216036e-06,-27.4358974358974
1750947,NC_047568.1,28488735,28488737,*,9.24219157860682e-22,2.26948721066228e-17,-29.2001449450417
1751186,NC_047568.1,28533069,28533071,*,4.34366864821886e-08,2.1609065385688e-05,25.9694707896066
1757144,NC_047568.1,30347465,30347467,*,2.69052287265168e-08,1.47637411376009e-05,-30.5174455045616
1757772,NC_047568.1,30522455,30522457,*,2.79783710132175e-11,5.86676623224708e-08,27.9370694470303
1758131,NC_047568.1,30849323,30849325,*,6.47370701525978e-09,4.84809774979455e-06,25.143289467651
1764032,NC_047568.1,32388122,32388124,*,1.21664183421193e-09,1.28569635210089e-06,30.6872586872587
1764204,NC_047568.1,32418328,32418330,*,1.44742854479538e-13,6.63695830369426e-10,28.5750343551056
1765419,NC_047568.1,32510218,32510220,*,4.26923390650139e-09,3.48682467674102e-06,25.8199742030588
1765673,NC_047568.1,32579384,32579386,*,2.20774001426762e-07,7.68190451691976e-05,-25.348744519729
1765715,NC_047568.1,32592719,32592721,*,1.02320782217087e-07,4.24804916689639e-05,-31.7043070467728
1765957,NC_047568.1,32688834,32688836,*,2.76885598648923e-07,9.08352092667935e-05,25.0126653532226
1766036,NC_047568.1,32740955,32740957,*,1.15970840793013e-08,7.65273828583619e-06,-26.9465462533561
1767443,NC_047568.1,33010151,33010153,*,3.38154807764788e-08,1.77517971562446e-05,-27.2752808988764
1767870,NC_047568.1,33086267,33086269,*,5.68579760180023e-10,6.9901418635574e-07,-25.3502535720075
1768213,NC_047568.1,33195212,33195214,*,1.56280109690853e-10,2.43655333490154e-07,-27.4942528735632
1770003,NC_047568.1,33470704,33470706,*,4.63510386587634e-09,3.7254373569959e-06,-26.6307699606243
1772547,NC_047568.1,34611967,34611969,*,5.40048293201043e-09,4.18545310750642e-06,30.4093567251462
1773847,NC_047568.1,34942749,34942751,*,9.52032676357779e-12,2.39449709704843e-08,-25.3145964828709
1774833,NC_047568.1,35129241,35129243,*,7.08545822411205e-07,0.000185404118734768,25.1251427065952
1774859,NC_047568.1,35131144,35131146,*,1.20050824062543e-08,7.86116027487293e-06,-25.2158852515002
1785522,NC_047568.1,37052657,37052659,*,9.50668271827293e-16,8.21375252923266e-12,32.719298245614
1786628,NC_047568.1,37260580,37260582,*,7.11517054701197e-11,1.27311422664037e-07,-31.219512195122
1786631,NC_047568.1,37260659,37260661,*,8.22582163971921e-09,5.86674244770392e-06,-27.7151561309977
1787381,NC_047568.1,37444279,37444281,*,8.0714941715768e-06,0.00115445326090177,-26.1951219512195
1791274,NC_047568.1,38792206,38792208,*,5.09332337460845e-08,2.44541783373503e-05,-26.7281488866733
1793865,NC_047568.1,39357948,39357950,*,1.5301055174461e-08,9.54071734776208e-06,25.6273271814797
1797110,NC_047568.1,39968678,39968680,*,1.1824161852269e-07,4.7485832765029e-05,-25.2268346575149
1798139,NC_047568.1,40186802,40186804,*,1.69213757031771e-08,1.03335294991045e-05,-26.6910112359551
1808776,NC_047568.1,41976832,41976834,*,1.69729885087422e-07,6.27773000698429e-05,27.6075786769428
1809963,NC_047568.1,42142539,42142541,*,2.37950626076044e-10,3.42383826297727e-07,-26.283878739209
1827801,NC_047568.1,45587686,45587688,*,7.45300569493967e-08,3.30617095610625e-05,-25.0783699059561
1827884,NC_047568.1,45627002,45627004,*,2.59079000587016e-06,0.0004955948523113,-26.8045112781955
1827904,NC_047568.1,45631541,45631543,*,4.04222943542641e-08,2.04493105526756e-05,27.1719858156028
1828641,NC_047568.1,45768375,45768377,*,9.38938584106459e-07,0.000229953426175144,-26.7366263868278
1828742,NC_047568.1,45802245,45802247,*,2.95116475323053e-11,6.11951933376817e-08,29.8515376458112
1828778,NC_047568.1,45820380,45820382,*,1.03791602440739e-11,2.55877855887704e-08,31.968380572568
1831795,NC_047568.1,46389575,46389577,*,6.90817699612732e-11,1.24804285992848e-07,32.5649447596297
1833228,NC_047568.1,46616994,46616996,*,3.20736526318541e-14,1.76049935232508e-10,29.3536121673004
1836866,NC_047568.1,47134553,47134555,*,1.47564005840113e-08,9.27987089224181e-06,-26.3720974860871
1837399,NC_047568.1,47267826,47267828,*,4.82717408442062e-10,6.10755387039235e-07,-25.7478632478632
1837411,NC_047568.1,47269502,47269504,*,8.71182142091316e-09,6.12827266092378e-06,-25.671768707483
1840937,NC_047568.1,47765380,47765382,*,2.54008261685414e-10,3.61585924281143e-07,28.6544939601347
1840981,NC_047568.1,47780004,47780006,*,1.74810645347516e-09,1.70894589421992e-06,29.2167502346773
1841195,NC_047568.1,47842267,47842269,*,1.90237004608119e-08,1.13092807145828e-05,-25.7855706385118
1853596,NC_047568.1,50002134,50002136,*,1.33725329134942e-09,1.38108970602967e-06,26.4489795918367
1854435,NC_047568.1,50156557,50156559,*,2.38068278531493e-09,2.20711072953885e-06,-26.425465583723
1859661,NC_047568.1,51361228,51361230,*,4.21649594607775e-08,2.1136107845263e-05,-25.5454675096259
1863149,NC_047568.1,51846371,51846373,*,5.61392277074072e-15,3.894758369014e-11,28.8027041451699
1869726,NC_047568.1,52862435,52862437,*,5.82673928878151e-11,1.07984763450233e-07,-27.7893546082401
1869788,NC_047568.1,52872706,52872708,*,3.69608149697274e-10,4.91994095043885e-07,25.3968253968254
1870233,NC_047568.1,52912482,52912484,*,2.69486975397495e-11,5.69565194068294e-08,29.2431842083974
1870414,NC_047568.1,52967832,52967834,*,6.48248086608688e-10,7.75005359469296e-07,25.651324359531
1874658,NC_047568.1,53618578,53618580,*,3.69078043542784e-07,0.00011300843617916,27.6108623429149
1877421,NC_047568.1,54050457,54050459,*,1.89583809936858e-07,6.84543680460537e-05,29.6998114758061
1878947,NC_047568.1,54247646,54247648,*,1.2196864733242e-11,2.93112617987656e-08,-30.7046453232894
1879033,NC_047568.1,54274142,54274144,*,2.85986159573328e-09,2.55856866655113e-06,-31.0062056737589
1891235,NC_047568.1,56285970,56285972,*,1.57010236318126e-08,9.73826572528264e-06,27.468085106383
1894215,NC_047568.1,56624326,56624328,*,7.61808795160661e-12,1.96640989247888e-08,31.6496691006377
1894216,NC_047568.1,56624329,56624331,*,1.58997874659166e-10,2.47066963118348e-07,28.5594237695078
1894748,NC_047568.1,56729241,56729243,*,4.78196656534999e-13,1.86310523958796e-09,25.1481882377197
1894784,NC_047568.1,56734488,56734490,*,2.54648722819511e-07,8.52591312906725e-05,-27.4407741074408
1895417,NC_047568.1,56873730,56873732,*,1.11124094010039e-07,4.53992317035484e-05,27.1480044345898
1896697,NW_022994778.1,26553,26555,*,2.12207124446464e-09,2.00939628233066e-06,-30.8886579186696
1901052,NW_022994799.1,456435,456437,*,7.12144989774034e-12,1.85101673104694e-08,-26.8991998528465
1928245,NW_022994897.1,214792,214794,*,8.03959257292941e-08,3.50555379987406e-05,26.8732953136623
1929383,NW_022994899.1,29778,29780,*,9.63232643036443e-09,6.63817805583993e-06,30.1763472684671
1929501,NW_022994899.1,62313,62315,*,2.24674201870432e-15,1.71842169331644e-11,26.1799307958477
1929515,NW_022994899.1,64323,64325,*,2.44618960341109e-09,2.25328974588188e-06,-29.9020877583795
1931470,NW_022994904.1,65805,65807,*,4.56196406487289e-07,0.000132694789554469,-26.8706047819972
1931751,NW_022994904.1,127680,127682,*,3.23380722257153e-08,1.71645185210085e-05,-27.1212121212121
1934849,NW_022994918.1,377744,377746,*,3.8082314874136e-18,5.18763172767743e-14,37.7385772122614
1934902,NW_022994918.1,389425,389427,*,6.19696945159489e-09,4.68408352508382e-06,28.1587057010786
1935020,NW_022994919.1,8813,8815,*,7.40958735416576e-10,8.63173057338719e-07,-27.4710712952594
1935705,NW_022994919.1,147822,147824,*,1.42424395204212e-10,2.26983273068648e-07,-33.760193117254
1937186,NW_022994922.1,14297,14299,*,5.26573687757352e-21,1.10416890556824e-16,-27.0142180094787
1937969,NW_022994923.1,17214,17216,*,2.66564280802786e-08,1.46530671862302e-05,29.0657614753268
1939755,NW_022994929.1,40740,40742,*,2.75391493159419e-09,2.48462124538395e-06,-31.1111111111111
1942882,NW_022994936.1,91838,91840,*,2.20094695220065e-16,2.20832503699838e-12,-31.8218504659183
1944109,NW_022994937.1,204508,204510,*,8.92690863741383e-09,6.25599350112876e-06,-29.0562005429446
1944509,NW_022994937.1,342676,342678,*,3.35059956860993e-14,1.82836453028987e-10,-27.910062752685
1947273,NW_022994939.1,260377,260379,*,1.4679391107683e-18,2.22725168195097e-14,-41.2028527314168
1950173,NW_022994945.1,226944,226946,*,2.17267080691538e-12,6.81464644123741e-09,-28.2348305752561
1953253,NW_022994948.1,261484,261486,*,8.45811303617466e-08,3.65558774052749e-05,-25.779603876949
1955359,NW_022994951.1,22534,22536,*,2.87296816759404e-07,9.35876101160423e-05,-29.8015873015873
1957699,NW_022994954.1,54613,54615,*,4.33868171011217e-08,2.15920008497258e-05,28.143676786995
1962266,NW_022994958.1,6785,6787,*,2.83344699255384e-10,3.95207651529062e-07,26.320983477133
1962385,NW_022994958.1,20779,20781,*,7.35727096641747e-12,1.90699968010418e-08,33.8579206637283
1963675,NW_022994960.1,34537,34539,*,7.011409700533e-13,2.6013795715326e-09,-40.0592341865877
1967117,NW_022994964.1,158012,158014,*,3.22316986228158e-09,2.79646345713349e-06,26.1045506382666
1968526,NW_022994966.1,134975,134977,*,4.88112010607482e-07,0.000139606404915313,-25.3727810650888
1968527,NW_022994966.1,135040,135042,*,3.39402226233457e-11,6.86245249295097e-08,-32.6610872640944
1968531,NW_022994966.1,137135,137137,*,2.06629464483537e-10,3.04837288504291e-07,-27.1597329224448
1969812,NW_022994966.1,505958,505960,*,1.00502691733925e-08,6.85031614812791e-06,-27.8209109730849
1972149,NW_022994972.1,80954,80956,*,3.99196567288599e-11,7.85031260524938e-08,-26.3800101471334
1972153,NW_022994972.1,81088,81090,*,2.62748155849731e-10,3.71195945830847e-07,26.046511627907
1972179,NW_022994972.1,82361,82363,*,4.2432975083395e-07,0.000125718224613428,27.0003404834866
1974745,NW_022994979.1,4248,4250,*,8.39112866069728e-09,5.96337367383073e-06,-28.2003395585739
1974765,NW_022994979.1,7251,7253,*,1.41362107133863e-11,3.30595154668503e-08,-28.405616350177
1977956,NW_022994986.1,65475,65477,*,2.61828823522829e-18,3.6739410085576e-14,-30.939226519337
1977957,NW_022994986.1,65554,65556,*,1.05415262148575e-11,2.59289066955139e-08,-35.0195192110129
1982502,NW_022994994.1,20956,20958,*,1.12084706568189e-09,1.20493329115677e-06,30.5890367885966
1983268,NW_022994997.1,3150,3152,*,1.49523535694352e-11,3.47072236681133e-08,-29.0343915343915
1984112,NW_022994997.1,173168,173170,*,2.97556157772111e-08,1.60401433039891e-05,-31.1111111111111
1984119,NW_022994997.1,182915,182917,*,3.96914697544258e-14,2.09840272155835e-10,-29.4702123273552
1984147,NW_022994997.1,207180,207182,*,1.99192926178078e-08,1.17260819544373e-05,26.6955634880163
