,chr,start,end,strand,pvalue,qvalue,meth.diff
3832674,NC_047566.1,35988011,35988013,*,1.86103535341063e-10,0.000135643690543776,-53.0531425651507
