,chr,start,end,strand,pvalue,qvalue,meth.diff
888648,NC_047560.1,66080783,66080785,*,2.24994610517064e-07,0.00775731411903371,-51.6483516483517
1127707,NC_047561.1,19286180,19286182,*,1.32670023831429e-07,0.00578854833060568,-55.4137931034483
4037700,NC_047567.1,9113140,9113142,*,9.17686412473475e-08,0.00461682619935829,50.1223070981032
4362855,NC_047568.1,13008904,13008906,*,2.57558012922445e-07,0.00798644015230531,-51.4822134387352
