,chr,start,end,strand,pvalue,qvalue,meth.diff
1133968,NC_047561.1,19286180,19286182,*,1.32670023831429e-07,0.00555212051886861,-55.4137931034483
4050266,NC_047567.1,9113140,9113142,*,9.17686412473475e-08,0.00439434348960625,50.1223070981032
4376883,NC_047568.1,13008904,13008906,*,2.57558012922445e-07,0.00796676907236627,-51.4822134387352
